model_id,image_id,acquisition_date,N_valid,reference_crop_fraction,predicted_crop_fraction,signed_error,crop_FP,crop_FN,true_soil_pred_soil,true_soil_pred_crop,true_soil_pred_weed,true_soil_pred_dicot,true_soil_pred_grass,true_crop_pred_soil,true_crop_pred_crop,true_crop_pred_weed,true_crop_pred_dicot,true_crop_pred_grass,true_weed_pred_soil,true_weed_pred_crop,true_weed_pred_weed,true_weed_pred_dicot,true_weed_pred_grass,true_dicot_pred_soil,true_dicot_pred_crop,true_dicot_pred_weed,true_dicot_pred_dicot,true_dicot_pred_grass,true_grass_pred_soil,true_grass_pred_crop,true_grass_pred_weed,true_grass_pred_dicot,true_grass_pred_grass
M1,2016-05-23__bonirob_2016-05-23-10-37-10_0_frame23,2016-05-23,1251936,0.05600685658052808,0.043006192009815196,-0.013000664570712882,1696,17972,1067145,1696,280,0,7381,6685,52145,552,0,10735,0,0,0,0,0,11789,0,192,0,1228,48420,0,0,0,43688
M1,2016-05-23__bonirob_2016-05-23-10-37-10_0_frame28,2016-05-23,1251936,0.04947377501725328,0.02727535592873757,-0.02219841908851571,1530,29321,1152324,1530,323,0,4460,11586,32617,2818,0,14917,0,0,0,0,0,0,0,0,0,0,21067,0,0,0,10294
M1,2016-05-23__bonirob_2016-05-23-10-37-10_0_frame30,2016-05-23,1251936,0.011623597372389643,0.010308833678398896,-0.0013147636939907469,1437,3083,1224781,1436,22,0,188,2611,11469,259,0,213,0,0,0,0,0,0,0,0,0,0,10354,1,0,0,602
M1,2016-05-23__bonirob_2016-05-23-10-37-10_0_frame31,2016-05-23,1251936,0.018276493367073078,0.012622849730337653,-0.005653643636735425,815,7893,1204474,809,37,0,785,3798,14988,566,0,3529,0,0,0,0,0,254,0,0,0,4,19582,6,0,0,3104
M1,2016-05-23__bonirob_2016-05-23-10-37-10_0_frame35,2016-05-23,1251936,0.02303552258262403,0.022081799708611304,-0.0009537228740127274,2720,3914,1196520,505,0,0,539,2934,24925,0,0,980,0,0,0,0,0,0,0,0,0,0,18159,2215,0,0,5159
M1,2016-05-23__bonirob_2016-05-23-10-37-10_0_frame44,2016-05-23,1251936,0.02813322725762339,0.02589988625616645,-0.002233341001456942,1835,4631,1093072,1738,558,0,20826,2093,30590,100,0,2438,0,0,0,0,0,2300,0,535,0,1197,21581,97,0,0,74811
M1,2016-05-23__bonirob_2016-05-23-10-37-10_0_frame47,2016-05-23,1251936,0.02487667101193671,0.02222318073767349,-0.002653490274263221,1932,5254,1194457,1932,61,0,2386,3062,25890,0,0,2192,0,0,0,0,0,165,0,51,0,0,13412,0,0,0,8328
M1,2016-05-23__bonirob_2016-05-23-10-37-10_0_frame50,2016-05-23,1251936,0.004718292308872019,0.003234190885157069,-0.00148410142371495,31,1889,1245069,31,234,0,40,1889,4018,0,0,0,0,0,0,0,0,0,0,0,0,0,623,0,32,0,0
M1,2016-05-23__bonirob_2016-05-23-10-37-10_0_frame52,2016-05-23,1251936,0.022215991871788972,0.02163049868363878,-0.0005854931881501928,1982,2715,1221040,1982,181,0,51,2715,25098,0,0,0,0,0,0,0,0,628,0,216,0,25,0,0,0,0,0
M1,2016-05-23__bonirob_2016-05-23-10-37-10_0_frame55,2016-05-23,1251936,0.014465595685402448,0.012523004370830457,-0.0019425913145719904,405,2837,1232552,405,59,0,0,2794,15273,43,0,0,0,0,0,0,0,0,0,0,0,0,758,0,0,0,52
M1,2016-05-23__bonirob_2016-05-23-10-37-10_0_frame60,2016-05-23,1251936,0.026052449965493444,0.025133073895151188,-0.0009193760703422559,1688,2839,1210482,1594,191,0,483,2839,29777,0,0,0,0,0,0,0,0,1220,0,41,0,0,4236,94,0,0,979
M1,2016-05-23__bonirob_2016-05-23-10-37-10_0_frame93,2016-05-23,1251936,0.001304379776601999,0.0011102803977200112,-0.00019409937888198773,70,313,1232593,70,224,0,992,313,1320,0,0,0,0,0,0,0,0,4017,0,571,0,705,8921,0,0,0,2210
M1,2016-05-23__bonirob_2016-05-23-10-37-10_0_frame96,2016-05-23,1251936,0.006273483628556092,0.005676807760141093,-0.0005966758684149993,428,1175,1215513,298,16,0,1812,1175,6679,0,0,0,0,0,0,0,0,4091,0,95,0,924,12466,130,0,0,8737
M1,2016-05-23__bonirob_2016-05-23-10-37-10_0_frame97,2016-05-23,1251936,0.0017772473992280755,0.001351506786289395,-0.00042574061293868047,42,575,1206205,42,337,0,2329,575,1650,0,0,0,0,0,0,0,0,3541,0,844,0,1700,20310,0,0,0,14403
M1,2016-05-23__bonirob_2016-05-23-10-37-10_0_frame102,2016-05-23,1251936,0.029696406206068043,0.030074221046443268,0.0003778148403752249,3527,3054,1170469,1368,255,0,2228,3052,34124,0,0,2,0,0,0,0,0,16708,2159,3781,87,10313,6080,0,193,0,1117
M1,2016-05-23__bonirob_2016-05-23-10-37-10_0_frame103,2016-05-23,1251936,0.01924858778723513,0.015669331339621194,-0.003579256447613935,906,5387,1185894,906,117,0,4264,3419,18711,813,0,1155,0,0,0,0,0,3079,0,239,0,1053,21359,0,0,0,10927
M1,2016-05-23__bonirob_2016-05-23-10-37-10_0_frame113,2016-05-23,1251936,0.014313830738951512,0.005750293944738389,-0.008563536794213122,271,10992,1207909,271,77,0,2236,4687,6928,98,0,6207,0,0,0,0,0,6918,0,663,0,931,11795,0,0,0,3216
M1,2016-05-23__bonirob_2016-05-23-10-37-10_0_frame114,2016-05-23,1251936,0.012049337985328323,0.007029113309306546,-0.005020224676021777,335,6620,1206310,335,344,0,5154,2537,8465,609,0,3474,0,0,0,0,0,5822,0,359,0,1355,11028,0,100,0,6044
M1,2016-05-23__bonirob_2016-05-23-10-37-10_0_frame117,2016-05-23,1251936,0.0008506824630013036,0.0018619162640901772,0.0010112338010888735,1636,370,1219743,884,200,0,3440,370,695,0,0,0,0,0,0,0,0,2896,752,46,0,1657,16556,0,0,0,4697
M1,2016-05-23__bonirob_2016-05-23-10-37-10_0_frame125,2016-05-23,1251936,0.023097027324080463,0.020603289625028755,-0.0024937376990517082,1799,4921,1170257,1785,25,0,4637,2266,23995,0,0,2655,0,0,0,0,0,3428,0,7,0,184,26216,14,0,0,16467
M1,2016-05-23__bonirob_2016-05-23-10-37-10_0_frame128,2016-05-23,1251936,0.023093832272576234,0.0219651803287069,-0.0011286519438693347,1640,3053,1165218,1519,278,0,3821,2774,25859,0,0,279,0,0,0,0,0,3533,0,100,0,723,32906,121,0,0,14805
M1,2016-05-23__bonirob_2016-05-23-10-37-10_0_frame132,2016-05-23,1251936,0.04296625386601232,0.042652340055721695,-0.00031391381029062526,2098,2491,1181072,2098,32,0,1001,2481,51300,0,0,10,0,0,0,0,0,2698,0,6,0,24,6123,0,0,0,5091
M1,2016-05-23__bonirob_2016-05-23-10-37-10_0_frame139,2016-05-23,1251936,0.02433590854484574,0.023299114331723027,-0.0010367942131227145,1670,2968,1194322,1670,10,0,1664,2513,27499,0,0,455,0,0,0,0,0,6099,0,49,0,1759,10506,0,0,0,5390
M1,2016-05-23__bonirob_2016-05-23-10-37-10_0_frame143,2016-05-23,1251936,0.04456777343250773,0.044491890959282264,-7.58824732254651e-05,2910,3005,1175079,2779,234,0,1306,2972,52791,0,0,33,0,0,0,0,0,3289,131,1293,0,416,9296,0,0,0,2317
M1,2016-05-23__bonirob_2016-05-23-10-37-10_0_frame145,2016-05-23,1251936,0.019604037267080744,0.0180991680085883,-0.0015048692584924452,1466,3350,1198250,1466,100,0,1555,2813,21193,0,0,537,0,0,0,0,0,634,0,236,0,72,15619,0,0,0,9461
M1,2016-05-23__bonirob_2016-05-23-10-37-10_0_frame150,2016-05-23,1251936,0.06277956700662014,0.06305034762160366,0.0002707806149835207,4439,4100,1157462,4002,36,0,390,4100,74496,0,0,0,0,0,0,0,0,4186,437,59,0,294,4386,0,0,0,2088
M1,2016-05-23__bonirob_2016-05-23-10-37-10_0_frame151,2016-05-23,1251936,0.06416302430795184,0.05922986478542034,-0.004933159522531504,3566,9742,1157334,3566,92,0,588,7177,70586,0,0,2565,0,0,0,0,0,4215,0,564,0,107,4439,0,0,0,703
M1,2016-05-23__bonirob_2016-05-23-10-37-10_0_frame152,2016-05-23,1251936,0.056748907292385554,0.05527918360043964,-0.0014697236919459164,3735,5575,1171087,3735,0,0,212,4921,65471,0,0,654,0,0,0,0,0,0,0,0,0,0,4393,0,784,0,679
M1,2016-05-23__bonirob_2016-05-23-10-37-10_0_frame156,2016-05-23,1251936,0.028161982721161466,0.02620501367482044,-0.0019569690463410276,1565,4015,1205761,1565,46,0,1178,4015,31242,0,0,0,0,0,0,0,0,1753,0,326,0,265,4559,0,0,0,1226
M1,2016-05-23__bonirob_2016-05-23-10-37-10_0_frame161,2016-05-23,1251936,0.010181830381105744,0.008926175139943256,-0.0012556552411624872,950,2522,1203283,950,3,0,3495,1921,10225,0,0,601,0,0,0,0,0,725,0,151,0,2,17281,0,0,0,13299
M1,2016-05-23__bonirob_2016-05-23-10-37-10_0_frame169,2016-05-23,1251936,0.05118792014927281,0.05029809830534468,-0.0008898218439281277,2908,4022,1157254,2908,251,0,2938,3645,60062,0,0,377,0,0,0,0,0,1602,0,545,0,0,15077,0,0,0,7277
M1,2016-05-23__bonirob_2016-05-23-10-37-10_0_frame180,2016-05-23,1251936,0.07668443115303018,0.07204361884313575,-0.004640812309894438,3620,9430,1125322,3419,167,0,3786,5858,86574,0,0,3572,0,0,0,0,0,2536,188,331,0,1619,8593,13,0,0,9958
M1,2016-05-23__bonirob_2016-05-23-10-37-10_0_frame182,2016-05-23,1251936,0.03931111494517291,0.045035049715001406,0.005723934769828493,13104,5938,1114250,2032,157,0,5386,3767,43277,30,0,2141,0,0,0,0,0,7142,10962,6694,166,20350,16013,110,39,0,19420
M1,2016-05-23__bonirob_2016-05-23-10-37-10_0_frame197,2016-05-23,1251936,0.0,0.0003003348413976433,0.0003003348413976433,376,0,1246736,4,0,0,110,0,0,0,0,0,0,0,0,0,0,2498,372,231,0,243,1363,0,0,0,379
M1,2016-05-23__bonirob_2016-05-23-10-37-10_0_frame205,2016-05-23,1251936,0.03353765687702886,0.030259534033688622,-0.003278122843340236,2319,6423,1185267,2319,0,0,2893,3461,35564,4,0,2958,0,0,0,0,0,545,0,0,0,55,11318,0,0,0,7552
M1,2016-05-23__bonirob_2016-05-23-10-37-10_0_frame209,2016-05-23,1251936,0.05423759681006058,0.054343832272576234,0.00010623546251565391,3152,3019,1166383,3032,57,0,826,3017,64883,0,0,2,0,0,0,0,0,595,120,254,0,0,7345,0,0,0,5422
M1,2016-05-23__bonirob_2016-05-23-10-37-10_0_frame210,2016-05-23,1251936,0.03593953684533395,0.025046807504536972,-0.010892729340796978,3041,16678,1154204,1606,88,0,5435,3543,28316,1363,0,11772,0,0,0,0,0,2846,1280,65,0,490,9397,155,19,0,31357
M1,2016-05-23__bonirob_2016-05-23-10-37-10_0_frame214,2016-05-23,1251936,0.012057325614088898,0.011976650563607085,-8.067505048181371e-05,803,904,1227224,685,170,0,289,904,14191,0,0,0,0,0,0,0,0,5884,118,478,0,229,1368,0,0,0,396
M1,2016-05-23__bonirob_2016-05-23-10-37-10_0_frame215,2016-05-23,1251936,0.020675977046749994,0.020449927152825703,-0.00022604989392429123,1863,2146,1217245,1863,151,0,642,2146,23739,0,0,0,0,0,0,0,0,2504,0,418,0,3,2232,0,0,0,993
M1,2016-05-23__bonirob_2016-05-23-10-37-10_0_frame220,2016-05-23,1251936,0.03284512946348695,0.033190195025943815,0.00034506556245686437,2272,1840,1201252,1838,4,0,408,1840,39280,0,0,0,0,0,0,0,0,1016,434,18,0,31,4956,0,0,0,859
M1,2016-05-23__bonirob_2016-05-23-10-37-10_0_frame223,2016-05-23,1251936,0.07636891981698744,0.077958457940342,0.0015895381233545502,6649,4659,1148329,5617,15,0,2,4659,90950,0,0,0,0,0,0,0,0,1281,1032,51,0,0,0,0,0,0,0
M1,2016-05-23__bonirob_2016-05-23-10-37-10_0_frame232,2016-05-23,1251936,0.06822313600695243,0.06717995169082126,-0.0010431843161311655,4140,5446,1156276,4140,304,0,267,5446,79965,0,0,0,0,0,0,0,0,2083,0,855,0,95,1189,0,0,0,1316
M1,2016-05-23__bonirob_2016-05-23-10-37-10_0_frame234,2016-05-23,1251936,0.06772950054954886,0.06596343583058559,-0.0017660647189632755,4495,6706,1145072,4492,131,0,2194,5972,78087,0,0,734,0,0,0,0,0,4261,3,79,0,274,6026,0,0,0,4611
M1,2016-05-23__bonirob_2016-05-23-10-37-10_0_frame239,2016-05-23,1251936,0.01315163075428776,0.018010505329345908,0.004858874575058148,7703,1620,1224977,1944,223,0,3,1620,14845,0,0,0,0,0,0,0,0,2072,5759,493,0,0,0,0,0,0,0
M1,2016-05-23__bonirob_2016-05-23-10-37-10_0_frame242,2016-05-23,1251936,0.037803050635176236,0.03727426961122613,-0.0005287810239501048,1464,2126,1198322,1368,225,0,136,2126,45201,0,0,0,0,0,0,0,0,3713,96,339,0,410,0,0,0,0,0
M1,2016-05-23__bonirob_2016-05-23-10-37-10_0_frame246,2016-05-23,1251936,0.09077061447230529,0.09061325818572195,-0.00015735628658333778,4988,5185,1128250,4981,10,0,262,4953,108454,0,0,232,0,0,0,0,0,2696,0,0,0,0,1335,7,0,0,756
M1,2016-05-23__bonirob_2016-05-23-10-37-10_0_frame253,2016-05-23,1251936,0.050581659126345116,0.05049299644710273,-8.86626792423878e-05,3286,3397,1180144,3169,119,0,453,3397,59928,0,0,0,0,0,0,0,0,2656,117,190,0,141,1182,0,0,0,440
M1,2016-05-23__bonirob_2016-05-23-10-37-10_0_frame256,2016-05-23,1251936,0.08441326074176315,0.08337806405439256,-0.0010351966873705931,4520,5816,1130107,4520,80,0,908,5796,99864,0,0,20,0,0,0,0,0,1743,0,83,0,172,6046,0,0,0,2597
M1,2016-05-23__bonirob_2016-05-23-10-37-10_0_frame257,2016-05-23,1251936,0.05492213659484191,0.053626543209876545,-0.0012955933849653628,2910,4532,1175068,2910,134,0,335,3872,64227,0,0,660,0,0,0,0,0,1556,0,564,0,0,2269,0,0,0,341
M1,2016-05-23__bonirob_2016-05-23-10-37-10_0_frame258,2016-05-23,1251936,0.053157669401630754,0.05410100835825474,0.0009433389566239833,4429,3248,1175871,4254,201,0,40,3248,63302,0,0,0,0,0,0,0,0,3123,175,907,0,164,624,0,12,0,15
M1,2016-05-23__bonirob_2016-05-23-10-37-10_0_frame261,2016-05-23,1251936,0.07521950003834062,0.07636652352835928,0.0011470234900186616,5374,3938,1148301,5374,47,0,560,3938,90232,0,0,0,0,0,0,0,0,2408,0,442,0,634,0,0,0,0,0
M1,2016-05-23__bonirob_2016-05-23-10-37-10_0_frame269,2016-05-23,1251936,0.05744782480893592,0.05665065945863047,-0.0007971653503054468,3245,4243,1171581,3227,395,0,51,4243,67678,0,0,0,0,0,0,0,0,2992,18,750,0,399,575,0,27,0,0
M1,2016-05-23__bonirob_2016-05-23-10-37-10_0_frame276,2016-05-23,1251936,0.07116657720522455,0.07143016895432354,0.00026359174909898475,4195,3865,1155412,4172,253,0,59,3865,85231,0,0,0,0,0,0,0,0,2113,23,237,0,192,354,0,0,0,25
M1,2016-05-23__bonirob_2016-05-23-10-37-10_0_frame283,2016-05-23,1251936,0.05168794570968484,0.05720260460598625,0.005514658896301414,11634,4730,1140743,6296,1118,0,14742,4476,59980,0,0,254,0,0,0,0,0,10518,5323,1066,0,5374,1654,15,0,0,377
M1,2016-05-23__bonirob_2016-05-23-10-37-10_0_frame288,2016-05-23,1251936,0.038601813511233804,0.03893649515630192,0.0003346816450681134,3573,3154,1196595,3573,40,0,135,3154,45173,0,0,0,0,0,0,0,0,1212,0,144,0,0,1690,0,0,0,220
M1,2016-05-23__bonirob_2016-05-23-10-37-10_0_frame301,2016-05-23,1251936,0.018877961812744423,0.015456061651713825,-0.003421900161030597,945,5229,1176397,945,2,0,7006,3631,18405,407,0,1191,0,0,0,0,0,2298,0,11,0,185,17845,0,0,0,23613
M1,2016-05-23__bonirob_2016-05-23-10-37-10_0_frame304,2016-05-23,1251936,0.02194601001968152,0.021361315594407383,-0.0005846944252741355,2173,2905,1221221,2173,93,0,3,2554,24570,5,0,346,0,0,0,0,0,698,0,273,0,0,0,0,0,0,0
M1,2016-05-23__bonirob_2016-05-23-10-42-16_1_frame1,2016-05-23,1251936,0.07258438131022672,0.06546660532167778,-0.007117775988548944,744,9655,1091494,744,148,0,3129,6256,81216,0,0,3399,0,0,0,0,0,0,0,0,0,0,24309,0,972,0,40269
M1,2016-05-23__bonirob_2016-05-23-10-42-16_1_frame17,2016-05-23,1251936,0.06228673031209263,0.06407356286583339,0.0017868325537407637,6253,4016,1150045,864,21,0,218,3446,73963,0,0,570,0,0,0,0,0,0,0,0,0,0,7930,5389,391,0,9099
M1,2016-05-23__bonirob_2016-05-23-10-42-16_1_frame21,2016-05-23,1251936,0.04761505380466733,0.03928395700738696,-0.00833109679728037,576,11006,1191660,576,61,0,28,8429,48605,1422,0,1155,0,0,0,0,0,0,0,0,0,0,0,0,0,0,0
M1,2016-05-23__bonirob_2016-05-23-10-42-16_1_frame27,2016-05-23,1251936,0.07143176648007565,0.06447454182961429,-0.006957224650461363,710,9420,1155292,692,6,0,288,6222,80008,0,0,3198,0,0,0,0,0,0,0,0,0,0,3886,18,377,0,1949
M1,2016-05-23__bonirob_2016-05-23-10-42-16_1_frame28,2016-05-23,1251936,0.06659925107992741,0.06400886307287273,-0.0025903880070546753,1094,4337,1163703,855,3,0,19,4311,79041,26,0,0,3093,239,350,0,296,0,0,0,0,0,0,0,0,0,0
M1,2016-05-23__bonirob_2016-05-23-10-42-16_1_frame30,2016-05-23,1251936,0.08099455563223679,0.0798858727602689,-0.0011086828719678865,2098,3486,1135472,1364,163,0,366,3486,97914,0,0,0,0,0,0,0,0,0,0,0,0,0,7988,734,298,0,4151
M1,2016-05-23__bonirob_2016-05-23-10-42-16_1_frame39,2016-05-23,1251936,0.0417281714081231,0.03912340566929939,-0.0026047657388237125,386,3647,1182456,386,91,0,800,3572,48594,0,0,75,0,0,0,0,0,0,0,0,0,0,8207,0,983,0,6772
M1,2016-05-23__bonirob_2016-05-23-10-42-16_1_frame48,2016-05-23,1251936,0.060513476727244844,0.058742619431025225,-0.001770857296219619,1249,3466,1156295,1249,46,0,935,3466,72293,0,0,0,0,0,0,0,0,0,0,0,0,0,8516,0,422,0,8714
M1,2016-05-23__bonirob_2016-05-23-10-42-16_1_frame49,2016-05-23,1251936,0.051084080975385325,0.04367395777419932,-0.007410123201186003,633,9910,1184261,625,5,0,412,5966,54044,0,0,3944,2003,8,0,0,668,0,0,0,0,0,0,0,0,0,0
M1,2016-05-23__bonirob_2016-05-23-10-42-16_1_frame53,2016-05-23,1251936,0.0,0.0820784768550469,0.0820784768550469,102757,0,727830,5195,5602,0,8610,0,0,0,0,0,60244,97562,301149,1,45743,0,0,0,0,0,0,0,0,0,0
M1,2016-05-23__bonirob_2016-05-23-10-42-16_1_frame54,2016-05-23,1251936,0.027587672213276078,0.0932324016563147,0.06564472944303862,82637,454,766848,5618,2229,0,2066,454,34084,0,0,0,64129,77019,256777,0,42712,0,0,0,0,0,0,0,0,0,0
M1,2016-05-23__bonirob_2016-05-23-10-42-16_1_frame58,2016-05-23,1251936,0.06889409682284078,0.06686763540628275,-0.0020264614165580314,1029,3566,1149961,1029,5,0,922,3311,82685,0,0,255,0,0,0,0,0,0,0,0,0,0,5258,0,400,0,8110
M1,2016-05-23__bonirob_2016-05-23-10-42-16_1_frame62,2016-05-23,1251936,0.022053843007949287,0.020119239322137872,-0.0019346036858114146,405,2827,1206034,237,34,0,429,2827,24783,0,0,0,0,0,0,0,0,0,0,0,0,0,8449,168,514,0,8461
M1,2016-05-23__bonirob_2016-05-23-10-42-16_1_frame66,2016-05-23,1251936,0.06108778723513023,0.05892873118114664,-0.002159056053983595,742,3445,1172590,742,14,0,17,3445,73033,0,0,0,1540,0,255,0,300,0,0,0,0,0,0,0,0,0,0
M1,2016-05-23__bonirob_2016-05-23-10-42-16_1_frame69,2016-05-23,1251936,0.0,0.09585793522991591,0.09585793522991591,120008,0,1090677,1571,44,0,1588,0,0,0,0,0,0,0,0,0,0,0,0,0,0,0,17408,118437,317,0,21894
M1,2016-05-23__bonirob_2016-05-23-10-42-16_1_frame79,2016-05-23,1251936,0.07098925184673976,0.0534164685734734,-0.017572783273266362,471,22471,1148440,471,0,0,935,12376,66403,0,0,10095,0,0,0,0,0,0,0,0,0,0,7465,0,13,0,5738
M1,2016-05-23__bonirob_2016-05-23-10-42-16_1_frame81,2016-05-23,1251936,0.09532436162870946,0.08855644377987373,-0.006767917848835722,1478,9951,1122498,1453,124,0,354,6523,109389,0,0,3428,0,0,0,0,0,0,0,0,0,0,4539,25,1427,0,2176
M1,2016-05-23__bonirob_2016-05-23-10-42-16_1_frame83,2016-05-23,1251936,0.0,0.11129882038698463,0.11129882038698463,139339,0,1087043,1540,49,0,1037,0,0,0,0,0,0,0,0,0,0,0,0,0,0,0,10028,137799,1,0,14439
M1,2016-05-23__bonirob_2016-05-23-10-42-16_1_frame88,2016-05-23,1251936,0.13025106714720242,0.1277086049127112,-0.0025424622344912273,2132,5315,1085924,2132,6,0,0,5315,157751,0,0,0,653,0,155,0,0,0,0,0,0,0,0,0,0,0,0
M1,2016-05-23__bonirob_2016-05-23-10-42-16_1_frame89,2016-05-23,1251936,0.09577007131354957,0.09280666104337602,-0.00296341027017355,1031,4741,1111508,1031,94,0,2530,3814,115157,0,0,927,0,0,0,0,0,0,0,0,0,0,5384,0,613,0,10878
M1,2016-05-23__bonirob_2016-05-23-10-42-16_1_frame94,2016-05-23,1251936,0.12082247015821895,0.1134283222145541,-0.007394147943664858,1385,10642,1078255,1385,7,0,1957,7336,140620,0,0,3306,0,0,0,0,0,0,0,0,0,0,7668,0,83,0,11319
M1,2016-05-23__bonirob_2016-05-23-10-42-16_1_frame96,2016-05-23,1251936,0.09648815913912533,0.09441936329013624,-0.0020687958489890856,1029,3619,1124084,1029,183,0,406,3619,117178,0,0,0,0,0,0,0,0,0,0,0,0,0,2659,0,249,0,2529
M1,2016-05-23__bonirob_2016-05-23-10-42-16_1_frame104,2016-05-23,1251936,0.1289658576796258,0.12503993814380288,-0.003925919535822914,2390,7305,1083784,2390,29,0,183,6055,154152,0,0,1250,0,0,0,0,0,0,0,0,0,0,2166,0,108,0,1819
M1,2016-05-23__bonirob_2016-05-23-10-42-16_1_frame111,2016-05-23,1251936,0.05584390895381233,0.05462819185645273,-0.0012157170973596046,2254,3776,1167606,953,211,0,378,3776,66137,0,0,0,0,0,0,0,0,0,0,0,0,0,7208,1301,1145,0,3221
M1,2016-05-23__bonirob_2016-05-23-10-42-16_1_frame117,2016-05-23,1251936,0.07738494619533266,0.06438348286174374,-0.013001463333588925,664,16941,1137517,664,116,0,1396,9067,79940,0,0,7874,0,0,0,0,0,0,0,0,0,0,6534,0,798,0,8030
M1,2016-05-23__bonirob_2016-05-23-10-42-16_1_frame124,2016-05-23,1251936,0.10190297267591954,0.09935731538992408,-0.0025456572859954563,2232,5419,1117357,2003,170,0,91,5091,122157,0,0,328,2535,229,1128,0,847,0,0,0,0,0,0,0,0,0,0
M1,2016-05-23__bonirob_2016-05-23-10-42-16_1_frame125,2016-05-23,1251936,0.0,0.12315565651918309,0.12315565651918309,154183,0,1072910,2083,61,0,1618,0,0,0,0,0,0,0,0,0,0,0,0,0,0,0,12275,152100,489,0,10400
M1,2016-05-23__bonirob_2016-05-23-10-42-16_1_frame126,2016-05-23,1251936,0.10595988932341589,0.09518937070265572,-0.010770518620760172,2913,16397,1109414,1786,198,0,699,9987,116258,0,0,6410,0,0,0,0,0,0,0,0,0,0,3647,1127,614,0,1796
M1,2016-05-23__bonirob_2016-05-23-10-42-16_1_frame132,2016-05-23,1251936,0.06132422104644327,0.059535790966950386,-0.001788430079492885,860,3099,1164619,860,117,0,310,3099,73675,0,0,0,4414,0,1570,0,3272,0,0,0,0,0,0,0,0,0,0
M1,2016-05-23__bonirob_2016-05-23-10-42-16_1_frame135,2016-05-23,1251936,0.10391425759783247,0.07697518083991514,-0.026939076757917332,912,34638,1114756,912,51,0,303,18108,95456,0,0,16530,0,0,0,0,0,0,0,0,0,0,3305,0,512,0,2003
M1,2016-05-23__bonirob_2016-05-23-10-42-16_1_frame137,2016-05-23,1251936,0.10763649260026072,0.1065789305523605,-0.0010575620479002096,3388,4712,1111786,3388,71,0,5,4674,130042,0,0,38,1340,0,507,0,85,0,0,0,0,0,0,0,0,0,0
M1,2016-05-23__bonirob_2016-05-23-10-42-16_1_frame138,2016-05-23,1251936,0.10651822457378013,0.10768122332131994,0.0011629987475398063,4724,3268,1099210,1829,59,0,574,3242,130086,14,0,12,0,0,0,0,0,0,0,0,0,0,5625,2895,652,0,7738
M1,2016-05-23__bonirob_2016-05-23-10-42-16_1_frame139,2016-05-23,1251936,0.05465055721698234,0.055955735756460394,0.0013051785394780566,3931,2297,1174883,1349,30,0,77,2297,66122,0,0,0,0,0,0,0,0,0,0,0,0,0,3021,2582,577,0,998
M1,2016-05-23__bonirob_2016-05-23-10-42-16_1_frame140,2016-05-23,1251936,0.10496622830560029,0.1039797561536692,-0.0009864721519310948,2104,3339,1112153,2104,118,0,106,3314,128072,0,0,25,0,0,0,0,0,0,0,0,0,0,3771,0,449,0,1824
M1,2016-05-23__bonirob_2016-05-23-10-42-16_1_frame150,2016-05-23,1251936,0.04495437466451959,0.041915880683996626,-0.0030384939805229647,382,4186,1156970,382,17,0,1992,2752,52094,0,0,1434,13865,0,534,0,21896,0,0,0,0,0,0,0,0,0,0
M1,2016-05-23__bonirob_2016-05-23-10-42-16_1_frame154,2016-05-23,1251936,0.09725736778876876,0.09464701070981264,-0.002610357078956113,1431,4699,1126632,1431,109,0,14,4699,117061,0,0,0,1309,0,540,0,141,0,0,0,0,0,0,0,0,0,0
M1,2016-05-23__bonirob_2016-05-23-10-42-16_1_frame155,2016-05-23,1251936,0.12070185696393426,0.1202737200623674,-0.00042813690156685846,3193,3729,1092902,2896,114,0,78,3615,147382,0,0,114,2628,297,1786,0,124,0,0,0,0,0,0,0,0,0,0
M1,2016-05-23__bonirob_2016-05-23-10-42-16_1_frame158,2016-05-23,1251936,0.1013765879405976,0.1030292283311607,0.0016526403905630926,4914,2845,1112689,2204,127,0,76,2845,124072,0,0,0,0,0,0,0,0,0,0,0,0,0,3586,2710,926,0,2701
M1,2016-05-23__bonirob_2016-05-23-10-42-16_1_frame160,2016-05-23,1251936,0.09297520001022416,0.09117398972471437,-0.001801210285509794,2006,4261,1124131,1573,31,0,231,3512,112138,63,0,686,0,0,0,0,0,0,0,0,0,0,5621,433,1776,0,1741
M1,2016-05-23__bonirob_2016-05-23-10-42-16_1_frame164,2016-05-23,1251936,0.11251214119571608,0.1125305127418654,1.8371546149323348e-05,3969,3946,1101219,2897,104,0,38,3710,136912,0,0,236,3583,1072,1934,0,231,0,0,0,0,0,0,0,0,0,0
M1,2016-05-23__bonirob_2016-05-23-10-42-16_1_frame180,2016-05-23,1251936,0.0,0.09322361526467807,0.09322361526467807,116710,0,1107456,1973,26,0,1478,0,0,0,0,0,0,0,0,0,0,0,0,0,0,0,14935,114737,162,0,11169
M1,2016-05-23__bonirob_2016-05-23-10-42-16_1_frame185,2016-05-23,1251936,0.13341017432201008,0.13316335659330827,-0.00024681772870180363,3767,4076,1069104,3174,424,0,290,3905,162945,166,0,5,5225,593,3402,0,2703,0,0,0,0,0,0,0,0,0,0
M1,2016-05-23__bonirob_2016-05-23-10-42-16_1_frame187,2016-05-23,1251936,0.1281806737724612,0.12186006313421772,-0.006320610638243476,2087,10000,1053232,2087,617,0,3306,6287,150474,740,0,2973,0,0,0,0,0,0,0,0,0,0,10113,0,2791,0,19316
M1,2016-05-23__bonirob_2016-05-23-10-42-16_1_frame189,2016-05-23,1251936,0.09610315543286557,0.088199396774276,-0.007903758658589569,1522,11417,1111848,1522,32,0,1627,5164,108898,1,0,6252,0,0,0,0,0,0,0,0,0,0,8506,0,502,0,7584
M1,2016-05-23__bonirob_2016-05-23-10-42-16_1_frame193,2016-05-23,1251936,0.04533139074201876,0.043920775502901105,-0.0014106152391176532,1555,3321,1177945,937,265,0,393,3321,53431,0,0,0,0,0,0,0,0,0,0,0,0,0,8745,618,3644,0,2637
M1,2016-05-23__bonirob_2016-05-23-10-42-16_1_frame194,2016-05-23,1251936,0.0,0.08566811722004959,0.08566811722004959,107251,0,1074463,1151,226,0,4666,0,0,0,0,0,0,0,0,0,0,0,0,0,0,0,21920,106100,1133,0,42277
M1,2016-05-23__bonirob_2016-05-23-10-42-16_1_frame200,2016-05-23,1251936,0.11818575390435294,0.11094736472151931,-0.007238389182833635,2190,11252,1080331,2172,491,0,1325,8696,136709,1770,0,786,9427,18,6670,0,3541,0,0,0,0,0,0,0,0,0,0
M1,2016-05-23__bonirob_2016-05-23-10-42-16_1_frame204,2016-05-23,1251936,0.08560421618996499,0.0831192648825499,-0.0024849513074150786,1358,4469,1118348,1358,1020,0,363,4116,102702,313,0,40,0,0,0,0,0,0,0,0,0,0,11295,0,4061,0,8320
M1,2016-05-23__bonirob_2016-05-23-10-42-16_1_frame217,2016-05-23,1251936,0.10415149017202158,0.07848404391278788,-0.0256674462592337,1624,33758,1119186,1624,175,0,560,15596,96633,860,0,17302,0,0,0,0,0,0,0,0,0,0,0,0,0,0,0
M1,2016-05-23__bonirob_2016-05-23-10-42-16_1_frame218,2016-05-23,1251936,0.1297502428239143,0.12671414513201953,-0.003036097691894779,2788,6589,1064840,2788,335,0,863,5196,155850,0,0,1393,0,0,0,0,0,0,0,0,0,0,8963,0,2478,0,9230
M1,2016-05-23__bonirob_2016-05-23-10-42-16_1_frame219,2016-05-23,1251936,0.0,0.05966678807862383,0.05966678807862383,74699,0,1120132,1014,238,0,1869,0,0,0,0,0,0,0,0,0,0,0,0,0,0,0,23522,73685,2238,0,29238
M1,2016-05-23__bonirob_2016-05-23-10-42-16_1_frame230,2016-05-23,1251936,0.10265540730516576,0.0960576259489303,-0.006597781356235455,3350,11610,1107003,1574,30,0,256,9771,116908,176,0,1663,0,0,0,0,0,0,0,0,0,0,7511,1776,2296,0,2972
M1,2016-05-23__bonirob_2016-05-23-10-42-16_1_frame231,2016-05-23,1251936,0.049282870689875524,0.04854800884390256,-0.0007348618459729617,1890,2810,1148471,252,113,0,2324,2810,58889,0,0,0,0,0,0,0,0,0,0,0,0,0,12401,1638,1709,0,23329
M1,2016-05-23__bonirob_2016-05-23-10-42-16_1_frame232,2016-05-23,1251936,0.0,0.064137463895918,0.064137463895918,80296,0,1115290,1408,116,0,6630,0,0,0,0,0,0,0,0,0,0,0,0,0,0,0,14072,78888,367,0,35165
M1,2016-05-23__bonirob_2016-05-23-10-42-16_1_frame240,2016-05-23,1251936,0.12234650972573678,0.12245034889962426,0.0001038391738874822,2868,2738,1084885,2793,181,0,383,2738,150432,0,0,0,0,0,0,0,0,0,0,0,0,0,5262,75,1551,0,3636
M1,2016-05-23__bonirob_2016-05-23-10-42-16_1_frame253,2016-05-23,1251936,0.09275154640492805,0.09048944993993303,-0.00226209646499502,1567,4399,1117495,1355,155,0,425,4153,111720,79,0,167,0,0,0,0,0,0,0,0,0,0,8557,212,1106,0,6512
M1,2016-05-23__bonirob_2016-05-23-10-42-16_1_frame254,2016-05-23,1251936,0.030652525368708945,0.030773138562993636,0.00012061319428469108,2846,2695,1197212,284,86,0,145,2695,35680,0,0,0,0,0,0,0,0,0,0,0,0,0,7356,2562,1949,0,3967
M1,2016-05-23__bonirob_2016-05-23-10-42-16_1_frame261,2016-05-23,1251936,0.06713921478414232,0.06488909976228817,-0.0022501150218541544,409,3226,1112051,409,11,0,4013,3172,80828,0,0,54,0,0,0,0,0,0,0,0,0,0,17947,0,698,0,32753
M1,2016-05-23__bonirob_2016-05-23-10-42-16_1_frame266,2016-05-23,1251936,0.0605614024998083,0.05862759757687294,-0.0019338049229353574,1083,3504,1165097,1083,72,0,13,3426,72315,2,0,76,0,0,0,0,0,0,0,0,0,0,7507,0,1343,0,1002
M1,2016-05-23__bonirob_2016-05-23-10-42-16_1_frame274,2016-05-23,1251936,0.0,0.12419005444367763,0.12419005444367763,155478,0,1052149,1767,345,0,2518,0,0,0,0,0,0,0,0,0,0,0,0,0,0,0,18028,153711,395,0,23023
M1,2016-05-23__bonirob_2016-05-23-10-42-16_1_frame277,2016-05-23,1251936,0.10582090458298188,0.10018323620376761,-0.0056376683792142696,1444,8502,1088606,1224,125,0,2483,6039,123979,0,0,2463,0,0,0,0,0,0,0,0,0,0,9386,220,851,0,16560
M1,2016-05-23__bonirob_2016-05-23-10-42-16_1_frame280,2016-05-23,1251936,0.0,0.044060559006211183,0.044060559006211183,55161,0,1168645,251,160,0,376,0,0,0,0,0,0,0,0,0,0,0,0,0,0,0,12270,54910,1672,0,13652
M1,2016-05-23__bonirob_2016-05-23-10-42-16_1_frame281,2016-05-23,1251936,0.020298960969250823,0.018095972957084067,-0.0022029880121667567,97,2855,1185660,97,43,0,458,1714,22558,0,0,1141,0,0,0,0,0,0,0,0,0,0,22738,0,472,0,17055
M1,2016-05-23__bonirob_2016-05-23-10-42-16_1_frame286,2016-05-23,1251936,0.04950332924366741,0.04791778493469315,-0.001585544308974264,855,2840,1170343,288,11,0,677,2840,59135,0,0,0,0,0,0,0,0,0,0,0,0,0,9110,567,1297,0,7668
M1,2016-05-23__bonirob_2016-05-23-10-42-16_1_frame292,2016-05-23,1251936,0.056625099046596634,0.04430977302354114,-0.012315326023055496,364,15782,1159012,364,165,0,738,8711,55109,31,0,7040,0,0,0,0,0,0,0,0,0,0,9781,0,630,0,10355
M1,2016-05-23__bonirob_2016-05-23-10-42-16_1_frame293,2016-05-23,1251936,0.0,0.06695390179689696,0.06695390179689696,83822,0,1123781,1051,40,0,1094,0,0,0,0,0,0,0,0,0,0,0,0,0,0,0,21553,82771,1152,0,20494
M1,2016-05-23__bonirob_2016-05-23-10-42-16_1_frame294,2016-05-23,1251936,0.0,0.07277608440048054,0.07277608440048054,91111,0,1096614,768,106,0,1157,0,0,0,0,0,0,0,0,0,0,0,0,0,0,0,24933,90343,910,0,37105
M1,2016-05-23__bonirob_2016-05-23-10-42-16_1_frame295,2016-05-23,1251936,0.0012013393655905733,0.0010080387495846432,-0.00019330061600593006,0,242,1234009,0,41,0,128,242,1262,0,0,0,0,0,0,0,0,0,0,0,0,0,10621,0,1444,0,4189
M1,2016-05-23__bonirob_2016-05-23-10-42-16_1_frame304,2016-05-23,1251936,0.0,0.0208772652915165,0.0208772652915165,26137,0,1133980,502,168,0,3335,0,0,0,0,0,0,0,0,0,0,0,0,0,0,0,30686,25635,408,0,57222
M1,2016-05-23__bonirob_2016-05-23-10-47-22_2_frame7,2016-05-23,1251936,0.0,0.06140170104542085,0.06140170104542085,76871,0,1104294,1255,287,0,1721,0,0,0,0,0,0,0,0,0,0,0,0,0,0,0,26906,75616,1777,0,40080
M1,2016-05-23__bonirob_2016-05-23-10-47-22_2_frame15,2016-05-23,1251936,0.03906349845359507,0.03692600899726504,-0.0021374894563300356,634,3310,1166051,634,13,0,2047,2967,45595,93,0,250,0,0,0,0,0,0,0,0,0,0,13601,0,79,0,20606
M1,2016-05-23__bonirob_2016-05-23-10-47-22_2_frame24,2016-05-23,1251936,0.038956464228203355,0.03738609641387419,-0.0015703678143291627,432,2398,1193850,373,391,0,84,2398,46373,0,0,0,4953,59,2596,0,859,0,0,0,0,0,0,0,0,0,0
M1,2016-05-23__bonirob_2016-05-23-10-47-22_2_frame26,2016-05-23,1251936,0.02906138971960228,0.027717071799197402,-0.0013443179204048784,533,2216,1198745,533,264,0,232,2195,34167,0,0,21,0,0,0,0,0,0,0,0,0,0,8910,0,437,0,6432
M1,2016-05-23__bonirob_2016-05-23-10-47-22_2_frame43,2016-05-23,1251936,0.04726439690207806,0.04158040027605245,-0.00568399662602561,604,7720,1116138,604,7,0,2761,4570,51452,0,0,3150,0,0,0,0,0,0,0,0,0,0,25406,0,142,0,47706
M1,2016-05-23__bonirob_2016-05-23-10-47-22_2_frame44,2016-05-23,1251936,0.017989737494568413,0.016228465352861488,-0.0017612721417069252,125,2330,1205719,109,24,0,201,2173,20192,32,0,125,0,0,0,0,0,0,0,0,0,0,10553,16,3872,87,8833
M1,2016-05-23__bonirob_2016-05-23-10-47-22_2_frame47,2016-05-23,1251936,0.0035608849014646116,0.0026694655317843724,-0.0008914193696802392,0,1116,1240572,0,0,0,61,1115,3342,0,0,1,0,0,0,0,0,0,0,0,0,0,5213,0,140,0,1492
M1,2016-05-23__bonirob_2016-05-23-10-47-22_2_frame67,2016-05-23,1251936,0.03489555376632671,0.03385796079032794,-0.0010375929759987718,444,1743,1201341,429,24,0,66,1743,41944,0,0,0,0,0,0,0,0,0,0,0,0,0,4195,15,614,0,1565
M1,2016-05-23__bonirob_2016-05-23-10-47-22_2_frame68,2016-05-23,1251936,0.09191444291081972,0.08910759016435345,-0.0028068527464662762,1384,4898,1134384,1384,372,0,0,4898,110173,0,0,0,272,0,453,0,0,0,0,0,0,0,0,0,0,0,0
M1,2016-05-23__bonirob_2016-05-23-10-47-22_2_frame69,2016-05-23,1251936,0.07101161720726938,0.0702999194847021,-0.000711697722567281,1361,2252,1160120,1361,15,0,0,2252,86650,0,0,0,1027,0,278,0,233,0,0,0,0,0,0,0,0,0,0
M1,2016-05-23__bonirob_2016-05-23-10-47-22_2_frame70,2016-05-23,1251936,0.011953486440201416,0.009896672034353194,-0.002056814405848222,130,2705,1234737,117,86,0,0,2705,12260,0,0,0,953,13,1065,0,0,0,0,0,0,0,0,0,0,0,0
M1,2016-05-23__bonirob_2016-05-23-10-47-22_2_frame78,2016-05-23,1251936,0.12079850727193722,0.11898291925465838,-0.001815588017278838,3064,5337,1097517,3064,11,0,19,4632,145895,0,0,705,88,0,5,0,0,0,0,0,0,0,0,0,0,0,0
M1,2016-05-23__bonirob_2016-05-23-10-47-22_2_frame82,2016-05-23,1251936,0.0820145758249623,0.08124217212381464,-0.0007724037011476587,3006,3973,1143112,3006,0,0,20,3973,98704,0,0,0,0,0,0,0,0,0,0,0,0,0,1975,0,114,0,1032
M1,2016-05-23__bonirob_2016-05-23-10-47-22_2_frame86,2016-05-23,1251936,0.08359852260818444,0.08246188303555453,-0.0011366395726299106,1468,2891,1142250,1468,96,0,7,2891,101769,0,0,0,0,0,0,0,0,0,0,0,0,0,2158,0,1182,0,115
M1,2016-05-23__bonirob_2016-05-23-10-47-22_2_frame89,2016-05-23,1251936,0.039648192878869205,0.03798277228228919,-0.0016654205965800153,1120,3205,1199425,358,48,0,0,3205,46432,0,0,0,1287,762,372,0,47,0,0,0,0,0,0,0,0,0,0
M1,2016-05-23__bonirob_2016-05-23-10-47-22_2_frame91,2016-05-23,1251936,0.10940655113360427,0.10800152723461902,-0.0014050238989852526,1868,3627,1110782,1868,35,0,47,3627,133343,0,0,0,0,0,0,0,0,0,0,0,0,0,1697,0,104,0,433
M1,2016-05-23__bonirob_2016-05-23-10-47-22_2_frame95,2016-05-23,1251936,0.03011336042737009,0.02891361858753163,-0.0011997418398384599,249,1751,1213300,249,0,0,0,1751,35949,0,0,0,508,0,164,0,15,0,0,0,0,0,0,0,0,0,0
M1,2016-05-23__bonirob_2016-05-23-10-47-22_2_frame99,2016-05-23,1251936,0.03225803874958464,0.03109264371341666,-0.0011653950361679814,821,2280,1209230,821,57,0,7,2224,38105,56,0,0,0,0,0,0,0,0,0,0,0,0,1242,0,183,0,11
M1,2016-05-23__bonirob_2016-05-23-10-47-22_2_frame102,2016-05-23,1251936,0.07179520358868186,0.07094611865143266,-0.0008490849372491949,1011,2074,1160153,1011,23,0,0,2074,87809,0,0,0,0,0,0,0,0,0,0,0,0,0,747,0,84,0,35
M1,2016-05-23__bonirob_2016-05-23-10-47-22_2_frame104,2016-05-23,1251936,0.13316814917056463,0.13217928073000537,-0.0009888684405592596,2375,3613,1081648,2375,8,0,2,3613,163105,0,0,0,772,0,310,0,103,0,0,0,0,0,0,0,0,0,0
M1,2016-05-23__bonirob_2016-05-23-10-47-22_2_frame115,2016-05-23,1251936,0.08926255016230862,0.08562897783912277,-0.0036335723231858547,1325,5874,1134406,1241,33,0,43,5101,105877,0,0,773,0,0,0,0,0,0,0,0,0,0,3305,84,480,0,593
M1,2016-05-23__bonirob_2016-05-23-10-47-22_2_frame133,2016-05-23,1251936,0.09597774966132454,0.0949808935920047,-0.000996856069319832,1426,2674,1122640,1426,201,0,328,2674,117484,0,0,0,0,0,0,0,0,0,0,0,0,0,3820,0,1137,0,2226
M1,2016-05-23__bonirob_2016-05-23-10-47-22_2_frame139,2016-05-23,1251936,0.05693741533113514,0.0540866306264857,-0.002850784704649438,490,4059,1175376,475,114,0,59,4047,67223,12,0,0,0,0,0,0,0,0,0,0,0,0,2570,15,1606,0,439
M1,2016-05-23__bonirob_2016-05-23-10-47-22_2_frame140,2016-05-23,1251936,0.10579534417094803,0.10582969097461851,3.434680367048193e-05,3009,2966,1112562,2955,20,0,164,2966,129483,0,0,0,0,0,0,0,0,0,0,0,0,0,2151,54,52,0,1529
M1,2016-05-23__bonirob_2016-05-23-10-47-22_2_frame143,2016-05-23,1251936,0.013084534672698924,0.011707467474375687,-0.0013770671983232372,164,1888,1222769,72,75,29,52,1888,14493,0,0,0,5723,92,5010,46,1687,0,0,0,0,0,0,0,0,0,0
M1,2016-05-23__bonirob_2016-05-23-10-47-22_2_frame144,2016-05-23,1251936,0.0430269598445927,0.04223219078291542,-0.0007947690616772751,1087,2082,1195143,1087,62,0,0,2082,51785,0,0,0,1074,0,692,0,11,0,0,0,0,0,0,0,0,0,0
M1,2016-05-23__bonirob_2016-05-23-10-47-22_2_frame146,2016-05-23,1251936,0.030918513406436112,0.030491974030621375,-0.00042653937581473705,1744,2278,1206870,459,17,0,0,2278,36430,0,0,0,3174,1285,1223,0,200,0,0,0,0,0,0,0,0,0,0
M1,2016-05-23__bonirob_2016-05-23-10-47-22_2_frame157,2016-05-23,1251936,0.07187827492779184,0.07043171535925159,-0.0014465595685402427,1379,3190,1159318,1315,30,0,97,3190,86797,0,0,0,782,64,136,0,207,0,0,0,0,0,0,0,0,0,0
M1,2016-05-23__bonirob_2016-05-23-10-47-22_2_frame163,2016-05-23,1251936,0.100979602791197,0.0973412378907548,-0.003638364900442198,1365,5920,1121893,1365,268,0,29,5920,120500,0,0,0,1005,0,777,0,179,0,0,0,0,0,0,0,0,0,0
M1,2016-05-23__bonirob_2016-05-23-10-47-22_2_frame175,2016-05-23,1251936,0.06760010096362754,0.06560559006211181,-0.001994510901515728,1258,3755,1157222,767,46,0,261,3755,80876,0,0,0,0,0,0,0,0,0,0,0,0,0,5099,491,1049,0,2370
M1,2016-05-23__bonirob_2016-05-23-10-47-22_2_frame190,2016-05-23,1251936,0.06455202182859188,0.0643483372951972,-0.0002036845333946713,2190,2445,1161426,1046,124,0,188,2445,78370,0,0,0,3246,1144,2432,0,1515,0,0,0,0,0,0,0,0,0,0
M1,2016-05-23__bonirob_2016-05-23-10-47-22_2_frame191,2016-05-23,1251936,0.08511856836132198,0.0658388288219206,-0.019279739539401375,901,25038,1143988,901,95,0,389,10391,81525,4186,14,10447,0,0,0,0,0,0,0,0,0,0,0,0,0,0,0
M1,2016-05-23__bonirob_2016-05-23-10-47-22_2_frame200,2016-05-23,1251936,0.11429497993507655,0.11253450655624568,-0.001760473378830868,2143,4347,1101941,2143,22,0,14,4347,138743,0,0,0,0,0,0,0,0,0,0,0,0,0,3125,0,547,0,1054
M1,2016-05-23__bonirob_2016-05-23-10-47-22_2_frame206,2016-05-23,1251936,0.11996140377782889,0.11838304833473916,-0.001578355443089735,2238,4214,1091961,2238,76,0,453,4214,145970,0,0,0,4838,0,741,0,1445,0,0,0,0,0,0,0,0,0,0
M1,2016-05-23__bonirob_2016-05-23-10-47-22_2_frame207,2016-05-23,1251936,0.1913244766505636,0.12256696827952866,-0.06875750837103493,1477,87557,1010064,1477,444,107,318,29959,151969,35177,1432,20989,0,0,0,0,0,0,0,0,0,0,0,0,0,0,0
M1,2016-05-23__bonirob_2016-05-23-10-47-22_2_frame209,2016-05-23,1251936,0.04953128594432942,0.04790340720292411,-0.0016278787414053114,747,2785,1186087,747,62,0,0,2783,59225,0,0,2,2103,0,917,0,10,0,0,0,0,0,0,0,0,0,0
M1,2016-05-23__bonirob_2016-05-23-10-47-22_2_frame215,2016-05-23,1251936,0.07918056514071006,0.07811102164966899,-0.001069543491041075,1797,3136,1146282,1797,224,0,17,3136,95993,0,0,0,2506,0,1725,0,256,0,0,0,0,0,0,0,0,0,0
M1,2016-05-23__bonirob_2016-05-23-10-47-22_2_frame218,2016-05-23,1251936,0.10149160979474989,0.10089892774071518,-0.0005926820540347044,2480,3222,1118298,2480,5,0,69,3222,123839,0,0,0,2492,0,780,0,751,0,0,0,0,0,0,0,0,0,0
M1,2016-05-23__bonirob_2016-05-23-10-47-22_2_frame220,2016-05-23,1251936,0.11497792219410577,0.11147934079697365,-0.0034985813971321195,2049,6429,1104198,2049,70,0,16,6429,137516,0,0,0,800,0,406,0,452,0,0,0,0,0,0,0,0,0,0
M1,2016-05-23__bonirob_2016-05-23-10-47-22_2_frame221,2016-05-23,1251936,0.06406317894844465,0.06218448866395726,-0.0018786902844873943,1005,3357,1168272,925,12,0,74,3357,76846,0,0,0,1357,80,314,0,699,0,0,0,0,0,0,0,0,0,0
M1,2016-05-23__bonirob_2016-05-23-10-47-22_2_frame231,2016-05-23,1251936,0.08330537663267132,0.08187798737315645,-0.001427389259514869,1378,3165,1145662,1378,153,0,43,3165,101128,0,0,0,390,0,17,0,0,0,0,0,0,0,0,0,0,0,0
M1,2016-05-23__bonirob_2016-05-23-10-47-22_2_frame236,2016-05-23,1251936,0.029236318789458884,0.02714755386856836,-0.0020887649208905235,499,3114,1211941,250,66,0,0,3114,33488,0,0,0,0,0,0,0,0,0,0,0,0,0,1720,249,926,0,182
M1,2016-05-23__bonirob_2016-05-23-10-47-22_2_frame238,2016-05-23,1251936,0.050766173350714414,0.048810801830125504,-0.0019553715205889097,1074,3522,1184895,726,48,0,80,3522,60034,0,0,0,1394,348,365,0,524,0,0,0,0,0,0,0,0,0,0
M1,2016-05-23__bonirob_2016-05-23-10-47-22_2_frame239,2016-05-23,1251936,0.07477139406487232,0.07343666129898015,-0.0013347327658921743,1081,2752,1155298,1081,133,0,0,2752,90857,0,0,0,1034,0,756,0,25,0,0,0,0,0,0,0,0,0,0
M1,2016-05-23__bonirob_2016-05-23-10-47-22_2_frame244,2016-05-23,1251936,0.0763058175497789,0.07521950003834062,-0.001086317511438284,1561,2921,1152398,1496,355,0,1,2921,92609,0,0,0,1270,65,568,0,253,0,0,0,0,0,0,0,0,0,0
M1,2016-05-23__bonirob_2016-05-23-10-47-22_2_frame248,2016-05-23,1251936,0.06750824323288092,0.06596423459346165,-0.001544008639419267,1528,3461,1165622,1528,61,0,0,3461,81055,0,0,0,105,0,104,0,0,0,0,0,0,0,0,0,0,0,0
M1,2016-05-23__bonirob_2016-05-23-10-47-22_2_frame254,2016-05-23,1251936,0.02295484753214222,0.02109053497942387,-0.0018643125527183502,814,3148,1220632,199,17,0,1,3148,25590,0,0,0,1150,615,584,0,0,0,0,0,0,0,0,0,0,0,0
M1,2016-05-23__bonirob_2016-05-23-10-47-22_2_frame256,2016-05-23,1251936,0.08818342151675485,0.08586221659893158,-0.002321204917823269,1277,4183,1139074,1220,43,0,27,4183,106217,0,0,0,723,57,109,0,283,0,0,0,0,0,0,0,0,0,0
M1,2016-05-23__bonirob_2016-05-23-10-47-22_2_frame259,2016-05-23,1251936,0.055483666896710374,0.05411139227564348,-0.001372274621066892,1104,2822,1175978,1104,107,0,50,2822,66640,0,0,0,0,0,0,0,0,0,0,0,0,0,2247,0,754,0,2234
M1,2016-05-23__bonirob_2016-05-23-10-47-22_2_frame268,2016-05-23,1251936,0.09541062801932366,0.09300395547376224,-0.002406672545561428,1722,4735,1123672,1722,144,0,223,4681,114713,45,0,9,0,0,0,0,0,0,0,0,0,0,4133,0,277,0,2317
M1,2016-05-23__bonirob_2016-05-23-10-47-22_2_frame269,2016-05-23,1251936,0.1103171408123099,0.10642716560590956,-0.0038899752064003312,2666,7536,1052788,2539,30,0,4459,4053,130574,0,0,3483,0,0,0,0,0,0,0,0,0,0,17693,127,325,0,35865
M1,2016-05-23__bonirob_2016-05-23-10-47-22_2_frame285,2016-05-23,1251936,0.1246613245405516,0.12128175881195205,-0.003379565728599543,2242,6473,1092848,2242,24,0,0,6473,149595,0,0,0,457,0,297,0,0,0,0,0,0,0,0,0,0,0,0
M1,2016-05-23__bonirob_2016-05-23-10-47-22_2_frame289,2016-05-23,1251936,0.08033078368223295,0.07855513380875699,-0.0017756498734759624,2088,4311,1147238,2088,21,0,113,4309,96258,0,0,2,0,0,0,0,0,0,0,0,0,0,1224,0,64,0,619
M1,2016-05-23__bonirob_2016-05-23-10-47-22_2_frame297,2016-05-23,1251936,0.10444783119903893,0.10293417554890985,-0.0015136556501290782,1699,3594,1110939,1656,39,0,480,3594,127168,0,0,0,0,0,0,0,0,0,0,0,0,0,4121,43,498,0,3398
M1,2016-05-23__bonirob_2016-05-23-10-47-22_2_frame300,2016-05-23,1251936,0.15316198272116147,0.15360609488024948,0.00044411215908801704,3634,3078,1054945,3634,60,0,153,3078,188671,0,0,0,584,0,497,0,314,0,0,0,0,0,0,0,0,0,0
M1,2016-05-23__bonirob_2016-05-23-10-47-22_2_frame304,2016-05-23,1251936,0.13288219206093602,0.13030298673414614,-0.002579205326789874,3690,6919,1079690,2693,4,0,84,6912,159441,1,0,6,1400,997,393,0,315,0,0,0,0,0,0,0,0,0,0
M1,2016-05-23__bonirob_2016-05-23-10-52-28_3_frame1,2016-05-23,1251936,0.08665618689773279,0.08365283848375636,-0.0030033484139764255,1420,5180,1140134,1420,101,0,55,5112,103308,0,0,68,1217,0,285,0,236,0,0,0,0,0,0,0,0,0,0
M1,2016-05-23__bonirob_2016-05-23-10-52-28_3_frame6,2016-05-23,1251936,0.07393269304501189,0.07022803082585691,-0.0037046622191549833,895,5533,1158296,895,0,0,0,5533,87026,0,0,0,171,0,15,0,0,0,0,0,0,0,0,0,0,0,0
M1,2016-05-23__bonirob_2016-05-23-10-52-28_3_frame8,2016-05-23,1251936,0.03627501725327812,0.03422698923906654,-0.0020480280142115836,752,3316,1201861,242,4,0,1,3316,42098,0,0,0,0,0,0,0,0,0,0,0,0,0,2986,510,430,0,488
M1,2016-05-23__bonirob_2016-05-23-10-52-28_3_frame15,2016-05-23,1251936,0.12283615136876007,0.12016428954834751,-0.002671861820412555,1850,5195,1087754,1850,0,0,110,5048,148588,0,0,147,0,0,0,0,0,0,0,0,0,0,4918,0,980,4,2537
M1,2016-05-23__bonirob_2016-05-23-10-52-28_3_frame19,2016-05-23,1251936,0.0954513649260026,0.09186891342688444,-0.003582451499118164,2570,7055,1119736,1851,755,0,75,6262,112444,241,0,552,0,0,0,0,0,0,0,0,0,0,4459,719,2429,0,2413
M1,2016-05-23__bonirob_2016-05-23-10-52-28_3_frame26,2016-05-23,1251936,0.11774483679676917,0.11637096464995016,-0.0013738721468190135,1644,3364,1095112,1431,48,0,67,3364,144045,0,0,0,0,0,0,0,0,0,0,0,0,0,3848,213,39,0,3769
M1,2016-05-23__bonirob_2016-05-23-10-52-28_3_frame29,2016-05-23,1251936,0.11506738363622422,0.11379415561178846,-0.0012732280244357602,2637,4231,1095529,2637,186,0,112,4137,139826,0,0,94,0,0,0,0,0,0,0,0,0,0,5397,0,709,0,3309
M1,2016-05-23__bonirob_2016-05-23-10-52-28_3_frame32,2016-05-23,1251936,0.07685297011987834,0.07531854663497176,-0.0015344234849065802,1587,3508,1152937,1587,21,0,12,3508,92707,0,0,0,847,0,310,0,7,0,0,0,0,0,0,0,0,0,0
M1,2016-05-23__bonirob_2016-05-23-10-52-28_3_frame34,2016-05-23,1251936,0.015595845155023899,0.013195562712470925,-0.0024002824425529735,68,3073,1200145,68,10,0,663,1792,16452,0,0,1281,0,0,0,0,0,0,0,0,0,0,15016,0,296,0,16213
M1,2016-05-23__bonirob_2016-05-23-10-52-28_3_frame36,2016-05-23,1251936,0.04878683894384377,0.047539171331441865,-0.0012476676124019079,757,2319,1155106,757,8,0,986,2319,58759,0,0,0,0,0,0,0,0,0,0,0,0,0,10903,0,81,0,23017
M1,2016-05-23__bonirob_2016-05-23-10-52-28_3_frame48,2016-05-23,1251936,0.0,0.06324444700048565,0.06324444700048565,79178,0,1149470,753,2,0,823,0,0,0,0,0,0,0,0,0,0,0,0,0,0,0,9585,78425,65,0,12813
M1,2016-05-23__bonirob_2016-05-23-10-52-28_3_frame65,2016-05-23,1251936,0.058596445824706696,0.05620894358817064,-0.0023875022365360543,834,3823,1172175,834,52,0,104,3821,69536,0,0,2,0,0,0,0,0,0,0,0,0,0,3145,0,1257,0,1010
M1,2016-05-23__bonirob_2016-05-23-10-52-28_3_frame67,2016-05-23,1251936,0.010932667484599852,0.011190667893566444,0.0002580004089665928,1696,1373,1230254,724,93,0,2,1373,12314,0,0,0,0,0,0,0,0,0,0,0,0,0,4485,972,1517,0,202
M1,2016-05-23__bonirob_2016-05-23-10-52-28_3_frame73,2016-05-23,1251936,0.004879642409835646,0.003968253968253968,-0.0009113884415816783,73,1214,1236116,73,4,0,255,1214,4895,0,0,0,0,0,0,0,0,0,0,0,0,0,6487,0,18,0,2874
M1,2016-05-23__bonirob_2016-05-23-10-52-28_3_frame83,2016-05-23,1251936,0.0323698655522327,0.030228382281522376,-0.0021414832707103253,411,3092,1184563,411,123,0,678,3092,37433,0,0,0,0,0,0,0,0,0,0,0,0,0,16619,0,2464,0,6553
M1,2016-05-23__bonirob_2016-05-23-10-52-28_3_frame85,2016-05-23,1251936,0.014669280218797128,0.013871316105615622,-0.0007979641131815058,302,1301,1219441,302,235,0,191,1301,17064,0,0,0,0,0,0,0,0,0,0,0,0,0,7284,0,3121,0,2997
M1,2016-05-23__bonirob_2016-05-23-10-52-28_3_frame89,2016-05-23,1251936,0.0,0.05043308923139841,0.05043308923139841,63139,0,1074335,630,553,0,4930,0,0,0,0,0,0,0,0,0,0,0,0,0,0,0,32036,62509,3330,0,73613
M1,2016-05-23__bonirob_2016-05-23-10-52-28_3_frame96,2016-05-23,1251936,0.03585167292896761,0.03493229685862536,-0.0009193760703422524,1084,2235,1051262,890,2399,0,4138,2192,42649,2,0,41,0,0,0,0,0,0,0,0,0,0,40309,194,38012,0,69848
M1,2016-05-23__bonirob_2016-05-23-10-52-28_3_frame101,2016-05-23,1251936,0.0,0.025830393885949442,0.025830393885949442,32338,0,731710,940,23219,0,25916,0,0,0,0,0,26351,31398,371882,0,40520,0,0,0,0,0,0,0,0,0,0
M1,2016-05-23__bonirob_2016-05-23-10-52-28_3_frame103,2016-05-23,1251936,0.0009752894716662832,0.00202486389080592,0.0010495744191396368,2535,1221,973034,44,7443,0,12007,190,0,11,0,1020,34631,2491,162406,0,58659,0,0,0,0,0,0,0,0,0,0
M1,2016-05-23__bonirob_2016-05-23-10-52-28_3_frame105,2016-05-23,1251936,0.01660148761598037,0.009644262965519004,-0.006957224650461365,80,8790,1097088,80,1068,0,4869,3631,11994,4604,0,555,55425,0,7618,0,65004,0,0,0,0,0,0,0,0,0,0
M1,2016-05-23__bonirob_2016-05-23-10-52-28_3_frame119,2016-05-23,1251936,0.0217487155892953,0.021940418679549115,0.00019170309025381624,1034,794,1163317,1034,1134,0,1439,794,26434,0,0,0,24735,0,21832,0,11217,0,0,0,0,0,0,0,0,0,0
M1,2016-05-23__bonirob_2016-05-23-10-52-28_3_frame120,2016-05-23,1251936,0.02734804335045881,0.026123539861462566,-0.0012245034889962446,649,2182,1177459,649,2001,0,555,2182,32056,0,0,0,17200,0,17701,0,2133,0,0,0,0,0,0,0,0,0,0
M1,2016-05-23__bonirob_2016-05-23-10-52-28_3_frame123,2016-05-23,1251936,0.007003552897272704,0.0037278263425606422,-0.0032757265547120615,57,4158,1182959,57,1800,0,544,2060,4610,1320,0,778,27849,0,21752,0,8207,0,0,0,0,0,0,0,0,0,0
M1,2016-05-23__bonirob_2016-05-23-10-52-28_3_frame124,2016-05-23,1251936,0.04318671241980421,0.04423788436469596,0.0010511719448917517,9436,8120,1142758,1299,1252,0,1231,3925,45947,1078,0,3117,17204,8137,18479,0,7509,0,0,0,0,0,0,0,0,0,0
M1,2016-05-23__bonirob_2016-05-23-10-52-28_3_frame126,2016-05-23,1251936,0.013618907036781433,0.013150831991411701,-0.00046807504536973236,1508,2094,1146119,345,1341,0,2973,1477,14956,19,0,598,34678,1163,25109,0,23158,0,0,0,0,0,0,0,0,0,0
M1,2016-05-23__bonirob_2016-05-23-10-52-28_3_frame129,2016-05-23,1251936,0.01901295273879815,0.017770077703652583,-0.001242875035145568,3349,4905,1183214,397,382,0,828,3273,18898,119,0,1513,19485,2952,13167,0,7708,0,0,0,0,0,0,0,0,0,0
M1,2016-05-23__bonirob_2016-05-23-10-52-28_3_frame134,2016-05-23,1251936,0.014198010121923165,0.021589761776959846,0.007391751655036681,12664,3410,1157296,1687,2046,0,1046,2456,14365,151,0,803,43192,10977,14690,0,3227,0,0,0,0,0,0,0,0,0,0
M1,2016-05-23__bonirob_2016-05-23-10-52-28_3_frame138,2016-05-23,1251936,0.030813076706796512,0.02603008460496383,-0.004782992101832681,1160,7148,1198903,507,573,0,196,4293,31428,951,0,1904,8628,653,2856,0,1044,0,0,0,0,0,0,0,0,0,0
M1,2016-05-23__bonirob_2016-05-23-10-52-28_3_frame142,2016-05-23,1251936,0.034008128211026764,0.031959301433939116,-0.002048826777087648,861,3426,1192149,861,425,0,256,2823,39150,104,0,499,13108,0,2275,0,286,0,0,0,0,0,0,0,0,0,0
M1,2016-05-23__bonirob_2016-05-23-10-52-28_3_frame145,2016-05-23,1251936,0.0,0.01711589090816144,0.01711589090816144,21428,0,1124824,712,1129,0,48,0,0,0,0,0,77667,20716,24378,0,2462,0,0,0,0,0,0,0,0,0,0
M1,2016-05-23__bonirob_2016-05-23-10-52-28_3_frame150,2016-05-23,1251936,0.007674513713161056,0.006775905477596299,-0.0008986082355647573,1855,2980,1217751,76,1216,0,153,2493,6628,166,0,321,10890,1779,9438,0,1025,0,0,0,0,0,0,0,0,0,0
M1,2016-05-23__bonirob_2016-05-23-10-52-28_3_frame171,2016-05-23,1251936,0.015092624543107634,0.03000872249060655,0.014916097947498916,25378,6704,1144756,174,406,0,747,3561,12191,1097,0,2046,27433,25204,8288,0,26033,0,0,0,0,0,0,0,0,0,0
M1,2016-05-23__bonirob_2016-05-23-10-52-28_3_frame175,2016-05-23,1251936,0.0021310993533215756,0.009643464202642947,0.007512364849321371,10938,1533,1148278,65,410,0,1569,650,1135,217,0,666,41017,10873,11984,0,35072,0,0,0,0,0,0,0,0,0,0
M1,2016-05-23__bonirob_2016-05-23-10-52-28_3_frame254,2016-05-23,1251936,0.0034658321192137615,0.014310635687447282,0.01084480356823352,15569,1992,1216358,87,44,0,73,1469,2347,0,0,523,11895,15482,1458,0,2200,0,0,0,0,0,0,0,0,0,0
M1,2016-05-23__bonirob_2016-05-23-10-52-28_3_frame257,2016-05-23,1251936,0.007851040308769777,0.007359801139994376,-0.0004912391687754009,1411,2026,1234961,38,78,0,8,2026,7803,0,0,0,4802,1373,743,0,104,0,0,0,0,0,0,0,0,0,0
M1,2016-05-23__bonirob_2016-05-23-10-52-28_3_frame263,2016-05-23,1251936,0.019129572118702552,0.016737277304910154,-0.0023922948137923977,111,3106,1209106,111,0,0,486,3066,20843,0,0,40,9281,0,5,0,8998,0,0,0,0,0,0,0,0,0,0
M1,2016-05-23__bonirob_2016-05-23-10-52-28_3_frame279,2016-05-23,1251936,0.05069348592899318,0.050392352324719475,-0.00030113360427370256,2816,3193,1169964,899,277,0,136,3193,60272,0,0,0,8522,1917,3879,0,2877,0,0,0,0,0,0,0,0,0,0
M1,2016-05-23__bonirob_2016-05-23-10-52-28_3_frame283,2016-05-23,1251936,0.014996772997980728,0.01169628479411088,-0.003300488203869847,92,4224,1224358,92,198,0,87,3290,14551,22,0,912,5322,0,1662,0,1442,0,0,0,0,0,0,0,0,0,0
M1,2016-05-23__bonirob_2016-05-23-10-52-28_3_frame285,2016-05-23,1251936,0.010280078214860823,0.004271783861155841,-0.006008294353704982,289,7811,1221545,289,44,0,183,4568,5059,745,98,2400,11156,0,641,0,5208,0,0,0,0,0,0,0,0,0,0
M1,2016-05-23__bonirob_2016-05-23-10-52-28_3_frame289,2016-05-23,1251936,0.009969359456074432,0.006846196610689364,-0.003123162845385068,498,4408,1232598,498,222,0,42,4160,8073,35,0,213,5007,0,899,0,189,0,0,0,0,0,0,0,0,0,0
M1,2016-05-23__bonirob_2016-05-23-10-52-28_3_frame292,2016-05-23,1251936,0.0037286251054366995,0.0028787414053114534,-0.000849883700125246,12,1076,1241438,12,93,0,0,1076,3592,0,0,0,4806,0,916,0,3,0,0,0,0,0,0,0,0,0,0
M1,2016-05-23__bonirob_2016-05-23-10-57-33_4_frame4,2016-05-23,1251936,0.03591477519617616,0.03385796079032794,-0.00205681440584822,702,3277,1204340,702,123,0,0,3032,41686,245,0,0,1047,0,746,0,15,0,0,0,0,0,0,0,0,0,0
M1,2016-05-23__bonirob_2016-05-23-10-57-33_4_frame6,2016-05-23,1251936,0.012546168494236128,0.01006840605270557,-0.0024777624415305583,183,3285,1226815,119,539,0,0,2363,12422,922,0,0,3783,64,4909,0,0,0,0,0,0,0,0,0,0,0,0
M1,2016-05-23__bonirob_2016-05-23-10-57-33_4_frame7,2016-05-23,1251936,0.024289580298034404,0.027673938603890294,0.0033843583058558897,6086,1849,1210228,690,160,0,1,1552,28560,297,0,0,3413,5396,1637,0,2,0,0,0,0,0,0,0,0,0,0
M1,2016-05-23__bonirob_2016-05-23-10-57-33_4_frame11,2016-05-23,1251936,0.025383885438233264,0.024542788129744652,-0.0008410973084886121,751,1804,1214283,746,330,0,23,1804,29975,0,0,0,3258,5,1409,0,103,0,0,0,0,0,0,0,0,0,0
M1,2016-05-23__bonirob_2016-05-23-10-57-33_4_frame25,2016-05-23,1251936,0.02383508422155765,0.026806482120491783,0.0029713978989341326,6497,2777,1190106,330,370,1,19,2777,27063,0,0,0,11604,6167,11526,664,1309,0,0,0,0,0,0,0,0,0,0
M1,2016-05-23__bonirob_2016-05-23-10-57-33_4_frame26,2016-05-23,1251936,0.020489865296628582,0.0160343659739795,-0.004455499322649083,103,5681,1214198,103,190,0,0,4946,19971,422,0,313,7179,0,4564,0,50,0,0,0,0,0,0,0,0,0,0
M1,2016-05-23__bonirob_2016-05-23-10-57-33_4_frame28,2016-05-23,1251936,0.01536979526109961,0.02074626817984306,0.00537647291874345,8815,2084,1201183,206,453,0,7,2084,17158,0,0,0,11746,8609,9527,0,963,0,0,0,0,0,0,0,0,0,0
M1,2016-05-23__bonirob_2016-05-23-10-57-33_4_frame30,2016-05-23,1251936,0.02540545203588682,0.024705735756460394,-0.000699716279426426,2937,3813,1204002,303,285,0,248,3294,27993,0,0,519,8474,2634,2930,0,1254,0,0,0,0,0,0,0,0,0,0
M1,2016-05-23__bonirob_2016-05-23-10-57-33_4_frame31,2016-05-23,1251936,0.005768665490887713,0.0039874242772793495,-0.0017812412136083639,112,2342,1227586,112,384,0,158,2101,4880,207,2,32,10479,0,3130,0,2865,0,0,0,0,0,0,0,0,0,0
M1,2016-05-23__bonirob_2016-05-23-10-57-33_4_frame38,2016-05-23,1251936,0.023044308974260665,0.02124948879175932,-0.001794820182501343,388,2635,1215792,278,135,0,0,2635,26215,0,0,0,3889,110,2882,0,0,0,0,0,0,0,0,0,0,0,0
M1,2016-05-23__bonirob_2016-05-23-10-57-33_4_frame39,2016-05-23,1251936,0.029920858574240216,0.02921874600618562,-0.0007021125680545977,1556,2435,1206362,1506,53,0,0,2405,35024,0,0,30,4417,50,1831,0,258,0,0,0,0,0,0,0,0,0,0
M1,2016-05-23__bonirob_2016-05-23-10-57-33_4_frame57,2016-05-23,1251936,0.0071193735143010506,0.005469129412366127,-0.0016502441019349235,15,2081,1232430,15,44,0,143,2068,6832,0,0,13,7009,0,282,0,3100,0,0,0,0,0,0,0,0,0,0
M1,2016-05-23__bonirob_2016-05-23-10-57-33_4_frame59,2016-05-23,1251936,0.03743881476369399,0.03593394550520154,-0.0015048692584924486,1310,3194,1197617,315,239,0,21,3194,43677,0,0,0,3638,995,1334,0,906,0,0,0,0,0,0,0,0,0,0
M1,2016-05-23__bonirob_2016-05-23-10-57-33_4_frame64,2016-05-23,1251936,0.0263751501674207,0.05136844055926182,0.02499329039184112,32882,1592,1125514,493,34,0,1854,1319,31428,0,0,273,24028,32389,7687,25,26892,0,0,0,0,0,0,0,0,0,0
M1,2016-05-23__bonirob_2016-05-23-10-57-33_4_frame66,2016-05-23,1251936,0.030445645783810035,0.029384888684405593,-0.001060757099404442,548,1876,1162364,548,43,0,962,1876,36240,0,0,0,8510,0,46,0,41347,0,0,0,0,0,0,0,0,0,0
M1,2016-05-23__bonirob_2016-05-23-10-57-33_4_frame71,2016-05-23,1251936,0.046329045574214654,0.04422350663292692,-0.0021055389412877323,710,3346,1187100,710,128,0,48,3346,54655,0,0,0,4529,0,950,0,470,0,0,0,0,0,0,0,0,0,0
M1,2016-05-23__bonirob_2016-05-23-10-57-33_4_frame72,2016-05-23,1251936,0.034219800373182015,0.031523176903611685,-0.0026966234695703292,338,3714,1190788,338,0,0,653,3680,39127,0,0,34,11564,0,38,0,5714,0,0,0,0,0,0,0,0,0,0
M1,2016-05-23__bonirob_2016-05-23-10-57-33_4_frame74,2016-05-23,1251936,0.0,0.02377996958310968,0.02377996958310968,29771,0,1148724,308,156,0,1410,0,0,0,0,0,23302,29463,10545,0,38028,0,0,0,0,0,0,0,0,0,0
M1,2016-05-23__bonirob_2016-05-23-10-57-33_4_frame75,2016-05-23,1251936,0.02384147432456611,0.060043804156122996,0.036202329831556884,47067,1744,1139001,745,6,0,696,1462,28104,277,0,5,12636,46322,7351,60,15271,0,0,0,0,0,0,0,0,0,0
M1,2016-05-23__bonirob_2016-05-23-10-57-33_4_frame78,2016-05-23,1251936,0.03382840656391381,0.03249447256089768,-0.001333934003016131,1293,2963,1203691,380,41,0,2,2963,39388,0,0,0,3274,913,1219,0,65,0,0,0,0,0,0,0,0,0,0
M1,2016-05-23__bonirob_2016-05-23-10-57-33_4_frame85,2016-05-23,1251936,0.05659075224292615,0.050285318099327764,-0.006305434143598389,517,8411,1179273,517,0,0,20,6357,62437,0,0,2054,792,0,178,0,308,0,0,0,0,0,0,0,0,0,0
M1,2016-05-23__bonirob_2016-05-23-10-57-33_4_frame90,2016-05-23,1251936,0.060623706004140784,0.05793347263757892,-0.0026902333665618644,1016,4384,1172886,1016,89,0,0,4346,71513,38,0,0,1527,0,231,0,290,0,0,0,0,0,0,0,0,0,0
M1,2016-05-23__bonirob_2016-05-23-10-57-33_4_frame91,2016-05-23,1251936,0.07971973008204893,0.0779209160851673,-0.0017988139968816291,1354,3606,1149998,1354,15,0,0,3606,96198,0,0,0,545,0,220,0,0,0,0,0,0,0,0,0,0,0,0
M1,2016-05-23__bonirob_2016-05-23-10-57-33_4_frame94,2016-05-23,1251936,0.04239354088387905,0.03954754875648595,-0.0028459921273930947,336,3899,1198524,336,0,0,2,3899,49175,0,0,0,0,0,0,0,0,0,0,0,0,0,0,0,0,0,0
M1,2016-05-23__bonirob_2016-05-23-10-57-33_4_frame95,2016-05-23,1251936,0.07420507118574751,0.07289030749175676,-0.0013147636939907503,1305,2951,1157401,1305,2,0,0,2951,89949,0,0,0,294,0,34,0,0,0,0,0,0,0,0,0,0,0,0
M1,2016-05-23__bonirob_2016-05-23-10-57-33_4_frame96,2016-05-23,1251936,0.10251562380185568,0.10111459371725072,-0.0014010300846049595,1254,3008,1121553,1254,13,0,1,3008,125335,0,0,0,568,0,204,0,0,0,0,0,0,0,0,0,0,0,0
M1,2016-05-23__bonirob_2016-05-23-10-57-33_4_frame101,2016-05-23,1251936,0.01913116964445467,0.018010505329345908,-0.0011206643151087624,294,1697,1225581,258,31,0,0,1697,22254,0,0,0,1424,36,655,0,0,0,0,0,0,0,0,0,0,0,0
M1,2016-05-23__bonirob_2016-05-23-10-57-33_4_frame115,2016-05-23,1251936,0.053533886716253865,0.051539375814738136,-0.001994510901515728,280,2777,1182290,247,20,0,0,2777,64244,0,0,0,1827,33,458,0,40,0,0,0,0,0,0,0,0,0,0
M1,2016-05-23__bonirob_2016-05-23-10-57-33_4_frame116,2016-05-23,1251936,0.02842317818163229,0.02666350356567748,-0.0017596746159548107,368,2571,1207082,368,98,0,16,2571,33013,0,0,0,5334,0,178,0,3276,0,0,0,0,0,0,0,0,0,0
M1,2016-05-23__bonirob_2016-05-23-10-57-33_4_frame126,2016-05-23,1251936,0.10611964189862741,0.10450773841474324,-0.0016119034838841667,1388,3406,1111707,1275,100,0,77,3406,129449,0,0,0,3114,113,1331,0,1364,0,0,0,0,0,0,0,0,0,0
M1,2016-05-23__bonirob_2016-05-23-10-57-33_4_frame135,2016-05-23,1251936,0.01623166040436572,0.014961627431434196,-0.0012700329729315243,532,2122,1230534,532,33,0,0,2122,18199,0,0,0,441,0,75,0,0,0,0,0,0,0,0,0,0,0,0
M1,2016-05-23__bonirob_2016-05-23-10-57-33_4_frame139,2016-05-23,1251936,0.05149464509367891,0.05038755974746313,-0.001107085346215779,1342,2728,1184267,1031,79,0,0,2728,61740,0,0,0,1047,311,733,0,0,0,0,0,0,0,0,0,0,0,0
M1,2016-05-23__bonirob_2016-05-23-10-57-33_4_frame140,2016-05-23,1251936,0.06567108861794853,0.063388224318176,-0.002282864299772522,1615,4473,1166587,1615,8,0,0,4473,77743,0,0,0,933,0,577,0,0,0,0,0,0,0,0,0,0,0,0
M1,2016-05-23__bonirob_2016-05-23-10-57-33_4_frame141,2016-05-23,1251936,0.04205486542443064,0.039990862152697905,-0.0020640032717327353,812,3396,1195470,726,38,0,0,3396,49254,0,0,0,2364,86,541,0,61,0,0,0,0,0,0,0,0,0,0
M1,2016-05-23__bonirob_2016-05-23-10-57-33_4_frame148,2016-05-23,1251936,0.019397956445057894,0.01735232471947448,-0.0020456317255834154,375,2936,1224136,375,3,0,0,2935,21349,0,0,1,2693,0,361,0,83,0,0,0,0,0,0,0,0,0,0
M1,2016-05-23__bonirob_2016-05-23-10-57-33_4_frame150,2016-05-23,1251936,0.06401844822738542,0.06223401196227283,-0.001784436265112592,895,3129,1170698,895,4,0,1,3129,77018,0,0,0,132,0,43,0,16,0,0,0,0,0,0,0,0,0,0
M1,2016-05-23__bonirob_2016-05-23-10-57-33_4_frame168,2016-05-23,1251936,0.021003469825933593,0.01892429005955576,-0.002079179766377833,385,2988,1223130,385,34,0,0,2988,23307,0,0,0,1673,0,419,0,0,0,0,0,0,0,0,0,0,0,0
M1,2016-05-23__bonirob_2016-05-23-10-57-33_4_frame175,2016-05-23,1251936,0.016774819160084862,0.015367398972471436,-0.001407420187613426,390,2152,1229130,205,15,0,2,2152,18849,0,0,0,852,185,514,0,32,0,0,0,0,0,0,0,0,0,0
M1,2016-05-23__bonirob_2016-05-23-10-57-33_4_frame179,2016-05-23,1251936,0.015911356491066637,0.014167657132632978,-0.001743699358433659,542,2725,1229405,244,22,0,0,2725,17195,0,0,0,1602,298,445,0,0,0,0,0,0,0,0,0,0,0,0
M1,2016-05-23__bonirob_2016-05-23-10-57-33_4_frame183,2016-05-23,1251936,0.026704240472356415,0.025482133271988346,-0.0012221072003680694,1471,3001,1212879,1108,59,0,88,2975,30431,26,0,0,2700,363,944,0,363,0,0,0,0,0,0,0,0,0,0
M1,2016-05-23__bonirob_2016-05-23-10-57-33_4_frame189,2016-05-23,1251936,0.02541503719039951,0.02360024793599673,-0.0018147892544027808,585,2857,1213667,585,20,0,12,2857,28961,0,0,0,4134,0,1051,0,649,0,0,0,0,0,0,0,0,0,0
M1,2016-05-23__bonirob_2016-05-23-10-57-33_4_frame198,2016-05-23,1251936,0.012380025816016153,0.009696182552462745,-0.0026838432635534083,58,3418,1233926,30,58,0,2,3418,12081,0,0,0,1727,28,634,0,32,0,0,0,0,0,0,0,0,0,0
M1,2016-05-23__bonirob_2016-05-23-10-57-33_4_frame203,2016-05-23,1251936,0.0320575492676942,0.03000792372773049,-0.0020496255399637085,404,2970,1210058,404,15,0,22,2955,37164,15,0,0,920,0,355,0,28,0,0,0,0,0,0,0,0,0,0
M1,2016-05-23__bonirob_2016-05-23-10-57-33_4_frame211,2016-05-23,1251936,0.03379565728599545,0.03181073153899241,-0.0019849257470030413,486,2971,1207821,486,20,0,0,2971,39339,0,0,0,670,0,629,0,0,0,0,0,0,0,0,0,0,0,0
M1,2016-05-23__bonirob_2016-05-23-10-57-33_4_frame218,2016-05-23,1251936,0.034540903049357155,0.031580687830687834,-0.002960215218669321,480,4186,1205154,257,29,0,2,4167,39057,19,0,0,1739,223,1203,0,86,0,0,0,0,0,0,0,0,0,0
M1,2016-05-23__bonirob_2016-05-23-10-57-33_4_frame220,2016-05-23,1251936,0.012515016742069882,0.01076892109500805,-0.0017460956470618308,100,2286,1231066,100,110,0,28,2214,13382,72,0,0,3711,0,986,0,267,0,0,0,0,0,0,0,0,0,0
M1,2016-05-23__bonirob_2016-05-23-10-57-33_4_frame225,2016-05-23,1251936,0.04148854254530583,0.03952837844746057,-0.00196016409784526,429,2883,1198749,429,20,0,11,2859,49058,0,0,24,722,0,64,0,0,0,0,0,0,0,0,0,0,0,0
M1,2016-05-23__bonirob_2016-05-23-10-57-33_4_frame231,2016-05-23,1251936,0.0722760588400685,0.07087822380696777,-0.0013978350331007305,1514,3264,1157019,1222,42,0,3,3264,87221,0,0,0,2033,292,775,0,65,0,0,0,0,0,0,0,0,0,0
M1,2016-05-23__bonirob_2016-05-23-10-57-33_4_frame248,2016-05-23,1251936,0.08445559517419421,0.08320633003604018,-0.0012492651381540293,1848,3412,1143007,1848,117,0,0,3196,102321,0,0,216,796,0,399,0,36,0,0,0,0,0,0,0,0,0,0
M1,2016-05-23__bonirob_2016-05-23-10-57-33_4_frame253,2016-05-23,1251936,0.087672213276078,0.08532944176060119,-0.0023427715154768214,1697,4630,1138307,1697,16,0,6,4630,105130,0,0,0,1843,0,140,0,167,0,0,0,0,0,0,0,0,0,0
M1,2016-05-23__bonirob_2016-05-23-10-57-33_4_frame254,2016-05-23,1251936,0.08625041535669555,0.08528870485392225,-0.0009617105027732997,1569,2773,1140395,1569,179,0,43,2773,105207,0,0,0,1518,0,149,0,103,0,0,0,0,0,0,0,0,0,0
M1,2016-05-23__bonirob_2016-05-23-10-57-33_4_frame259,2016-05-23,1251936,0.0955719781202873,0.09558715461493239,1.5176494645094407e-05,2476,2457,1127381,2476,15,0,5,2457,117193,0,0,0,1742,0,525,0,142,0,0,0,0,0,0,0,0,0,0
M1,2016-05-23__bonirob_2016-05-23-10-57-33_4_frame264,2016-05-23,1251936,0.057050839659535314,0.055113040922219664,-0.0019377987373156505,676,3102,1178594,676,76,0,0,3102,68322,0,0,0,569,0,597,0,0,0,0,0,0,0,0,0,0,0,0
M1,2016-05-23__bonirob_2016-05-23-10-57-33_4_frame270,2016-05-23,1251936,0.016645419574163534,0.015672526391125426,-0.000972893183038108,721,1939,1227876,105,33,0,0,1939,18900,0,0,0,1748,616,719,0,0,0,0,0,0,0,0,0,0,0,0
M1,2016-05-23__bonirob_2016-05-23-10-57-33_4_frame273,2016-05-23,1251936,0.061781912174424254,0.06129147176852491,-0.0004904404058993436,1366,1980,1171830,1071,4,0,19,1971,75367,9,0,0,873,295,409,0,88,0,0,0,0,0,0,0,0,0,0
M1,2016-05-23__bonirob_2016-05-23-10-57-33_4_frame278,2016-05-23,1251936,0.04727238453083864,0.04549513713161056,-0.0017772473992280768,896,3121,1190323,612,3,0,203,3121,56061,0,0,0,1217,284,34,0,78,0,0,0,0,0,0,0,0,0,0
M1,2016-05-23__bonirob_2016-05-23-10-57-33_4_frame279,2016-05-23,1251936,0.04063786008230453,0.039925363596861184,-0.0007124964854433452,648,1540,1197521,533,15,0,64,1540,49336,0,0,0,1893,115,825,0,94,0,0,0,0,0,0,0,0,0,0
M1,2016-05-23__bonirob_2016-05-23-10-57-33_4_frame283,2016-05-23,1251936,0.03055507629782992,0.028499060654857758,-0.002056015642972163,575,3149,1211414,324,12,0,0,3149,35104,0,0,0,1201,251,481,0,0,0,0,0,0,0,0,0,0,0,0
M1,2016-05-23__bonirob_2016-05-23-10-57-33_4_frame303,2016-05-23,1251936,0.019774173759681005,0.017863532960151318,-0.0019106407995296872,163,2555,1226177,163,9,0,11,2555,22201,0,0,0,748,0,14,0,58,0,0,0,0,0,0,0,0,0,0
M1,2016-05-23__bonirob_2016-05-23-11-02-39_5_frame9,2016-05-23,1251936,0.034302072949415945,0.03244255297395394,-0.0018595199754620068,304,2632,1207674,304,44,0,0,2632,40312,0,0,0,740,0,230,0,0,0,0,0,0,0,0,0,0,0,0
M1,2016-05-23__bonirob_2016-05-23-11-02-39_5_frame15,2016-05-23,1251936,0.024803184827339418,0.023382185670833014,-0.0014209991565064042,131,1910,1218516,131,38,0,0,1910,29142,0,0,0,1368,0,831,0,0,0,0,0,0,0,0,0,0,0,0
M1,2016-05-23__bonirob_2016-05-23-11-02-39_5_frame20,2016-05-23,1251936,0.0034818073767349128,0.0020823748178820643,-0.0013994325588528485,75,1827,1245701,16,146,0,0,1827,2532,0,0,0,1241,59,413,0,1,0,0,0,0,0,0,0,0,0,0
M1,2016-05-23__bonirob_2016-05-23-11-02-39_5_frame29,2016-05-23,1251936,0.02954863507399739,0.028397617769598447,-0.0011510173043989443,545,1986,1212335,545,77,0,0,1986,35007,0,0,0,1127,0,795,0,64,0,0,0,0,0,0,0,0,0,0
M1,2016-05-23__bonirob_2016-05-23-11-02-39_5_frame30,2016-05-23,1251936,0.034544098100861384,0.033256492344656594,-0.0012876057562047905,1124,2736,1207178,1124,0,0,0,2736,40511,0,0,0,350,0,32,0,5,0,0,0,0,0,0,0,0,0,0
M1,2016-05-23__bonirob_2016-05-23-11-02-39_5_frame31,2016-05-23,1251936,0.020161573754568923,0.018276493367073078,-0.0018850803874958452,327,2687,1226000,327,0,0,0,2687,22554,0,0,0,303,0,60,0,5,0,0,0,0,0,0,0,0,0,0
M1,2016-05-23__bonirob_2016-05-23-11-02-39_5_frame34,2016-05-23,1251936,0.10510681057178642,0.10334154461569921,-0.0017652659560872114,2010,4220,1118107,2010,2,0,8,4211,127367,0,0,9,188,0,10,0,24,0,0,0,0,0,0,0,0,0,0
M1,2016-05-23__bonirob_2016-05-23-11-02-39_5_frame37,2016-05-23,1251936,0.023398959691230223,0.021541037241520334,-0.0018579224497098888,535,2861,1221329,535,25,0,0,2858,26433,0,0,3,425,0,328,0,0,0,0,0,0,0,0,0,0,0,0
M1,2016-05-23__bonirob_2016-05-23-11-02-39_5_frame60,2016-05-23,1251936,0.02788481200316949,0.026427868517240497,-0.0014569434859289937,349,2173,1216677,349,0,0,0,2173,32737,0,0,0,0,0,0,0,0,0,0,0,0,0,0,0,0,0,0
M1,2016-05-23__bonirob_2016-05-23-11-02-39_5_frame62,2016-05-23,1251936,0.03996530174066406,0.038036289394985046,-0.001929012345679014,589,3004,1200623,589,46,0,0,3004,47030,0,0,0,236,0,408,0,0,0,0,0,0,0,0,0,0,0,0
M1,2016-05-23__bonirob_2016-05-23-11-02-39_5_frame69,2016-05-23,1251936,0.04594484063083097,0.043538966848145594,-0.0024058737826853777,425,3437,1192904,425,2,0,0,3437,54083,0,0,0,725,0,353,0,7,0,0,0,0,0,0,0,0,0,0
M1,2016-05-23__bonirob_2016-05-23-11-02-39_5_frame80,2016-05-23,1251936,0.03864734299516908,0.03615919663624978,-0.0024881463589193006,244,3359,1193839,244,10,0,79,3359,45025,0,0,0,3786,0,303,0,5291,0,0,0,0,0,0,0,0,0,0
M1,2016-05-23__bonirob_2016-05-23-11-02-39_5_frame84,2016-05-23,1251936,0.03942453927357309,0.0377623137284973,-0.0016622255450757864,423,2504,1201448,423,18,0,0,2504,46853,0,0,0,527,0,163,0,0,0,0,0,0,0,0,0,0,0,0
M1,2016-05-23__bonirob_2016-05-23-11-02-39_5_frame89,2016-05-23,1251936,0.012942354880760678,0.011233002325997495,-0.0017093525547631824,328,2468,1233633,22,0,0,0,2468,13735,0,0,0,1360,306,412,0,0,0,0,0,0,0,0,0,0,0,0
M1,2016-05-23__bonirob_2016-05-23-11-02-39_5_frame90,2016-05-23,1251936,0.022445236817217492,0.02073268921095008,-0.001712547606267413,427,2571,1220840,427,146,0,0,2571,25529,0,0,0,1289,0,1134,0,0,0,0,0,0,0,0,0,0,0,0
M1,2016-05-23__bonirob_2016-05-23-11-02-39_5_frame93,2016-05-23,1251936,0.025572393476982848,0.02420810648467653,-0.0013642869923063163,796,2504,1218679,796,0,0,0,2504,29511,0,0,0,446,0,0,0,0,0,0,0,0,0,0,0,0,0,0
M1,2016-05-23__bonirob_2016-05-23-11-02-39_5_frame105,2016-05-23,1251936,0.02494536461927766,0.022956445057894334,-0.0019889195613833274,407,2897,1217947,287,6,0,0,2897,28333,0,0,0,1594,120,752,0,0,0,0,0,0,0,0,0,0,0,0
M1,2016-05-23__bonirob_2016-05-23-11-02-39_5_frame108,2016-05-23,1251936,0.010564437798737315,0.009288014722797331,-0.001276423075939984,120,1718,1237639,120,1,0,0,1718,11508,0,0,0,697,0,232,0,21,0,0,0,0,0,0,0,0,0,0
M1,2016-05-23__bonirob_2016-05-23-11-02-39_5_frame112,2016-05-23,1251936,0.03502495335224804,0.032783624722030516,-0.0022413286302175248,404,3210,1205925,404,15,0,21,3210,40639,0,0,0,1424,0,279,0,19,0,0,0,0,0,0,0,0,0,0
M1,2016-05-23__bonirob_2016-05-23-11-02-39_5_frame116,2016-05-23,1251936,0.04093979244945428,0.03909385144288526,-0.0018459410065690199,362,2673,1197999,362,16,0,0,2673,48581,0,0,0,1447,0,107,0,751,0,0,0,0,0,0,0,0,0,0
M1,2016-05-23__bonirob_2016-05-23-11-02-39_5_frame117,2016-05-23,1251936,0.03138658845180584,0.02921555095468139,-0.0021710374971244534,195,2913,1210906,195,76,0,0,2913,36381,0,0,0,688,0,777,0,0,0,0,0,0,0,0,0,0,0,0
M1,2016-05-23__bonirob_2016-05-23-11-02-39_5_frame131,2016-05-23,1251936,0.05337653042967053,0.05060961582700713,-0.0027669146026633937,792,4256,1182872,792,2,0,7,4256,62568,0,0,0,977,0,231,0,231,0,0,0,0,0,0,0,0,0,0
M1,2016-05-23__bonirob_2016-05-23-11-02-39_5_frame144,2016-05-23,1251936,0.02105379188712522,0.019846062418526187,-0.0012077294685990322,314,1826,1222125,314,22,0,0,1826,24532,0,0,0,2032,0,914,0,171,0,0,0,0,0,0,0,0,0,0
M1,2016-05-23__bonirob_2016-05-23-11-02-39_5_frame149,2016-05-23,1251936,0.008205691025739335,0.01060916851979654,0.0024034774940572042,4045,1036,1229299,107,60,0,3,1036,9237,0,0,0,4681,3938,1472,89,2014,0,0,0,0,0,0,0,0,0,0
M1,2016-05-23__bonirob_2016-05-23-11-02-39_5_frame155,2016-05-23,1251936,0.03915216113283746,0.03739009022825448,-0.0017620709045829824,932,3138,1201202,502,7,0,0,3138,45878,0,0,0,657,430,122,0,0,0,0,0,0,0,0,0,0,0,0
M1,2016-05-23__bonirob_2016-05-23-11-02-39_5_frame164,2016-05-23,1251936,0.011927127265291517,0.010433440687063875,-0.0014936865782276421,36,1906,1234571,30,89,0,0,1906,13026,0,0,0,1262,6,1046,0,0,0,0,0,0,0,0,0,0,0,0
M1,2016-05-23__bonirob_2016-05-23-11-02-39_5_frame169,2016-05-23,1251936,0.040589934309741074,0.03904113309306546,-0.0015488012166756174,453,2392,1195339,453,62,0,18,2392,48424,0,0,0,2654,0,1242,0,1352,0,0,0,0,0,0,0,0,0,0
M1,2016-05-23__bonirob_2016-05-23-11-02-39_5_frame177,2016-05-23,1251936,0.03831505763872914,0.036320546737213404,-0.001994510901515735,626,3123,1199962,626,46,0,1,3123,44845,0,0,0,1983,0,1198,0,152,0,0,0,0,0,0,0,0,0,0
M1,2016-05-23__bonirob_2016-05-23-11-02-39_5_frame184,2016-05-23,1251936,0.02705010479768934,0.025764096567236664,-0.001286008230452676,708,2318,1215143,612,0,0,2,2318,31547,0,0,0,1577,96,478,0,163,0,0,0,0,0,0,0,0,0,0
M1,2016-05-23__bonirob_2016-05-23-11-02-39_5_frame187,2016-05-23,1251936,0.024788008332694324,0.021729545280269918,-0.003058463052424406,633,4462,1211094,111,24,0,63,3081,26571,0,0,1381,5815,522,1342,0,1932,0,0,0,0,0,0,0,0,0,0
M1,2016-05-23__bonirob_2016-05-23-11-02-39_5_frame189,2016-05-23,1251936,0.014800277330470566,0.013082138384070751,-0.0017181389463998154,39,2190,1224857,39,32,0,26,2190,16339,0,0,0,5450,0,2516,0,487,0,0,0,0,0,0,0,0,0,0
M1,2016-05-23__bonirob_2016-05-23-11-02-39_5_frame192,2016-05-23,1251936,0.015734031132581858,0.012634032410602458,-0.0030999987219793995,136,4017,1227767,136,138,0,2,2718,15681,0,0,1299,1964,0,2220,0,11,0,0,0,0,0,0,0,0,0,0
M1,2016-05-23__bonirob_2016-05-23-11-02-39_5_frame193,2016-05-23,1251936,0.017821997290596324,0.01558945505201544,-0.0022325422385808848,170,2965,1224993,170,104,0,0,2945,19347,0,0,20,2310,0,2047,0,0,0,0,0,0,0,0,0,0,0,0
M1,2016-05-23__bonirob_2016-05-23-11-02-39_5_frame199,2016-05-23,1251936,0.03230117194489175,0.03509764077396928,0.0027964688290775253,5807,2306,1199948,289,46,0,3,2306,38133,0,0,0,3913,5518,863,0,917,0,0,0,0,0,0,0,0,0,0
M1,2016-05-23__bonirob_2016-05-23-11-02-39_5_frame202,2016-05-23,1251936,0.03096803670475168,0.02816358024691358,-0.002804456457838101,602,4113,1205925,602,189,0,0,3977,34657,136,0,0,3654,0,2696,0,100,0,0,0,0,0,0,0,0,0,0
M1,2016-05-23__bonirob_2016-05-23-11-02-39_5_frame203,2016-05-23,1251936,0.0053117731257827875,0.003999405720420213,-0.0013123674053625743,131,1774,1239943,131,208,0,15,1774,4876,0,0,0,2743,0,1806,0,440,0,0,0,0,0,0,0,0,0,0
M1,2016-05-23__bonirob_2016-05-23-11-02-39_5_frame204,2016-05-23,1251936,0.019903573345602332,0.018786104081997802,-0.00111746926360453,710,2109,1215538,138,76,0,16,2109,22809,0,0,0,6198,572,3452,0,1028,0,0,0,0,0,0,0,0,0,0
M1,2016-05-23__bonirob_2016-05-23-11-02-39_5_frame215,2016-05-23,1251936,0.04561335403726708,0.0425205441811722,-0.0030928098560948775,495,4367,1189188,495,25,0,29,4099,52738,0,0,268,3963,0,719,0,412,0,0,0,0,0,0,0,0,0,0
M1,2016-05-23__bonirob_2016-05-23-11-02-39_5_frame216,2016-05-23,1251936,0.005239884466937607,0.004348465097257368,-0.0008914193696802387,31,1147,1240682,31,25,0,10,1147,5413,0,0,0,2494,0,2056,0,78,0,0,0,0,0,0,0,0,0,0
M1,2016-05-23__bonirob_2016-05-23-11-02-39_5_frame223,2016-05-23,1251936,0.02576809038161695,0.023054692891649412,-0.002713397489967538,581,3978,1216535,581,26,0,141,3978,28282,0,0,0,1367,0,666,0,360,0,0,0,0,0,0,0,0,0,0
M1,2016-05-23__bonirob_2016-05-23-11-02-39_5_frame233,2016-05-23,1251936,0.02602449326483143,0.02473928379725481,-0.0012852094675766187,1118,2727,1210573,835,179,0,0,2725,29854,0,0,2,4170,283,2896,0,419,0,0,0,0,0,0,0,0,0,0
M1,2016-05-23__bonirob_2016-05-23-11-02-39_5_frame243,2016-05-23,1251936,0.014189223730286532,0.012520608082202286,-0.001668615648084246,233,2322,1230831,233,27,0,0,2322,15442,0,0,0,2217,0,860,0,4,0,0,0,0,0,0,0,0,0,0
M1,2016-05-23__bonirob_2016-05-23-11-02-39_5_frame246,2016-05-23,1251936,0.018683063670986377,0.017375488842880146,-0.0013075748281062317,334,1971,1226117,334,35,0,0,1971,21419,0,0,0,1305,0,755,0,0,0,0,0,0,0,0,0,0,0,0
M1,2016-05-23__bonirob_2016-05-23-11-02-39_5_frame253,2016-05-23,1251936,0.016439338752140684,0.014919292999003145,-0.0015200457531375396,188,2091,1230574,188,119,0,0,2091,18490,0,0,0,214,0,260,0,0,0,0,0,0,0,0,0,0,0,0
M1,2016-05-23__bonirob_2016-05-23-11-02-39_5_frame254,2016-05-23,1251936,0.008573121948725813,0.007707262991079416,-0.0008658589576463968,316,1400,1238566,116,13,0,0,1400,9333,0,0,0,1162,200,1120,0,26,0,0,0,0,0,0,0,0,0,0
M1,2016-05-23__bonirob_2016-05-23-11-02-39_5_frame255,2016-05-23,1251936,0.0033076770697543644,0.0025855954297983284,-0.0007220816399560359,0,904,1243034,0,83,0,0,842,3237,62,0,0,2113,0,2565,0,0,0,0,0,0,0,0,0,0,0,0
M1,2016-05-23__bonirob_2016-05-23-11-02-39_5_frame257,2016-05-23,1251936,0.008390205250108631,0.007069850215985482,-0.0013203550341231492,11,1664,1240240,11,45,0,0,1664,8840,0,0,0,923,0,213,0,0,0,0,0,0,0,0,0,0,0,0
M1,2016-05-23__bonirob_2016-05-23-11-02-39_5_frame264,2016-05-23,1251936,0.028948764154078165,0.02669625284359584,-0.002252511310482326,258,3078,1212329,258,2,0,10,3078,33164,0,0,0,1577,0,1307,0,211,0,0,0,0,0,0,0,0,0,0
M1,2016-05-23__bonirob_2016-05-23-11-02-39_5_frame265,2016-05-23,1251936,0.01807600388518263,0.01618533215755438,-0.0018906717276282493,134,2501,1222924,103,67,0,15,2501,20129,0,0,0,3828,31,1889,0,449,0,0,0,0,0,0,0,0,0,0
M1,2016-05-23__bonirob_2016-05-23-11-02-39_5_frame266,2016-05-23,1251936,0.04472672724484319,0.04317952355391969,-0.001547203690923496,707,2644,1194237,707,4,0,0,2644,53351,0,0,0,620,0,365,0,8,0,0,0,0,0,0,0,0,0,0
M1,2016-05-23__bonirob_2016-05-23-11-02-39_5_frame271,2016-05-23,1251936,0.0346567236663855,0.032682181836771206,-0.001974541829614297,378,2850,1205937,378,25,0,0,2850,40538,0,0,0,1362,0,846,0,0,0,0,0,0,0,0,0,0,0,0
M1,2016-05-23__bonirob_2016-05-23-11-02-39_5_frame272,2016-05-23,1251936,0.07048363494619533,0.06860654218746007,-0.001877092758735266,1493,3843,1161770,1493,27,0,1,3843,84398,0,0,0,225,0,138,0,41,0,0,0,0,0,0,0,0,0,0
M1,2016-05-23__bonirob_2016-05-23-11-02-39_5_frame273,2016-05-23,1251936,0.049711007591442376,0.04780436060629297,-0.0019066469851494044,768,3155,1188751,768,27,0,29,2690,59080,310,0,155,126,0,0,0,0,0,0,0,0,0,0,0,0,0,0
M1,2016-05-23__bonirob_2016-05-23-11-02-39_5_frame277,2016-05-23,1251936,0.037165637860082305,0.034914724075352094,-0.0022509137847302116,718,3536,1201176,371,66,0,1,3536,42993,0,0,0,2036,347,955,0,455,0,0,0,0,0,0,0,0,0,0
M1,2016-05-23__bonirob_2016-05-23-11-02-39_5_frame278,2016-05-23,1251936,0.025264869769700687,0.02255386856836132,-0.0027110012013393664,205,3599,1216297,205,110,0,4,3577,28031,0,0,22,1615,0,1619,0,456,0,0,0,0,0,0,0,0,0,0
M1,2016-05-23__bonirob_2016-05-23-11-02-39_5_frame282,2016-05-23,1251936,0.018184635636326458,0.016883450911228687,-0.0013011847250977704,317,1946,1227239,317,43,0,0,1946,20820,0,0,0,999,0,572,0,0,0,0,0,0,0,0,0,0,0,0
M1,2016-05-23__bonirob_2016-05-23-11-02-39_5_frame284,2016-05-23,1251936,0.01994990159241367,0.017032819569051453,-0.0029170820233622163,195,3847,1224793,195,16,0,2,3308,21129,435,0,104,1220,0,723,0,11,0,0,0,0,0,0,0,0,0,0
M1,2016-05-23__bonirob_2016-05-23-11-02-39_5_frame292,2016-05-23,1251936,0.03423417810495105,0.03334515502389899,-0.0008890230810520636,1447,2560,1202256,709,224,0,86,2560,40299,0,0,0,2947,738,2050,0,67,0,0,0,0,0,0,0,0,0,0
M1,2016-05-23__bonirob_2016-05-23-11-02-39_5_frame293,2016-05-23,1251936,0.025288832655982415,0.022883757636173094,-0.0024050750198093204,145,3156,1218218,140,38,0,0,3156,28504,0,0,0,1441,5,404,0,30,0,0,0,0,0,0,0,0,0,0
M1,2016-05-23__bonirob_2016-05-23-11-02-39_5_frame294,2016-05-23,1251936,0.015837071543593283,0.014315428264703627,-0.0015216432788896558,121,2026,1228298,121,48,0,1,2026,17801,0,0,0,2318,0,1214,0,109,0,0,0,0,0,0,0,0,0,0
M1,2016-05-23__bonirob_2016-05-23-11-07-45_6_frame3,2016-05-23,1251936,0.018561651713825626,0.01709991565064029,-0.0014617360631853371,446,2276,1220825,446,36,0,7,2276,20962,0,0,0,4699,0,1237,0,1448,0,0,0,0,0,0,0,0,0,0
M1,2016-05-23__bonirob_2016-05-23-11-07-45_6_frame4,2016-05-23,1251936,0.07049721391508831,0.0683253776550878,-0.0021718362600005175,697,3416,1161983,697,112,0,0,3415,84842,0,0,1,414,0,472,0,0,0,0,0,0,0,0,0,0,0,0
M1,2016-05-23__bonirob_2016-05-23-11-07-45_6_frame17,2016-05-23,1251936,0.03038813485673389,0.028867290340720293,-0.0015208445160135968,935,2839,1205135,935,26,0,49,2839,35205,0,0,0,3687,0,507,0,3553,0,0,0,0,0,0,0,0,0,0
M1,2016-05-23__bonirob_2016-05-23-11-07-45_6_frame27,2016-05-23,1251936,0.05710116172072694,0.054972458656033535,-0.002128703064693406,664,3329,1178362,661,12,0,11,3329,68158,0,0,0,1173,3,190,0,37,0,0,0,0,0,0,0,0,0,0
M1,2016-05-23__bonirob_2016-05-23-11-07-45_6_frame34,2016-05-23,1251936,0.06923916238529765,0.06822233724407638,-0.0010168251412212698,1254,2527,1161266,1055,101,0,0,2527,84156,0,0,0,1245,199,1372,0,15,0,0,0,0,0,0,0,0,0,0
M1,2016-05-23__bonirob_2016-05-23-11-07-45_6_frame38,2016-05-23,1251936,0.040957365232727555,0.0390403343301894,-0.0019170309025381554,486,2886,1197807,450,49,0,24,2886,48390,0,0,0,1453,36,506,0,335,0,0,0,0,0,0,0,0,0,0
M1,2016-05-23__bonirob_2016-05-23-11-07-45_6_frame41,2016-05-23,1251936,0.025914263987935487,0.02312099021036219,-0.0027932737775732963,649,4146,1214778,382,88,0,92,4102,28297,44,0,0,2491,267,299,0,1096,0,0,0,0,0,0,0,0,0,0
M1,2016-05-23__bonirob_2016-05-23-11-07-45_6_frame51,2016-05-23,1251936,0.0357070968484012,0.03386914347059274,-0.0018379533778084545,601,2902,1205068,601,23,0,0,2902,41801,0,0,0,1092,0,449,0,0,0,0,0,0,0,0,0,0,0,0
M1,2016-05-23__bonirob_2016-05-23-11-07-45_6_frame52,2016-05-23,1251936,0.029142064770084092,0.027148352631444418,-0.0019937121386396743,578,3074,1212143,484,51,0,0,3074,33410,0,0,0,1858,94,822,0,0,0,0,0,0,0,0,0,0,0,0
M1,2016-05-23__bonirob_2016-05-23-11-07-45_6_frame61,2016-05-23,1251936,0.03105350433248984,0.02880898065076809,-0.0022445236817217502,446,3256,1211457,446,33,0,0,3256,35621,0,0,0,647,0,476,0,0,0,0,0,0,0,0,0,0,0,0
M1,2016-05-23__bonirob_2016-05-23-11-07-45_6_frame63,2016-05-23,1251936,0.024541989366868595,0.02291251309971117,-0.0016294762671574259,788,2828,1213146,244,18,0,50,2319,27897,295,0,214,4430,544,827,0,1952,0,0,0,0,0,0,0,0,0,0
M1,2016-05-23__bonirob_2016-05-23-11-07-45_6_frame68,2016-05-23,1251936,0.03396339748996754,0.03222768576029446,-0.0017357117296730798,531,2704,1208343,531,0,0,0,2703,39816,0,0,1,476,0,66,0,0,0,0,0,0,0,0,0,0,0,0
M1,2016-05-23__bonirob_2016-05-23-11-07-45_6_frame70,2016-05-23,1251936,0.06192089691485827,0.05938642230912762,-0.002534474605730648,384,3557,1172584,384,41,0,0,3557,73964,0,0,0,907,0,499,0,0,0,0,0,0,0,0,0,0,0,0
M1,2016-05-23__bonirob_2016-05-23-11-07-45_6_frame75,2016-05-23,1251936,0.019647170462387852,0.017655055849500292,-0.00199211461288756,348,2842,1224933,348,20,0,0,2842,21755,0,0,0,1587,0,418,0,33,0,0,0,0,0,0,0,0,0,0
M1,2016-05-23__bonirob_2016-05-23-11-07-45_6_frame99,2016-05-23,1251936,0.03736772486772487,0.035095244485341105,-0.002272480382383764,629,3474,1204186,629,0,0,0,3474,43308,0,0,0,339,0,0,0,0,0,0,0,0,0,0,0,0,0,0
M1,2016-05-23__bonirob_2016-05-23-11-07-45_6_frame104,2016-05-23,1251936,0.02701975180839915,0.02457234235615878,-0.0024474094522403712,642,3706,1216045,558,20,0,0,3706,30121,0,0,0,971,84,431,0,0,0,0,0,0,0,0,0,0,0,0
M1,2016-05-23__bonirob_2016-05-23-11-07-45_6_frame108,2016-05-23,1251936,0.052665631469979296,0.05017748511105999,-0.0024881463589193076,623,3738,1185040,623,0,0,0,3738,62196,0,0,0,339,0,0,0,0,0,0,0,0,0,0,0,0,0,0
M1,2016-05-23__bonirob_2016-05-23-11-07-45_6_frame109,2016-05-23,1251936,0.051454706949876035,0.04930922986478542,-0.002145477085090615,775,3461,1186527,775,0,0,0,3461,60957,0,0,0,159,0,4,0,53,0,0,0,0,0,0,0,0,0,0
M1,2016-05-23__bonirob_2016-05-23-11-07-45_6_frame115,2016-05-23,1251936,0.04173056769675127,0.03912739948367968,-0.002603168213071591,400,3659,1198414,400,0,0,0,3528,48585,131,0,0,850,0,24,0,4,0,0,0,0,0,0,0,0,0,0
M1,2016-05-23__bonirob_2016-05-23-11-07-45_6_frame122,2016-05-23,1251936,0.05644857245098791,0.05393646320578688,-0.0025121092452010316,749,3894,1180072,749,8,0,0,3894,66776,0,0,0,320,0,117,0,0,0,0,0,0,0,0,0,0,0,0
M1,2016-05-23__bonirob_2016-05-23-11-07-45_6_frame127,2016-05-23,1251936,0.0788674500932955,0.07625709301433939,-0.002610357078956113,1355,4623,1150138,1216,18,0,1,4623,94114,0,0,0,1245,139,401,0,41,0,0,0,0,0,0,0,0,0,0
M1,2016-05-23__bonirob_2016-05-23-11-07-45_6_frame131,2016-05-23,1251936,0.06560798635073997,0.06383393400301612,-0.001774052347723848,1029,3250,1167626,1029,5,0,1,3250,78887,0,0,0,971,0,155,0,12,0,0,0,0,0,0,0,0,0,0
M1,2016-05-23__bonirob_2016-05-23-11-07-45_6_frame133,2016-05-23,1251936,0.07422264396902079,0.07265467244331979,-0.001567971525700998,923,2886,1157636,923,0,0,1,2886,90036,0,0,0,451,0,1,0,2,0,0,0,0,0,0,0,0,0,0
M1,2016-05-23__bonirob_2016-05-23-11-07-45_6_frame135,2016-05-23,1251936,0.06716158014467193,0.06502648697697007,-0.002135093167701857,857,3530,1166720,857,0,0,0,3530,80552,0,0,0,277,0,0,0,0,0,0,0,0,0,0,0,0,0,0
M1,2016-05-23__bonirob_2016-05-23-11-07-45_6_frame138,2016-05-23,1251936,0.06176114433964675,0.05942715921580656,-0.002333985123840192,691,3613,1173616,691,11,0,10,3608,73708,0,0,5,223,0,64,0,0,0,0,0,0,0,0,0,0,0,0
M1,2016-05-23__bonirob_2016-05-23-11-07-45_6_frame141,2016-05-23,1251936,0.056079544002249314,0.05299472177491501,-0.003084822227334305,871,4733,1177970,871,4,0,5,4686,65475,47,0,0,1829,0,97,0,952,0,0,0,0,0,0,0,0,0,0
M1,2016-05-23__bonirob_2016-05-23-11-07-45_6_frame146,2016-05-23,1251936,0.027184296960867008,0.025147451626920225,-0.0020368453339467824,592,3142,1216570,592,0,0,0,3139,30891,0,0,3,585,0,156,0,0,0,0,0,0,0,0,0,0,0,0
M1,2016-05-23__bonirob_2016-05-23-11-07-45_6_frame149,2016-05-23,1251936,0.04171379367635406,0.03913378958668814,-0.0025800040896659243,483,3713,1198242,483,87,0,0,3713,48510,0,0,0,581,0,320,0,0,0,0,0,0,0,0,0,0,0,0
M1,2016-05-23__bonirob_2016-05-23-11-07-45_6_frame156,2016-05-23,1251936,0.07919015029522276,0.07780269917951077,-0.0013874511157119934,1754,3491,1150260,1673,3,0,0,3491,95650,0,0,0,672,81,106,0,0,0,0,0,0,0,0,0,0,0,0
M1,2016-05-23__bonirob_2016-05-23-11-07-45_6_frame162,2016-05-23,1251936,0.07268502543260998,0.07116817473097667,-0.0015168507016333072,1203,3102,1159149,1203,52,0,0,3102,87895,0,0,0,380,0,155,0,0,0,0,0,0,0,0,0,0,0,0
M1,2016-05-23__bonirob_2016-05-23-11-07-45_6_frame166,2016-05-23,1251936,0.036660819722413925,0.034373162845385066,-0.0022876568770288583,379,3243,1196286,379,3,0,308,3243,42654,0,0,0,5265,0,60,0,3738,0,0,0,0,0,0,0,0,0,0
M1,2016-05-23__bonirob_2016-05-23-11-07-45_6_frame175,2016-05-23,1251936,0.05969714106791402,0.05715707512205097,-0.0025400659458630487,664,3844,1175144,664,1,0,0,3844,70893,0,0,0,1076,0,264,0,50,0,0,0,0,0,0,0,0,0,0
M1,2016-05-23__bonirob_2016-05-23-11-07-45_6_frame176,2016-05-23,1251936,0.054340637221072005,0.051993871891214884,-0.0023467653298571214,976,3914,1180660,976,2,0,0,3914,64117,0,0,0,1455,0,531,0,281,0,0,0,0,0,0,0,0,0,0
M1,2016-05-23__bonirob_2016-05-23-11-07-45_6_frame201,2016-05-23,1251936,0.07384243284001737,0.07163225596196611,-0.002210176878051265,842,3609,1154578,842,154,0,45,3609,88837,0,0,0,2409,0,1462,0,0,0,0,0,0,0,0,0,0,0,0
M1,2016-05-23__bonirob_2016-05-23-11-07-45_6_frame208,2016-05-23,1251936,0.04311482376095903,0.040123456790123455,-0.002991366970835574,569,4314,1196754,569,10,0,0,4314,49663,0,0,0,610,0,16,0,0,0,0,0,0,0,0,0,0,0,0
M1,2016-05-23__bonirob_2016-05-23-11-07-45_6_frame210,2016-05-23,1251936,0.080941837282417,0.0800192661605705,-0.0009225711218464883,1589,2744,1146572,1580,29,0,0,2744,98590,0,0,0,1675,9,737,0,0,0,0,0,0,0,0,0,0,0,0
M1,2016-05-23__bonirob_2016-05-23-11-07-45_6_frame212,2016-05-23,1251936,0.06360229276895944,0.06277796948086803,-0.0008243232880914136,1631,2663,1169813,1631,2,0,0,2663,76963,0,0,0,837,0,20,0,7,0,0,0,0,0,0,0,0,0,0
M1,2016-05-23__bonirob_2016-05-23-11-07-45_6_frame215,2016-05-23,1251936,0.09721583211921377,0.0968971257316668,-0.00031870638754696867,2001,2400,1127749,2001,52,0,1,2400,119308,0,0,0,325,0,100,0,0,0,0,0,0,0,0,0,0,0,0
M1,2016-05-23__bonirob_2016-05-23-11-07-45_6_frame218,2016-05-23,1251936,0.07372820974874116,0.0716378473020985,-0.002090362446642652,905,3522,1157255,905,13,0,56,3522,88781,0,0,0,898,0,338,0,168,0,0,0,0,0,0,0,0,0,0
M1,2016-05-23__bonirob_2016-05-23-11-07-45_6_frame220,2016-05-23,1251936,0.05241481992689722,0.050889981596503334,-0.0015248383303938864,1053,2962,1184090,828,5,0,5,2962,62658,0,0,0,912,225,251,0,0,0,0,0,0,0,0,0,0,0,0
M1,2016-05-23__bonirob_2016-05-23-11-07-45_6_frame224,2016-05-23,1251936,0.09370127546456049,0.09257022723206298,-0.001131048232497503,1832,3248,1132411,1832,9,0,39,3248,114060,0,0,0,222,0,93,0,22,0,0,0,0,0,0,0,0,0,0
M1,2016-05-23__bonirob_2016-05-23-11-07-45_6_frame227,2016-05-23,1251936,0.05661791018071211,0.05473762237047261,-0.0018802878102395018,701,3055,1179165,701,32,0,4,3055,67827,0,0,0,722,0,395,0,35,0,0,0,0,0,0,0,0,0,0
M1,2016-05-23__bonirob_2016-05-23-11-07-45_6_frame228,2016-05-23,1251936,0.040078726069064236,0.03859542340822534,-0.0014833026608388963,242,2099,1200158,242,35,0,0,2099,48077,0,0,0,783,0,530,0,12,0,0,0,0,0,0,0,0,0,0
M1,2016-05-23__bonirob_2016-05-23-11-07-45_6_frame231,2016-05-23,1251936,0.07211630626485699,0.0696672992868645,-0.0024490069779924822,884,3950,1160289,884,0,0,0,3950,86335,0,0,0,253,0,225,0,0,0,0,0,0,0,0,0,0,0,0
M1,2016-05-23__bonirob_2016-05-23-11-07-45_6_frame238,2016-05-23,1251936,0.038538711244025255,0.03598586509214528,-0.0025528461518799714,284,3480,1201937,284,0,0,20,3318,44768,19,0,143,1245,0,0,0,202,0,0,0,0,0,0,0,0,0,0
M1,2016-05-23__bonirob_2016-05-23-11-07-45_6_frame252,2016-05-23,1251936,0.02756770314137464,0.025304807913503567,-0.0022628952278710736,162,2995,1216386,162,4,0,0,2995,31518,0,0,0,634,0,237,0,0,0,0,0,0,0,0,0,0,0,0
M1,2016-05-23__bonirob_2016-05-23-11-07-45_6_frame254,2016-05-23,1251936,0.023839876798813997,0.021935626102292768,-0.0019042506965212293,130,2514,1219357,130,6,0,0,2514,27332,0,0,0,1766,0,672,0,159,0,0,0,0,0,0,0,0,0,0
M1,2016-05-23__bonirob_2016-05-23-11-07-45_6_frame259,2016-05-23,1251936,0.10254278173964164,0.09905138920839404,-0.0034913925312475974,1678,6049,1121881,1678,0,0,0,6046,122328,0,0,3,0,0,0,0,0,0,0,0,0,0,0,0,0,0,0
M1,2016-05-23__bonirob_2016-05-23-11-07-45_6_frame263,2016-05-23,1251936,0.018605583672008794,0.016575927203946527,-0.0020296564680622672,151,2692,1226654,149,40,0,0,2692,20601,0,0,0,1182,2,616,0,0,0,0,0,0,0,0,0,0,0,0
M1,2016-05-23__bonirob_2016-05-23-11-07-45_6_frame278,2016-05-23,1251936,0.03907867494824017,0.03723273394167114,-0.0018459410065690268,350,2661,1201413,350,138,0,0,2661,46263,0,0,0,801,0,310,0,0,0,0,0,0,0,0,0,0,0,0
M1,2016-05-23__bonirob_2016-05-23-11-07-45_6_frame280,2016-05-23,1251936,0.03098800577665312,0.02873309817754262,-0.0022549075991104978,331,3154,1200776,212,311,94,83,3154,35641,0,0,0,3522,119,6096,864,1064,0,0,0,0,0,0,0,0,0,0
M1,2016-05-23__bonirob_2016-05-23-11-07-45_6_frame284,2016-05-23,1251936,0.05467691639189224,0.05254421951281855,-0.002132696879073692,859,3529,1181978,859,3,0,25,3529,64923,0,0,0,325,0,98,0,196,0,0,0,0,0,0,0,0,0,0
M1,2016-05-23__bonirob_2016-05-23-11-07-45_6_frame288,2016-05-23,1251936,0.06447134677811006,0.0624736408250901,-0.001997705953019964,874,3375,1169710,874,7,0,1,3375,77339,0,0,0,537,0,74,0,19,0,0,0,0,0,0,0,0,0,0
M1,2016-05-23__bonirob_2016-05-23-11-07-45_6_frame289,2016-05-23,1251936,0.0380842151675485,0.03618076323390333,-0.0019034519336451686,650,3033,1201300,513,36,0,5,3033,44646,0,0,0,1529,137,706,0,31,0,0,0,0,0,0,0,0,0,0
M1,2016-05-23__bonirob_2016-05-23-11-07-45_6_frame297,2016-05-23,1251936,0.04224417222605628,0.040466126063952154,-0.0017780461621041271,634,2860,1196052,634,99,0,7,2860,50027,0,0,0,1469,0,725,0,63,0,0,0,0,0,0,0,0,0,0
M1,2016-05-23__bonirob_2016-05-23-11-07-45_6_frame306,2016-05-23,1251936,0.011073249750785982,0.009726535541752934,-0.0013467142090330484,23,1709,1235833,23,49,0,0,1709,12154,0,0,0,1297,0,815,0,56,0,0,0,0,0,0,0,0,0,0
M1,2016-05-23__bonirob_2016-05-23-11-12-51_7_frame4,2016-05-23,1251936,0.023129776601998824,0.021564201364926004,-0.0015655752370728193,99,2059,1221171,99,13,0,0,2059,26898,0,0,0,943,0,750,0,3,0,0,0,0,0,0,0,0,0,0
M1,2016-05-23__bonirob_2016-05-23-11-12-51_7_frame5,2016-05-23,1251936,0.05198588426245431,0.0507174488152749,-0.0012684354471794099,638,2226,1184100,627,101,0,0,2226,62857,0,0,0,1101,11,911,0,2,0,0,0,0,0,0,0,0,0,0
M1,2016-05-23__bonirob_2016-05-23-11-12-51_7_frame10,2016-05-23,1251936,0.03835259949390384,0.03668877642307594,-0.0016638230708279009,305,2388,1200735,305,93,0,0,2388,45627,0,0,0,1681,0,1107,0,0,0,0,0,0,0,0,0,0,0,0
M1,2016-05-23__bonirob_2016-05-23-11-12-51_7_frame13,2016-05-23,1251936,0.0017061575032589526,0.0006925274135419063,-0.0010136300897170462,0,1269,1246692,0,26,0,58,889,867,380,0,0,1265,0,0,0,1759,0,0,0,0,0,0,0,0,0,0
M1,2016-05-23__bonirob_2016-05-23-11-12-51_7_frame14,2016-05-23,1251936,0.06667113973877259,0.065372351302303,-0.0012987884364695917,914,2540,1166725,620,28,0,0,2540,80928,0,0,0,549,294,242,0,10,0,0,0,0,0,0,0,0,0,0
M1,2016-05-23__bonirob_2016-05-23-11-12-51_7_frame19,2016-05-23,1251936,0.03419184367252,0.03350650512486261,-0.0006853385476573853,505,1363,1204326,505,106,0,0,1363,41443,0,0,0,2378,0,1815,0,0,0,0,0,0,0,0,0,0,0,0
M1,2016-05-23__bonirob_2016-05-23-11-12-51_7_frame20,2016-05-23,1251936,0.08571923804411727,0.08411612095186974,-0.0016031170922475302,1188,3195,1142582,1188,0,0,7,3195,104120,0,0,0,600,0,142,0,102,0,0,0,0,0,0,0,0,0,0
M1,2016-05-23__bonirob_2016-05-23-11-12-51_7_frame27,2016-05-23,1251936,0.048096707818930044,0.04537692022595404,-0.002719787592976003,448,3853,1190078,448,0,0,0,3853,56361,0,0,0,910,0,253,0,33,0,0,0,0,0,0,0,0,0,0
M1,2016-05-23__bonirob_2016-05-23-11-12-51_7_frame29,2016-05-23,1251936,0.022735986504102447,0.021608932085985227,-0.0011270544181172203,60,1471,1220068,60,65,0,0,1471,26993,0,0,0,2538,0,741,0,0,0,0,0,0,0,0,0,0,0,0
M1,2016-05-23__bonirob_2016-05-23-11-12-51_7_frame31,2016-05-23,1251936,0.00427897272704036,0.0016206898755207935,-0.0026582828515195663,0,3328,1243748,0,86,0,39,2640,2029,688,0,0,1661,0,857,0,188,0,0,0,0,0,0,0,0,0,0
M1,2016-05-23__bonirob_2016-05-23-11-12-51_7_frame39,2016-05-23,1251936,0.0640639777113207,0.06245367175318866,-0.0016103059581320453,750,2766,1169689,750,38,0,0,2740,77438,26,0,0,774,0,481,0,0,0,0,0,0,0,0,0,0,0,0
M1,2016-05-23__bonirob_2016-05-23-11-12-51_7_frame41,2016-05-23,1251936,0.033955409861206966,0.03317821358280296,-0.000777196278404009,2155,3128,1206132,673,4,0,64,3128,39382,0,0,0,906,1482,165,0,0,0,0,0,0,0,0,0,0,0,0
M1,2016-05-23__bonirob_2016-05-23-11-12-51_7_frame43,2016-05-23,1251936,0.052108893745367174,0.05069588221762135,-0.001413011527745825,947,2716,1184056,947,62,0,0,2716,62521,0,0,0,778,0,856,0,0,0,0,0,0,0,0,0,0,0,0
M1,2016-05-23__bonirob_2016-05-23-11-12-51_7_frame64,2016-05-23,1251936,0.1060876913835851,0.10471621552539427,-0.0013714758581908348,1534,3251,1112613,1534,18,0,131,3251,129564,0,0,0,3229,0,432,0,1164,0,0,0,0,0,0,0,0,0,0
M1,2016-05-23__bonirob_2016-05-23-11-12-51_7_frame71,2016-05-23,1251936,0.08259367891010404,0.08110079109475245,-0.00149288781535159,1391,3260,1143429,1391,46,0,29,3260,100142,0,0,0,2713,0,804,0,122,0,0,0,0,0,0,0,0,0,0
M1,2016-05-23__bonirob_2016-05-23-11-12-51_7_frame75,2016-05-23,1251936,0.002832413158500115,0.0016190923497686784,-0.0012133208087314368,42,1561,1241407,42,147,0,0,1561,1985,0,0,0,5973,0,803,0,18,0,0,0,0,0,0,0,0,0,0
M1,2016-05-23__bonirob_2016-05-23-11-12-51_7_frame77,2016-05-23,1251936,0.008353462157809985,0.0071018007310277844,-0.0012516614267822001,493,2060,1233998,47,56,0,4,2060,8398,0,0,0,4083,446,2753,0,91,0,0,0,0,0,0,0,0,0,0
M1,2016-05-23__bonirob_2016-05-23-11-12-51_7_frame87,2016-05-23,1251936,0.03103034020908417,0.029272263118881477,-0.0017580770902026928,212,2413,1206209,212,0,0,110,2413,36435,0,0,0,4418,0,107,0,2032,0,0,0,0,0,0,0,0,0,0
M1,2016-05-23__bonirob_2016-05-23-11-12-51_7_frame93,2016-05-23,1251936,0.03674628735015208,0.033395477085090615,-0.0033508102650614685,162,4357,1198031,162,6,0,555,4348,41647,0,0,9,3693,0,0,0,3485,0,0,0,0,0,0,0,0,0,0
M1,2016-05-23__bonirob_2016-05-23-11-12-51_7_frame95,2016-05-23,1251936,0.030527119597167907,0.027638793037343762,-0.0028883265598241455,205,3821,1198889,205,6,0,56,3821,34397,0,0,0,9214,0,2007,282,3059,0,0,0,0,0,0,0,0,0,0
M1,2016-05-23__bonirob_2016-05-23-11-12-51_7_frame96,2016-05-23,1251936,0.014365750325895254,0.01300066457071288,-0.0013650857551823735,53,1762,1231937,53,31,0,0,1762,16223,0,0,0,1841,0,89,0,0,0,0,0,0,0,0,0,0,0,0
M1,2016-05-23__bonirob_2016-05-23-11-12-51_7_frame97,2016-05-23,1251936,0.031170123712394245,0.029727557958234285,-0.00144256575415996,441,2247,1210666,441,0,0,0,2247,36776,0,0,0,1799,0,7,0,0,0,0,0,0,0,0,0,0,0,0
M1,2016-05-23__bonirob_2016-05-23-11-12-51_7_frame101,2016-05-23,1251936,0.039016371443907676,0.03558887994274468,-0.0034274915011629978,318,4609,1200821,303,24,0,0,4609,44237,0,0,0,1046,15,881,0,0,0,0,0,0,0,0,0,0,0,0
M1,2016-05-23__bonirob_2016-05-23-11-12-51_7_frame107,2016-05-23,1251936,0.027384786442757457,0.024792800909950667,-0.0025919855328067898,336,3581,1215047,335,24,0,0,3581,30703,0,0,0,2168,1,77,0,0,0,0,0,0,0,0,0,0,0,0
M1,2016-05-23__bonirob_2016-05-23-11-12-51_7_frame109,2016-05-23,1251936,0.0334577805894231,0.0331774148199269,-0.00028036576949620057,1014,1365,1205654,1012,37,0,0,1365,40522,0,0,0,2586,2,758,0,0,0,0,0,0,0,0,0,0,0,0
M1,2016-05-23__bonirob_2016-05-23-11-12-51_7_frame111,2016-05-23,1251936,0.03649387828131789,0.03515435293816936,-0.0013395253431485316,563,2240,1202840,158,19,0,0,2240,43448,0,0,0,2787,405,32,0,7,0,0,0,0,0,0,0,0,0,0
M1,2016-05-23__bonirob_2016-05-23-11-12-51_7_frame116,2016-05-23,1251936,0.03902675536129643,0.03727906218848248,-0.0017476931728139453,700,2888,1199152,700,0,0,0,2888,45971,0,0,0,3224,0,1,0,0,0,0,0,0,0,0,0,0,0,0
M1,2016-05-23__bonirob_2016-05-23-11-12-51_7_frame119,2016-05-23,1251936,0.013106101270352478,0.011877603966975948,-0.0012284973033765308,284,1822,1232267,122,2,0,0,1822,14586,0,0,0,2848,162,127,0,0,0,0,0,0,0,0,0,0,0,0
M1,2016-05-23__bonirob_2016-05-23-11-12-51_7_frame137,2016-05-23,1251936,0.0018523311095774864,0.00010463793676354063,-0.0017476931728139457,0,2188,1249376,0,0,0,0,1572,131,603,0,13,241,0,0,0,0,0,0,0,0,0,0,0,0,0,0
M1,2016-05-23__bonirob_2016-05-23-11-12-51_7_frame190,2016-05-23,1251936,0.03310312987245354,0.028800993022007514,-0.004302136850446028,227,5613,1206931,227,0,0,0,5583,35830,30,0,0,3069,0,0,0,266,0,0,0,0,0,0,0,0,0,0
M2,2016-05-23__bonirob_2016-05-23-10-37-10_0_frame23,2016-05-23,1251936,0.05600685658052808,0.05354027681926233,-0.0024665797612657483,3213,6301,1062733,2872,0,131,10766,3677,63816,0,0,2624,0,0,0,0,0,10815,0,0,8,2386,37283,341,0,0,54484
M2,2016-05-23__bonirob_2016-05-23-10-37-10_0_frame28,2016-05-23,1251936,0.04947377501725328,0.048977743271221535,-0.0004960317460317443,4325,4946,1148206,4320,0,80,6031,4935,56992,0,0,11,0,0,0,0,0,0,0,0,0,0,16981,5,0,0,14375
M2,2016-05-23__bonirob_2016-05-23-10-37-10_0_frame30,2016-05-23,1251936,0.011623597372389643,0.013021432405490377,0.001397835033100734,3062,1312,1222402,3012,320,0,693,1312,13240,0,0,0,0,0,0,0,0,0,0,0,0,0,8549,50,9,0,2349
M2,2016-05-23__bonirob_2016-05-23-10-37-10_0_frame31,2016-05-23,1251936,0.018276493367073078,0.019627201390486414,0.0013507080234133363,2870,1179,1201966,2728,638,0,773,1179,21702,0,0,0,0,0,0,0,0,252,0,6,0,0,16400,142,2039,0,4111
M2,2016-05-23__bonirob_2016-05-23-10-37-10_0_frame35,2016-05-23,1251936,0.02303552258262403,0.030033484139764335,0.006997961557140303,10231,1470,1192535,3102,4,0,1923,1470,27369,0,0,0,0,0,0,0,0,0,0,0,0,0,11007,7129,7,0,7390
M2,2016-05-23__bonirob_2016-05-23-10-37-10_0_frame44,2016-05-23,1251936,0.02813322725762339,0.03054149732893694,0.0024082700713135494,4256,1241,1088617,3546,0,627,23404,1040,33980,0,0,201,0,0,0,0,0,2416,0,0,472,1144,17262,710,0,33,78484
M2,2016-05-23__bonirob_2016-05-23-10-37-10_0_frame47,2016-05-23,1251936,0.02487667101193671,0.027201869744140277,0.0023251987322035657,4211,1300,1191103,4067,0,480,3186,1300,29844,0,0,0,0,0,0,0,0,216,0,0,0,0,10521,144,0,0,11075
M2,2016-05-23__bonirob_2016-05-23-10-37-10_0_frame50,2016-05-23,1251936,0.004718292308872019,0.004937153336911791,0.00021886102803977178,638,364,1242256,638,2480,0,0,364,5543,0,0,0,0,0,0,0,0,0,0,0,0,0,483,0,172,0,0
M2,2016-05-23__bonirob_2016-05-23-10-37-10_0_frame52,2016-05-23,1251936,0.022215991871788972,0.023521969174143086,0.0013059773023541138,3027,1392,1219332,3027,895,0,0,1392,26421,0,0,0,0,0,0,0,0,269,0,600,0,0,0,0,0,0,0
M2,2016-05-23__bonirob_2016-05-23-10-37-10_0_frame55,2016-05-23,1251936,0.014465595685402448,0.015253175881195204,0.0007875801957927565,1987,1001,1230674,1987,355,0,0,1001,17109,0,0,0,0,0,0,0,0,0,0,0,0,0,366,0,444,0,0
M2,2016-05-23__bonirob_2016-05-23-10-37-10_0_frame60,2016-05-23,1251936,0.026052449965493444,0.02804536334125706,0.001992913375763617,3687,1192,1208391,3243,415,1,700,1192,31424,0,0,0,0,0,0,0,0,940,0,321,0,0,2468,444,194,0,2203
M2,2016-05-23__bonirob_2016-05-23-10-37-10_0_frame93,2016-05-23,1251936,0.001304379776601999,0.001415407816374,0.00011102803977200101,224,85,1230406,224,1482,0,1767,85,1548,0,0,0,0,0,0,0,0,3048,0,2245,0,0,6400,0,1089,0,3642
M2,2016-05-23__bonirob_2016-05-23-10-37-10_0_frame96,2016-05-23,1251936,0.006273483628556092,0.007862222989034584,0.0015887393604784913,2350,361,1212014,1328,113,190,3994,361,7493,0,0,0,0,0,0,0,0,3104,0,648,780,578,7610,1022,63,0,12638
M2,2016-05-23__bonirob_2016-05-23-10-37-10_0_frame97,2016-05-23,1251936,0.0017772473992280755,0.0035233430462899063,0.0017460956470618308,2419,233,1203818,284,581,60,4170,233,1992,0,0,0,0,0,0,0,0,2745,2073,667,531,69,15458,62,391,0,18802
M2,2016-05-23__bonirob_2016-05-23-10-37-10_0_frame102,2016-05-23,1251936,0.029696406206068043,0.04072252894716663,0.011026122741098588,15037,1233,1165339,3807,4387,0,787,1233,35945,0,0,0,0,0,0,0,0,11016,11230,10744,0,58,3458,0,2129,0,1803
M2,2016-05-23__bonirob_2016-05-23-10-37-10_0_frame103,2016-05-23,1251936,0.01924858778723513,0.019305299951435217,5.671216420008798e-05,2756,2685,1182123,1916,0,232,6910,1736,21413,0,949,0,0,0,0,0,0,2560,0,0,433,1378,14582,840,0,0,16864
M2,2016-05-23__bonirob_2016-05-23-10-37-10_0_frame113,2016-05-23,1251936,0.014313830738951512,0.01536979526109961,0.0010559645221480968,2670,1348,1203227,2527,803,253,3683,1348,16572,0,0,0,0,0,0,0,0,5387,143,1976,886,120,8258,0,66,0,6687
M2,2016-05-23__bonirob_2016-05-23-10-37-10_0_frame114,2016-05-23,1251936,0.012049337985328323,0.014182034864402015,0.002132696879073692,3625,955,1202002,2587,1641,0,5913,955,14130,0,0,0,0,0,0,0,0,4470,1038,2028,0,0,7920,0,1002,0,8250
M2,2016-05-23__bonirob_2016-05-23-10-37-10_0_frame117,2016-05-23,1251936,0.0008506824630013036,0.004919580553638525,0.004068898090637221,5314,220,1217227,1816,2592,0,2632,220,845,0,0,0,0,0,0,0,0,1367,3246,738,0,0,13991,252,3257,0,3753
M2,2016-05-23__bonirob_2016-05-23-10-37-10_0_frame125,2016-05-23,1251936,0.023097027324080463,0.025121092452010326,0.002024065127929863,3342,808,1164304,3221,34,258,8887,707,28108,0,0,101,0,0,0,0,0,3304,0,77,220,18,16552,121,0,157,25867
M2,2016-05-23__bonirob_2016-05-23-10-37-10_0_frame128,2016-05-23,1251936,0.023093832272576234,0.02467538276717021,0.0015815504945939744,3419,1439,1161056,2538,0,1248,5994,1439,27473,0,0,0,0,0,0,0,0,2127,0,0,1513,716,25848,881,0,0,21103
M2,2016-05-23__bonirob_2016-05-23-10-37-10_0_frame132,2016-05-23,1251936,0.04296625386601232,0.044612504153566955,0.0016462502875546348,3040,979,1177776,3040,0,21,3366,979,52812,0,0,0,0,0,0,0,0,2214,0,0,52,462,3237,0,0,0,7977
M2,2016-05-23__bonirob_2016-05-23-10-37-10_0_frame139,2016-05-23,1251936,0.02433590854484574,0.02584796666922271,0.0015120581243769672,2920,1027,1190176,2891,0,224,4375,1027,29440,0,0,0,0,0,0,0,0,4439,29,0,715,2724,5460,0,0,0,10436
M2,2016-05-23__bonirob_2016-05-23-10-37-10_0_frame143,2016-05-23,1251936,0.04456777343250773,0.04673721340388007,0.002169439971372339,4157,1441,1170947,4157,0,460,3834,1441,54355,0,0,0,0,0,0,0,0,2434,0,0,1112,1583,5882,0,73,4,5654
M2,2016-05-23__bonirob_2016-05-23-10-37-10_0_frame145,2016-05-23,1251936,0.019604037267080744,0.021110504051325307,0.001506466784244563,2785,899,1194289,2684,1,88,4309,899,23644,0,0,0,0,0,0,0,0,599,17,33,179,114,9579,84,0,0,15417
M2,2016-05-23__bonirob_2016-05-23-10-37-10_0_frame150,2016-05-23,1251936,0.06277956700662014,0.06495539708100094,0.002175830074380797,5639,2915,1155387,5014,772,0,717,2915,75681,0,0,0,0,0,0,0,0,3372,625,883,0,96,2779,0,748,0,2947
M2,2016-05-23__bonirob_2016-05-23-10-37-10_0_frame151,2016-05-23,1251936,0.06416302430795184,0.06578531170922475,0.0016222874012729038,5389,3358,1154841,5389,74,2,1274,3358,76970,0,0,0,0,0,0,0,0,3769,0,324,65,728,3291,0,0,0,1851
M2,2016-05-23__bonirob_2016-05-23-10-37-10_0_frame152,2016-05-23,1251936,0.056748907292385554,0.058580470567185544,0.0018315632747999896,5117,2824,1169268,5117,0,0,649,2824,68222,0,0,0,0,0,0,0,0,0,0,0,0,0,2602,0,0,1,3253
M2,2016-05-23__bonirob_2016-05-23-10-37-10_0_frame156,2016-05-23,1251936,0.028161982721161466,0.02803258313524014,-0.0001293995859213276,2285,2447,1203481,2285,0,227,2557,2447,32810,0,0,0,0,0,0,0,0,1274,0,0,725,345,2774,0,0,0,3011
M2,2016-05-23__bonirob_2016-05-23-10-37-10_0_frame161,2016-05-23,1251936,0.010181830381105744,0.010387911203128595,0.00020608082202285168,1387,1129,1198782,1387,0,54,7508,1129,11618,0,0,0,0,0,0,0,0,592,0,0,225,61,10449,0,0,0,20131
M2,2016-05-23__bonirob_2016-05-23-10-37-10_0_frame169,2016-05-23,1251936,0.05118792014927281,0.053335793522991594,0.0021478733737187866,4410,1721,1153384,4410,0,277,5280,1721,62363,0,0,0,0,0,0,0,0,1417,0,0,365,365,11317,0,0,0,11037
M2,2016-05-23__bonirob_2016-05-23-10-37-10_0_frame180,2016-05-23,1251936,0.07668443115303018,0.07887384019630396,0.0021894090432737767,6317,3576,1121478,6162,0,159,4895,3479,92428,0,0,97,0,0,0,0,0,2119,0,0,301,2254,5980,155,0,4,12425
M2,2016-05-23__bonirob_2016-05-23-10-37-10_0_frame182,2016-05-23,1251936,0.03931111494517291,0.04892502492140173,0.009613909976228817,13398,1362,1108710,4404,0,259,8452,1360,47853,0,0,2,0,0,0,0,0,4737,8576,16,4267,27718,10985,418,0,63,24116
M2,2016-05-23__bonirob_2016-05-23-10-37-10_0_frame197,2016-05-23,1251936,0.0,0.0012780206016920993,0.0012780206016920993,1600,0,1245744,273,797,0,36,0,0,0,0,0,0,0,0,0,0,1227,1327,790,0,0,774,0,895,0,73
M2,2016-05-23__bonirob_2016-05-23-10-37-10_0_frame205,2016-05-23,1251936,0.03353765687702886,0.03515515170104542,0.0016174948240165604,4048,2023,1180688,3977,0,112,5702,2023,39964,0,0,0,0,0,0,0,0,362,0,0,238,0,6304,71,0,0,12495
M2,2016-05-23__bonirob_2016-05-23-10-37-10_0_frame209,2016-05-23,1251936,0.05423759681006058,0.056387067709531474,0.002149470899470894,4178,1487,1163662,4033,0,39,2564,1487,66415,0,0,0,0,0,0,0,0,497,145,0,76,251,3715,0,0,0,9052
M2,2016-05-23__bonirob_2016-05-23-10-37-10_0_frame210,2016-05-23,1251936,0.03593953684533395,0.0461756831020116,0.010236146256677653,14517,1702,1149223,5884,0,32,6194,1541,43292,0,0,161,0,0,0,0,0,1975,1569,0,226,911,6869,7064,0,3,26992
M2,2016-05-23__bonirob_2016-05-23-10-37-10_0_frame214,2016-05-23,1251936,0.012057325614088898,0.013050986631904507,0.0009936610178156082,1509,265,1224574,1360,2434,0,0,265,14830,0,0,0,0,0,0,0,0,3681,149,2879,0,0,467,0,1297,0,0
M2,2016-05-23__bonirob_2016-05-23-10-37-10_0_frame215,2016-05-23,1251936,0.020675977046749994,0.022136115584183217,0.0014601385374332226,2853,1025,1214293,2847,2761,0,0,1025,24860,0,0,0,0,0,0,0,0,1770,6,1149,0,0,874,0,2351,0,0
M2,2016-05-23__bonirob_2016-05-23-10-37-10_0_frame220,2016-05-23,1251936,0.03284512946348695,0.03469346675868415,0.0018483372951971985,3175,861,1198940,2639,0,148,1775,861,40259,0,0,0,0,0,0,0,0,651,536,0,279,33,2938,0,0,0,2877
M2,2016-05-23__bonirob_2016-05-23-10-37-10_0_frame223,2016-05-23,1251936,0.07636891981698744,0.08079805996472664,0.004429140147739194,8438,2893,1146144,7618,201,0,0,2893,92716,0,0,0,0,0,0,0,0,799,820,745,0,0,0,0,0,0,0
M2,2016-05-23__bonirob_2016-05-23-10-37-10_0_frame232,2016-05-23,1251936,0.06822313600695243,0.06972481021394066,0.0015016742069882266,5510,3630,1154363,5504,1059,0,61,3630,81781,0,0,0,0,0,0,0,0,1494,6,1430,0,103,770,0,1735,0,0
M2,2016-05-23__bonirob_2016-05-23-10-37-10_0_frame234,2016-05-23,1251936,0.06772950054954886,0.07020486670245124,0.002475366152902378,6240,3141,1140997,6221,0,19,4652,3141,81652,0,0,0,0,0,0,0,0,3497,19,0,81,1020,3375,0,0,0,7262
M2,2016-05-23__bonirob_2016-05-23-10-37-10_0_frame239,2016-05-23,1251936,0.01315163075428776,0.01971346778110063,0.0065618370268128706,8726,511,1222991,2759,1397,0,0,511,15954,0,0,0,0,0,0,0,0,1259,5967,1098,0,0,0,0,0,0,0
M2,2016-05-23__bonirob_2016-05-23-10-37-10_0_frame242,2016-05-23,1251936,0.037803050635176236,0.03947166628326049,0.0016686156480842512,3001,912,1195575,2877,1599,0,0,912,46415,0,0,0,0,0,0,0,0,2108,124,2326,0,0,0,0,0,0,0
M2,2016-05-23__bonirob_2016-05-23-10-37-10_0_frame246,2016-05-23,1251936,0.09077061447230529,0.09590426347672724,0.005133649004421953,9303,2876,1125100,8046,357,0,0,2876,110763,0,0,0,0,0,0,0,0,2216,0,480,0,0,646,1257,195,0,0
M2,2016-05-23__bonirob_2016-05-23-10-37-10_0_frame253,2016-05-23,1251936,0.050581659126345116,0.05324393579224497,0.0026622766658998542,4935,1602,1177528,4584,1470,0,303,1602,61723,0,0,0,0,0,0,0,0,1739,351,1004,0,10,566,0,541,0,515
M2,2016-05-23__bonirob_2016-05-23-10-37-10_0_frame256,2016-05-23,1251936,0.08441326074176315,0.08620648339851239,0.0017932226567492354,5436,3191,1127518,5436,0,4,2657,3191,102489,0,0,0,0,0,0,0,0,1419,0,0,0,579,3563,0,0,0,5080
M2,2016-05-23__bonirob_2016-05-23-10-37-10_0_frame257,2016-05-23,1251936,0.05492213659484191,0.056608325026199426,0.0016861884313575173,4135,2024,1173007,4135,71,186,1048,2024,66735,0,0,0,0,0,0,0,0,1319,0,450,347,4,1396,0,0,0,1214
M2,2016-05-23__bonirob_2016-05-23-10-37-10_0_frame258,2016-05-23,1251936,0.053157669401630754,0.05814035222247783,0.004982682820847073,7393,1155,1171862,7128,1376,0,0,1155,65395,0,0,0,0,0,0,0,0,1628,265,2476,0,0,469,0,182,0,0
M2,2016-05-23__bonirob_2016-05-23-10-37-10_0_frame261,2016-05-23,1251936,0.07521950003834062,0.07983794698770544,0.004618446949364821,7951,2169,1144739,7951,1592,0,0,2169,92001,0,0,0,0,0,0,0,0,1254,0,2230,0,0,0,0,0,0,0
M2,2016-05-23__bonirob_2016-05-23-10-37-10_0_frame269,2016-05-23,1251936,0.05744782480893592,0.059719506428443626,0.0022716816195077066,4933,2089,1168911,4933,1410,0,0,2089,69832,0,0,0,0,0,0,0,0,1762,0,2397,0,0,423,0,179,0,0
M2,2016-05-23__bonirob_2016-05-23-10-37-10_0_frame276,2016-05-23,1251936,0.07116657720522455,0.07375616644940317,0.002589589244178611,5577,2335,1153435,5577,884,0,0,2335,86761,0,0,0,0,0,0,0,0,1517,0,1048,0,0,224,0,155,0,0
M2,2016-05-23__bonirob_2016-05-23-10-37-10_0_frame283,2016-05-23,1251936,0.05168794570968484,0.06927510671472024,0.017587161005035407,24352,2334,1137212,13849,7318,0,4520,2334,62376,0,0,0,0,0,0,0,0,7366,10027,3890,0,998,1060,476,0,0,510
M2,2016-05-23__bonirob_2016-05-23-10-37-10_0_frame288,2016-05-23,1251936,0.038601813511233804,0.04147815862791708,0.0028763451166832765,5193,1592,1194189,5193,547,0,414,1592,46735,0,0,0,0,0,0,0,0,907,0,449,0,0,603,0,223,0,1084
M2,2016-05-23__bonirob_2016-05-23-10-37-10_0_frame301,2016-05-23,1251936,0.018877961812744423,0.01941233417682693,0.0005343723640825089,2458,1789,1171402,2173,0,536,10239,1789,21845,0,0,0,0,0,0,0,0,1569,0,0,887,38,10993,285,0,0,30180
M2,2016-05-23__bonirob_2016-05-23-10-37-10_0_frame304,2016-05-23,1251936,0.02194601001968152,0.023667344017585565,0.001721333997904046,3125,970,1220050,3125,315,0,0,970,26505,0,0,0,0,0,0,0,0,362,0,609,0,0,0,0,0,0,0
M2,2016-05-23__bonirob_2016-05-23-10-42-16_1_frame1,2016-05-23,1251936,0.07258438131022672,0.07107232318584976,-0.0015120581243769637,1781,3674,1087121,1781,0,145,6468,3674,87197,0,0,0,0,0,0,0,0,0,0,0,0,0,15193,0,0,520,49837
M2,2016-05-23__bonirob_2016-05-23-10-42-16_1_frame17,2016-05-23,1251936,0.06228673031209263,0.06595864325332924,0.003671912941236616,6927,2330,1148052,1597,0,168,1331,1609,75649,0,344,377,0,0,0,0,0,0,0,0,0,0,3115,5330,0,592,13772
M2,2016-05-23__bonirob_2016-05-23-10-42-16_1_frame21,2016-05-23,1251936,0.04761505380466733,0.04369153055747259,-0.003923523247194742,1585,6497,1190128,1585,612,0,0,2982,53114,3360,0,155,0,0,0,0,0,0,0,0,0,0,0,0,0,0,0
M2,2016-05-23__bonirob_2016-05-23-10-42-16_1_frame27,2016-05-23,1251936,0.07143176648007565,0.07152681926232651,9.505278225085956e-05,1992,1873,1153450,1929,86,0,813,1873,87555,0,0,0,0,0,0,0,0,0,0,0,0,0,1916,63,1150,0,3101
M2,2016-05-23__bonirob_2016-05-23-10-42-16_1_frame28,2016-05-23,1251936,0.06659925107992741,0.06626936201211564,-0.00032988906781176996,1970,2383,1161807,1970,803,0,0,1679,80995,704,0,0,1180,0,2798,0,0,0,0,0,0,0,0,0,0,0,0
M2,2016-05-23__bonirob_2016-05-23-10-42-16_1_frame30,2016-05-23,1251936,0.08099455563223679,0.0813819556271247,0.00038739999488791865,2707,2222,1133947,1863,0,44,1511,2222,99178,0,0,0,0,0,0,0,0,0,0,0,0,0,3278,844,0,138,8911
M2,2016-05-23__bonirob_2016-05-23-10-42-16_1_frame39,2016-05-23,1251936,0.0417281714081231,0.04127766914602663,-0.000450502262096468,1086,1650,1179185,1086,0,343,3119,1501,50591,0,0,149,0,0,0,0,0,0,0,0,0,0,3224,0,0,855,11883
M2,2016-05-23__bonirob_2016-05-23-10-42-16_1_frame48,2016-05-23,1251936,0.060513476727244844,0.0605086841499885,-4.792577256343411e-06,1818,1824,1153939,1818,0,53,2715,1824,73935,0,0,0,0,0,0,0,0,0,0,0,0,0,3735,0,0,99,13818
M2,2016-05-23__bonirob_2016-05-23-10-42-16_1_frame49,2016-05-23,1251936,0.051084080975385325,0.05057686654908877,-0.0005072144262965525,2395,3030,1182778,2068,153,0,304,1830,60924,0,0,1200,1018,327,763,0,571,0,0,0,0,0,0,0,0,0,0
M2,2016-05-23__bonirob_2016-05-23-10-42-16_1_frame53,2016-05-23,1251936,0.0,0.07491996395981904,0.07491996395981904,93795,0,718325,10692,34,406,17780,0,0,0,0,0,30367,83103,99,1202,389928,0,0,0,0,0,0,0,0,0,0
M2,2016-05-23__bonirob_2016-05-23-10-42-16_1_frame54,2016-05-23,1251936,0.027587672213276078,0.12586905400915063,0.09828138179587456,123155,113,761366,8796,1648,0,4951,113,34425,0,0,0,37587,114359,48140,0,240551,0,0,0,0,0,0,0,0,0,0
M2,2016-05-23__bonirob_2016-05-23-10-42-16_1_frame58,2016-05-23,1251936,0.06889409682284078,0.06945003578457684,0.0005559389617360577,2091,1395,1147292,2091,0,8,2526,1177,84856,0,0,218,0,0,0,0,0,0,0,0,0,0,1766,0,0,109,11893
M2,2016-05-23__bonirob_2016-05-23-10-42-16_1_frame62,2016-05-23,1251936,0.022053843007949287,0.021964381565830842,-8.946144211844503e-05,983,1095,1203667,676,0,252,2139,1095,26515,0,0,0,0,0,0,0,0,0,0,0,0,0,3194,307,0,1772,12319
M2,2016-05-23__bonirob_2016-05-23-10-42-16_1_frame66,2016-05-23,1251936,0.06108778723513023,0.06117565115149656,8.786391636633056e-05,1518,1408,1171179,1518,666,0,0,1408,75070,0,0,0,593,0,1502,0,0,0,0,0,0,0,0,0,0,0,0
M2,2016-05-23__bonirob_2016-05-23-10-42-16_1_frame69,2016-05-23,1251936,0.0,0.09937009559594101,0.09937009559594101,124405,0,1087930,2096,0,640,3214,0,0,0,0,0,0,0,0,0,0,0,0,0,0,0,8541,122309,0,1618,25588
M2,2016-05-23__bonirob_2016-05-23-10-42-16_1_frame79,2016-05-23,1251936,0.07098925184673976,0.06845557600388519,-0.002533675842854577,2709,5881,1144536,2661,0,82,2567,5582,82993,0,0,299,0,0,0,0,0,0,0,0,0,0,3480,48,2,650,9036
M2,2016-05-23__bonirob_2016-05-23-10-42-16_1_frame81,2016-05-23,1251936,0.09532436162870946,0.09340014186028679,-0.0019242197684226636,2599,5008,1120049,2599,0,50,1731,1873,114332,0,0,3135,0,0,0,0,0,0,0,0,0,0,1969,0,0,127,6071
M2,2016-05-23__bonirob_2016-05-23-10-42-16_1_frame83,2016-05-23,1251936,0.0,0.11592845001661427,0.11592845001661427,145135,0,1083578,2397,0,1,3693,0,0,0,0,0,0,0,0,0,0,0,0,0,0,0,3775,142738,0,0,15754
M2,2016-05-23__bonirob_2016-05-23-10-42-16_1_frame88,2016-05-23,1251936,0.13025106714720242,0.1303924481762646,0.00014138102906219308,3222,3045,1084688,3206,168,0,0,3045,160021,0,0,0,413,16,379,0,0,0,0,0,0,0,0,0,0,0,0
M2,2016-05-23__bonirob_2016-05-23-10-42-16_1_frame89,2016-05-23,1251936,0.09577007131354957,0.0950392032819569,-0.0007308680315926686,1627,2542,1108744,1627,0,0,4792,2162,117356,0,0,380,0,0,0,0,0,0,0,0,0,0,1862,0,0,0,15013
M2,2016-05-23__bonirob_2016-05-23-10-42-16_1_frame94,2016-05-23,1251936,0.12082247015821895,0.12002370728216138,-0.0007987628760575682,2593,3593,1073866,2593,0,0,5145,3395,147669,0,0,198,0,0,0,0,0,0,0,0,0,0,2717,0,0,0,16353
M2,2016-05-23__bonirob_2016-05-23-10-42-16_1_frame96,2016-05-23,1251936,0.09648815913912533,0.0970025624313064,0.0005144032921810676,1706,1062,1122795,1706,423,0,778,1062,119735,0,0,0,0,0,0,0,0,0,0,0,0,0,1172,0,1134,0,3131
M2,2016-05-23__bonirob_2016-05-23-10-42-16_1_frame104,2016-05-23,1251936,0.1289658576796258,0.13037647291874346,0.001410615239117674,4236,2470,1080840,4236,1201,0,109,2470,158987,0,0,0,0,0,0,0,0,0,0,0,0,0,724,0,3083,0,286
M2,2016-05-23__bonirob_2016-05-23-10-42-16_1_frame111,2016-05-23,1251936,0.05584390895381233,0.056051587301587304,0.00020767834777497135,2157,1897,1166300,1184,0,54,1610,1897,68016,0,0,0,0,0,0,0,0,0,0,0,0,0,3184,973,0,223,8495
M2,2016-05-23__bonirob_2016-05-23-10-42-16_1_frame117,2016-05-23,1251936,0.07738494619533266,0.07679226414129796,-0.0005926820540347044,2729,3471,1133366,2729,4,1,3593,3471,93410,0,0,0,0,0,0,0,0,0,0,0,0,0,3157,0,25,49,12131
M2,2016-05-23__bonirob_2016-05-23-10-42-16_1_frame124,2016-05-23,1251936,0.10190297267591954,0.10340304935715564,0.0015000766812360983,3983,2105,1114076,3983,1562,0,0,2105,125471,0,0,0,791,0,3948,0,0,0,0,0,0,0,0,0,0,0,0
M2,2016-05-23__bonirob_2016-05-23-10-42-16_1_frame125,2016-05-23,1251936,0.0,0.12865354139508728,0.12865354139508728,161066,0,1068899,3471,0,32,4270,0,0,0,0,0,0,0,0,0,0,0,0,0,0,0,5380,157595,0,217,12072
M2,2016-05-23__bonirob_2016-05-23-10-42-16_1_frame126,2016-05-23,1251936,0.10595988932341589,0.10440949058098817,-0.001550398742427725,5124,7065,1106975,3392,0,74,1656,3272,125590,0,0,3793,0,0,0,0,0,0,0,0,0,0,1907,1732,0,102,3443
M2,2016-05-23__bonirob_2016-05-23-10-42-16_1_frame132,2016-05-23,1251936,0.06132422104644327,0.06192009815198221,0.0005958771055389403,1976,1230,1162900,1976,430,0,600,1230,75544,0,0,0,2459,0,3056,0,3741,0,0,0,0,0,0,0,0,0,0
M2,2016-05-23__bonirob_2016-05-23-10-42-16_1_frame135,2016-05-23,1251936,0.10391425759783247,0.08912516294762672,-0.014789094650205753,1499,20014,1113062,1499,0,14,1447,10557,110080,0,0,9457,0,0,0,0,0,0,0,0,0,0,1410,0,0,46,4364
M2,2016-05-23__bonirob_2016-05-23-10-42-16_1_frame137,2016-05-23,1251936,0.10763649260026072,0.10924280474401248,0.0016063121437517591,4388,2377,1110374,4388,484,0,4,2377,132377,0,0,0,718,0,1214,0,0,0,0,0,0,0,0,0,0,0,0
M2,2016-05-23__bonirob_2016-05-23-10-42-16_1_frame138,2016-05-23,1251936,0.10651822457378013,0.10951837793625233,0.0030001533624721965,5493,1737,1097203,2278,0,0,2191,1689,131617,0,0,48,0,0,0,0,0,0,0,0,0,0,2096,3215,0,0,11599
M2,2016-05-23__bonirob_2016-05-23-10-42-16_1_frame139,2016-05-23,1251936,0.05465055721698234,0.05803890933721852,0.0033883521202361794,5601,1359,1173507,2265,0,0,567,1353,67060,0,0,6,0,0,0,0,0,0,0,0,0,0,1493,3336,0,19,2330
M2,2016-05-23__bonirob_2016-05-23-10-42-16_1_frame140,2016-05-23,1251936,0.10496622830560029,0.10807740970784449,0.003111181402244201,5381,1486,1110211,3878,150,0,242,1486,129925,0,0,0,0,0,0,0,0,0,0,0,0,0,1587,1503,820,0,2134
M2,2016-05-23__bonirob_2016-05-23-10-42-16_1_frame150,2016-05-23,1251936,0.04495437466451959,0.04505661631265496,0.00010224164813536774,1176,1048,1153063,1176,0,75,5047,1048,55232,0,0,0,7070,0,0,378,28847,0,0,0,0,0,0,0,0,0,0
M2,2016-05-23__bonirob_2016-05-23-10-42-16_1_frame154,2016-05-23,1251936,0.09725736778876876,0.0977685760294456,0.0005112082406768387,2827,2187,1124661,2827,698,0,0,2187,119573,0,0,0,180,0,1810,0,0,0,0,0,0,0,0,0,0,0,0
M2,2016-05-23__bonirob_2016-05-23-10-42-16_1_frame155,2016-05-23,1251936,0.12070185696393426,0.12377869156250798,0.003076834598573719,5455,1603,1090040,4802,1148,0,0,1603,149508,0,0,0,773,653,3409,0,0,0,0,0,0,0,0,0,0,0,0
M2,2016-05-23__bonirob_2016-05-23-10-42-16_1_frame158,2016-05-23,1251936,0.1013765879405976,0.10519866830253304,0.0038220803619354315,6342,1557,1111490,3011,500,0,95,1557,125360,0,0,0,0,0,0,0,0,0,0,0,0,0,1776,3331,2052,0,2764
M2,2016-05-23__bonirob_2016-05-23-10-42-16_1_frame160,2016-05-23,1251936,0.09297520001022416,0.09480676328502416,0.0018315632747999966,3615,1322,1121584,3194,1014,0,174,1322,115077,0,0,0,0,0,0,0,0,0,0,0,0,0,2117,421,6787,0,246
M2,2016-05-23__bonirob_2016-05-23-10-42-16_1_frame164,2016-05-23,1251936,0.11251214119571608,0.11520556961378217,0.0026934284180660933,4450,1078,1098496,4304,1458,0,0,1066,139780,12,0,0,1066,146,5608,0,0,0,0,0,0,0,0,0,0,0,0
M2,2016-05-23__bonirob_2016-05-23-10-42-16_1_frame180,2016-05-23,1251936,0.0,0.09837004447511694,0.09837004447511694,123153,0,1103300,3368,0,1,4264,0,0,0,0,0,0,0,0,0,0,0,0,0,0,0,7033,119785,0,0,14185
M2,2016-05-23__bonirob_2016-05-23-10-42-16_1_frame185,2016-05-23,1251936,0.13341017432201008,0.13567626460138538,0.002266090279375299,4707,1870,1066226,4421,2345,0,0,1419,165151,451,0,0,2123,286,9514,0,0,0,0,0,0,0,0,0,0,0,0
M2,2016-05-23__bonirob_2016-05-23-10-42-16_1_frame187,2016-05-23,1251936,0.1281806737724612,0.12526439051197505,-0.002916283260486152,3016,6667,1047582,3016,0,0,8644,2393,153807,0,0,4274,0,0,0,0,0,0,0,0,0,0,4035,0,0,0,28185
M2,2016-05-23__bonirob_2016-05-23-10-42-16_1_frame189,2016-05-23,1251936,0.09610315543286557,0.09502482555018787,-0.0010783298826776977,2697,4047,1108986,2697,0,0,3346,2780,116268,0,0,1267,0,0,0,0,0,0,0,0,0,0,2807,0,0,0,13785
M2,2016-05-23__bonirob_2016-05-23-10-42-16_1_frame193,2016-05-23,1251936,0.04533139074201876,0.046090215474273444,0.0007588247322546857,2327,1377,1175096,1818,2626,0,0,1377,55375,0,0,0,0,0,0,0,0,0,0,0,0,0,2911,509,12224,0,0
M2,2016-05-23__bonirob_2016-05-23-10-42-16_1_frame194,2016-05-23,1251936,0.0,0.10138856938373847,0.10138856938373847,126932,0,1067968,3290,0,0,9248,0,0,0,0,0,0,0,0,0,0,0,0,0,0,0,9633,123642,0,0,38155
M2,2016-05-23__bonirob_2016-05-23-10-42-16_1_frame200,2016-05-23,1251936,0.11818575390435294,0.11767534442655216,-0.0005104094778007884,4979,5618,1073638,4683,5998,0,0,3086,142343,2532,0,0,3090,296,16270,0,0,0,0,0,0,0,0,0,0,0,0
M2,2016-05-23__bonirob_2016-05-23-10-42-16_1_frame204,2016-05-23,1251936,0.08560421618996499,0.08680315926692739,0.0011989430769624027,3100,1599,1114679,2612,3460,0,338,1599,105572,0,0,0,0,0,0,0,0,0,0,0,0,0,4952,488,16191,0,2045
M2,2016-05-23__bonirob_2016-05-23-10-42-16_1_frame217,2016-05-23,1251936,0.10415149017202158,0.0919392045599775,-0.012212285612044071,3356,18645,1116744,3356,1372,0,73,7244,111746,9707,0,1694,0,0,0,0,0,0,0,0,0,0,0,0,0,0,0
M2,2016-05-23__bonirob_2016-05-23-10-42-16_1_frame218,2016-05-23,1251936,0.1297502428239143,0.13303874958464332,0.003288506760729004,6026,1909,1060375,5274,0,0,3177,1735,160530,0,0,174,0,0,0,0,0,0,0,0,0,0,3768,752,0,0,16151
M2,2016-05-23__bonirob_2016-05-23-10-42-16_1_frame219,2016-05-23,1251936,0.0,0.06401365565012908,0.06401365565012908,80141,0,1115327,1820,0,172,5934,0,0,0,0,0,0,0,0,0,0,0,0,0,0,0,10405,78321,0,320,39637
M2,2016-05-23__bonirob_2016-05-23-10-42-16_1_frame230,2016-05-23,1251936,0.10265540730516576,0.09711758428545868,-0.0055378230197070805,2394,9327,1105330,2084,0,7,1442,5169,119191,0,0,4158,0,0,0,0,0,0,0,0,0,0,3302,310,0,510,10433
M2,2016-05-23__bonirob_2016-05-23-10-42-16_1_frame231,2016-05-23,1251936,0.049282870689875524,0.052869316003373974,0.00358644531349845,5825,1335,1143875,786,0,16,6483,1335,60364,0,0,0,0,0,0,0,0,0,0,0,0,0,6027,5039,0,80,27931
M2,2016-05-23__bonirob_2016-05-23-10-42-16_1_frame232,2016-05-23,1251936,0.0,0.06576853768882754,0.06576853768882754,82338,0,1113240,1525,0,143,8536,0,0,0,0,0,0,0,0,0,0,0,0,0,0,0,6618,80813,0,242,40819
M2,2016-05-23__bonirob_2016-05-23-10-42-16_1_frame240,2016-05-23,1251936,0.12234650972573678,0.12427312578278762,0.0019266160570508423,3931,1519,1082545,3841,0,51,1805,1519,151651,0,0,0,0,0,0,0,0,0,0,0,0,0,2697,90,0,0,7737
M2,2016-05-23__bonirob_2016-05-23-10-42-16_1_frame253,2016-05-23,1251936,0.09275154640492805,0.09382108989596913,0.001069543491041075,3034,1695,1114301,2602,0,0,2527,1682,114424,0,0,13,0,0,0,0,0,0,0,0,0,0,3338,432,0,0,12617
M2,2016-05-23__bonirob_2016-05-23-10-42-16_1_frame254,2016-05-23,1251936,0.030652525368708945,0.03051274186539887,-0.00013978350331007514,984,1159,1194322,964,2441,0,0,920,37216,239,0,0,0,0,0,0,0,0,0,0,0,0,2110,20,13697,0,7
M2,2016-05-23__bonirob_2016-05-23-10-42-16_1_frame261,2016-05-23,1251936,0.06713921478414232,0.06664717685249086,-0.000492037931651465,794,1410,1108696,794,0,0,6994,1384,82644,0,0,26,0,0,0,0,0,0,0,0,0,0,9227,0,0,0,42171
M2,2016-05-23__bonirob_2016-05-23-10-42-16_1_frame266,2016-05-23,1251936,0.0605614024998083,0.06162455588784091,0.0010631533880326102,2368,1037,1162963,2368,0,11,923,1027,74782,0,0,10,0,0,0,0,0,0,0,0,0,0,3680,0,0,53,6119
M2,2016-05-23__bonirob_2016-05-23-10-42-16_1_frame274,2016-05-23,1251936,0.0,0.12837637067709531,0.12837637067709531,160719,0,1049725,2197,0,1,4856,0,0,0,0,0,0,0,0,0,0,0,0,0,0,0,8573,158522,0,3,28059
M2,2016-05-23__bonirob_2016-05-23-10-42-16_1_frame277,2016-05-23,1251936,0.10582090458298188,0.10550139943255886,-0.00031950515042301897,2890,3290,1083439,2871,0,34,6094,3214,129191,0,0,76,0,0,0,0,0,0,0,0,0,0,3586,19,0,46,23366
M2,2016-05-23__bonirob_2016-05-23-10-42-16_1_frame280,2016-05-23,1251936,0.0,0.056581167088413466,0.056581167088413466,70836,0,1166464,1711,143,0,1114,0,0,0,0,0,0,0,0,0,0,0,0,0,0,0,5706,69125,1409,4,6260
M2,2016-05-23__bonirob_2016-05-23-10-42-16_1_frame281,2016-05-23,1251936,0.020298960969250823,0.020364459525087544,6.549855583672104e-05,532,450,1182383,488,0,441,2946,428,24963,0,0,22,0,0,0,0,0,0,0,0,0,0,11424,44,0,1572,27225
M2,2016-05-23__bonirob_2016-05-23-10-42-16_1_frame286,2016-05-23,1251936,0.04950332924366741,0.04877645502645503,-0.0007268742172123824,648,1558,1167717,648,0,41,2913,1558,60417,0,0,0,0,0,0,0,0,0,0,0,0,0,2789,0,0,57,15796
M2,2016-05-23__bonirob_2016-05-23-10-42-16_1_frame292,2016-05-23,1251936,0.056625099046596634,0.05208732714771362,-0.004537771898883013,1420,7101,1155850,1420,0,125,2884,3790,63790,0,233,3078,0,0,0,0,0,0,0,0,0,0,3813,0,0,380,16573
M2,2016-05-23__bonirob_2016-05-23-10-42-16_1_frame293,2016-05-23,1251936,0.0,0.06919443166423843,0.06919443166423843,86627,0,1121194,1576,0,22,3174,0,0,0,0,0,0,0,0,0,0,0,0,0,0,0,10219,85051,0,137,30563
M2,2016-05-23__bonirob_2016-05-23-10-42-16_1_frame294,2016-05-23,1251936,0.0,0.08335330240523477,0.08335330240523477,104353,0,1092816,1656,0,144,4029,0,0,0,0,0,0,0,0,0,0,0,0,0,0,0,11744,102697,0,202,38648
M2,2016-05-23__bonirob_2016-05-23-10-42-16_1_frame295,2016-05-23,1251936,0.0012013393655905733,0.0013427203946527618,0.00014138102906218852,250,73,1232618,8,306,26,1220,73,1431,0,0,0,0,0,0,0,0,0,0,0,0,0,4496,242,3826,124,7566
M2,2016-05-23__bonirob_2016-05-23-10-42-16_1_frame304,2016-05-23,1251936,0.0,0.0223190322828004,0.0223190322828004,27942,0,1128062,915,0,186,8822,0,0,0,0,0,0,0,0,0,0,0,0,0,0,0,18849,27027,0,369,67706
M2,2016-05-23__bonirob_2016-05-23-10-47-22_2_frame7,2016-05-23,1251936,0.0,0.07039497226695295,0.07039497226695295,88130,0,1101530,1574,0,142,4311,0,0,0,0,0,0,0,0,0,0,0,0,0,0,0,16007,86556,0,738,41078
M2,2016-05-23__bonirob_2016-05-23-10-47-22_2_frame15,2016-05-23,1251936,0.03906349845359507,0.03919369680239245,0.0001301983487973779,1647,1484,1163165,1046,0,68,4466,1484,47421,0,0,0,0,0,0,0,0,0,0,0,0,0,4748,601,0,557,28380
M2,2016-05-23__bonirob_2016-05-23-10-47-22_2_frame24,2016-05-23,1251936,0.038956464228203355,0.039499622983922504,0.0005431587557191489,1381,701,1192419,1219,1060,0,0,701,48070,0,0,0,1743,162,6562,0,0,0,0,0,0,0,0,0,0,0,0
M2,2016-05-23__bonirob_2016-05-23-10-47-22_2_frame26,2016-05-23,1251936,0.02906138971960228,0.02879540168187511,-0.00026598803772717033,940,1273,1197393,940,641,30,770,1273,35110,0,0,0,0,0,0,0,0,0,0,0,0,0,4022,0,4604,0,7153
M2,2016-05-23__bonirob_2016-05-23-10-47-22_2_frame43,2016-05-23,1251936,0.04726439690207806,0.048368287196789615,0.001103890294711557,2549,1167,1110264,2398,0,0,6848,1167,58005,0,0,0,0,0,0,0,0,0,0,0,0,0,11578,151,0,0,61525
M2,2016-05-23__bonirob_2016-05-23-10-47-22_2_frame44,2016-05-23,1251936,0.017989737494568413,0.018173452956061653,0.00018371546149324042,1082,852,1204395,456,426,0,776,852,21670,0,0,0,0,0,0,0,0,0,0,0,0,0,4068,626,12160,0,6507
M2,2016-05-23__bonirob_2016-05-23-10-47-22_2_frame47,2016-05-23,1251936,0.0035608849014646116,0.00347941108810674,-8.147381335787138e-05,103,205,1239466,103,1064,0,0,205,4253,0,0,0,0,0,0,0,0,0,0,0,0,0,1641,0,5203,0,1
M2,2016-05-23__bonirob_2016-05-23-10-47-22_2_frame67,2016-05-23,1251936,0.03489555376632671,0.03486839582854075,-2.7157937785959874e-05,809,843,1200312,809,90,0,649,843,42844,0,0,0,0,0,0,0,0,0,0,0,0,0,1488,0,876,0,4025
M2,2016-05-23__bonirob_2016-05-23-10-47-22_2_frame68,2016-05-23,1251936,0.09191444291081972,0.0928106548577563,0.0008962119469365787,2889,1767,1132620,2889,631,0,0,1767,113304,0,0,0,148,0,577,0,0,0,0,0,0,0,0,0,0,0,0
M2,2016-05-23__bonirob_2016-05-23-10-47-22_2_frame69,2016-05-23,1251936,0.07101161720726938,0.07171133348669581,0.0006997162794264294,1959,1083,1159254,1959,283,0,0,1083,87819,0,0,0,481,0,1057,0,0,0,0,0,0,0,0,0,0,0,0
M2,2016-05-23__bonirob_2016-05-23-10-47-22_2_frame70,2016-05-23,1251936,0.011953486440201416,0.011986235718119777,3.274927791836052e-05,692,651,1233831,692,417,0,0,651,14314,0,0,0,214,0,1817,0,0,0,0,0,0,0,0,0,0,0,0
M2,2016-05-23__bonirob_2016-05-23-10-47-22_2_frame78,2016-05-23,1251936,0.12079850727193722,0.12403269815709429,0.0032341908851570705,5703,1654,1094601,5703,307,0,0,1654,149578,0,0,0,2,0,91,0,0,0,0,0,0,0,0,0,0,0,0
M2,2016-05-23__bonirob_2016-05-23-10-47-22_2_frame82,2016-05-23,1251936,0.0820145758249623,0.08294593333844541,0.0009313575134831109,3185,2019,1142261,3185,691,0,1,2019,100658,0,0,0,0,0,0,0,0,0,0,0,0,0,434,0,2681,0,6
M2,2016-05-23__bonirob_2016-05-23-10-47-22_2_frame86,2016-05-23,1251936,0.08359852260818444,0.08481024589116376,0.0012117232829793184,2576,1059,1140336,2576,909,0,0,1059,103601,0,0,0,0,0,0,0,0,0,0,0,0,0,653,0,2802,0,0
M2,2016-05-23__bonirob_2016-05-23-10-47-22_2_frame89,2016-05-23,1251936,0.039648192878869205,0.03959946834342969,-4.872453543951216e-05,1024,1085,1198385,1024,422,0,0,1085,48552,0,0,0,167,0,2301,0,0,0,0,0,0,0,0,0,0,0,0
M2,2016-05-23__bonirob_2016-05-23-10-47-22_2_frame91,2016-05-23,1251936,0.10940655113360427,0.11026601998824222,0.0008594688546379459,2801,1725,1109353,2801,0,127,451,1725,135245,0,0,0,0,0,0,0,0,0,0,0,0,0,685,0,0,167,1382
M2,2016-05-23__bonirob_2016-05-23-10-47-22_2_frame95,2016-05-23,1251936,0.03011336042737009,0.03035858063031976,0.0002452202029496718,864,557,1212427,864,258,0,0,557,37143,0,0,0,51,0,636,0,0,0,0,0,0,0,0,0,0,0,0
M2,2016-05-23__bonirob_2016-05-23-10-47-22_2_frame99,2016-05-23,1251936,0.03225803874958464,0.03222289318303811,-3.5145566546532225e-05,1132,1176,1208707,1132,273,0,3,1078,39209,98,0,0,0,0,0,0,0,0,0,0,0,0,863,0,485,0,88
M2,2016-05-23__bonirob_2016-05-23-10-47-22_2_frame102,2016-05-23,1251936,0.07179520358868186,0.07266984893796488,0.0008746453492830264,1943,848,1158633,1943,470,0,141,848,89035,0,0,0,0,0,0,0,0,0,0,0,0,0,167,0,549,0,150
M2,2016-05-23__bonirob_2016-05-23-10-47-22_2_frame104,2016-05-23,1251936,0.13316814917056463,0.13505722337244078,0.0018890742018761453,3858,1493,1080010,3858,165,0,0,1493,165225,0,0,0,123,0,1062,0,0,0,0,0,0,0,0,0,0,0,0
M2,2016-05-23__bonirob_2016-05-23-10-47-22_2_frame115,2016-05-23,1251936,0.08926255016230862,0.08922021572987757,-4.233443243105428e-05,2484,2537,1132850,2484,227,0,162,2537,109214,0,0,0,0,0,0,0,0,0,0,0,0,0,1402,0,1716,9,1335
M2,2016-05-23__bonirob_2016-05-23-10-47-22_2_frame133,2016-05-23,1251936,0.09597774966132454,0.09714234593461647,0.0011645962732919346,3124,1666,1121500,2074,54,42,925,1666,118492,0,0,0,0,0,0,0,0,0,0,0,0,0,2413,1050,602,110,3008
M2,2016-05-23__bonirob_2016-05-23-10-47-22_2_frame139,2016-05-23,1251936,0.05693741533113514,0.05677606523017151,-0.0001613501009636309,1252,1454,1173783,1252,989,0,0,1454,69828,0,0,0,0,0,0,0,0,0,0,0,0,0,488,0,4142,0,0
M2,2016-05-23__bonirob_2016-05-23-10-47-22_2_frame140,2016-05-23,1251936,0.10579534417094803,0.10825952764358561,0.0024641834726375766,4478,1393,1110731,4478,412,0,80,1393,131056,0,0,0,0,0,0,0,0,0,0,0,0,0,1015,0,2445,0,326
M2,2016-05-23__bonirob_2016-05-23-10-47-22_2_frame143,2016-05-23,1251936,0.013084534672698924,0.013334547452904941,0.00025001278020601696,686,373,1220322,686,1989,0,0,373,16008,0,0,0,923,0,11635,0,0,0,0,0,0,0,0,0,0,0,0
M2,2016-05-23__bonirob_2016-05-23-10-47-22_2_frame144,2016-05-23,1251936,0.0430269598445927,0.04367555529995144,0.0006485954553587386,1578,766,1194153,1578,561,0,0,766,53101,0,0,0,404,0,1373,0,0,0,0,0,0,0,0,0,0,0,0
M2,2016-05-23__bonirob_2016-05-23-10-47-22_2_frame146,2016-05-23,1251936,0.030918513406436112,0.0321741686475986,0.0012556552411624906,2530,958,1205553,1078,715,0,0,922,37750,36,0,0,552,1452,3878,0,0,0,0,0,0,0,0,0,0,0,0
M2,2016-05-23__bonirob_2016-05-23-10-47-22_2_frame157,2016-05-23,1251936,0.07187827492779184,0.07237670296245176,0.0004984280346599229,1947,1323,1158214,1947,599,0,0,1323,88664,0,0,0,142,0,1047,0,0,0,0,0,0,0,0,0,0,0,0
M2,2016-05-23__bonirob_2016-05-23-10-47-22_2_frame163,2016-05-23,1251936,0.100979602791197,0.10059060527055697,-0.0003889975206400331,2606,3093,1119881,2606,1068,0,0,3093,123327,0,0,0,209,0,1752,0,0,0,0,0,0,0,0,0,0,0,0
M2,2016-05-23__bonirob_2016-05-23-10-47-22_2_frame175,2016-05-23,1251936,0.06760010096362754,0.0675969059121233,-3.1950515042289407e-06,1649,1653,1155787,1649,91,14,755,1653,82978,0,0,0,0,0,0,0,0,0,0,0,0,0,2616,0,717,40,5636
M2,2016-05-23__bonirob_2016-05-23-10-47-22_2_frame190,2016-05-23,1251936,0.06455202182859188,0.06547299542468625,0.0009209735960943738,2086,933,1158710,2086,1988,0,0,933,79882,0,0,0,729,0,7608,0,0,0,0,0,0,0,0,0,0,0,0
M2,2016-05-23__bonirob_2016-05-23-10-47-22_2_frame191,2016-05-23,1251936,0.08511856836132198,0.07082949927152826,-0.014289069089793716,2754,20643,1140860,2754,1117,0,642,3807,85920,14740,0,2096,0,0,0,0,0,0,0,0,0,0,0,0,0,0,0
M2,2016-05-23__bonirob_2016-05-23-10-47-22_2_frame200,2016-05-23,1251936,0.11429497993507655,0.11576630115277459,0.0014713212176980378,3602,1760,1100193,3602,177,0,148,1760,141330,0,0,0,0,0,0,0,0,0,0,0,0,0,1432,0,1926,0,1368
M2,2016-05-23__bonirob_2016-05-23-10-47-22_2_frame206,2016-05-23,1251936,0.11996140377782889,0.12106769036116863,0.0011062865833397356,3281,1896,1090009,3281,1438,0,0,1896,148288,0,0,0,1362,0,5662,0,0,0,0,0,0,0,0,0,0,0,0
M2,2016-05-23__bonirob_2016-05-23-10-47-22_2_frame207,2016-05-23,1251936,0.1913244766505636,0.08806440584822227,-0.10326007080234133,2212,131487,1008103,2212,81,1678,336,19085,108039,872,73734,37796,0,0,0,0,0,0,0,0,0,0,0,0,0,0,0
M2,2016-05-23__bonirob_2016-05-23-10-47-22_2_frame209,2016-05-23,1251936,0.04953128594432942,0.050540123456790126,0.0010088375124607044,1901,638,1184009,1901,986,0,0,638,61372,0,0,0,526,0,2504,0,0,0,0,0,0,0,0,0,0,0,0
M2,2016-05-23__bonirob_2016-05-23-10-47-22_2_frame215,2016-05-23,1251936,0.07918056514071006,0.08036273419727526,0.0011821690565651938,2937,1457,1144532,2937,851,0,0,1457,97672,0,0,0,902,0,3585,0,0,0,0,0,0,0,0,0,0,0,0
M2,2016-05-23__bonirob_2016-05-23-10-47-22_2_frame218,2016-05-23,1251936,0.10149160979474989,0.10300446668200292,0.001512856887253028,3338,1444,1116206,3338,1308,0,0,1444,125617,0,0,0,600,0,3423,0,0,0,0,0,0,0,0,0,0,0,0
M2,2016-05-23__bonirob_2016-05-23-10-47-22_2_frame220,2016-05-23,1251936,0.11497792219410577,0.11612254939549625,0.001144627201390483,3179,1746,1102591,3179,563,0,0,1746,142199,0,0,0,136,0,1522,0,0,0,0,0,0,0,0,0,0,0,0
M2,2016-05-23__bonirob_2016-05-23-10-47-22_2_frame221,2016-05-23,1251936,0.06406317894844465,0.06475011502185415,0.0006869360734094998,2026,1166,1167072,1917,294,0,0,1166,79037,0,0,0,385,109,1956,0,0,0,0,0,0,0,0,0,0,0,0
M2,2016-05-23__bonirob_2016-05-23-10-47-22_2_frame231,2016-05-23,1251936,0.08330537663267132,0.08428705620734606,0.0009816795746747375,2549,1320,1144201,2549,486,0,0,1320,102973,0,0,0,142,0,265,0,0,0,0,0,0,0,0,0,0,0,0
M2,2016-05-23__bonirob_2016-05-23-10-47-22_2_frame236,2016-05-23,1251936,0.029236318789458884,0.029640492804744012,0.00040417401528512753,1472,966,1210112,1377,768,0,0,966,35636,0,0,0,0,0,0,0,0,0,0,0,0,0,379,95,2603,0,0
M2,2016-05-23__bonirob_2016-05-23-10-47-22_2_frame238,2016-05-23,1251936,0.050766173350714414,0.05115916468573473,0.0003929913350203193,1771,1279,1183386,1771,592,0,0,1279,62277,0,0,0,494,0,2137,0,0,0,0,0,0,0,0,0,0,0,0
M2,2016-05-23__bonirob_2016-05-23-10-47-22_2_frame239,2016-05-23,1251936,0.07477139406487232,0.0756883738465864,0.0009169797817140807,2232,1084,1153665,2232,615,0,0,1084,92525,0,0,0,302,0,1513,0,0,0,0,0,0,0,0,0,0,0,0
M2,2016-05-23__bonirob_2016-05-23-10-47-22_2_frame244,2016-05-23,1251936,0.0763058175497789,0.07821885463793676,0.0019130370881578623,3139,744,1150425,3139,686,0,0,744,94786,0,0,0,377,0,1779,0,0,0,0,0,0,0,0,0,0,0,0
M2,2016-05-23__bonirob_2016-05-23-10-47-22_2_frame248,2016-05-23,1251936,0.06750824323288092,0.06912094547964114,0.001612702246760217,3051,1032,1163855,3051,305,0,0,1006,83484,26,0,0,23,0,186,0,0,0,0,0,0,0,0,0,0,0,0
M2,2016-05-23__bonirob_2016-05-23-10-47-22_2_frame254,2016-05-23,1251936,0.02295484753214222,0.023195275157835545,0.00024042762569332493,1564,1263,1219176,948,725,0,0,1263,27475,0,0,0,339,616,1394,0,0,0,0,0,0,0,0,0,0,0,0
M2,2016-05-23__bonirob_2016-05-23-10-47-22_2_frame256,2016-05-23,1251936,0.08818342151675485,0.08876492089052475,0.0005814993737699031,2528,1800,1137643,2528,193,0,0,1800,108600,0,0,0,383,0,789,0,0,0,0,0,0,0,0,0,0,0,0
M2,2016-05-23__bonirob_2016-05-23-10-47-22_2_frame259,2016-05-23,1251936,0.055483666896710374,0.05758521202361782,0.002101545126907446,3676,1045,1174999,1576,664,0,0,1045,68417,0,0,0,0,0,0,0,0,0,0,0,0,0,793,2100,2342,0,0
M2,2016-05-23__bonirob_2016-05-23-10-47-22_2_frame268,2016-05-23,1251936,0.09541062801932366,0.09512706719832324,-0.00028356082100042257,2101,2456,1122157,2101,0,35,1468,2445,116992,0,0,11,0,0,0,0,0,0,0,0,0,0,1302,0,0,115,5310
M2,2016-05-23__bonirob_2016-05-23-10-47-22_2_frame269,2016-05-23,1251936,0.1103171408123099,0.11111190987398717,0.0007947690616772751,3898,2903,1049752,3898,0,0,6166,1712,135207,0,0,1191,0,0,0,0,0,0,0,0,0,0,11412,0,0,0,42598
M2,2016-05-23__bonirob_2016-05-23-10-47-22_2_frame285,2016-05-23,1251936,0.1246613245405516,0.12507268742172123,0.0004113628811696357,2995,2480,1091857,2995,262,0,0,2480,153588,0,0,0,165,0,589,0,0,0,0,0,0,0,0,0,0,0,0
M2,2016-05-23__bonirob_2016-05-23-10-47-22_2_frame289,2016-05-23,1251936,0.08033078368223295,0.0817358075812182,0.0014050238989852526,3223,1464,1145668,3223,569,0,0,1464,99105,0,0,0,0,0,0,0,0,0,0,0,0,0,299,0,1608,0,0
M2,2016-05-23__bonirob_2016-05-23-10-47-22_2_frame297,2016-05-23,1251936,0.10444783119903893,0.10425293305728088,-0.00019489814175804865,2195,2439,1108846,2039,0,126,2103,2439,128323,0,0,0,0,0,0,0,0,0,0,0,0,0,1316,156,0,165,6423
M2,2016-05-23__bonirob_2016-05-23-10-47-22_2_frame300,2016-05-23,1251936,0.15316198272116147,0.1560654857756307,0.0029035030544692364,5058,1423,1053296,5058,438,0,0,1423,190326,0,0,0,219,0,1176,0,0,0,0,0,0,0,0,0,0,0,0
M2,2016-05-23__bonirob_2016-05-23-10-47-22_2_frame304,2016-05-23,1251936,0.13288219206093602,0.1327543900007668,-0.00012780206016921314,3995,4155,1077492,3995,984,0,0,3235,162205,920,0,0,498,0,2607,0,0,0,0,0,0,0,0,0,0,0,0
M2,2016-05-23__bonirob_2016-05-23-10-52-28_3_frame1,2016-05-23,1251936,0.08665618689773279,0.0866354190629553,-2.0767834777488114e-05,2854,2880,1138320,2854,536,0,0,2880,105608,0,0,0,410,0,1328,0,0,0,0,0,0,0,0,0,0,0,0
M2,2016-05-23__bonirob_2016-05-23-10-52-28_3_frame6,2016-05-23,1251936,0.07393269304501189,0.07327291490938834,-0.0006597781356235538,2022,2848,1157168,2022,1,0,0,2848,89711,0,0,0,121,0,65,0,0,0,0,0,0,0,0,0,0,0,0
M2,2016-05-23__bonirob_2016-05-23-10-52-28_3_frame8,2016-05-23,1251936,0.03627501725327812,0.03597548117475654,-0.00029953607852158115,796,1171,1201008,796,304,0,0,1171,44243,0,0,0,0,0,0,0,0,0,0,0,0,0,880,0,3425,0,109
M2,2016-05-23__bonirob_2016-05-23-10-52-28_3_frame15,2016-05-23,1251936,0.12283615136876007,0.12278183549318815,-5.431587557191975e-05,2952,3020,1085884,2952,710,0,168,3009,150763,0,0,11,0,0,0,0,0,0,0,0,0,0,2100,0,5725,0,614
M2,2016-05-23__bonirob_2016-05-23-10-52-28_3_frame19,2016-05-23,1251936,0.0954513649260026,0.09464621194693658,-0.0008051529790660261,3161,4169,1117741,3161,1480,0,35,2674,115330,1495,0,0,0,0,0,0,0,0,0,0,0,0,1816,0,7399,0,805
M2,2016-05-23__bonirob_2016-05-23-10-52-28_3_frame26,2016-05-23,1251936,0.11774483679676917,0.1182712215320911,0.0005263847353219331,2188,1529,1093045,2188,0,8,1417,1529,145880,0,0,0,0,0,0,0,0,0,0,0,0,0,851,0,0,24,6994
M2,2016-05-23__bonirob_2016-05-23-10-52-28_3_frame29,2016-05-23,1251936,0.11506738363622422,0.11546756383712906,0.0004001802009048344,2819,2318,1094786,2819,0,21,838,2318,141739,0,0,0,0,0,0,0,0,0,0,0,0,0,2420,0,0,33,6962
M2,2016-05-23__bonirob_2016-05-23-10-52-28_3_frame32,2016-05-23,1251936,0.07685297011987834,0.0779752319607392,0.0011222618408608664,2873,1468,1151406,2873,278,0,0,1468,94747,0,0,0,408,0,756,0,0,0,0,0,0,0,0,0,0,0,0
M2,2016-05-23__bonirob_2016-05-23-10-52-28_3_frame34,2016-05-23,1251936,0.015595845155023899,0.0157068731947959,0.00011102803977200253,809,670,1198320,260,0,18,2288,670,18855,0,0,0,0,0,0,0,0,0,0,0,0,0,7977,549,0,386,22613
M2,2016-05-23__bonirob_2016-05-23-10-52-28_3_frame36,2016-05-23,1251936,0.04878683894384377,0.04894100017892288,0.00015416123507910884,1365,1172,1151979,1365,0,68,3445,1172,59906,0,0,0,0,0,0,0,0,0,0,0,0,0,4707,0,0,232,29062
M2,2016-05-23__bonirob_2016-05-23-10-52-28_3_frame48,2016-05-23,1251936,0.0,0.06503687089435882,0.06503687089435882,81422,0,1147085,1392,0,0,2571,0,0,0,0,0,0,0,0,0,0,0,0,0,0,0,3680,80030,0,0,17178
M2,2016-05-23__bonirob_2016-05-23-10-52-28_3_frame65,2016-05-23,1251936,0.058596445824706696,0.060181191370804896,0.0015847455460982,3391,1407,1170059,2423,683,0,0,1407,71952,0,0,0,0,0,0,0,0,0,0,0,0,0,973,968,3471,0,0
M2,2016-05-23__bonirob_2016-05-23-10-52-28_3_frame67,2016-05-23,1251936,0.010932667484599852,0.013225915701761112,0.0022932482171612607,3035,164,1228784,1292,997,0,0,164,13523,0,0,0,0,0,0,0,0,0,0,0,0,0,1597,1743,3836,0,0
M2,2016-05-23__bonirob_2016-05-23-10-52-28_3_frame73,2016-05-23,1251936,0.004879642409835646,0.00531097436290673,0.00043133195307108393,650,110,1234363,650,920,0,515,110,5999,0,0,0,0,0,0,0,0,0,0,0,0,0,2648,0,5302,0,1429
M2,2016-05-23__bonirob_2016-05-23-10-52-28_3_frame83,2016-05-23,1251936,0.0323698655522327,0.032226088234542344,-0.00014377731769035784,1133,1313,1182644,1133,106,0,1892,1313,39212,0,0,0,0,0,0,0,0,0,0,0,0,0,10453,0,2752,0,12431
M2,2016-05-23__bonirob_2016-05-23-10-52-28_3_frame85,2016-05-23,1251936,0.014669280218797128,0.015400148250389796,0.0007308680315926686,1151,236,1215769,1151,3249,0,0,236,18129,0,0,0,0,0,0,0,0,0,0,0,0,0,2269,0,11133,0,0
M2,2016-05-23__bonirob_2016-05-23-10-52-28_3_frame89,2016-05-23,1251936,0.0,0.0521009061166066,0.0521009061166066,65227,0,1067481,1332,0,0,11635,0,0,0,0,0,0,0,0,0,0,0,0,0,0,0,13652,63895,0,0,93941
M2,2016-05-23__bonirob_2016-05-23-10-52-28_3_frame96,2016-05-23,1251936,0.03585167292896761,0.03594033560821001,8.866267924239474e-05,1221,1110,1046403,1159,81,0,11046,1110,43774,0,0,0,0,0,0,0,0,0,0,0,0,0,20991,62,509,0,126801
M2,2016-05-23__bonirob_2016-05-23-10-52-28_3_frame101,2016-05-23,1251936,0.0,0.027110810776269714,0.027110810776269714,33941,0,719974,1722,59580,0,509,0,0,0,0,0,9554,32219,423624,0,4754,0,0,0,0,0,0,0,0,0,0
M2,2016-05-23__bonirob_2016-05-23-10-52-28_3_frame103,2016-05-23,1251936,0.0009752894716662832,0.0029242708892467345,0.0019489814175804514,3661,1221,956920,77,35531,0,0,103,0,1118,0,0,14034,3584,240569,0,0,0,0,0,0,0,0,0,0,0,0
M2,2016-05-23__bonirob_2016-05-23-10-52-28_3_frame105,2016-05-23,1251936,0.01660148761598037,0.01346873961608261,-0.0031327479998977583,686,4608,1089727,686,12692,0,0,1698,16176,2910,0,0,32176,0,95871,0,0,0,0,0,0,0,0,0,0,0,0
M2,2016-05-23__bonirob_2016-05-23-10-52-28_3_frame119,2016-05-23,1251936,0.0217487155892953,0.022467602177747105,0.0007188865884518066,1358,458,1153568,1358,11998,0,0,458,26770,0,0,0,7663,0,50121,0,0,0,0,0,0,0,0,0,0,0,0
M2,2016-05-23__bonirob_2016-05-23-10-52-28_3_frame120,2016-05-23,1251936,0.02734804335045881,0.027687517572783274,0.0003394742223244637,1437,1012,1168873,1368,10423,0,0,995,33226,17,0,0,5952,69,31013,0,0,0,0,0,0,0,0,0,0,0,0
M2,2016-05-23__bonirob_2016-05-23-10-52-28_3_frame123,2016-05-23,1251936,0.007003552897272704,0.007055472484216446,5.191958694374197e-05,613,548,1173913,583,10864,0,0,548,8220,0,0,0,9695,30,48083,0,0,0,0,0,0,0,0,0,0,0,0
M2,2016-05-23__bonirob_2016-05-23-10-52-28_3_frame124,2016-05-23,1251936,0.04318671241980421,0.04135514914500422,-0.0018315632747999896,4611,6904,1134804,2791,8945,0,0,1184,47163,5720,0,0,7157,1820,42352,0,0,0,0,0,0,0,0,0,0,0,0
M2,2016-05-23__bonirob_2016-05-23-10-52-28_3_frame126,2016-05-23,1251936,0.013618907036781433,0.014229960636965468,0.0006110536001840347,1206,441,1139263,1031,10484,0,0,441,16609,0,0,0,16883,175,67050,0,0,0,0,0,0,0,0,0,0,0,0
M2,2016-05-23__bonirob_2016-05-23-10-52-28_3_frame129,2016-05-23,1251936,0.01901295273879815,0.025049203793165147,0.0060362510543669964,8097,540,1177950,1811,5060,0,0,528,23263,12,0,0,8701,6286,28325,0,0,0,0,0,0,0,0,0,0,0,0
M2,2016-05-23__bonirob_2016-05-23-10-52-28_3_frame134,2016-05-23,1251936,0.014198010121923165,0.02025742529969583,0.006059415177772665,9388,1802,1150099,1649,10327,0,0,1057,15973,745,0,0,28789,7739,35558,0,0,0,0,0,0,0,0,0,0,0,0
M2,2016-05-23__bonirob_2016-05-23-10-52-28_3_frame138,2016-05-23,1251936,0.030813076706796512,0.031953710093806716,0.0011406333870102037,2998,1570,1194695,2358,3126,0,0,1119,37006,451,0,0,4462,640,8079,0,0,0,0,0,0,0,0,0,0,0,0
M2,2016-05-23__bonirob_2016-05-23-10-52-28_3_frame142,2016-05-23,1251936,0.034008128211026764,0.03550261355213046,0.0014944853411036976,2566,695,1184884,2566,6241,0,0,695,41881,0,0,0,6385,0,9284,0,0,0,0,0,0,0,0,0,0,0,0
M2,2016-05-23__bonirob_2016-05-23-10-52-28_3_frame145,2016-05-23,1251936,0.0,0.01545126907445748,0.01545126907445748,19344,0,1113278,1034,12401,0,0,0,0,0,0,0,45337,18310,61576,0,0,0,0,0,0,0,0,0,0,0,0
M2,2016-05-23__bonirob_2016-05-23-10-52-28_3_frame150,2016-05-23,1251936,0.007674513713161056,0.007939702988012167,0.0002651892748511105,885,553,1213900,885,4411,0,0,539,9055,14,0,0,4118,0,19014,0,0,0,0,0,0,0,0,0,0,0,0
M2,2016-05-23__bonirob_2016-05-23-10-52-28_3_frame171,2016-05-23,1251936,0.015092624543107634,0.024434156378600823,0.009341531835493189,13773,2078,1140438,1406,4178,0,61,645,16817,1433,0,0,14971,12367,58159,0,1461,0,0,0,0,0,0,0,0,0,0
M2,2016-05-23__bonirob_2016-05-23-10-52-28_3_frame175,2016-05-23,1251936,0.0021310993533215756,0.025569997188354676,0.023438897835033102,30313,969,1142775,1563,5984,0,0,226,1699,743,0,0,20921,28750,49275,0,0,0,0,0,0,0,0,0,0,0,0
M2,2016-05-23__bonirob_2016-05-23-10-52-28_3_frame254,2016-05-23,1251936,0.0034658321192137615,0.010275285637604478,0.006809453518390717,8743,218,1213183,850,2529,0,0,218,4121,0,0,0,3155,7893,19987,0,0,0,0,0,0,0,0,0,0,0,0
M2,2016-05-23__bonirob_2016-05-23-10-52-28_3_frame257,2016-05-23,1251936,0.007851040308769777,0.010003706259744907,0.00215266595097513,2867,172,1233425,988,672,0,0,172,9657,0,0,0,2622,1879,2521,0,0,0,0,0,0,0,0,0,0,0,0
M2,2016-05-23__bonirob_2016-05-23-10-52-28_3_frame263,2016-05-23,1251936,0.019129572118702552,0.019273349436392914,0.0001437773176903613,948,768,1205378,948,3377,0,0,768,23181,0,0,0,3749,0,14535,0,0,0,0,0,0,0,0,0,0,0,0
M2,2016-05-23__bonirob_2016-05-23-10-52-28_3_frame279,2016-05-23,1251936,0.05069348592899318,0.05191399560360913,0.001220509674615955,2338,810,1166334,2338,2604,0,0,810,62655,0,0,0,2418,0,14777,0,0,0,0,0,0,0,0,0,0,0,0
M2,2016-05-23__bonirob_2016-05-23-10-52-28_3_frame283,2016-05-23,1251936,0.014996772997980728,0.015511975053037854,0.0005152020550571266,1275,630,1222144,1275,1316,0,0,630,18145,0,0,0,2625,0,5782,0,19,0,0,0,0,0,0,0,0,0,0
M2,2016-05-23__bonirob_2016-05-23-10-52-28_3_frame285,2016-05-23,1251936,0.010280078214860823,0.010593193262275388,0.00031311504741456456,1051,659,1219054,1051,1956,0,0,659,12211,0,0,0,3868,0,13137,0,0,0,0,0,0,0,0,0,0,0,0
M2,2016-05-23__bonirob_2016-05-23-10-52-28_3_frame289,2016-05-23,1251936,0.009969359456074432,0.011304092221966619,0.0013347327658921864,2109,438,1230139,2107,1114,0,0,438,12043,0,0,0,3366,2,2727,0,0,0,0,0,0,0,0,0,0,0,0
M2,2016-05-23__bonirob_2016-05-23-10-52-28_3_frame292,2016-05-23,1251936,0.0037286251054366995,0.003957071287989162,0.00022844618255246293,391,105,1240423,391,729,0,0,105,4563,0,0,0,2885,0,2840,0,0,0,0,0,0,0,0,0,0,0,0
M2,2016-05-23__bonirob_2016-05-23-10-57-33_4_frame4,2016-05-23,1251936,0.03591477519617616,0.03760096362753368,0.0016861884313575173,3032,921,1201349,2885,931,0,0,557,44042,364,0,0,142,147,1519,0,0,0,0,0,0,0,0,0,0,0,0
M2,2016-05-23__bonirob_2016-05-23-10-57-33_4_frame6,2016-05-23,1251936,0.012546168494236128,0.013743514045446412,0.0011973455512102847,1734,235,1223275,1734,2464,0,0,235,15472,0,0,0,1165,0,7591,0,0,0,0,0,0,0,0,0,0,0,0
M2,2016-05-23__bonirob_2016-05-23-10-57-33_4_frame7,2016-05-23,1251936,0.024289580298034404,0.030403311351378984,0.0061137310533445795,7919,265,1207588,2241,1250,0,0,219,30144,46,0,0,1373,5678,3397,0,0,0,0,0,0,0,0,0,0,0,0
M2,2016-05-23__bonirob_2016-05-23-10-57-33_4_frame11,2016-05-23,1251936,0.025383885438233264,0.027082854075607697,0.001698968637374433,2529,402,1210820,2529,2033,0,0,402,31377,0,0,0,1596,0,3179,0,0,0,0,0,0,0,0,0,0,0,0
M2,2016-05-23__bonirob_2016-05-23-10-57-33_4_frame25,2016-05-23,1251936,0.02383508422155765,0.025744926258211284,0.0019098420366536334,2992,601,1185976,1372,3478,0,0,580,29239,21,0,0,2968,1620,26682,0,0,0,0,0,0,0,0,0,0,0,0
M2,2016-05-23__bonirob_2016-05-23-10-57-33_4_frame26,2016-05-23,1251936,0.020489865296628582,0.020930782404212357,0.0004409171075837742,1585,1033,1210559,1585,2347,0,0,911,24619,122,0,0,2037,0,9756,0,0,0,0,0,0,0,0,0,0,0,0
M2,2016-05-23__bonirob_2016-05-23-10-57-33_4_frame28,2016-05-23,1251936,0.01536979526109961,0.024145004217467986,0.008775208956368376,11811,825,1196751,1193,3905,0,0,718,18417,107,0,0,2823,10618,17404,0,0,0,0,0,0,0,0,0,0,0,0
M2,2016-05-23__bonirob_2016-05-23-10-57-33_4_frame30,2016-05-23,1251936,0.02540545203588682,0.0249597423510467,-0.0004457096848401211,914,1472,1200809,914,3115,0,0,1236,30334,236,0,0,3042,0,12250,0,0,0,0,0,0,0,0,0,0,0,0
M2,2016-05-23__bonirob_2016-05-23-10-57-33_4_frame31,2016-05-23,1251936,0.005768665490887713,0.006112133527592465,0.00034346803670475164,667,237,1224816,667,2757,0,0,237,6985,0,0,0,3751,0,12723,0,0,0,0,0,0,0,0,0,0,0,0
M2,2016-05-23__bonirob_2016-05-23-10-57-33_4_frame38,2016-05-23,1251936,0.023044308974260665,0.02346126319556271,0.00041695422130204676,1165,643,1213832,1165,1208,0,0,643,28207,0,0,0,1166,0,5715,0,0,0,0,0,0,0,0,0,0,0,0
M2,2016-05-23__bonirob_2016-05-23-10-57-33_4_frame39,2016-05-23,1251936,0.029920858574240216,0.03086260000511208,0.0009417414308718654,1812,633,1204789,1812,1320,0,0,633,36826,0,0,0,1394,0,5162,0,0,0,0,0,0,0,0,0,0,0,0
M2,2016-05-23__bonirob_2016-05-23-10-57-33_4_frame57,2016-05-23,1251936,0.0071193735143010506,0.007030710835058661,-8.866267924238953e-05,398,509,1230993,398,1241,0,0,505,8404,4,0,0,2223,0,8168,0,0,0,0,0,0,0,0,0,0,0,0
M2,2016-05-23__bonirob_2016-05-23-10-57-33_4_frame59,2016-05-23,1251936,0.03743881476369399,0.03857625309919996,0.0011374383355059678,2437,1013,1195443,1545,1204,0,0,1008,45858,5,0,0,1022,892,4959,0,0,0,0,0,0,0,0,0,0,0,0
M2,2016-05-23__bonirob_2016-05-23-10-57-33_4_frame64,2016-05-23,1251936,0.0263751501674207,0.06499693275055594,0.03862178258313524,48821,469,1122806,2491,86,0,2512,469,32551,0,0,0,12857,46330,6443,28,25363,0,0,0,0,0,0,0,0,0,0
M2,2016-05-23__bonirob_2016-05-23-10-57-33_4_frame66,2016-05-23,1251936,0.030445645783810035,0.031195684124428087,0.0007500383406180526,1399,460,1159772,1389,2756,0,0,460,37656,0,0,0,4147,10,45746,0,0,0,0,0,0,0,0,0,0,0,0
M2,2016-05-23__bonirob_2016-05-23-10-57-33_4_frame71,2016-05-23,1251936,0.046329045574214654,0.046932910308514174,0.0006038647342995196,1767,1011,1184604,1767,1606,0,9,1011,56990,0,0,0,2119,0,3700,0,130,0,0,0,0,0,0,0,0,0,0
M2,2016-05-23__bonirob_2016-05-23-10-57-33_4_frame72,2016-05-23,1251936,0.034219800373182015,0.03423737315645528,1.7572783273266113e-05,1344,1322,1188143,1344,2280,0,12,1322,41519,0,0,0,5529,0,11766,0,21,0,0,0,0,0,0,0,0,0,0
M2,2016-05-23__bonirob_2016-05-23-10-57-33_4_frame74,2016-05-23,1251936,0.0,0.025291228944610587,0.025291228944610587,31663,0,1146761,749,1957,0,1131,0,0,0,0,0,15996,30914,45915,0,8513,0,0,0,0,0,0,0,0,0,0
M2,2016-05-23__bonirob_2016-05-23-10-57-33_4_frame75,2016-05-23,1251936,0.02384147432456611,0.04849289420545459,0.02465141988088848,32090,1228,1135023,2069,3356,0,0,432,28620,796,0,0,3107,30021,48512,0,0,0,0,0,0,0,0,0,0,0,0
M2,2016-05-23__bonirob_2016-05-23-10-57-33_4_frame78,2016-05-23,1251936,0.03382840656391381,0.03446262428750351,0.0006342177235897015,1526,732,1201472,1526,1116,0,0,732,41619,0,0,0,681,0,4790,0,0,0,0,0,0,0,0,0,0,0,0
M2,2016-05-23__bonirob_2016-05-23-10-57-33_4_frame85,2016-05-23,1251936,0.05659075224292615,0.05366967640518365,-0.0029210758377425025,1259,4916,1178275,1259,189,0,87,2528,65932,0,0,2388,383,0,895,0,0,0,0,0,0,0,0,0,0,0,0
M2,2016-05-23__bonirob_2016-05-23-10-57-33_4_frame90,2016-05-23,1251936,0.060623706004140784,0.06052066559312936,-0.00010304041101142497,2040,2169,1171573,2040,378,0,0,1665,73728,504,0,0,492,0,1556,0,0,0,0,0,0,0,0,0,0,0,0
M2,2016-05-23__bonirob_2016-05-23-10-57-33_4_frame91,2016-05-23,1251936,0.07971973008204893,0.08159522531503208,0.0018754952329831515,3196,848,1147943,3196,228,0,0,840,98956,8,0,0,163,0,602,0,0,0,0,0,0,0,0,0,0,0,0
M2,2016-05-23__bonirob_2016-05-23-10-57-33_4_frame94,2016-05-23,1251936,0.04239354088387905,0.04234801139994377,-4.552948393527628e-05,1071,1128,1197672,1071,119,0,0,1128,51946,0,0,0,0,0,0,0,0,0,0,0,0,0,0,0,0,0,0
M2,2016-05-23__bonirob_2016-05-23-10-57-33_4_frame95,2016-05-23,1251936,0.07420507118574751,0.07561009508473276,0.0014050238989852526,2799,1040,1155605,2799,304,0,0,1040,91860,0,0,0,46,0,282,0,0,0,0,0,0,0,0,0,0,0,0
M2,2016-05-23__bonirob_2016-05-23-10-57-33_4_frame96,2016-05-23,1251936,0.10251562380185568,0.10352845512869667,0.0010128313268409905,2346,1078,1120305,2346,170,0,0,1078,127265,0,0,0,282,0,490,0,0,0,0,0,0,0,0,0,0,0,0
M2,2016-05-23__bonirob_2016-05-23-10-57-33_4_frame101,2016-05-23,1251936,0.01913116964445467,0.01968790736906679,0.0005567377246121184,1104,407,1224398,1104,368,0,0,407,23544,0,0,0,553,0,1562,0,0,0,0,0,0,0,0,0,0,0,0
M2,2016-05-23__bonirob_2016-05-23-10-57-33_4_frame115,2016-05-23,1251936,0.053533886716253865,0.0538438067121642,0.00030991999591033215,1215,827,1180787,1215,555,0,0,827,66194,0,0,0,479,0,1879,0,0,0,0,0,0,0,0,0,0,0,0
M2,2016-05-23__bonirob_2016-05-23-10-57-33_4_frame116,2016-05-23,1251936,0.02842317818163229,0.028990299823633155,0.000567121642000866,1415,705,1204922,1415,1227,0,0,705,34879,0,0,0,1212,0,7576,0,0,0,0,0,0,0,0,0,0,0,0
M2,2016-05-23__bonirob_2016-05-23-10-57-33_4_frame126,2016-05-23,1251936,0.10611964189862741,0.1072546839455052,0.001135042046877796,2715,1294,1109516,2660,983,0,0,1266,131561,28,0,0,963,55,4904,0,0,0,0,0,0,0,0,0,0,0,0
M2,2016-05-23__bonirob_2016-05-23-10-57-33_4_frame135,2016-05-23,1251936,0.01623166040436572,0.016353871124402525,0.00012221072003680555,950,797,1229916,950,233,0,0,797,19524,0,0,0,111,0,405,0,0,0,0,0,0,0,0,0,0,0,0
M2,2016-05-23__bonirob_2016-05-23-10-57-33_4_frame139,2016-05-23,1251936,0.05149464509367891,0.052426801370038086,0.0009321562763591751,2398,1231,1183026,2056,295,0,0,1231,63237,0,0,0,440,342,1309,0,0,0,0,0,0,0,0,0,0,0,0
M2,2016-05-23__bonirob_2016-05-23-10-57-33_4_frame140,2016-05-23,1251936,0.06567108861794853,0.06661922015182885,0.0009481315338803198,2701,1514,1165211,2701,298,0,0,1514,80702,0,0,0,297,0,1213,0,0,0,0,0,0,0,0,0,0,0,0
M2,2016-05-23__bonirob_2016-05-23-10-57-33_4_frame141,2016-05-23,1251936,0.04205486542443064,0.042744996549344376,0.0006901311249137357,1908,1044,1193746,1908,580,0,0,1044,51606,0,0,0,710,0,2342,0,0,0,0,0,0,0,0,0,0,0,0
M2,2016-05-23__bonirob_2016-05-23-10-57-33_4_frame148,2016-05-23,1251936,0.019397956445057894,0.019620012524601896,0.00022205607954400158,992,714,1222733,992,789,0,0,714,23571,0,0,0,462,0,2675,0,0,0,0,0,0,0,0,0,0,0,0
M2,2016-05-23__bonirob_2016-05-23-10-57-33_4_frame150,2016-05-23,1251936,0.06401844822738542,0.0648603442987501,0.0008418960713646728,2020,966,1169469,2020,109,0,0,966,79181,0,0,0,31,0,160,0,0,0,0,0,0,0,0,0,0,0,0
M2,2016-05-23__bonirob_2016-05-23-10-57-33_4_frame168,2016-05-23,1251936,0.021003469825933593,0.021430009201748333,0.0004265393758147405,1195,661,1221589,1195,765,0,0,661,25634,0,0,0,440,0,1652,0,0,0,0,0,0,0,0,0,0,0,0
M2,2016-05-23__bonirob_2016-05-23-10-57-33_4_frame175,2016-05-23,1251936,0.016774819160084862,0.017175798123865757,0.0004009789637808951,992,490,1228089,992,271,0,0,490,20511,0,0,0,245,0,1338,0,0,0,0,0,0,0,0,0,0,0,0
M2,2016-05-23__bonirob_2016-05-23-10-57-33_4_frame179,2016-05-23,1251936,0.015911356491066637,0.01630993916621936,0.0003985826751527234,1046,547,1228064,1016,591,0,0,547,19373,0,0,0,767,30,1548,0,0,0,0,0,0,0,0,0,0,0,0
M2,2016-05-23__bonirob_2016-05-23-10-57-33_4_frame183,2016-05-23,1251936,0.026704240472356415,0.027694706438667793,0.0009904659663113775,1882,642,1211472,1720,942,0,0,642,32790,0,0,0,512,162,3696,0,0,0,0,0,0,0,0,0,0,0,0
M2,2016-05-23__bonirob_2016-05-23-10-57-33_4_frame189,2016-05-23,1251936,0.02541503719039951,0.026411893259719346,0.0009968560693198354,1780,532,1211187,1780,1317,0,0,532,31286,0,0,0,1411,0,4423,0,0,0,0,0,0,0,0,0,0,0,0
M2,2016-05-23__bonirob_2016-05-23-10-57-33_4_frame198,2016-05-23,1251936,0.012380025816016153,0.012701128492191294,0.0003211026761751404,1110,708,1232478,848,690,0,0,708,14791,0,0,0,256,262,1903,0,0,0,0,0,0,0,0,0,0,0,0
M2,2016-05-23__bonirob_2016-05-23-10-57-33_4_frame203,2016-05-23,1251936,0.0320575492676942,0.03269096822840784,0.0006334189607136442,1439,646,1208652,1439,408,0,0,646,39488,0,0,0,407,0,896,0,0,0,0,0,0,0,0,0,0,0,0
M2,2016-05-23__bonirob_2016-05-23-10-57-33_4_frame211,2016-05-23,1251936,0.03379565728599545,0.0343499987219794,0.0005543414359839502,1445,751,1206400,1445,482,0,0,751,41559,0,0,0,142,0,1157,0,0,0,0,0,0,0,0,0,0,0,0
M2,2016-05-23__bonirob_2016-05-23-10-57-33_4_frame218,2016-05-23,1251936,0.034540903049357155,0.03386674718196457,-0.000674155867392584,1302,2146,1203673,1154,615,0,0,1526,41097,620,0,0,551,148,2552,0,0,0,0,0,0,0,0,0,0,0,0
M2,2016-05-23__bonirob_2016-05-23-10-57-33_4_frame220,2016-05-23,1251936,0.012515016742069882,0.012848899624261943,0.00033388288219206134,718,300,1228834,718,1752,0,0,300,15368,0,0,0,742,0,4222,0,0,0,0,0,0,0,0,0,0,0,0
M2,2016-05-23__bonirob_2016-05-23-10-57-33_4_frame225,2016-05-23,1251936,0.04148854254530583,0.04191188686961634,0.0004233443243105081,1586,1056,1197385,1578,246,0,0,1056,50885,0,0,0,336,8,442,0,0,0,0,0,0,0,0,0,0,0,0
M2,2016-05-23__bonirob_2016-05-23-10-57-33_4_frame231,2016-05-23,1251936,0.0722760588400685,0.07395585716841756,0.0016797983283490525,2836,733,1154968,2836,482,0,0,733,89752,0,0,0,621,0,2544,0,0,0,0,0,0,0,0,0,0,0,0
M2,2016-05-23__bonirob_2016-05-23-10-57-33_4_frame248,2016-05-23,1251936,0.08445559517419421,0.08545165248063799,0.0009960573064437817,2930,1683,1141487,2930,555,0,0,1115,104050,568,0,0,184,0,1047,0,0,0,0,0,0,0,0,0,0,0,0
M2,2016-05-23__bonirob_2016-05-23-10-57-33_4_frame253,2016-05-23,1251936,0.087672213276078,0.08936718809907215,0.001694974822994147,3604,1482,1135579,3580,867,0,0,1482,108278,0,0,0,492,24,1634,0,0,0,0,0,0,0,0,0,0,0,0
M2,2016-05-23__bonirob_2016-05-23-10-57-33_4_frame254,2016-05-23,1251936,0.08625041535669555,0.087269636786545,0.0010192214298494484,2508,1232,1139076,2508,602,0,0,1232,106748,0,0,0,489,0,1281,0,0,0,0,0,0,0,0,0,0,0,0
M2,2016-05-23__bonirob_2016-05-23-10-57-33_4_frame259,2016-05-23,1251936,0.0955719781202873,0.09685399253635969,0.0012820144160723967,2822,1217,1126363,2822,692,0,0,1217,118433,0,0,0,735,0,1674,0,0,0,0,0,0,0,0,0,0,0,0
M2,2016-05-23__bonirob_2016-05-23-10-57-33_4_frame264,2016-05-23,1251936,0.057050839659535314,0.05826096541676252,0.001210125757227204,2339,824,1176573,2339,434,0,0,824,70600,0,0,0,133,0,1033,0,0,0,0,0,0,0,0,0,0,0,0
M2,2016-05-23__bonirob_2016-05-23-10-57-33_4_frame270,2016-05-23,1251936,0.016645419574163534,0.01657752472969864,-6.789484446489275e-05,624,709,1226962,606,446,0,0,709,20130,0,0,0,598,18,2467,0,0,0,0,0,0,0,0,0,0,0,0
M2,2016-05-23__bonirob_2016-05-23-10-57-33_4_frame273,2016-05-23,1251936,0.061781912174424254,0.062081448252945835,0.00029953607852158115,2173,1798,1170029,2173,722,0,0,708,75549,1090,0,0,166,0,1499,0,0,0,0,0,0,0,0,0,0,0,0
M2,2016-05-23__bonirob_2016-05-23-10-57-33_4_frame278,2016-05-23,1251936,0.04727238453083864,0.04746089256958822,0.00018850803874958383,1017,781,1189456,1017,668,0,0,781,58401,0,0,0,597,0,1016,0,0,0,0,0,0,0,0,0,0,0,0
M2,2016-05-23__bonirob_2016-05-23-10-57-33_4_frame279,2016-05-23,1251936,0.04063786008230453,0.041153062137361654,0.0005152020550571249,1252,607,1196224,1251,658,0,0,607,50269,0,0,0,717,1,2209,0,0,0,0,0,0,0,0,0,0,0,0
M2,2016-05-23__bonirob_2016-05-23-10-57-33_4_frame283,2016-05-23,1251936,0.03055507629782992,0.030240363724663242,-0.00031471257316667903,1142,1536,1210088,1142,520,0,0,1536,36717,0,0,0,258,0,1675,0,0,0,0,0,0,0,0,0,0,0,0
M2,2016-05-23__bonirob_2016-05-23-10-57-33_4_frame303,2016-05-23,1251936,0.019774173759681005,0.02020231066124786,0.000428136901566855,1017,481,1224832,1017,511,0,0,481,24275,0,0,0,177,0,643,0,0,0,0,0,0,0,0,0,0,0,0
M2,2016-05-23__bonirob_2016-05-23-11-02-39_5_frame9,2016-05-23,1251936,0.034302072949415945,0.03461119418245022,0.0003091212330342749,1099,712,1206602,1099,321,0,0,712,42232,0,0,0,203,0,767,0,0,0,0,0,0,0,0,0,0,0,0
M2,2016-05-23__bonirob_2016-05-23-11-02-39_5_frame15,2016-05-23,1251936,0.024803184827339418,0.02510351966873706,0.00030033484139764186,748,372,1217474,748,463,0,0,372,30680,0,0,0,190,0,2009,0,0,0,0,0,0,0,0,0,0,0,0
M2,2016-05-23__bonirob_2016-05-23-11-02-39_5_frame20,2016-05-23,1251936,0.0034818073767349128,0.0037318201569409297,0.00025001278020601696,518,205,1245090,388,385,0,0,205,4154,0,0,0,590,130,994,0,0,0,0,0,0,0,0,0,0,0,0
M2,2016-05-23__bonirob_2016-05-23-11-02-39_5_frame29,2016-05-23,1251936,0.02954863507399739,0.02971637527796948,0.00016774020397208877,1039,829,1211321,1039,597,0,0,829,36164,0,0,0,215,0,1771,0,0,0,0,0,0,0,0,0,0,0,0
M2,2016-05-23__bonirob_2016-05-23-11-02-39_5_frame30,2016-05-23,1251936,0.034544098100861384,0.03517671829869898,0.0006326201978375939,1716,924,1206498,1716,88,0,0,924,42323,0,0,0,88,0,299,0,0,0,0,0,0,0,0,0,0,0,0
M2,2016-05-23__bonirob_2016-05-23-11-02-39_5_frame31,2016-05-23,1251936,0.020161573754568923,0.020632843851442886,0.00047127009687396304,1182,592,1224952,1182,193,0,0,592,24649,0,0,0,44,0,324,0,0,0,0,0,0,0,0,0,0,0,0
M2,2016-05-23__bonirob_2016-05-23-11-02-39_5_frame34,2016-05-23,1251936,0.10510681057178642,0.10691520972318073,0.001808399151394316,3234,970,1116775,3234,118,0,0,970,130617,0,0,0,32,0,190,0,0,0,0,0,0,0,0,0,0,0,0
M2,2016-05-23__bonirob_2016-05-23-11-02-39_5_frame37,2016-05-23,1251936,0.023398959691230223,0.023802334943639293,0.0004033752524090703,1403,898,1220217,1403,269,0,0,863,28396,35,0,0,121,0,632,0,0,0,0,0,0,0,0,0,0,0,0
M2,2016-05-23__bonirob_2016-05-23-11-02-39_5_frame60,2016-05-23,1251936,0.02788481200316949,0.028590918385604375,0.0007061063824348839,1398,514,1215572,1398,56,0,0,514,34396,0,0,0,0,0,0,0,0,0,0,0,0,0,0,0,0,0,0
M2,2016-05-23__bonirob_2016-05-23-11-02-39_5_frame62,2016-05-23,1251936,0.03996530174066406,0.040760070802341335,0.0007947690616772751,1938,943,1199135,1938,185,0,0,943,49091,0,0,0,62,0,582,0,0,0,0,0,0,0,0,0,0,0,0
M2,2016-05-23__bonirob_2016-05-23-11-02-39_5_frame69,2016-05-23,1251936,0.04594484063083097,0.04606864887661989,0.00012380824578892002,1577,1422,1191485,1577,269,0,0,1422,56098,0,0,0,79,0,1006,0,0,0,0,0,0,0,0,0,0,0,0
M2,2016-05-23__bonirob_2016-05-23-11-02-39_5_frame80,2016-05-23,1251936,0.03864734299516908,0.039109826700406414,0.00046248370523733345,1761,1182,1192754,1118,196,0,104,1182,47202,0,0,0,1647,643,2510,0,4580,0,0,0,0,0,0,0,0,0,0
M2,2016-05-23__bonirob_2016-05-23-11-02-39_5_frame84,2016-05-23,1251936,0.03942453927357309,0.04006354957441914,0.0006390103008460518,1432,632,1200222,1432,235,0,0,632,48725,0,0,0,205,0,485,0,0,0,0,0,0,0,0,0,0,0,0
M2,2016-05-23__bonirob_2016-05-23-11-02-39_5_frame89,2016-05-23,1251936,0.012942354880760678,0.013219525598752653,0.0002771707179919751,978,631,1232966,532,157,0,0,631,15572,0,0,0,318,446,1314,0,0,0,0,0,0,0,0,0,0,0,0
M2,2016-05-23__bonirob_2016-05-23-11-02-39_5_frame90,2016-05-23,1251936,0.022445236817217492,0.023034723819747974,0.0005894870025304824,1348,610,1219262,1348,803,0,0,610,27490,0,0,0,111,0,2312,0,0,0,0,0,0,0,0,0,0,0,0
M2,2016-05-23__bonirob_2016-05-23-11-02-39_5_frame93,2016-05-23,1251936,0.025572393476982848,0.02620101986044015,0.0006286263834573008,1363,576,1218101,1363,11,0,0,576,31439,0,0,0,269,0,177,0,0,0,0,0,0,0,0,0,0,0,0
M2,2016-05-23__bonirob_2016-05-23-11-02-39_5_frame105,2016-05-23,1251936,0.02494536461927766,0.025432609973672776,0.0004872453543951147,1260,650,1216642,1260,338,0,0,650,30580,0,0,0,321,0,2145,0,0,0,0,0,0,0,0,0,0,0,0
M2,2016-05-23__bonirob_2016-05-23-11-02-39_5_frame108,2016-05-23,1251936,0.010564437798737315,0.010826432022084196,0.0002619942233468807,700,372,1236866,700,194,0,0,372,12854,0,0,0,290,0,660,0,0,0,0,0,0,0,0,0,0,0,0
M2,2016-05-23__bonirob_2016-05-23-11-02-39_5_frame112,2016-05-23,1251936,0.03502495335224804,0.03557769726247987,0.0005527439102318288,1428,736,1204438,1428,499,0,0,736,43113,0,0,0,258,0,1464,0,0,0,0,0,0,0,0,0,0,0,0
M2,2016-05-23__bonirob_2016-05-23-11-02-39_5_frame116,2016-05-23,1251936,0.04093979244945428,0.04165228893489763,0.0007124964854433452,1575,683,1196547,1575,255,0,0,683,50571,0,0,0,338,0,1967,0,0,0,0,0,0,0,0,0,0,0,0
M2,2016-05-23__bonirob_2016-05-23-11-02-39_5_frame117,2016-05-23,1251936,0.03138658845180584,0.031575895253431484,0.00018930680162564106,1179,942,1209588,1179,410,0,0,942,38352,0,0,0,142,0,1323,0,0,0,0,0,0,0,0,0,0,0,0
M2,2016-05-23__bonirob_2016-05-23-11-02-39_5_frame131,2016-05-23,1251936,0.05337653042967053,0.05374236382690489,0.00036583339723436636,2113,1655,1181201,2113,359,0,0,1655,65169,0,0,0,200,0,1239,0,0,0,0,0,0,0,0,0,0,0,0
M2,2016-05-23__bonirob_2016-05-23-11-02-39_5_frame144,2016-05-23,1251936,0.02105379188712522,0.021418826521483525,0.00036503463435830566,987,530,1220833,987,641,0,0,530,25828,0,0,0,419,0,2698,0,0,0,0,0,0,0,0,0,0,0,0
M2,2016-05-23__bonirob_2016-05-23-11-02-39_5_frame149,2016-05-23,1251936,0.008205691025739335,0.016763636479820054,0.008557945454080718,10882,168,1227772,896,801,0,0,168,10105,0,0,0,644,9986,1564,0,0,0,0,0,0,0,0,0,0,0,0
M2,2016-05-23__bonirob_2016-05-23-11-02-39_5_frame155,2016-05-23,1251936,0.03915216113283746,0.039648192878869205,0.0004960317460317443,1505,884,1199795,1505,411,0,0,884,48132,0,0,0,308,0,901,0,0,0,0,0,0,0,0,0,0,0,0
M2,2016-05-23__bonirob_2016-05-23-11-02-39_5_frame164,2016-05-23,1251936,0.011927127265291517,0.012186725200010224,0.00025959793471870725,558,233,1233603,558,529,0,0,233,14699,0,0,0,349,0,1965,0,0,0,0,0,0,0,0,0,0,0,0
M2,2016-05-23__bonirob_2016-05-23-11-02-39_5_frame169,2016-05-23,1251936,0.040589934309741074,0.04088787286251054,0.0002979385527694667,1112,739,1194014,1112,746,0,0,739,50077,0,0,0,664,0,4584,0,0,0,0,0,0,0,0,0,0,0,0
M2,2016-05-23__bonirob_2016-05-23-11-02-39_5_frame177,2016-05-23,1251936,0.03831505763872914,0.038547497635661884,0.00023243999693274564,1607,1316,1198531,1607,497,0,0,1316,46652,0,0,0,567,0,2766,0,0,0,0,0,0,0,0,0,0,0,0
M2,2016-05-23__bonirob_2016-05-23-11-02-39_5_frame184,2016-05-23,1251936,0.02705010479768934,0.027435108503949084,0.0003850037062597435,1341,859,1214186,1180,391,0,0,859,33006,0,0,0,479,161,1674,0,0,0,0,0,0,0,0,0,0,0,0
M2,2016-05-23__bonirob_2016-05-23-11-02-39_5_frame187,2016-05-23,1251936,0.024788008332694324,0.02298679804718452,-0.0018012102855098043,882,3137,1208693,882,1717,0,0,919,27896,2218,0,0,1274,0,8337,0,0,0,0,0,0,0,0,0,0,0,0
M2,2016-05-23__bonirob_2016-05-23-11-02-39_5_frame189,2016-05-23,1251936,0.014800277330470566,0.014653304961275976,-0.00014697236919459025,523,707,1222501,523,1930,0,0,707,17822,0,0,0,979,0,7474,0,0,0,0,0,0,0,0,0,0,0,0
M2,2016-05-23__bonirob_2016-05-23-11-02-39_5_frame192,2016-05-23,1251936,0.015734031132581858,0.015850650512486263,0.00011661937990440491,712,566,1226623,712,708,0,0,566,19132,0,0,0,608,0,3587,0,0,0,0,0,0,0,0,0,0,0,0
M2,2016-05-23__bonirob_2016-05-23-11-02-39_5_frame193,2016-05-23,1251936,0.017821997290596324,0.018014499143726197,0.00019250185312987347,831,590,1223372,831,1064,0,0,590,21722,0,0,0,603,0,3754,0,0,0,0,0,0,0,0,0,0,0,0
M2,2016-05-23__bonirob_2016-05-23-11-02-39_5_frame199,2016-05-23,1251936,0.03230117194489175,0.035117609845870715,0.002816437900978963,4220,694,1198359,1032,895,0,0,694,39745,0,0,0,1403,3188,6620,0,0,0,0,0,0,0,0,0,0,0,0
M2,2016-05-23__bonirob_2016-05-23-11-02-39_5_frame202,2016-05-23,1251936,0.03096803670475168,0.030871386396748714,-9.665030800296709e-05,1446,1567,1203592,1446,1678,0,0,988,37203,579,0,0,850,0,5600,0,0,0,0,0,0,0,0,0,0,0,0
M2,2016-05-23__bonirob_2016-05-23-11-02-39_5_frame203,2016-05-23,1251936,0.0053117731257827875,0.0054803120926309335,0.000168538966848146,669,458,1238295,669,1333,0,0,458,6192,0,0,0,811,0,4178,0,0,0,0,0,0,0,0,0,0,0,0
M2,2016-05-23__bonirob_2016-05-23-11-02-39_5_frame204,2016-05-23,1251936,0.019903573345602332,0.01971346778110063,-0.00019010556450170177,623,861,1212503,623,2642,0,0,861,24057,0,0,0,1281,0,9969,0,0,0,0,0,0,0,0,0,0,0,0
M2,2016-05-23__bonirob_2016-05-23-11-02-39_5_frame215,2016-05-23,1251936,0.04561335403726708,0.046333838151471005,0.0007204841142039245,1956,1054,1186090,1956,1691,0,0,1054,56051,0,0,0,838,0,4256,0,0,0,0,0,0,0,0,0,0,0,0
M2,2016-05-23__bonirob_2016-05-23-11-02-39_5_frame216,2016-05-23,1251936,0.005239884466937607,0.005298194156889809,5.8309689952202454e-05,341,268,1239867,341,540,0,0,268,6292,0,0,0,628,0,4000,0,0,0,0,0,0,0,0,0,0,0,0
M2,2016-05-23__bonirob_2016-05-23-11-02-39_5_frame223,2016-05-23,1251936,0.02576809038161695,0.02673219717301843,0.0009641067914014784,1933,726,1214305,1933,1045,0,0,726,31534,0,0,0,398,0,1995,0,0,0,0,0,0,0,0,0,0,0,0
M2,2016-05-23__bonirob_2016-05-23-11-02-39_5_frame233,2016-05-23,1251936,0.02602449326483143,0.02677772665695371,0.0007532333921222781,1861,918,1208416,1861,1310,0,0,918,31663,0,0,0,1203,0,6565,0,0,0,0,0,0,0,0,0,0,0,0
M2,2016-05-23__bonirob_2016-05-23-11-02-39_5_frame243,2016-05-23,1251936,0.014189223730286532,0.015090228254479462,0.0009010045241929308,1474,346,1229042,1474,575,0,0,346,17418,0,0,0,869,0,2212,0,0,0,0,0,0,0,0,0,0,0,0
M2,2016-05-23__bonirob_2016-05-23-11-02-39_5_frame246,2016-05-23,1251936,0.018683063670986377,0.019686309843314674,0.0010032461723282968,1596,340,1224421,1596,469,0,0,340,23050,0,0,0,529,0,1531,0,0,0,0,0,0,0,0,0,0,0,0
M2,2016-05-23__bonirob_2016-05-23-11-02-39_5_frame253,2016-05-23,1251936,0.016439338752140684,0.017076751527234618,0.0006374127750939339,1216,418,1229261,1216,404,0,0,418,20163,0,0,0,37,0,437,0,0,0,0,0,0,0,0,0,0,0,0
M2,2016-05-23__bonirob_2016-05-23-11-02-39_5_frame254,2016-05-23,1251936,0.008573121948725813,0.010693038621782584,0.0021199166730567712,2918,264,1237323,1137,235,0,0,264,10469,0,0,0,279,1781,448,0,0,0,0,0,0,0,0,0,0,0,0
M2,2016-05-23__bonirob_2016-05-23-11-02-39_5_frame255,2016-05-23,1251936,0.0033076770697543644,0.00457691127980983,0.0012692342100554658,1740,151,1242592,163,362,0,0,151,3990,0,0,0,759,1577,2342,0,0,0,0,0,0,0,0,0,0,0,0
M2,2016-05-23__bonirob_2016-05-23-11-02-39_5_frame257,2016-05-23,1251936,0.008390205250108631,0.008696131431638677,0.00030592618153004597,634,251,1239365,634,297,0,0,251,10253,0,0,0,342,0,794,0,0,0,0,0,0,0,0,0,0,0,0
M2,2016-05-23__bonirob_2016-05-23-11-02-39_5_frame264,2016-05-23,1251936,0.028948764154078165,0.029459972394755004,0.0005112082406768387,1413,773,1210697,1413,489,0,0,773,35469,0,0,0,295,0,2800,0,0,0,0,0,0,0,0,0,0,0,0
M2,2016-05-23__bonirob_2016-05-23-11-02-39_5_frame265,2016-05-23,1251936,0.01807600388518263,0.018188629450706744,0.00011262556552411526,859,718,1220784,859,1466,0,0,718,21912,0,0,0,1253,0,4944,0,0,0,0,0,0,0,0,0,0,0,0
M2,2016-05-23__bonirob_2016-05-23-11-02-39_5_frame266,2016-05-23,1251936,0.04472672724484319,0.04543922373028653,0.0007124964854433452,1808,916,1192990,1808,150,0,0,916,55079,0,0,0,173,0,820,0,0,0,0,0,0,0,0,0,0,0,0
M2,2016-05-23__bonirob_2016-05-23-11-02-39_5_frame271,2016-05-23,1251936,0.0346567236663855,0.03538759169797817,0.0007308680315926686,1628,713,1204160,1609,571,0,0,713,42675,0,0,0,394,19,1795,0,0,0,0,0,0,0,0,0,0,0,0
M2,2016-05-23__bonirob_2016-05-23-11-02-39_5_frame272,2016-05-23,1251936,0.07048363494619533,0.07144854050047286,0.0009649055542775287,2808,1600,1160220,2808,263,0,0,1600,86641,0,0,0,33,0,371,0,0,0,0,0,0,0,0,0,0,0,0
M2,2016-05-23__bonirob_2016-05-23-11-02-39_5_frame273,2016-05-23,1251936,0.049711007591442376,0.050112785318099325,0.0004017777266569489,2012,1509,1187177,2012,386,0,0,699,60726,810,0,0,122,0,4,0,0,0,0,0,0,0,0,0,0,0,0
M2,2016-05-23__bonirob_2016-05-23-11-02-39_5_frame277,2016-05-23,1251936,0.037165637860082305,0.037939639086982085,0.0007740012268997801,1962,993,1199287,1660,667,0,0,993,45536,0,0,0,455,302,3036,0,0,0,0,0,0,0,0,0,0,0,0
M2,2016-05-23__bonirob_2016-05-23-11-02-39_5_frame278,2016-05-23,1251936,0.025264869769700687,0.02549091966362498,0.00022604989392429123,1206,923,1214748,1206,662,0,0,923,30707,0,0,0,522,0,3168,0,0,0,0,0,0,0,0,0,0,0,0
M2,2016-05-23__bonirob_2016-05-23-11-02-39_5_frame282,2016-05-23,1251936,0.018184635636326458,0.018536091301791784,0.0003514556654653257,750,310,1226389,750,460,0,0,310,22456,0,0,0,292,0,1279,0,0,0,0,0,0,0,0,0,0,0,0
M2,2016-05-23__bonirob_2016-05-23-11-02-39_5_frame284,2016-05-23,1251936,0.01994990159241367,0.020727896633693736,0.0007779950412800662,1721,747,1223068,1505,433,0,0,428,24229,319,0,0,271,216,1467,0,0,0,0,0,0,0,0,0,0,0,0
M2,2016-05-23__bonirob_2016-05-23-11-02-39_5_frame292,2016-05-23,1251936,0.03423417810495105,0.035112018505738314,0.0008778404007872623,1741,642,1200311,1741,1223,0,0,642,42217,0,0,0,808,0,4994,0,0,0,0,0,0,0,0,0,0,0,0
M2,2016-05-23__bonirob_2016-05-23-11-02-39_5_frame293,2016-05-23,1251936,0.025288832655982415,0.02547973698336017,0.00019090432737775553,1027,788,1216819,1004,573,0,0,788,30872,0,0,0,455,23,1402,0,0,0,0,0,0,0,0,0,0,0,0
M2,2016-05-23__bonirob_2016-05-23-11-02-39_5_frame294,2016-05-23,1251936,0.015837071543593283,0.015897777522173657,6.070597858037416e-05,722,646,1226689,718,1061,0,0,646,19181,0,0,0,569,4,3068,0,0,0,0,0,0,0,0,0,0,0,0
M2,2016-05-23__bonirob_2016-05-23-11-07-45_6_frame3,2016-05-23,1251936,0.018561651713825626,0.01865510697032436,9.345525649873468e-05,878,761,1219996,878,253,0,187,761,22477,0,0,0,2156,0,2849,0,2379,0,0,0,0,0,0,0,0,0,0
M2,2016-05-23__bonirob_2016-05-23-11-07-45_6_frame4,2016-05-23,1251936,0.07049721391508831,0.07127840400787261,0.0007811900927842952,1931,953,1160481,1931,380,0,0,953,87305,0,0,0,78,0,808,0,0,0,0,0,0,0,0,0,0,0,0
M2,2016-05-23__bonirob_2016-05-23-11-07-45_6_frame17,2016-05-23,1251936,0.03038813485673389,0.0311972816501802,0.0008091467934463123,1975,962,1203296,1975,874,0,0,962,37082,0,0,0,1576,0,6171,0,0,0,0,0,0,0,0,0,0,0,0
M2,2016-05-23__bonirob_2016-05-23-11-07-45_6_frame27,2016-05-23,1251936,0.05710116172072694,0.05784001738108018,0.0007388556603532409,1904,979,1176902,1789,355,0,0,979,70508,0,0,0,504,115,784,0,0,0,0,0,0,0,0,0,0,0,0
M2,2016-05-23__bonirob_2016-05-23-11-07-45_6_frame34,2016-05-23,1251936,0.06923916238529765,0.07033426628837257,0.0010951039030749204,2205,834,1159263,2205,954,0,0,834,85849,0,0,0,313,0,2518,0,0,0,0,0,0,0,0,0,0,0,0
M2,2016-05-23__bonirob_2016-05-23-11-07-45_6_frame38,2016-05-23,1251936,0.040957365232727555,0.04204528026991795,0.0010879150371903984,2084,722,1196131,1658,541,0,0,722,50554,0,0,0,355,426,1549,0,0,0,0,0,0,0,0,0,0,0,0
M2,2016-05-23__bonirob_2016-05-23-11-07-45_6_frame41,2016-05-23,1251936,0.025914263987935487,0.02630246274569946,0.0003881987577639724,1611,1125,1213139,1611,590,0,0,947,31318,178,0,0,1210,0,2943,0,0,0,0,0,0,0,0,0,0,0,0
M2,2016-05-23__bonirob_2016-05-23-11-07-45_6_frame51,2016-05-23,1251936,0.0357070968484012,0.03649707333282212,0.0007899764844209248,1757,768,1203438,1757,497,0,0,768,43935,0,0,0,293,0,1248,0,0,0,0,0,0,0,0,0,0,0,0
M2,2016-05-23__bonirob_2016-05-23-11-07-45_6_frame52,2016-05-23,1251936,0.029142064770084092,0.029537452393732587,0.0003953876236484945,1330,835,1210283,1330,1065,0,0,835,35649,0,0,0,577,0,2197,0,0,0,0,0,0,0,0,0,0,0,0
M2,2016-05-23__bonirob_2016-05-23-11-07-45_6_frame61,2016-05-23,1251936,0.03105350433248984,0.03150161030595813,0.0004481059734682928,1361,800,1210117,1361,458,0,0,800,38077,0,0,0,233,0,890,0,0,0,0,0,0,0,0,0,0,0,0
M2,2016-05-23__bonirob_2016-05-23-11-07-45_6_frame63,2016-05-23,1251936,0.024541989366868595,0.024903828949722668,0.00036183958285407325,1087,634,1210900,1087,1471,0,0,464,30091,170,0,0,935,0,6818,0,0,0,0,0,0,0,0,0,0,0,0
M2,2016-05-23__bonirob_2016-05-23-11-07-45_6_frame68,2016-05-23,1251936,0.03396339748996754,0.03423497686782711,0.000271579377859571,1126,786,1207654,1126,94,0,0,786,41734,0,0,0,374,0,168,0,0,0,0,0,0,0,0,0,0,0,0
M2,2016-05-23__bonirob_2016-05-23-11-07-45_6_frame70,2016-05-23,1251936,0.06192089691485827,0.06165810392863533,-0.0002627929862229414,1226,1555,1171396,1226,387,0,0,1555,75966,0,0,0,389,0,1017,0,0,0,0,0,0,0,0,0,0,0,0
M2,2016-05-23__bonirob_2016-05-23-11-07-45_6_frame75,2016-05-23,1251936,0.019647170462387852,0.02014000715691537,0.0004928366945275188,1183,566,1223559,1183,559,0,0,566,24031,0,0,0,530,0,1508,0,0,0,0,0,0,0,0,0,0,0,0
M2,2016-05-23__bonirob_2016-05-23-11-07-45_6_frame99,2016-05-23,1251936,0.03736772486772487,0.03798357104516525,0.0006158461774403781,1603,832,1203140,1603,72,0,0,832,45950,0,0,0,139,0,200,0,0,0,0,0,0,0,0,0,0,0,0
M2,2016-05-23__bonirob_2016-05-23-11-07-45_6_frame104,2016-05-23,1251936,0.02701975180839915,0.028269815709429234,0.001250063901030083,2219,654,1214129,2092,402,0,0,654,33173,0,0,0,272,127,1087,0,0,0,0,0,0,0,0,0,0,0,0
M2,2016-05-23__bonirob_2016-05-23-11-07-45_6_frame108,2016-05-23,1251936,0.052665631469979296,0.05285973084886128,0.00019409937888198447,1580,1337,1184039,1580,44,0,0,1337,64597,0,0,0,185,0,154,0,0,0,0,0,0,0,0,0,0,0,0
M2,2016-05-23__bonirob_2016-05-23-11-07-45_6_frame109,2016-05-23,1251936,0.051454706949876035,0.052160813332310915,0.0007061063824348804,1887,1003,1185348,1887,67,0,0,1003,63415,0,0,0,35,0,181,0,0,0,0,0,0,0,0,0,0,0,0
M2,2016-05-23__bonirob_2016-05-23-11-07-45_6_frame115,2016-05-23,1251936,0.04173056769675127,0.041847187076655676,0.00011661937990440491,1208,1062,1197407,1208,199,0,0,1062,51182,0,0,0,332,0,546,0,0,0,0,0,0,0,0,0,0,0,0
M2,2016-05-23__bonirob_2016-05-23-11-07-45_6_frame122,2016-05-23,1251936,0.05644857245098791,0.057265706873194794,0.0008171344222068846,2063,1040,1178687,2063,79,0,0,1040,69630,0,0,0,176,0,261,0,0,0,0,0,0,0,0,0,0,0,0
M2,2016-05-23__bonirob_2016-05-23-11-07-45_6_frame127,2016-05-23,1251936,0.0788674500932955,0.07907353091531835,0.00020608082202284994,2558,2300,1148794,2161,418,0,0,2300,96437,0,0,0,520,397,909,0,0,0,0,0,0,0,0,0,0,0,0
M2,2016-05-23__bonirob_2016-05-23-11-07-45_6_frame131,2016-05-23,1251936,0.06560798635073997,0.06651138716356107,0.0009034008128211007,2243,1112,1165962,2243,456,0,0,1112,81025,0,0,0,384,0,754,0,0,0,0,0,0,0,0,0,0,0,0
M2,2016-05-23__bonirob_2016-05-23-11-07-45_6_frame133,2016-05-23,1251936,0.07422264396902079,0.07478337550801319,0.0005607315389924011,1697,995,1156667,1697,196,0,0,995,91927,0,0,0,179,0,275,0,0,0,0,0,0,0,0,0,0,0,0
M2,2016-05-23__bonirob_2016-05-23-11-07-45_6_frame135,2016-05-23,1251936,0.06716158014467193,0.06828464074840887,0.0011230606037369445,2444,1038,1165117,2444,16,0,0,1038,83044,0,0,0,170,0,107,0,0,0,0,0,0,0,0,0,0,0,0
M2,2016-05-23__bonirob_2016-05-23-11-07-45_6_frame138,2016-05-23,1251936,0.06176114433964675,0.06188016000817933,0.00011901566853257661,1607,1458,1172522,1607,199,0,0,1458,75863,0,0,0,51,0,236,0,0,0,0,0,0,0,0,0,0,0,0
M2,2016-05-23__bonirob_2016-05-23-11-07-45_6_frame141,2016-05-23,1251936,0.056079544002249314,0.05672893822048412,0.0006493942182348028,2342,1529,1175971,2342,537,0,0,1527,68679,2,0,0,521,0,2357,0,0,0,0,0,0,0,0,0,0,0,0
M2,2016-05-23__bonirob_2016-05-23-11-07-45_6_frame146,2016-05-23,1251936,0.027184296960867008,0.027444693658461774,0.0002603966975947662,1194,868,1215814,1194,154,0,0,820,33165,48,0,0,180,0,561,0,0,0,0,0,0,0,0,0,0,0,0
M2,2016-05-23__bonirob_2016-05-23-11-07-45_6_frame149,2016-05-23,1251936,0.04171379367635406,0.042253757380568975,0.000539963704214913,1740,1064,1196785,1740,287,0,0,1064,51159,0,0,0,283,0,618,0,0,0,0,0,0,0,0,0,0,0,0
M2,2016-05-23__bonirob_2016-05-23-11-07-45_6_frame156,2016-05-23,1251936,0.07919015029522276,0.08057201007080234,0.001381859775579572,2846,1116,1148891,2846,199,0,0,1116,98025,0,0,0,333,0,526,0,0,0,0,0,0,0,0,0,0,0,0
M2,2016-05-23__bonirob_2016-05-23-11-07-45_6_frame162,2016-05-23,1251936,0.07268502543260998,0.0735956151113156,0.0009105896787056228,2318,1178,1157687,2318,399,0,0,1178,89819,0,0,0,53,0,482,0,0,0,0,0,0,0,0,0,0,0,0
M2,2016-05-23__bonirob_2016-05-23-11-07-45_6_frame166,2016-05-23,1251936,0.036660819722413925,0.03647231168366434,-0.00018850803874958383,1121,1357,1194190,1121,2,0,1663,1357,44540,0,0,0,2068,0,122,32,6841,0,0,0,0,0,0,0,0,0,0
M2,2016-05-23__bonirob_2016-05-23-11-07-45_6_frame175,2016-05-23,1251936,0.05969714106791402,0.06065405899343097,0.0009569179255169563,2194,996,1173118,2194,497,0,0,996,73741,0,0,0,180,0,1210,0,0,0,0,0,0,0,0,0,0,0,0
M2,2016-05-23__bonirob_2016-05-23-11-07-45_6_frame176,2016-05-23,1251936,0.054340637221072005,0.05526720215729877,0.0009265649362267675,2303,1143,1178996,2303,339,0,0,1143,66888,0,0,0,270,0,1997,0,0,0,0,0,0,0,0,0,0,0,0
M2,2016-05-23__bonirob_2016-05-23-11-07-45_6_frame201,2016-05-23,1251936,0.07384243284001737,0.07466196355085244,0.0008195307108350702,2156,1130,1152644,2156,819,0,0,1130,91316,0,0,0,1290,0,2581,0,0,0,0,0,0,0,0,0,0,0,0
M2,2016-05-23__bonirob_2016-05-23-11-07-45_6_frame208,2016-05-23,1251936,0.04311482376095903,0.04347506581806099,0.0003602420571019588,1750,1299,1195404,1709,220,0,0,1299,52678,0,0,0,252,41,333,0,0,0,0,0,0,0,0,0,0,0,0
M2,2016-05-23__bonirob_2016-05-23-11-07-45_6_frame210,2016-05-23,1251936,0.080941837282417,0.0819993993303172,0.0010575620479002096,2385,1061,1145276,2385,520,0,0,1061,100273,0,0,0,472,0,1949,0,0,0,0,0,0,0,0,0,0,0,0
M2,2016-05-23__bonirob_2016-05-23-11-07-45_6_frame212,2016-05-23,1251936,0.06360229276895944,0.06525093934514224,0.0016486465761827995,2824,760,1168519,2817,110,0,0,760,78866,0,0,0,658,7,199,0,0,0,0,0,0,0,0,0,0,0,0
M2,2016-05-23__bonirob_2016-05-23-11-07-45_6_frame215,2016-05-23,1251936,0.09721583211921377,0.09861845972957084,0.001402627610357074,2633,877,1126874,2633,296,0,0,877,120831,0,0,0,51,0,374,0,0,0,0,0,0,0,0,0,0,0,0
M2,2016-05-23__bonirob_2016-05-23-11-07-45_6_frame218,2016-05-23,1251936,0.07372820974874116,0.0749375367430923,0.0012093269943511398,2478,964,1155201,2478,550,0,0,964,91339,0,0,0,306,0,1098,0,0,0,0,0,0,0,0,0,0,0,0
M2,2016-05-23__bonirob_2016-05-23-11-07-45_6_frame220,2016-05-23,1251936,0.05241481992689722,0.053200802596937866,0.0007859826700406455,1979,995,1182894,1962,72,0,0,995,64625,0,0,0,447,17,924,0,0,0,0,0,0,0,0,0,0,0,0
M2,2016-05-23__bonirob_2016-05-23-11-07-45_6_frame224,2016-05-23,1251936,0.09370127546456049,0.0952277113207065,0.0015264358561460079,3180,1269,1130553,3180,558,0,0,1269,116039,0,0,0,95,0,242,0,0,0,0,0,0,0,0,0,0,0,0
M2,2016-05-23__bonirob_2016-05-23-11-07-45_6_frame227,2016-05-23,1251936,0.05661791018071211,0.057209793471870767,0.0005918832911586541,1741,1000,1177342,1741,819,0,0,1000,69882,0,0,0,154,0,998,0,0,0,0,0,0,0,0,0,0,0,0
M2,2016-05-23__bonirob_2016-05-23-11-07-45_6_frame228,2016-05-23,1251936,0.040078726069064236,0.04042299286864504,0.00034426679958080714,1013,582,1199100,1013,322,0,0,582,49594,0,0,0,327,0,998,0,0,0,0,0,0,0,0,0,0,0,0
M2,2016-05-23__bonirob_2016-05-23-11-07-45_6_frame231,2016-05-23,1251936,0.07211630626485699,0.07223931574776986,0.00012300948291286973,1800,1646,1159280,1800,93,0,0,1646,88639,0,0,0,52,0,426,0,0,0,0,0,0,0,0,0,0,0,0
M2,2016-05-23__bonirob_2016-05-23-11-07-45_6_frame238,2016-05-23,1251936,0.038538711244025255,0.038942086496434325,0.0004033752524090703,1647,1142,1200027,1602,612,0,0,1096,47106,46,0,0,417,45,985,0,0,0,0,0,0,0,0,0,0,0,0
M2,2016-05-23__bonirob_2016-05-23-11-07-45_6_frame252,2016-05-23,1251936,0.02756770314137464,0.02794072540449352,0.0003730222631188815,1185,718,1215229,1185,138,0,0,718,33795,0,0,0,149,0,722,0,0,0,0,0,0,0,0,0,0,0,0
M2,2016-05-23__bonirob_2016-05-23-11-07-45_6_frame254,2016-05-23,1251936,0.023839876798813997,0.023830291644301307,-9.585154512690292e-06,672,684,1218291,672,530,0,0,684,29162,0,0,0,561,0,2036,0,0,0,0,0,0,0,0,0,0,0,0
M2,2016-05-23__bonirob_2016-05-23-11-07-45_6_frame259,2016-05-23,1251936,0.10254278173964164,0.10168251412212764,-0.0008602676175139962,2668,3745,1120884,2668,7,0,0,3745,124632,0,0,0,0,0,0,0,0,0,0,0,0,0,0,0,0,0,0
M2,2016-05-23__bonirob_2016-05-23-11-07-45_6_frame263,2016-05-23,1251936,0.018605583672008794,0.018707026557268105,0.0001014428852593105,939,812,1225519,936,388,0,0,812,22481,0,0,0,170,3,1627,0,0,0,0,0,0,0,0,0,0,0,0
M2,2016-05-23__bonirob_2016-05-23-11-07-45_6_frame278,2016-05-23,1251936,0.03907867494824017,0.03913299082381208,5.431587557191281e-05,1060,992,1200427,1060,414,0,0,992,47932,0,0,0,412,0,699,0,0,0,0,0,0,0,0,0,0,0,0
M2,2016-05-23__bonirob_2016-05-23-11-07-45_6_frame280,2016-05-23,1251936,0.03098800577665312,0.030717225161669606,-0.00027078061498351375,826,1165,1198279,826,2371,0,0,1165,37630,0,0,0,484,0,11181,0,0,0,0,0,0,0,0,0,0,0,0
M2,2016-05-23__bonirob_2016-05-23-11-07-45_6_frame284,2016-05-23,1251936,0.05467691639189224,0.055441332464279326,0.0007644160723870863,1972,1015,1180726,1972,167,0,0,1015,67437,0,0,0,72,0,547,0,0,0,0,0,0,0,0,0,0,0,0
M2,2016-05-23__bonirob_2016-05-23-11-07-45_6_frame288,2016-05-23,1251936,0.06447134677811006,0.0655169273828694,0.0010455806047593441,2317,1008,1168093,2317,182,0,0,1008,79706,0,0,0,82,0,548,0,0,0,0,0,0,0,0,0,0,0,0
M2,2016-05-23__bonirob_2016-05-23-11-07-45_6_frame289,2016-05-23,1251936,0.0380842151675485,0.038322246504613654,0.00023803133706515323,1464,1166,1199841,1417,596,0,0,1166,46513,0,0,0,339,47,2017,0,0,0,0,0,0,0,0,0,0,0,0
M2,2016-05-23__bonirob_2016-05-23-11-07-45_6_frame297,2016-05-23,1251936,0.04224417222605628,0.04289436520716714,0.00065019298111086,1648,834,1194411,1648,733,0,0,834,52053,0,0,0,560,0,1697,0,0,0,0,0,0,0,0,0,0,0,0
M2,2016-05-23__bonirob_2016-05-23-11-07-45_6_frame306,2016-05-23,1251936,0.011073249750785982,0.011034110369859162,-3.9139380926820136e-05,362,411,1235081,362,462,0,0,411,13452,0,0,0,212,0,1956,0,0,0,0,0,0,0,0,0,0,0,0
M2,2016-05-23__bonirob_2016-05-23-11-12-51_7_frame4,2016-05-23,1251936,0.023129776601998824,0.02326556629092861,0.0001357896889297855,751,581,1219947,751,585,0,0,581,28376,0,0,0,224,0,1472,0,0,0,0,0,0,0,0,0,0,0,0
M2,2016-05-23__bonirob_2016-05-23-11-12-51_7_frame5,2016-05-23,1251936,0.05198588426245431,0.05256658487334816,0.0005807006108938459,1627,900,1182635,1627,566,0,0,900,64183,0,0,0,338,0,1687,0,0,0,0,0,0,0,0,0,0,0,0
M2,2016-05-23__bonirob_2016-05-23-11-12-51_7_frame10,2016-05-23,1251936,0.03835259949390384,0.03872402423127061,0.000371424737366767,1288,823,1198921,1288,924,0,0,823,47192,0,0,0,396,0,2392,0,0,0,0,0,0,0,0,0,0,0,0
M2,2016-05-23__bonirob_2016-05-23-11-12-51_7_frame13,2016-05-23,1251936,0.0017061575032589526,0.0018930680162564221,0.00018691051299746957,287,53,1245229,281,1266,0,0,53,2083,0,0,0,352,6,2666,0,0,0,0,0,0,0,0,0,0,0,0
M2,2016-05-23__bonirob_2016-05-23-11-12-51_7_frame14,2016-05-23,1251936,0.06667113973877259,0.06724784653528615,0.0005767067965135597,1552,830,1165358,1552,463,0,0,830,82638,0,0,0,68,0,1027,0,0,0,0,0,0,0,0,0,0,0,0
M2,2016-05-23__bonirob_2016-05-23-11-12-51_7_frame19,2016-05-23,1251936,0.03419184367252,0.034600810265061475,0.0004089665925414779,1079,567,1202803,1079,1055,0,0,567,42239,0,0,0,554,0,3639,0,0,0,0,0,0,0,0,0,0,0,0
M2,2016-05-23__bonirob_2016-05-23-11-12-51_7_frame20,2016-05-23,1251936,0.08571923804411727,0.08647406896199167,0.0007548309178743995,2226,1281,1141440,2226,111,0,0,1281,106034,0,0,0,216,0,628,0,0,0,0,0,0,0,0,0,0,0,0
M2,2016-05-23__bonirob_2016-05-23-11-12-51_7_frame27,2016-05-23,1251936,0.048096707818930044,0.04845295606165172,0.0003562482427216726,1526,1080,1188831,1526,169,0,0,1080,59134,0,0,0,252,0,944,0,0,0,0,0,0,0,0,0,0,0,0
M2,2016-05-23__bonirob_2016-05-23-11-12-51_7_frame29,2016-05-23,1251936,0.022735986504102447,0.02271202361782072,-2.3962886281727463e-05,398,428,1219221,398,574,0,0,428,28036,0,0,0,690,0,2589,0,0,0,0,0,0,0,0,0,0,0,0
M2,2016-05-23__bonirob_2016-05-23-11-12-51_7_frame31,2016-05-23,1251936,0.00427897272704036,0.004413963653094088,0.00013499092605372826,496,327,1242118,496,1259,0,0,327,5030,0,0,0,516,0,2190,0,0,0,0,0,0,0,0,0,0,0,0
M2,2016-05-23__bonirob_2016-05-23-11-12-51_7_frame39,2016-05-23,1251936,0.0640639777113207,0.06526851212841552,0.0012045344170948102,2295,787,1167947,2295,235,0,0,787,79417,0,0,0,195,0,1060,0,0,0,0,0,0,0,0,0,0,0,0
M2,2016-05-23__bonirob_2016-05-23-11-12-51_7_frame41,2016-05-23,1251936,0.033955409861206966,0.0349259067556169,0.0009704968944099363,2052,837,1205020,1453,400,0,0,837,41673,0,0,0,364,599,1590,0,0,0,0,0,0,0,0,0,0,0,0
M2,2016-05-23__bonirob_2016-05-23-11-12-51_7_frame43,2016-05-23,1251936,0.052108893745367174,0.05284535311709225,0.0007364593717250761,1786,864,1182781,1786,498,0,0,864,64373,0,0,0,237,0,1397,0,0,0,0,0,0,0,0,0,0,0,0
M2,2016-05-23__bonirob_2016-05-23-11-12-51_7_frame64,2016-05-23,1251936,0.1060876913835851,0.10698869590777803,0.0009010045241929221,2341,1213,1110954,2341,92,1,908,1213,131602,0,0,0,1355,0,906,2,2562,0,0,0,0,0,0,0,0,0,0
M2,2016-05-23__bonirob_2016-05-23-11-12-51_7_frame71,2016-05-23,1251936,0.08259367891010404,0.08373590982286634,0.0011422309127623043,2582,1152,1141558,2582,755,0,0,1152,102250,0,0,0,924,0,2715,0,0,0,0,0,0,0,0,0,0,0,0
M2,2016-05-23__bonirob_2016-05-23-11-12-51_7_frame75,2016-05-23,1251936,0.002832413158500115,0.003092011093218823,0.0002595979347187077,472,147,1240346,472,778,0,0,147,3399,0,0,0,3903,0,2891,0,0,0,0,0,0,0,0,0,0,0,0
M2,2016-05-23__bonirob_2016-05-23-11-12-51_7_frame77,2016-05-23,1251936,0.008353462157809985,0.008522799887534188,0.00016933772972420325,584,372,1232188,584,1333,0,0,372,10086,0,0,0,1401,0,5972,0,0,0,0,0,0,0,0,0,0,0,0
M2,2016-05-23__bonirob_2016-05-23-11-12-51_7_frame87,2016-05-23,1251936,0.03103034020908417,0.030984011962272833,-4.632824681133699e-05,973,1031,1205193,748,23,0,567,1031,37817,0,0,0,1763,225,130,120,4319,0,0,0,0,0,0,0,0,0,0
M2,2016-05-23__bonirob_2016-05-23-11-12-51_7_frame93,2016-05-23,1251936,0.03674628735015208,0.038596222171101396,0.001849934820949313,4138,1822,1197203,1277,158,0,116,1822,44182,0,0,0,2033,2861,1417,0,867,0,0,0,0,0,0,0,0,0,0
M2,2016-05-23__bonirob_2016-05-23-11-12-51_7_frame95,2016-05-23,1251936,0.030527119597167907,0.030871386396748714,0.00034426679958080714,1309,878,1197115,1309,650,1,81,878,37340,0,0,0,4555,0,8414,12,1581,0,0,0,0,0,0,0,0,0,0
M2,2016-05-23__bonirob_2016-05-23-11-12-51_7_frame96,2016-05-23,1251936,0.014365750325895254,0.014539880632875802,0.0001741303069805484,563,345,1231004,563,454,0,0,345,17640,0,0,0,1497,0,433,0,0,0,0,0,0,0,0,0,0,0,0
M2,2016-05-23__bonirob_2016-05-23-11-12-51_7_frame97,2016-05-23,1251936,0.031170123712394245,0.031723666385502135,0.0005535426731078895,1220,527,1209746,1220,141,0,0,527,38496,0,0,0,1055,0,751,0,0,0,0,0,0,0,0,0,0,0,0
M2,2016-05-23__bonirob_2016-05-23-11-12-51_7_frame101,2016-05-23,1251936,0.039016371443907676,0.03904273061881758,2.635917490990264e-05,1290,1257,1199679,1290,179,0,0,1257,47589,0,0,0,372,0,1570,0,0,0,0,0,0,0,0,0,0,0,0
M2,2016-05-23__bonirob_2016-05-23-11-12-51_7_frame107,2016-05-23,1251936,0.027384786442757457,0.02748223551363648,9.744907087902432e-05,1343,1221,1213861,1343,202,0,0,1205,33063,16,0,0,1596,0,650,0,0,0,0,0,0,0,0,0,0,0,0
M2,2016-05-23__bonirob_2016-05-23-11-12-51_7_frame109,2016-05-23,1251936,0.0334577805894231,0.03401212202540705,0.0005543414359839502,1214,520,1204691,1160,852,0,0,520,41367,0,0,0,1097,54,2195,0,0,0,0,0,0,0,0,0,0,0,0
M2,2016-05-23__bonirob_2016-05-23-11-12-51_7_frame111,2016-05-23,1251936,0.03649387828131789,0.03701946425376377,0.0005255859724458758,1409,751,1201789,857,371,0,0,751,44937,0,0,0,1538,552,1141,0,0,0,0,0,0,0,0,0,0,0,0
M2,2016-05-23__bonirob_2016-05-23-11-12-51_7_frame116,2016-05-23,1251936,0.03902675536129643,0.039815933082841294,0.0007891777215448675,1764,776,1198047,1764,41,0,0,776,48083,0,0,0,3136,0,89,0,0,0,0,0,0,0,0,0,0,0,0
M2,2016-05-23__bonirob_2016-05-23-11-12-51_7_frame119,2016-05-23,1251936,0.013106101270352478,0.013742715282570355,0.0006366140122178766,1051,254,1231519,780,92,0,0,254,16154,0,0,0,2399,271,467,0,0,0,0,0,0,0,0,0,0,0,0
M2,2016-05-23__bonirob_2016-05-23-11-12-51_7_frame137,2016-05-23,1251936,0.0018523311095774864,0.002145477085090612,0.00029314597551312544,490,123,1248786,490,100,0,0,123,2196,0,0,0,194,0,47,0,0,0,0,0,0,0,0,0,0,0,0
M2,2016-05-23__bonirob_2016-05-23-11-12-51_7_frame190,2016-05-23,1251936,0.03310312987245354,0.0333619290442962,0.0002587991718426552,1805,1481,1205223,1805,97,0,33,1481,39962,0,0,0,2243,0,995,0,97,0,0,0,0,0,0,0,0,0,0
M3,2016-05-23__bonirob_2016-05-23-10-37-10_0_frame23,2016-05-23,1251936,0.05600685658052808,0.05925143138307389,0.0032445748025458146,6496,2434,1060546,4963,1275,0,9718,2082,67683,0,0,352,0,0,0,0,0,10405,29,426,0,2349,34408,1504,995,0,55201
M3,2016-05-23__bonirob_2016-05-23-10-37-10_0_frame28,2016-05-23,1251936,0.04947377501725328,0.05012396799836413,0.0006501929811108531,4747,3933,1147998,4742,1470,0,4427,3933,58005,0,0,0,0,0,0,0,0,0,0,0,0,0,16660,5,1191,0,13505
M3,2016-05-23__bonirob_2016-05-23-10-37-10_0_frame30,2016-05-23,1251936,0.011623597372389643,0.01261086828719679,0.0009872709148071469,2683,1447,1223467,2476,228,0,256,1447,13105,0,0,0,0,0,0,0,0,0,0,0,0,0,8880,207,490,0,1380
M3,2016-05-23__bonirob_2016-05-23-10-37-10_0_frame31,2016-05-23,1251936,0.018276493367073078,0.01927574572502109,0.0009992523579480106,2685,1434,1203267,2099,739,0,0,1434,21447,0,0,0,0,0,0,0,0,222,0,36,0,0,16646,586,5254,0,206
M3,2016-05-23__bonirob_2016-05-23-10-37-10_0_frame35,2016-05-23,1251936,0.02303552258262403,0.028987104772128926,0.005951582189504895,8911,1460,1194634,2083,3,0,844,1460,27379,0,0,0,0,0,0,0,0,0,0,0,0,0,12846,6828,0,0,5859
M3,2016-05-23__bonirob_2016-05-23-10-37-10_0_frame44,2016-05-23,1251936,0.02813322725762339,0.03350970017636684,0.00537647291874345,7380,649,1087139,5172,1446,1,22436,514,34572,24,0,111,0,0,0,0,0,2302,0,908,0,822,15145,2208,369,0,78767
M3,2016-05-23__bonirob_2016-05-23-10-37-10_0_frame47,2016-05-23,1251936,0.02487667101193671,0.026471001712547605,0.0015943307006108937,3396,1400,1193937,3225,604,0,1070,1400,29744,0,0,0,0,0,0,0,0,216,0,0,0,0,11791,171,0,0,9778
M3,2016-05-23__bonirob_2016-05-23-10-37-10_0_frame50,2016-05-23,1251936,0.004718292308872019,0.004116025100324617,-0.0006022672085474017,142,896,1243774,142,1458,0,0,896,5011,0,0,0,0,0,0,0,0,0,0,0,0,0,529,0,126,0,0
M3,2016-05-23__bonirob_2016-05-23-10-37-10_0_frame52,2016-05-23,1251936,0.022215991871788972,0.02195799146282238,-0.00025800040896659104,1810,2133,1221013,1810,431,0,0,2133,25680,0,0,0,0,0,0,0,0,350,0,519,0,0,0,0,0,0,0
M3,2016-05-23__bonirob_2016-05-23-10-37-10_0_frame55,2016-05-23,1251936,0.014465595685402448,0.01397355775375099,-0.0004920379316514581,937,1553,1231959,937,120,0,0,1553,16557,0,0,0,0,0,0,0,0,0,0,0,0,0,459,0,351,0,0
M3,2016-05-23__bonirob_2016-05-23-10-37-10_0_frame60,2016-05-23,1251936,0.026052449965493444,0.026861596758939753,0.0008091467934463088,2489,1476,1209936,2046,597,0,171,1476,31140,0,0,0,0,0,0,0,0,946,0,315,0,0,2993,443,294,0,1579
M3,2016-05-23__bonirob_2016-05-23-10-37-10_0_frame93,2016-05-23,1251936,0.001304379776601999,0.0013283426628837257,2.3962886281726813e-05,147,117,1231593,147,1051,0,1088,117,1516,0,0,0,0,0,0,0,0,3374,0,1918,1,0,6778,0,1073,0,3280
M3,2016-05-23__bonirob_2016-05-23-10-37-10_0_frame96,2016-05-23,1251936,0.006273483628556092,0.007103398256779899,0.0008299146282238065,1396,357,1213709,840,637,0,2453,357,7497,0,0,0,0,0,0,0,0,2963,0,2147,0,0,9316,556,917,0,10544
M3,2016-05-23__bonirob_2016-05-23-10-37-10_0_frame97,2016-05-23,1251936,0.0017772473992280755,0.0020767834777496615,0.0002995360785215859,576,201,1205269,160,1319,4,2161,201,2024,0,0,0,0,0,0,0,0,3169,416,1549,277,674,16638,0,4559,0,13516
M3,2016-05-23__bonirob_2016-05-23-10-37-10_0_frame102,2016-05-23,1251936,0.029696406206068043,0.029829799606369653,0.00013339340030161032,1546,1379,1168175,1546,3644,58,897,1379,35799,0,0,0,0,0,0,0,0,12754,0,19296,625,373,3954,0,550,0,2886
M3,2016-05-23__bonirob_2016-05-23-10-37-10_0_frame103,2016-05-23,1251936,0.01924858778723513,0.019544928814252484,0.0002963410270173557,2141,1770,1184694,1677,1671,0,3139,1721,22328,49,0,0,0,0,0,0,0,2458,0,1756,0,157,16818,464,3564,0,11440
M3,2016-05-23__bonirob_2016-05-23-10-37-10_0_frame113,2016-05-23,1251936,0.014313830738951512,0.014901720215729877,0.0005878894767783645,2226,1490,1205732,1729,1231,1,1800,1490,16430,0,0,0,0,0,0,0,0,5197,497,2805,13,0,9394,0,263,0,5354
M3,2016-05-23__bonirob_2016-05-23-10-37-10_0_frame114,2016-05-23,1251936,0.012049337985328323,0.013726740025049203,0.0016774020397208808,3094,994,1203729,2103,1827,0,4484,994,14091,0,0,0,0,0,0,0,0,4397,991,2148,0,0,8207,0,1118,0,7847
M3,2016-05-23__bonirob_2016-05-23-10-37-10_0_frame117,2016-05-23,1251936,0.0008506824630013036,0.003692680776014109,0.0028419983130128054,3749,191,1218179,626,1583,0,3879,191,874,0,0,0,0,0,0,0,0,1525,3123,702,1,0,13123,0,1283,0,6847
M3,2016-05-23__bonirob_2016-05-23-10-37-10_0_frame125,2016-05-23,1251936,0.023097027324080463,0.024794398435702785,0.001697371111622322,3139,1014,1166819,3003,261,2,6619,618,27902,20,0,376,0,0,0,0,0,3343,0,241,0,35,17597,136,574,0,24390
M3,2016-05-23__bonirob_2016-05-23-10-37-10_0_frame128,2016-05-23,1251936,0.023093832272576234,0.024917407918615648,0.0018235756460394138,3521,1238,1164018,2370,277,237,3934,1238,27674,0,0,0,0,0,0,0,0,2631,0,295,205,1225,26663,1151,38,0,19980
M3,2016-05-23__bonirob_2016-05-23-10-37-10_0_frame132,2016-05-23,1251936,0.04296625386601232,0.044249865807836825,0.0012836119418245043,2661,1054,1178513,2661,32,2,2995,1054,52737,0,0,0,0,0,0,0,0,2121,0,45,27,535,3333,0,0,0,7881
M3,2016-05-23__bonirob_2016-05-23-10-37-10_0_frame139,2016-05-23,1251936,0.02433590854484574,0.025232919254658384,0.0008970107098126429,2304,1181,1192652,2272,679,47,2016,1181,29286,0,0,0,0,0,0,0,0,4465,32,2331,277,802,6841,0,618,0,8437
M3,2016-05-23__bonirob_2016-05-23-10-37-10_0_frame143,2016-05-23,1251936,0.04456777343250773,0.04603669836157759,0.0014689249290698592,3480,1641,1173623,3480,218,311,1766,1641,54155,0,0,0,0,0,0,0,0,2582,0,1242,1057,248,6534,0,142,50,4887
M3,2016-05-23__bonirob_2016-05-23-10-37-10_0_frame145,2016-05-23,1251936,0.019604037267080744,0.02118159394729443,0.0015775566802136848,2787,812,1196196,2523,520,0,2132,812,23731,0,0,0,0,0,0,0,0,632,95,215,0,0,10984,169,3075,0,10852
M3,2016-05-23__bonirob_2016-05-23-10-37-10_0_frame150,2016-05-23,1251936,0.06277956700662014,0.06402803338189812,0.001248466375277979,4632,3069,1157010,3913,246,14,707,3069,75527,0,0,0,0,0,0,0,0,3447,719,354,24,432,2889,0,281,0,3304
M3,2016-05-23__bonirob_2016-05-23-10-37-10_0_frame151,2016-05-23,1251936,0.06416302430795184,0.06442022595404238,0.00025720164609054075,4046,3724,1156618,3990,471,0,501,3724,76604,0,0,0,0,0,0,0,0,3601,56,1118,1,110,3476,0,309,0,1357
M3,2016-05-23__bonirob_2016-05-23-10-37-10_0_frame152,2016-05-23,1251936,0.056748907292385554,0.05784081614395624,0.0010919088515706846,4338,2971,1170274,4338,68,0,354,2971,68075,0,0,0,0,0,0,0,0,0,0,0,0,0,2684,0,1341,5,1826
M3,2016-05-23__bonirob_2016-05-23-10-37-10_0_frame156,2016-05-23,1251936,0.028161982721161466,0.027241009125067096,-0.0009209735960943703,1583,2736,1204943,1583,158,8,1858,2736,32521,0,0,0,0,0,0,0,0,1569,0,539,60,176,2975,0,0,0,2810
M3,2016-05-23__bonirob_2016-05-23-10-37-10_0_frame161,2016-05-23,1251936,0.010181830381105744,0.010266499245967845,8.466886486210162e-05,1156,1050,1201484,1142,16,0,5089,1050,11697,0,0,0,0,0,0,0,0,619,14,146,0,99,12293,0,0,0,18287
M3,2016-05-23__bonirob_2016-05-23-10-37-10_0_frame169,2016-05-23,1251936,0.05118792014927281,0.05309217084579403,0.0019042506965212258,3853,1469,1154455,3853,1,125,4917,1469,62615,0,0,0,0,0,0,0,0,1470,0,13,207,457,10853,0,0,0,11501
M3,2016-05-23__bonirob_2016-05-23-10-37-10_0_frame180,2016-05-23,1251936,0.07668443115303018,0.08141310737929096,0.004728676226260775,8508,2588,1119744,8304,34,40,4572,2588,93416,0,0,0,0,0,0,0,0,2041,0,145,141,2347,5536,204,24,0,12800
M3,2016-05-23__bonirob_2016-05-23-10-37-10_0_frame182,2016-05-23,1251936,0.03931111494517291,0.04409171075837742,0.004780595813204509,7023,1038,1110388,4260,3328,0,3849,1038,48177,0,0,0,0,0,0,0,0,4024,1980,39310,0,0,11938,783,7682,0,15179
M3,2016-05-23__bonirob_2016-05-23-10-37-10_0_frame197,2016-05-23,1251936,0.0,0.0010735373054213634,0.0010735373054213634,1344,0,1246363,132,237,0,118,0,0,0,0,0,0,0,0,0,0,1532,1212,600,0,0,888,0,408,0,446
M3,2016-05-23__bonirob_2016-05-23-10-37-10_0_frame205,2016-05-23,1251936,0.03353765687702886,0.03534605602842318,0.0018083991513943229,4136,1872,1182779,3576,123,0,4001,1872,40115,0,0,0,0,0,0,0,0,454,0,146,0,0,7292,560,145,0,10873
M3,2016-05-23__bonirob_2016-05-23-10-37-10_0_frame209,2016-05-23,1251936,0.05423759681006058,0.05670178028269816,0.0024641834726375766,4211,1126,1163988,4043,21,0,2246,1126,66776,0,0,0,0,0,0,0,0,479,168,147,0,175,3845,0,7,0,8915
M3,2016-05-23__bonirob_2016-05-23-10-37-10_0_frame210,2016-05-23,1251936,0.03593953684533395,0.04548714950284999,0.009547612657516039,13906,1953,1150789,4513,68,0,5963,1390,43041,0,0,563,0,0,0,0,0,1755,1765,49,0,1112,7102,7628,109,0,26089
M3,2016-05-23__bonirob_2016-05-23-10-37-10_0_frame214,2016-05-23,1251936,0.012057325614088898,0.01230254581703857,0.0002452202029496718,837,530,1226610,732,561,0,465,530,14565,0,0,0,0,0,0,0,0,4737,105,1867,0,0,728,0,40,0,996
M3,2016-05-23__bonirob_2016-05-23-10-37-10_0_frame215,2016-05-23,1251936,0.020675977046749994,0.020494657873884926,-0.0001813191728650687,1424,1651,1216931,1424,1425,0,121,1651,24234,0,0,0,0,0,0,0,0,2046,0,879,0,0,1268,0,1822,0,135
M3,2016-05-23__bonirob_2016-05-23-10-37-10_0_frame220,2016-05-23,1251936,0.03284512946348695,0.03428130511463845,0.0014361756511514986,2750,952,1200183,2207,30,4,1078,952,40168,0,0,0,0,0,0,0,0,781,543,87,3,85,3404,0,0,0,2411
M3,2016-05-23__bonirob_2016-05-23-10-37-10_0_frame223,2016-05-23,1251936,0.07636891981698744,0.08007438079901848,0.0037054609820310336,7679,3040,1147029,6854,80,0,0,3040,92569,0,0,0,0,0,0,0,0,991,825,548,0,0,0,0,0,0,0
M3,2016-05-23__bonirob_2016-05-23-10-37-10_0_frame232,2016-05-23,1251936,0.06822313600695243,0.06839806507680904,0.00017492906985661083,4234,4015,1155778,4234,975,0,0,4015,81396,0,0,0,0,0,0,0,0,1431,0,1602,0,0,737,0,1768,0,0
M3,2016-05-23__bonirob_2016-05-23-10-37-10_0_frame234,2016-05-23,1251936,0.06772950054954886,0.06993807990184801,0.0022085793522991504,5746,2981,1142338,5732,277,10,3532,2981,81812,0,0,0,0,0,0,0,0,3440,14,643,98,422,3674,0,298,0,6665
M3,2016-05-23__bonirob_2016-05-23-10-37-10_0_frame239,2016-05-23,1251936,0.01315163075428776,0.018195818316591263,0.005044187562303503,7284,969,1225024,1529,594,0,0,969,15496,0,0,0,0,0,0,0,0,1791,5755,778,0,0,0,0,0,0,0
M3,2016-05-23__bonirob_2016-05-23-10-37-10_0_frame242,2016-05-23,1251936,0.037803050635176236,0.03808820898192879,0.0002851583467525509,1762,1405,1197348,1650,1053,0,0,1405,45922,0,0,0,0,0,0,0,0,2533,112,1913,0,0,0,0,0,0,0
M3,2016-05-23__bonirob_2016-05-23-10-37-10_0_frame246,2016-05-23,1251936,0.09077061447230529,0.09424603174603174,0.0034754172737264527,7319,2968,1127116,6111,276,0,0,2968,110671,0,0,0,0,0,0,0,0,2235,0,461,0,0,703,1208,172,0,15
M3,2016-05-23__bonirob_2016-05-23-10-37-10_0_frame253,2016-05-23,1251936,0.050581659126345116,0.051710311070214454,0.0011286519438693382,3658,2245,1179641,3198,558,0,488,2245,61080,0,0,0,0,0,0,0,0,1967,460,676,1,0,644,0,245,0,733
M3,2016-05-23__bonirob_2016-05-23-10-37-10_0_frame256,2016-05-23,1251936,0.08441326074176315,0.08696610689364312,0.0025528461518799644,5693,2497,1127653,5693,27,32,2210,2497,103183,0,0,0,0,0,0,0,0,1392,0,34,61,511,3559,0,0,0,5084
M3,2016-05-23__bonirob_2016-05-23-10-37-10_0_frame257,2016-05-23,1251936,0.05492213659484191,0.05594135802469136,0.0010192214298494484,3545,2269,1173896,3545,83,82,841,2269,66490,0,0,0,0,0,0,0,0,1348,0,498,203,71,1350,0,0,0,1260
M3,2016-05-23__bonirob_2016-05-23-10-37-10_0_frame258,2016-05-23,1251936,0.053157669401630754,0.05627524090688342,0.0031175715052526656,5414,1511,1174466,5168,732,0,0,1511,65039,0,0,0,0,0,0,0,0,2150,246,1973,0,0,551,0,100,0,0
M3,2016-05-23__bonirob_2016-05-23-10-37-10_0_frame261,2016-05-23,1251936,0.07521950003834062,0.07871408762109246,0.0034945875827518402,6663,2288,1146349,6657,1276,0,0,2288,91882,0,0,0,0,0,0,0,0,1410,6,2068,0,0,0,0,0,0,0
M3,2016-05-23__bonirob_2016-05-23-10-37-10_0_frame269,2016-05-23,1251936,0.05744782480893592,0.057600388518262914,0.00015256370932699437,2948,2757,1171318,2948,988,0,0,2757,69164,0,0,0,0,0,0,0,0,2009,0,2150,0,0,508,0,94,0,0
M3,2016-05-23__bonirob_2016-05-23-10-37-10_0_frame276,2016-05-23,1251936,0.07116657720522455,0.07257799120721826,0.0014114140019937105,4357,2590,1154763,4357,776,0,0,2590,86506,0,0,0,0,0,0,0,0,1569,0,996,0,0,220,0,159,0,0
M3,2016-05-23__bonirob_2016-05-23-10-37-10_0_frame283,2016-05-23,1251936,0.05168794570968484,0.056249680494849574,0.004561734785164737,8011,2300,1137622,5903,18712,13,649,2300,62410,0,0,0,0,0,0,0,0,7946,1264,12284,25,762,1071,844,48,0,83
M3,2016-05-23__bonirob_2016-05-23-10-37-10_0_frame288,2016-05-23,1251936,0.038601813511233804,0.04004757431689799,0.0014457608056641855,3758,1948,1196160,3758,284,0,141,1948,46379,0,0,0,0,0,0,0,0,1039,0,293,24,0,1078,0,164,0,668
M3,2016-05-23__bonirob_2016-05-23-10-37-10_0_frame301,2016-05-23,1251936,0.018877961812744423,0.019741424481762648,0.0008634626690182251,2612,1531,1173502,2259,350,0,8239,1531,22103,0,0,0,0,0,0,0,0,1786,0,460,0,248,12518,353,1316,0,27271
M3,2016-05-23__bonirob_2016-05-23-10-37-10_0_frame304,2016-05-23,1251936,0.02194601001968152,0.02089723436341794,-0.00104877565626358,1653,2966,1221543,1653,294,0,0,1616,24509,1350,0,0,0,0,0,0,0,487,0,484,0,0,0,0,0,0,0
M3,2016-05-23__bonirob_2016-05-23-10-42-16_1_frame1,2016-05-23,1251936,0.07258438131022672,0.07290308769777369,0.00031870638754696867,2603,2204,1087413,2603,27,30,5442,2204,88667,0,0,0,0,0,0,0,0,0,0,0,0,0,15525,0,111,73,49841
M3,2016-05-23__bonirob_2016-05-23-10-42-16_1_frame17,2016-05-23,1251936,0.06228673031209263,0.06844918590087672,0.006162455588784088,8530,815,1147849,2611,45,1,642,815,77164,0,0,0,0,0,0,0,0,0,0,0,0,0,3622,5919,1588,1,11679
M3,2016-05-23__bonirob_2016-05-23-10-42-16_1_frame21,2016-05-23,1251936,0.04761505380466733,0.03887578917772155,-0.008739264626945784,946,11887,1191248,946,111,1,19,4928,47724,6639,0,320,0,0,0,0,0,0,0,0,0,0,0,0,0,0,0
M3,2016-05-23__bonirob_2016-05-23-10-42-16_1_frame27,2016-05-23,1251936,0.07143176648007565,0.07134949390384172,-8.227257623392992e-05,1622,1725,1154318,1561,138,0,261,1725,87703,0,0,0,0,0,0,0,0,0,0,0,0,0,2070,61,1050,6,3043
M3,2016-05-23__bonirob_2016-05-23-10-42-16_1_frame28,2016-05-23,1251936,0.06659925107992741,0.06485714924724587,-0.0017421018326815446,896,3077,1163246,896,438,0,0,2721,80301,356,0,0,1276,0,2702,0,0,0,0,0,0,0,0,0,0,0,0
M3,2016-05-23__bonirob_2016-05-23-10-42-16_1_frame30,2016-05-23,1251936,0.08099455563223679,0.08226458860516832,0.0012700329729315313,2896,1306,1134385,2070,34,2,874,1306,100094,0,0,0,0,0,0,0,0,0,0,0,0,0,3464,826,100,9,8772
M3,2016-05-23__bonirob_2016-05-23-10-42-16_1_frame39,2016-05-23,1251936,0.0417281714081231,0.04147176852490862,-0.0002564028832144766,1077,1398,1181269,1077,170,10,1207,1302,50843,0,0,96,0,0,0,0,0,0,0,0,0,0,4853,0,1484,75,9550
M3,2016-05-23__bonirob_2016-05-23-10-42-16_1_frame48,2016-05-23,1251936,0.060513476727244844,0.06078106229072413,0.0002675855634792848,1806,1471,1154691,1806,0,5,2023,1471,74288,0,0,0,0,0,0,0,0,0,0,0,0,0,4369,0,28,16,13239
M3,2016-05-23__bonirob_2016-05-23-10-42-16_1_frame49,2016-05-23,1251936,0.051084080975385325,0.05035720675817294,-0.0007268742172123824,2350,3260,1183430,1610,178,0,85,2357,60694,565,0,338,1121,740,692,0,126,0,0,0,0,0,0,0,0,0,0
M3,2016-05-23__bonirob_2016-05-23-10-42-16_1_frame53,2016-05-23,1251936,0.0,0.1055061920098152,0.1055061920098152,132087,0,707103,12013,28086,3,32,0,0,0,0,0,17656,120074,366611,3,355,0,0,0,0,0,0,0,0,0,0
M3,2016-05-23__bonirob_2016-05-23-10-42-16_1_frame54,2016-05-23,1251936,0.027587672213276078,0.25835346215780997,0.2307657899445339,288907,3,749646,18958,7560,108,489,3,34535,0,0,0,16344,269949,154313,0,31,0,0,0,0,0,0,0,0,0,0
M3,2016-05-23__bonirob_2016-05-23-10-42-16_1_frame58,2016-05-23,1251936,0.06889409682284078,0.06992849474733533,0.0010343979244945428,2207,912,1148136,2207,8,0,1566,912,85339,0,0,0,0,0,0,0,0,0,0,0,0,0,2372,0,24,15,11357
M3,2016-05-23__bonirob_2016-05-23-10-42-16_1_frame62,2016-05-23,1251936,0.022053843007949287,0.02161372466324157,-0.000440118344707717,772,1323,1205239,469,12,80,934,1323,26287,0,0,0,0,0,0,0,0,0,0,0,0,0,4271,303,1273,839,10906
M3,2016-05-23__bonirob_2016-05-23-10-42-16_1_frame66,2016-05-23,1251936,0.06108778723513023,0.059856893643125526,-0.001230893592004706,597,2138,1172505,597,261,0,0,2138,74340,0,0,0,844,0,1251,0,0,0,0,0,0,0,0,0,0,0,0
M3,2016-05-23__bonirob_2016-05-23-10-42-16_1_frame69,2016-05-23,1251936,0.0,0.10555571530813077,0.10555571530813077,132149,0,1086806,5396,54,33,1591,0,0,0,0,0,0,0,0,0,0,0,0,0,0,0,8904,126753,637,552,21210
M3,2016-05-23__bonirob_2016-05-23-10-42-16_1_frame79,2016-05-23,1251936,0.07098925184673976,0.06884377476164916,-0.002145477085090608,3143,5829,1145172,3090,242,45,1297,5829,83045,0,0,0,0,0,0,0,0,0,0,0,0,0,4071,53,2517,207,6368
M3,2016-05-23__bonirob_2016-05-23-10-42-16_1_frame81,2016-05-23,1251936,0.09532436162870946,0.0963851187281139,0.0010607570994044385,4828,3500,1118579,4605,14,12,1219,1014,115840,0,0,2486,0,0,0,0,0,0,0,0,0,0,2028,223,97,37,5782
M3,2016-05-23__bonirob_2016-05-23-10-42-16_1_frame83,2016-05-23,1251936,0.0,0.11953007182475782,0.11953007182475782,149644,0,1082062,5166,60,0,2381,0,0,0,0,0,0,0,0,0,0,0,0,0,0,0,3072,144478,1922,0,12795
M3,2016-05-23__bonirob_2016-05-23-10-42-16_1_frame88,2016-05-23,1251936,0.13025106714720242,0.1311137310533446,0.0008626639061421748,3248,2168,1084718,3232,112,0,0,2168,160898,0,0,0,405,16,387,0,0,0,0,0,0,0,0,0,0,0,0
M3,2016-05-23__bonirob_2016-05-23-10-42-16_1_frame89,2016-05-23,1251936,0.09577007131354957,0.09782608695652174,0.00205601564297217,3218,644,1108544,3218,1,0,3400,644,119254,0,0,0,0,0,0,0,0,0,0,0,0,0,2573,0,3,0,14299
M3,2016-05-23__bonirob_2016-05-23-10-42-16_1_frame94,2016-05-23,1251936,0.12082247015821895,0.1251453748434425,0.004322904685223533,6576,1164,1072419,5893,72,0,3220,1152,150098,0,0,12,0,0,0,0,0,0,0,0,0,0,3537,683,931,0,13919
M3,2016-05-23__bonirob_2016-05-23-10-42-16_1_frame96,2016-05-23,1251936,0.09648815913912533,0.09721982593359405,0.0007316667944687189,1619,703,1122923,1619,625,15,520,703,120094,0,0,0,0,0,0,0,0,0,0,0,0,0,1120,0,1594,1,2722
M3,2016-05-23__bonirob_2016-05-23-10-42-16_1_frame104,2016-05-23,1251936,0.1289658576796258,0.13262978299210182,0.0036639253124760296,5407,820,1079390,5407,1589,0,0,820,160637,0,0,0,0,0,0,0,0,0,0,0,0,0,556,0,3537,0,0
M3,2016-05-23__bonirob_2016-05-23-10-42-16_1_frame111,2016-05-23,1251936,0.05584390895381233,0.056216931216931214,0.0003730222631188815,2033,1566,1167068,1095,5,50,930,1566,68347,0,0,0,0,0,0,0,0,0,0,0,0,0,3592,938,182,305,7858
M3,2016-05-23__bonirob_2016-05-23-10-42-16_1_frame117,2016-05-23,1251936,0.07738494619533266,0.07642004064105513,-0.0009649055542775287,2322,3530,1135199,2261,1324,0,909,3530,93351,0,0,0,0,0,0,0,0,0,0,0,0,0,3304,61,7101,1,4895
M3,2016-05-23__bonirob_2016-05-23-10-42-16_1_frame124,2016-05-23,1251936,0.10190297267591954,0.10396218337039594,0.002059210694476399,4196,1618,1114537,3894,1190,0,0,1618,125958,0,0,0,851,302,3586,0,0,0,0,0,0,0,0,0,0,0,0
M3,2016-05-23__bonirob_2016-05-23-10-42-16_1_frame125,2016-05-23,1251936,0.0,0.13608363366817472,0.13608363366817472,170368,0,1066696,7703,20,76,2177,0,0,0,0,0,0,0,0,0,0,0,0,0,0,0,2899,162665,41,215,9444
M3,2016-05-23__bonirob_2016-05-23-10-42-16_1_frame126,2016-05-23,1251936,0.10595988932341589,0.10647349385272091,0.0005136045293050173,6085,5442,1106156,4312,60,103,1466,2339,127213,4,0,3099,0,0,0,0,0,0,0,0,0,0,1682,1773,557,104,3068
M3,2016-05-23__bonirob_2016-05-23-10-42-16_1_frame132,2016-05-23,1251936,0.06132422104644327,0.06093362600005112,-0.0003905950463921476,1111,1600,1163770,1111,1025,0,0,1600,75174,0,0,0,2175,0,7081,0,0,0,0,0,0,0,0,0,0,0,0
M3,2016-05-23__bonirob_2016-05-23-10-42-16_1_frame135,2016-05-23,1251936,0.10391425759783247,0.09974391662193595,-0.004170340975896525,3814,9035,1111443,3814,136,0,629,7118,121059,103,0,1814,0,0,0,0,0,0,0,0,0,0,1258,0,479,4,4079
M3,2016-05-23__bonirob_2016-05-23-10-42-16_1_frame137,2016-05-23,1251936,0.10763649260026072,0.10917331237379546,0.001536819773534745,4006,2082,1110799,4006,445,0,0,2082,132672,0,0,0,662,0,1270,0,0,0,0,0,0,0,0,0,0,0,0
M3,2016-05-23__bonirob_2016-05-23-10-42-16_1_frame138,2016-05-23,1251936,0.10651822457378013,0.11246341666027657,0.005945192086496437,7936,493,1095405,3984,18,0,2265,493,132861,0,0,0,0,0,0,0,0,0,0,0,0,0,1488,3952,0,0,11470
M3,2016-05-23__bonirob_2016-05-23-10-42-16_1_frame139,2016-05-23,1251936,0.05465055721698234,0.059085288704853925,0.004434731487871588,6474,922,1173676,2485,68,0,110,922,67497,0,0,0,0,0,0,0,0,0,0,0,0,0,1599,3989,378,14,1198
M3,2016-05-23__bonirob_2016-05-23-10-42-16_1_frame140,2016-05-23,1251936,0.10496622830560029,0.11100647317434757,0.006040244868747283,8227,665,1107600,6310,85,5,481,665,130746,0,0,0,0,0,0,0,0,0,0,0,0,0,990,1917,519,23,2595
M3,2016-05-23__bonirob_2016-05-23-10-42-16_1_frame150,2016-05-23,1251936,0.04495437466451959,0.046281918564527263,0.001327543900007673,2226,564,1152625,2106,268,6,4356,564,55716,0,0,0,7185,120,1535,46,27409,0,0,0,0,0,0,0,0,0,0
M3,2016-05-23__bonirob_2016-05-23-10-42-16_1_frame154,2016-05-23,1251936,0.09725736778876876,0.09714314469749252,-0.0001142230912762332,1997,2140,1125834,1994,358,0,0,2140,119620,0,0,0,327,3,1660,0,0,0,0,0,0,0,0,0,0,0,0
M3,2016-05-23__bonirob_2016-05-23-10-42-16_1_frame155,2016-05-23,1251936,0.12070185696393426,0.12629559338496538,0.005593736421031115,8091,1088,1087573,7355,1062,0,0,1088,150023,0,0,0,627,736,3472,0,0,0,0,0,0,0,0,0,0,0,0
M3,2016-05-23__bonirob_2016-05-23-10-42-16_1_frame158,2016-05-23,1251936,0.1013765879405976,0.10584007489200727,0.004463486951409662,6509,921,1111407,3128,307,94,160,921,125996,0,0,0,0,0,0,0,0,0,0,0,0,0,1778,3381,3345,115,1304
M3,2016-05-23__bonirob_2016-05-23-10-42-16_1_frame160,2016-05-23,1251936,0.09297520001022416,0.09460547504025765,0.00163027503003349,3340,1299,1122335,2872,603,13,143,1299,115100,0,0,0,0,0,0,0,0,0,0,0,0,0,2379,468,6230,77,417
M3,2016-05-23__bonirob_2016-05-23-10-42-16_1_frame164,2016-05-23,1251936,0.11251214119571608,0.1169668417554891,0.0044547005597730255,6362,785,1098016,5219,1023,0,0,785,140073,0,0,0,1112,1143,4565,0,0,0,0,0,0,0,0,0,0,0,0
M3,2016-05-23__bonirob_2016-05-23-10-42-16_1_frame180,2016-05-23,1251936,0.0,0.10417784934693147,0.10417784934693147,130424,0,1102243,6225,40,27,2398,0,0,0,0,0,0,0,0,0,0,0,0,0,0,0,5100,124199,39,23,11642
M3,2016-05-23__bonirob_2016-05-23-10-42-16_1_frame185,2016-05-23,1251936,0.13341017432201008,0.13757891777215447,0.0041687434501443965,6274,1055,1063293,6274,3425,0,0,687,165966,368,0,0,1397,0,10526,0,0,0,0,0,0,0,0,0,0,0,0
M3,2016-05-23__bonirob_2016-05-23-10-42-16_1_frame187,2016-05-23,1251936,0.1281806737724612,0.13384310380083328,0.0056624300283720785,7567,478,1043888,7556,0,6,7792,445,159996,0,0,33,0,0,0,0,0,0,0,0,0,0,3292,11,0,5,28912
M3,2016-05-23__bonirob_2016-05-23-10-42-16_1_frame189,2016-05-23,1251936,0.09610315543286557,0.0990577793114025,0.002954623878536927,5648,1949,1107020,5379,15,149,2466,1304,118366,0,0,645,0,0,0,0,0,0,0,0,0,0,2757,269,165,119,13282
M3,2016-05-23__bonirob_2016-05-23-10-42-16_1_frame193,2016-05-23,1251936,0.04533139074201876,0.045397688060731536,6.629731871277827e-05,1589,1506,1176850,1145,1545,0,0,1506,55246,0,0,0,0,0,0,0,0,0,0,0,0,0,3541,444,11659,0,0
M3,2016-05-23__bonirob_2016-05-23-10-42-16_1_frame194,2016-05-23,1251936,0.0,0.11554903765048692,0.11554903765048692,144660,0,1064734,8620,118,8,7026,0,0,0,0,0,0,0,0,0,0,0,0,0,0,0,7241,136040,1217,1,26931
M3,2016-05-23__bonirob_2016-05-23-10-42-16_1_frame200,2016-05-23,1251936,0.11818575390435294,0.12174584004294149,0.0035600861385885474,7639,3182,1071845,7530,3529,688,727,1143,144779,2039,0,0,3258,109,11391,1232,3666,0,0,0,0,0,0,0,0,0,0
M3,2016-05-23__bonirob_2016-05-23-10-42-16_1_frame204,2016-05-23,1251936,0.08560421618996499,0.0884853538839046,0.00288113769393962,4277,670,1113454,3600,348,130,3557,670,106501,0,0,0,0,0,0,0,0,0,0,0,0,0,3950,677,2031,223,16795
M3,2016-05-23__bonirob_2016-05-23-10-42-16_1_frame217,2016-05-23,1251936,0.10415149017202158,0.09421647751961762,-0.009935012652403957,4608,17046,1114482,4608,2455,0,0,4241,113345,12805,0,0,0,0,0,0,0,0,0,0,0,0,0,0,0,0,0
M3,2016-05-23__bonirob_2016-05-23-10-42-16_1_frame218,2016-05-23,1251936,0.1297502428239143,0.13841841755489098,0.008668174730976669,11502,650,1056023,9595,500,372,2336,581,161789,13,56,0,0,0,0,0,0,0,0,0,0,0,2977,1907,1472,366,13949
M3,2016-05-23__bonirob_2016-05-23-10-42-16_1_frame219,2016-05-23,1251936,0.0,0.06797232446387036,0.06797232446387036,85097,0,1113846,3492,78,270,5567,0,0,0,0,0,0,0,0,0,0,0,0,0,0,0,7414,81605,113,442,39109
M3,2016-05-23__bonirob_2016-05-23-10-42-16_1_frame230,2016-05-23,1251936,0.10265540730516576,0.09660318099327761,-0.006052226311888148,4813,12390,1104595,2767,438,304,759,3576,116128,7778,164,872,0,0,0,0,0,0,0,0,0,0,3123,2046,2286,2871,4229
M3,2016-05-23__bonirob_2016-05-23-10-42-16_1_frame231,2016-05-23,1251936,0.049282870689875524,0.05384300794928814,0.004560137259412615,6244,535,1143952,1765,3,14,5426,535,61164,0,0,0,0,0,0,0,0,0,0,0,0,0,5794,4479,47,41,28716
M3,2016-05-23__bonirob_2016-05-23-10-42-16_1_frame232,2016-05-23,1251936,0.0,0.07096289267182987,0.07096289267182987,88841,0,1112131,3863,49,96,7305,0,0,0,0,0,0,0,0,0,0,0,0,0,0,0,5556,84978,228,146,37584
M3,2016-05-23__bonirob_2016-05-23-10-42-16_1_frame240,2016-05-23,1251936,0.12234650972573678,0.12636109194080208,0.0040145822150653016,5675,649,1081122,5524,3,347,1246,649,152521,0,0,0,0,0,0,0,0,0,0,0,0,0,2486,151,18,263,7606
M3,2016-05-23__bonirob_2016-05-23-10-42-16_1_frame253,2016-05-23,1251936,0.09275154640492805,0.09512067709531477,0.002369130690386717,3896,930,1113882,3429,0,29,2090,930,115189,0,0,0,0,0,0,0,0,0,0,0,0,0,3200,467,0,40,12680
M3,2016-05-23__bonirob_2016-05-23-10-42-16_1_frame254,2016-05-23,1251936,0.030652525368708945,0.029745929504383612,-0.0009065958643253332,397,1532,1196359,396,972,0,0,1322,36843,210,0,0,0,0,0,0,0,0,0,0,0,0,3383,1,12450,0,0
M3,2016-05-23__bonirob_2016-05-23-10-42-16_1_frame261,2016-05-23,1251936,0.06713921478414232,0.06893723001814789,0.001798015234005565,2535,284,1108920,2404,12,0,5148,284,83770,0,0,0,0,0,0,0,0,0,0,0,0,0,10421,131,1108,0,39738
M3,2016-05-23__bonirob_2016-05-23-10-42-16_1_frame266,2016-05-23,1251936,0.0605614024998083,0.061440840426347676,0.0008794379265393767,2074,973,1163525,2074,19,79,568,973,74846,0,0,0,0,0,0,0,0,0,0,0,0,0,3918,0,799,533,4602
M3,2016-05-23__bonirob_2016-05-23-10-42-16_1_frame274,2016-05-23,1251936,0.0,0.14026994990159242,0.14026994990159242,175609,0,1045644,7659,42,2,3432,0,0,0,0,0,0,0,0,0,0,0,0,0,0,0,3837,167950,399,5,22966
M3,2016-05-23__bonirob_2016-05-23-10-42-16_1_frame277,2016-05-23,1251936,0.10582090458298188,0.11203128594432943,0.00621038136134755,9358,1583,1080154,7435,17,0,4832,1583,130898,0,0,0,0,0,0,0,0,0,0,0,0,0,3811,1923,276,6,21001
M3,2016-05-23__bonirob_2016-05-23-10-42-16_1_frame280,2016-05-23,1251936,0.0,0.05085164097845257,0.05085164097845257,63663,0,1167205,938,0,53,1236,0,0,0,0,0,0,0,0,0,0,0,0,0,0,0,5274,62725,86,141,14278
M3,2016-05-23__bonirob_2016-05-23-10-42-16_1_frame281,2016-05-23,1251936,0.020298960969250823,0.020648819108964038,0.0003498581397132147,844,406,1183283,650,84,81,2160,406,25007,0,0,0,0,0,0,0,0,0,0,0,0,0,12562,194,1054,275,26180
M3,2016-05-23__bonirob_2016-05-23-10-42-16_1_frame286,2016-05-23,1251936,0.04950332924366741,0.04953927357309,3.594432942258946e-05,910,865,1169141,896,0,16,1266,865,61110,0,0,0,0,0,0,0,0,0,0,0,0,0,4932,14,33,197,13466
M3,2016-05-23__bonirob_2016-05-23-10-42-16_1_frame292,2016-05-23,1251936,0.056625099046596634,0.05476557907113463,-0.0018595199754620068,2332,4660,1156322,2184,33,13,1727,2927,66231,367,0,1366,0,0,0,0,0,0,0,0,0,0,4913,148,566,100,15039
M3,2016-05-23__bonirob_2016-05-23-10-42-16_1_frame293,2016-05-23,1251936,0.0,0.07281522378140735,0.07281522378140735,91160,0,1120180,2830,8,3,2945,0,0,0,0,0,0,0,0,0,0,0,0,0,0,0,8130,88330,136,72,29302
M3,2016-05-23__bonirob_2016-05-23-10-42-16_1_frame294,2016-05-23,1251936,0.0,0.09233539094650206,0.09233539094650206,115598,0,1091853,3950,8,1,2833,0,0,0,0,0,0,0,0,0,0,0,0,0,0,0,10554,111648,956,8,30125
M3,2016-05-23__bonirob_2016-05-23-10-42-16_1_frame295,2016-05-23,1251936,0.0012013393655905733,0.0011062865833397235,-9.50527822508498e-05,4,123,1233476,4,158,13,527,123,1381,0,0,0,0,0,0,0,0,0,0,0,0,0,6635,0,3972,64,5583
M3,2016-05-23__bonirob_2016-05-23-10-42-16_1_frame304,2016-05-23,1251936,0.0,0.023748019068067377,0.023748019068067377,29731,0,1131489,1560,34,0,4902,0,0,0,0,0,0,0,0,0,0,0,0,0,0,0,21601,28171,766,30,63383
M3,2016-05-23__bonirob_2016-05-23-10-47-22_2_frame7,2016-05-23,1251936,0.0,0.07404052603327965,0.07404052603327965,92694,0,1101761,2656,29,7,3104,0,0,0,0,0,0,0,0,0,0,0,0,0,0,0,15774,90038,345,4,38218
M3,2016-05-23__bonirob_2016-05-23-10-47-22_2_frame15,2016-05-23,1251936,0.03906349845359507,0.041927063364261434,0.0028635649106663608,4579,994,1163864,1374,150,0,3357,994,47911,0,0,0,0,0,0,0,0,0,0,0,0,0,4805,3205,1702,0,24574
M3,2016-05-23__bonirob_2016-05-23-10-47-22_2_frame24,2016-05-23,1251936,0.038956464228203355,0.03828789970094318,-0.0006685645272601765,494,1331,1193741,494,463,0,0,1331,47440,0,0,0,2846,0,5621,0,0,0,0,0,0,0,0,0,0,0,0
M3,2016-05-23__bonirob_2016-05-23-10-47-22_2_frame26,2016-05-23,1251936,0.02906138971960228,0.028267419420801063,-0.0007939702988012179,565,1559,1198182,565,244,0,783,1559,34824,0,0,0,0,0,0,0,0,0,0,0,0,0,4937,0,3403,0,7439
M3,2016-05-23__bonirob_2016-05-23-10-47-22_2_frame43,2016-05-23,1251936,0.04726439690207806,0.04940827646141656,0.0021438795593385004,3262,578,1110427,3041,13,0,6029,578,58594,0,0,0,0,0,0,0,0,0,0,0,0,0,11780,221,106,0,61147
M3,2016-05-23__bonirob_2016-05-23-10-47-22_2_frame44,2016-05-23,1251936,0.017989737494568413,0.01738507399739284,-0.0006046634971755734,277,1034,1205102,277,189,19,466,1034,21488,0,0,0,0,0,0,0,0,0,0,0,0,0,5386,0,10806,201,6968
M3,2016-05-23__bonirob_2016-05-23-10-47-22_2_frame47,2016-05-23,1251936,0.0035608849014646116,0.003062456866804693,-0.0004984280346599186,1,625,1240412,1,140,0,80,625,3833,0,0,0,0,0,0,0,0,0,0,0,0,0,3347,0,2291,3,1204
M3,2016-05-23__bonirob_2016-05-23-10-47-22_2_frame67,2016-05-23,1251936,0.03489555376632671,0.03388112491373361,-0.001014428852593105,307,1577,1201188,307,66,4,295,1577,42110,0,0,0,0,0,0,0,0,0,0,0,0,0,2071,0,1442,14,2862
M3,2016-05-23__bonirob_2016-05-23-10-47-22_2_frame68,2016-05-23,1251936,0.09191444291081972,0.09237293280167676,0.0004584898908570334,1829,1255,1133918,1829,393,0,0,1255,113816,0,0,0,175,0,550,0,0,0,0,0,0,0,0,0,0,0,0
M3,2016-05-23__bonirob_2016-05-23-10-47-22_2_frame69,2016-05-23,1251936,0.07101161720726938,0.07080074380799019,-0.00021087339927919335,1207,1471,1160145,1206,145,0,0,1471,87431,0,0,0,516,1,1021,0,0,0,0,0,0,0,0,0,0,0,0
M3,2016-05-23__bonirob_2016-05-23-10-47-22_2_frame70,2016-05-23,1251936,0.011953486440201416,0.010423855532551185,-0.0015296309076502316,131,2046,1234723,131,86,0,0,2046,12919,0,0,0,518,0,1513,0,0,0,0,0,0,0,0,0,0,0,0
M3,2016-05-23__bonirob_2016-05-23-10-47-22_2_frame78,2016-05-23,1251936,0.12079850727193722,0.1239384441377195,0.003139936865782275,5314,1383,1095035,5314,262,0,0,1383,149849,0,0,0,9,0,84,0,0,0,0,0,0,0,0,0,0,0,0
M3,2016-05-23__bonirob_2016-05-23-10-47-22_2_frame82,2016-05-23,1251936,0.0820145758249623,0.08271828591876901,0.0007037100938067087,2931,2050,1142924,2931,7,0,276,2050,100627,0,0,0,0,0,0,0,0,0,0,0,0,0,666,0,245,2,2208
M3,2016-05-23__bonirob_2016-05-23-10-47-22_2_frame86,2016-05-23,1251936,0.08359852260818444,0.08371913580246913,0.00012061319428469108,1522,1371,1141823,1522,476,0,0,1371,103289,0,0,0,0,0,0,0,0,0,0,0,0,0,807,0,2648,0,0
M3,2016-05-23__bonirob_2016-05-23-10-47-22_2_frame89,2016-05-23,1251936,0.039648192878869205,0.03854030876977737,-0.0011078841090918362,361,1748,1199495,266,70,0,0,1748,47889,0,0,0,502,95,1871,0,0,0,0,0,0,0,0,0,0,0,0
M3,2016-05-23__bonirob_2016-05-23-10-47-22_2_frame91,2016-05-23,1251936,0.10940655113360427,0.11070773585870204,0.0013011847250977704,3001,1372,1109281,3001,0,78,372,1372,135598,0,0,0,0,0,0,0,0,0,0,0,0,0,646,0,0,125,1463
M3,2016-05-23__bonirob_2016-05-23-10-47-22_2_frame95,2016-05-23,1251936,0.03011336042737009,0.02924191012959129,-0.0008714502977788009,195,1286,1213312,195,42,0,0,1286,36414,0,0,0,148,0,539,0,0,0,0,0,0,0,0,0,0,0,0
M3,2016-05-23__bonirob_2016-05-23-10-47-22_2_frame99,2016-05-23,1251936,0.03225803874958464,0.030790711346266902,-0.0014673274033177378,304,2141,1209643,304,168,0,0,2075,38244,66,0,0,0,0,0,0,0,0,0,0,0,0,977,0,431,0,28
M3,2016-05-23__bonirob_2016-05-23-10-47-22_2_frame102,2016-05-23,1251936,0.07179520358868186,0.07182955039235232,3.434680367046805e-05,1114,1071,1159796,1114,277,0,0,1071,88812,0,0,0,0,0,0,0,0,0,0,0,0,0,240,0,626,0,0
M3,2016-05-23__bonirob_2016-05-23-10-47-22_2_frame104,2016-05-23,1251936,0.13316814917056463,0.13555085882984433,0.002382709659279697,3977,994,1079911,3977,145,0,0,994,165724,0,0,0,131,0,1054,0,0,0,0,0,0,0,0,0,0,0,0
M3,2016-05-23__bonirob_2016-05-23-10-47-22_2_frame115,2016-05-23,1251936,0.08926255016230862,0.0895564949006978,0.00029394473838917357,1792,1424,1133494,1792,160,33,244,1424,110327,0,0,0,0,0,0,0,0,0,0,0,0,0,1205,0,771,441,2045
M3,2016-05-23__bonirob_2016-05-23-10-47-22_2_frame133,2016-05-23,1251936,0.09597774966132454,0.09919436776320835,0.0032166181018838114,4881,854,1120915,3006,17,15,642,854,119304,0,0,0,0,0,0,0,0,0,0,0,0,0,1955,1875,305,14,3034
M3,2016-05-23__bonirob_2016-05-23-10-47-22_2_frame139,2016-05-23,1251936,0.05693741533113514,0.05536864504255808,-0.0015687702885770552,457,2421,1175259,457,308,0,0,2421,68861,0,0,0,0,0,0,0,0,0,0,0,0,0,1283,0,3347,0,0
M3,2016-05-23__bonirob_2016-05-23-10-47-22_2_frame140,2016-05-23,1251936,0.10579534417094803,0.10878990619328784,0.002994562022339803,4904,1155,1110416,4904,72,97,212,1155,131294,0,0,0,0,0,0,0,0,0,0,0,0,0,1012,0,929,748,1097
M3,2016-05-23__bonirob_2016-05-23-10-47-22_2_frame143,2016-05-23,1251936,0.013084534672698924,0.012336892620709045,-0.0007476420519898792,88,1024,1222500,88,409,0,0,1024,15357,0,0,0,2067,0,10491,0,0,0,0,0,0,0,0,0,0,0,0
M3,2016-05-23__bonirob_2016-05-23-10-47-22_2_frame144,2016-05-23,1251936,0.0430269598445927,0.04252453799555249,-0.0005024218490402091,709,1338,1195411,709,172,0,0,1338,52529,0,0,0,594,0,1183,0,0,0,0,0,0,0,0,0,0,0,0
M3,2016-05-23__bonirob_2016-05-23-10-47-22_2_frame146,2016-05-23,1251936,0.030918513406436112,0.02984417733813869,-0.001074336068297422,314,1659,1206744,314,288,0,0,1588,37049,71,0,0,1203,0,4679,0,0,0,0,0,0,0,0,0,0,0,0
M3,2016-05-23__bonirob_2016-05-23-10-47-22_2_frame157,2016-05-23,1251936,0.07187827492779184,0.0715723487462618,-0.00030592618153003903,1212,1595,1159330,1212,218,0,0,1595,88392,0,0,0,239,0,950,0,0,0,0,0,0,0,0,0,0,0,0
M3,2016-05-23__bonirob_2016-05-23-10-47-22_2_frame163,2016-05-23,1251936,0.100979602791197,0.09967841806609923,-0.0013011847250977704,2322,3951,1120418,2322,815,0,0,3738,122469,213,0,0,257,0,1704,0,0,0,0,0,0,0,0,0,0,0,0
M3,2016-05-23__bonirob_2016-05-23-10-47-22_2_frame175,2016-05-23,1251936,0.06760010096362754,0.0673524844720497,-0.00024761649157784005,1271,1581,1156360,1271,62,14,589,1581,83050,0,0,0,0,0,0,0,0,0,0,0,0,0,2469,0,687,63,5790
M3,2016-05-23__bonirob_2016-05-23-10-47-22_2_frame190,2016-05-23,1251936,0.06455202182859188,0.06481082100043453,0.0002587991718426552,1523,1199,1159928,1523,1333,0,0,1199,79616,0,0,0,1057,0,7280,0,0,0,0,0,0,0,0,0,0,0,0
M3,2016-05-23__bonirob_2016-05-23-10-47-22_2_frame191,2016-05-23,1251936,0.08511856836132198,0.06220605526161082,-0.02291251309971116,1631,30316,1141782,1631,1583,11,366,4132,76247,25905,2,277,0,0,0,0,0,0,0,0,0,0,0,0,0,0,0
M3,2016-05-23__bonirob_2016-05-23-10-47-22_2_frame200,2016-05-23,1251936,0.11429497993507655,0.11663136134754493,0.0023363814124683774,3847,922,1099954,3836,59,44,227,922,142168,0,0,0,0,0,0,0,0,0,0,0,0,0,1278,11,1135,104,2198
M3,2016-05-23__bonirob_2016-05-23-10-47-22_2_frame206,2016-05-23,1251936,0.11996140377782889,0.12219234849065767,0.0022309447128287807,3900,1107,1088961,3900,1867,0,0,1107,149077,0,0,0,847,0,6177,0,0,0,0,0,0,0,0,0,0,0,0
M3,2016-05-23__bonirob_2016-05-23-10-47-22_2_frame207,2016-05-23,1251936,0.1913244766505636,0.0888583761470235,-0.1024661005035401,2833,131114,1008219,2833,833,525,0,18541,108412,46578,65125,870,0,0,0,0,0,0,0,0,0,0,0,0,0,0,0
M3,2016-05-23__bonirob_2016-05-23-10-47-22_2_frame209,2016-05-23,1251936,0.04953128594432942,0.048876300385962225,-0.0006549855583671965,828,1648,1185644,828,424,0,0,1648,60362,0,0,0,839,0,2191,0,0,0,0,0,0,0,0,0,0,0,0
M3,2016-05-23__bonirob_2016-05-23-10-47-22_2_frame215,2016-05-23,1251936,0.07918056514071006,0.08005041791273676,0.0008698527720266969,2451,1362,1145284,2451,585,0,0,1362,97767,0,0,0,957,0,3530,0,0,0,0,0,0,0,0,0,0,0,0
M3,2016-05-23__bonirob_2016-05-23-10-47-22_2_frame218,2016-05-23,1251936,0.10149160979474989,0.10286068936431256,0.00136907956956267,2937,1223,1116842,2937,1073,0,0,1223,125838,0,0,0,653,0,3370,0,0,0,0,0,0,0,0,0,0,0,0
M3,2016-05-23__bonirob_2016-05-23-10-47-22_2_frame220,2016-05-23,1251936,0.11497792219410577,0.1168198693862945,0.0018419471921887337,3069,763,1102832,3069,432,0,0,763,143182,0,0,0,215,0,1443,0,0,0,0,0,0,0,0,0,0,0,0
M3,2016-05-23__bonirob_2016-05-23-10-47-22_2_frame221,2016-05-23,1251936,0.06406317894844465,0.06349445978069167,-0.0005687191677529874,1008,1720,1168085,1008,190,0,0,1720,78483,0,0,0,519,0,1931,0,0,0,0,0,0,0,0,0,0,0,0
M3,2016-05-23__bonirob_2016-05-23-10-47-22_2_frame231,2016-05-23,1251936,0.08330537663267132,0.08385173043989469,0.0005463538072233709,2044,1360,1144798,2044,394,0,0,1360,102933,0,0,0,120,0,287,0,0,0,0,0,0,0,0,0,0,0,0
M3,2016-05-23__bonirob_2016-05-23-10-47-22_2_frame236,2016-05-23,1251936,0.029236318789458884,0.028003827671702067,-0.001232491117756817,473,2016,1211736,363,158,0,0,2016,34586,0,0,0,0,0,0,0,0,0,0,0,0,0,861,110,2094,0,12
M3,2016-05-23__bonirob_2016-05-23-10-47-22_2_frame238,2016-05-23,1251936,0.050766173350714414,0.04995063645425964,-0.0008155368964547702,967,1988,1184578,967,204,0,0,1988,61568,0,0,0,643,0,1988,0,0,0,0,0,0,0,0,0,0,0,0
M3,2016-05-23__bonirob_2016-05-23-10-47-22_2_frame239,2016-05-23,1251936,0.07477139406487232,0.07495271323773739,0.0001813191728650687,1533,1306,1154680,1533,299,0,0,1306,92303,0,0,0,420,0,1395,0,0,0,0,0,0,0,0,0,0,0,0
M3,2016-05-23__bonirob_2016-05-23-10-47-22_2_frame244,2016-05-23,1251936,0.0763058175497789,0.0770606484676533,0.0007548309178743995,2073,1128,1151778,2073,399,0,0,1128,94402,0,0,0,508,0,1648,0,0,0,0,0,0,0,0,0,0,0,0
M3,2016-05-23__bonirob_2016-05-23-10-47-22_2_frame248,2016-05-23,1251936,0.06750824323288092,0.0674427446770442,-6.549855583672104e-05,1658,1740,1165418,1658,135,0,0,1740,82776,0,0,0,36,0,173,0,0,0,0,0,0,0,0,0,0,0,0
M3,2016-05-23__bonirob_2016-05-23-10-47-22_2_frame254,2016-05-23,1251936,0.02295484753214222,0.02124389745162692,-0.0017109500805152986,192,2334,1220388,192,269,0,0,2334,26404,0,0,0,510,0,1839,0,0,0,0,0,0,0,0,0,0,0,0
M3,2016-05-23__bonirob_2016-05-23-10-47-22_2_frame256,2016-05-23,1251936,0.08818342151675485,0.0877928264703627,-0.0003905950463921476,1750,2239,1138546,1750,68,0,0,2239,108161,0,0,0,380,0,792,0,0,0,0,0,0,0,0,0,0,0,0
M3,2016-05-23__bonirob_2016-05-23-10-47-22_2_frame259,2016-05-23,1251936,0.055483666896710374,0.05473842113334867,-0.0007452457633617057,760,1693,1176191,760,286,2,0,1693,67769,0,0,0,0,0,0,0,0,0,0,0,0,0,1134,0,4073,2,26
M3,2016-05-23__bonirob_2016-05-23-10-47-22_2_frame268,2016-05-23,1251936,0.09541062801932366,0.096275688214094,0.0008650601947703396,2663,1580,1122001,2663,72,0,1025,1580,117868,0,0,0,0,0,0,0,0,0,0,0,0,0,1542,0,12,0,5173
M3,2016-05-23__bonirob_2016-05-23-10-47-22_2_frame269,2016-05-23,1251936,0.1103171408123099,0.11734465659586432,0.007027515783554428,9140,342,1044016,9140,0,1,6659,342,137768,0,0,0,0,0,0,0,0,0,0,0,0,0,8631,0,0,7,45372
M3,2016-05-23__bonirob_2016-05-23-10-47-22_2_frame285,2016-05-23,1251936,0.1246613245405516,0.1257588247322547,0.001097500191703099,3127,1753,1091826,3127,161,0,0,1753,154315,0,0,0,186,0,568,0,0,0,0,0,0,0,0,0,0,0,0
M3,2016-05-23__bonirob_2016-05-23-10-47-22_2_frame289,2016-05-23,1251936,0.08033078368223295,0.08062313089487003,0.000292347212637073,2010,1644,1147207,2010,243,0,0,1644,98925,0,0,0,0,0,0,0,0,0,0,0,0,0,462,0,1445,0,0
M3,2016-05-23__bonirob_2016-05-23-10-47-22_2_frame297,2016-05-23,1251936,0.10444783119903893,0.10637604478184189,0.0019282135828029567,3269,855,1108013,2912,1,53,2135,855,129907,0,0,0,0,0,0,0,0,0,0,0,0,0,1207,357,56,130,6310
M3,2016-05-23__bonirob_2016-05-23-10-47-22_2_frame300,2016-05-23,1251936,0.15316198272116147,0.15751204534417096,0.004350062623009493,6145,699,1052229,6145,418,0,0,699,191050,0,0,0,218,0,1177,0,0,0,0,0,0,0,0,0,0,0,0
M3,2016-05-23__bonirob_2016-05-23-10-47-22_2_frame304,2016-05-23,1251936,0.13288219206093602,0.136628389949646,0.0037461978887099734,6018,1328,1077352,4624,495,0,0,1252,165032,76,0,0,522,1394,1189,0,0,0,0,0,0,0,0,0,0,0,0
M3,2016-05-23__bonirob_2016-05-23-10-52-28_3_frame1,2016-05-23,1251936,0.08665618689773279,0.08548599928430846,-0.0011701876134243283,1873,3338,1139547,1873,290,0,0,3338,105150,0,0,0,513,0,1225,0,0,0,0,0,0,0,0,0,0,0,0
M3,2016-05-23__bonirob_2016-05-23-10-52-28_3_frame6,2016-05-23,1251936,0.07393269304501189,0.07168177926028167,-0.0022509137847302185,1010,3828,1158180,1010,1,0,0,3828,88731,0,0,0,159,0,27,0,0,0,0,0,0,0,0,0,0,0,0
M3,2016-05-23__bonirob_2016-05-23-10-52-28_3_frame8,2016-05-23,1251936,0.03627501725327812,0.03473180737673491,-0.0015432098765432098,213,2145,1201849,213,25,19,2,2145,43269,0,0,0,0,0,0,0,0,0,0,0,0,0,1425,0,2788,77,124
M3,2016-05-23__bonirob_2016-05-23-10-52-28_3_frame15,2016-05-23,1251936,0.12283615136876007,0.1261853641080694,0.00334921273930934,5186,993,1084641,4818,0,0,255,993,152790,0,0,0,0,0,0,0,0,0,0,0,0,0,2557,368,435,0,5079
M3,2016-05-23__bonirob_2016-05-23-10-52-28_3_frame19,2016-05-23,1251936,0.0954513649260026,0.09476283132684099,-0.0006885335991616143,3162,4024,1118135,3162,1092,0,28,2151,115475,1873,0,0,0,0,0,0,0,0,0,0,0,0,1860,0,8103,4,53
M3,2016-05-23__bonirob_2016-05-23-10-52-28_3_frame26,2016-05-23,1251936,0.11774483679676917,0.120046072642691,0.0023012358459218313,3478,597,1091989,3478,1,0,1190,597,146812,0,0,0,0,0,0,0,0,0,0,0,0,0,1003,0,2,0,6864
M3,2016-05-23__bonirob_2016-05-23-10-52-28_3_frame29,2016-05-23,1251936,0.11506738363622422,0.11717691639189223,0.0021095327556680116,3807,1166,1093592,3807,29,53,983,1166,142891,0,0,0,0,0,0,0,0,0,0,0,0,0,2002,0,72,80,7261
M3,2016-05-23__bonirob_2016-05-23-10-52-28_3_frame32,2016-05-23,1251936,0.07685297011987834,0.0768873169235488,3.434680367046805e-05,1812,1769,1152597,1812,148,0,0,1769,94446,0,0,0,488,0,676,0,0,0,0,0,0,0,0,0,0,0,0
M3,2016-05-23__bonirob_2016-05-23-10-52-28_3_frame34,2016-05-23,1251936,0.015595845155023899,0.015154928047440125,-0.0004409171075837742,173,725,1199379,173,41,3,1290,709,18800,16,0,0,0,0,0,0,0,0,0,0,0,0,9629,0,2819,66,19011
M3,2016-05-23__bonirob_2016-05-23-10-52-28_3_frame36,2016-05-23,1251936,0.04878683894384377,0.04929005955576004,0.0005032206119162663,1459,829,1152934,1459,3,0,2461,829,60249,0,0,0,0,0,0,0,0,0,0,0,0,0,5704,0,125,6,28166
M3,2016-05-23__bonirob_2016-05-23-10-52-28_3_frame48,2016-05-23,1251936,0.0,0.06592349768678271,0.06592349768678271,82532,0,1148034,1836,30,0,1148,0,0,0,0,0,0,0,0,0,0,0,0,0,0,0,3499,80696,292,0,16401
M3,2016-05-23__bonirob_2016-05-23-10-52-28_3_frame65,2016-05-23,1251936,0.058596445824706696,0.059245041280065434,0.0006485954553587386,2510,1698,1171447,1415,303,0,0,1698,71661,0,0,0,0,0,0,0,0,0,0,0,0,0,1420,1095,2897,0,0
M3,2016-05-23__bonirob_2016-05-23-10-52-28_3_frame67,2016-05-23,1251936,0.010932667484599852,0.011086029956802903,0.0001533624722030516,912,720,1230581,306,180,0,6,720,12967,0,0,0,0,0,0,0,0,0,0,0,0,0,3056,606,3466,0,48
M3,2016-05-23__bonirob_2016-05-23-10-52-28_3_frame73,2016-05-23,1251936,0.004879642409835646,0.004900410244613143,2.0767834777496788e-05,335,309,1235665,335,209,0,239,309,5800,0,0,0,0,0,0,0,0,0,0,0,0,0,3685,0,3261,3,2430
M3,2016-05-23__bonirob_2016-05-23-10-52-28_3_frame83,2016-05-23,1251936,0.0323698655522327,0.032247654832195896,-0.00012221072003680555,788,941,1183268,788,23,129,1567,941,39584,0,0,0,0,0,0,0,0,0,0,0,0,0,10334,0,413,731,14158
M3,2016-05-23__bonirob_2016-05-23-10-52-28_3_frame85,2016-05-23,1251936,0.014669280218797128,0.014630939600746363,-3.8340618050764635e-05,476,524,1218503,476,1190,0,0,524,17841,0,0,0,0,0,0,0,0,0,0,0,0,0,3974,0,9428,0,0
M3,2016-05-23__bonirob_2016-05-23-10-52-28_3_frame89,2016-05-23,1251936,0.0,0.05386776959844593,0.05386776959844593,67439,0,1064978,2456,360,226,12428,0,0,0,0,0,0,0,0,0,0,0,0,0,0,0,9333,64983,2433,745,93994
M3,2016-05-23__bonirob_2016-05-23-10-52-28_3_frame96,2016-05-23,1251936,0.03585167292896761,0.03750111826802648,0.0016494453390588706,2460,395,1041923,2460,1249,412,12645,395,44489,0,0,0,0,0,0,0,0,0,0,0,0,0,13324,0,7231,1166,126642
M3,2016-05-23__bonirob_2016-05-23-10-52-28_3_frame101,2016-05-23,1251936,0.0,0.028407202924111138,0.028407202924111138,35564,0,680571,3634,97580,0,0,0,0,0,0,0,2072,31930,436149,0,0,0,0,0,0,0,0,0,0,0,0
M3,2016-05-23__bonirob_2016-05-23-10-52-28_3_frame103,2016-05-23,1251936,0.0009752894716662832,0.001492089052475526,0.0005167995808092427,1868,1221,931740,73,60715,0,0,80,0,1141,0,0,5766,1795,250626,0,0,0,0,0,0,0,0,0,0,0,0
M3,2016-05-23__bonirob_2016-05-23-10-52-28_3_frame105,2016-05-23,1251936,0.01660148761598037,0.016147790302379676,-0.00045369731360069346,1698,2266,1081436,1697,19965,0,7,968,18518,1298,0,0,20654,1,107357,0,35,0,0,0,0,0,0,0,0,0,0
M3,2016-05-23__bonirob_2016-05-23-10-52-28_3_frame119,2016-05-23,1251936,0.0217487155892953,0.02256105743424584,0.0008123418449505412,1399,382,1154438,1399,11087,0,0,382,26846,0,0,0,7155,0,50629,0,0,0,0,0,0,0,0,0,0,0,0
M3,2016-05-23__bonirob_2016-05-23-10-52-28_3_frame120,2016-05-23,1251936,0.02734804335045881,0.027162730363213455,-0.0001853129872453549,1080,1312,1172112,1080,7472,0,0,1138,32926,174,0,0,6805,0,30229,0,0,0,0,0,0,0,0,0,0,0,0
M3,2016-05-23__bonirob_2016-05-23-10-52-28_3_frame123,2016-05-23,1251936,0.007003552897272704,0.007128958668813741,0.0001254057715410371,667,510,1174643,641,10076,0,0,510,8258,0,0,0,8869,26,48913,0,0,0,0,0,0,0,0,0,0,0,0
M3,2016-05-23__bonirob_2016-05-23-10-52-28_3_frame124,2016-05-23,1251936,0.04318671241980421,0.04416040436571837,0.0009736919459141652,5375,4156,1133744,3050,9746,0,0,1083,49911,3073,0,0,5878,2325,43126,0,0,0,0,0,0,0,0,0,0,0,0
M3,2016-05-23__bonirob_2016-05-23-10-52-28_3_frame126,2016-05-23,1251936,0.013618907036781433,0.01777407151803287,0.004155164481251436,5638,436,1138669,947,11162,0,0,394,16614,42,0,0,12789,4691,66628,0,0,0,0,0,0,0,0,0,0,0,0
M3,2016-05-23__bonirob_2016-05-23-10-52-28_3_frame129,2016-05-23,1251936,0.01901295273879815,0.022211998057408686,0.003199045318610535,4770,765,1181155,1165,2501,0,0,765,23038,0,0,0,10962,3605,28745,0,0,0,0,0,0,0,0,0,0,0,0
M3,2016-05-23__bonirob_2016-05-23-10-52-28_3_frame134,2016-05-23,1251936,0.014198010121923165,0.01271550622396033,-0.001482503897962834,2588,4444,1143992,881,17202,0,0,917,13331,3527,0,0,20252,1707,50127,0,0,0,0,0,0,0,0,0,0,0,0
M3,2016-05-23__bonirob_2016-05-23-10-52-28_3_frame138,2016-05-23,1251936,0.030813076706796512,0.0290741699256192,-0.0017389067811773122,1807,3984,1195543,1806,2830,0,0,1545,34592,2439,0,0,4572,1,8608,0,0,0,0,0,0,0,0,0,0,0,0
M3,2016-05-23__bonirob_2016-05-23-10-52-28_3_frame142,2016-05-23,1251936,0.034008128211026764,0.03557370344809958,0.0015655752370728193,2554,594,1187240,2554,3854,0,43,594,41982,0,0,0,7836,0,7806,0,27,0,0,0,0,0,0,0,0,0,0
M3,2016-05-23__bonirob_2016-05-23-10-52-28_3_frame145,2016-05-23,1251936,0.0,0.011927127265291517,0.011927127265291517,14932,0,1094657,1259,30797,0,0,0,0,0,0,0,22638,13673,88912,0,0,0,0,0,0,0,0,0,0,0,0
M3,2016-05-23__bonirob_2016-05-23-10-52-28_3_frame150,2016-05-23,1251936,0.007674513713161056,0.005826975180839915,-0.0018475385323211413,398,2711,1214268,398,4530,0,0,1032,6897,1679,0,0,3632,0,19500,0,0,0,0,0,0,0,0,0,0,0,0
M3,2016-05-23__bonirob_2016-05-23-10-52-28_3_frame171,2016-05-23,1251936,0.015092624543107634,0.014664487641540781,-0.00042813690156685326,2477,3013,1140856,572,4655,0,0,902,15882,2111,0,0,13369,1905,71684,0,0,0,0,0,0,0,0,0,0,0,0
M3,2016-05-23__bonirob_2016-05-23-10-52-28_3_frame175,2016-05-23,1251936,0.0021310993533215756,0.01575240267873118,0.013621303325409605,18151,1098,1143550,632,6140,0,0,331,1570,767,0,0,18708,17519,62719,0,0,0,0,0,0,0,0,0,0,0,0
M3,2016-05-23__bonirob_2016-05-23-10-52-28_3_frame254,2016-05-23,1251936,0.0034658321192137615,0.005664027554124172,0.0021981954349104106,3285,533,1215045,133,1384,0,0,513,3806,20,0,0,4639,3152,23244,0,0,0,0,0,0,0,0,0,0,0,0
M3,2016-05-23__bonirob_2016-05-23-10-52-28_3_frame257,2016-05-23,1251936,0.007851040308769777,0.00894454668609258,0.0010935063773228025,2073,704,1234595,275,215,0,0,704,9125,0,0,0,3615,1798,1609,0,0,0,0,0,0,0,0,0,0,0,0
M3,2016-05-23__bonirob_2016-05-23-10-52-28_3_frame263,2016-05-23,1251936,0.019129572118702552,0.01911519438693352,-1.4377731769033703e-05,740,758,1207522,740,1441,0,0,758,23191,0,0,0,5760,0,12491,0,33,0,0,0,0,0,0,0,0,0,0
M3,2016-05-23__bonirob_2016-05-23-10-52-28_3_frame279,2016-05-23,1251936,0.05069348592899318,0.051060118089103594,0.00036663216011041666,1626,1167,1167969,1626,1681,0,0,1167,62298,0,0,0,3230,0,13965,0,0,0,0,0,0,0,0,0,0,0,0
M3,2016-05-23__bonirob_2016-05-23-10-52-28_3_frame283,2016-05-23,1251936,0.014996772997980728,0.014726791145873271,-0.0002699818521074565,651,989,1223600,651,458,0,26,989,17786,0,0,0,3691,0,4336,0,399,0,0,0,0,0,0,0,0,0,0
M3,2016-05-23__bonirob_2016-05-23-10-52-28_3_frame285,2016-05-23,1251936,0.010280078214860823,0.01000290749686885,-0.00027717071799197336,572,919,1220771,572,718,0,0,919,11951,0,0,0,5649,0,11356,0,0,0,0,0,0,0,0,0,0,0,0
M3,2016-05-23__bonirob_2016-05-23-10-52-28_3_frame289,2016-05-23,1251936,0.009969359456074432,0.008625041535669556,-0.0013443179204048767,575,2258,1232456,575,329,0,0,1397,10223,861,0,0,3938,0,2157,0,0,0,0,0,0,0,0,0,0,0,0
M3,2016-05-23__bonirob_2016-05-23-10-52-28_3_frame292,2016-05-23,1251936,0.0037286251054366995,0.0034977826342560644,-0.00023084247118063507,102,391,1241248,102,193,0,0,391,4277,0,0,0,3707,0,2018,0,0,0,0,0,0,0,0,0,0,0,0
M3,2016-05-23__bonirob_2016-05-23-10-57-33_4_frame4,2016-05-23,1251936,0.03591477519617616,0.03720637476676124,0.0012915995705850766,2775,1158,1201954,2654,557,0,0,712,43805,446,0,0,290,121,1397,0,0,0,0,0,0,0,0,0,0,0,0
M3,2016-05-23__bonirob_2016-05-23-10-57-33_4_frame6,2016-05-23,1251936,0.012546168494236128,0.012217078189300411,-0.0003290903049357162,1009,1421,1224951,1001,1521,0,0,527,14286,894,0,0,1585,8,7163,0,0,0,0,0,0,0,0,0,0,0,0
M3,2016-05-23__bonirob_2016-05-23-10-57-33_4_frame7,2016-05-23,1251936,0.024289580298034404,0.02921555095468139,0.004925970656646985,7242,1075,1208562,1657,860,0,0,394,29334,681,0,0,1779,5585,3084,0,0,0,0,0,0,0,0,0,0,0,0
M3,2016-05-23__bonirob_2016-05-23-10-57-33_4_frame11,2016-05-23,1251936,0.025383885438233264,0.02674577614191141,0.0013618907036781445,2199,494,1211955,2199,1228,0,0,494,31285,0,0,0,1757,0,3018,0,0,0,0,0,0,0,0,0,0,0,0
M3,2016-05-23__bonirob_2016-05-23-10-57-33_4_frame25,2016-05-23,1251936,0.02383508422155765,0.023662551440329218,-0.00017253278122843219,819,1035,1187772,817,2237,0,0,829,28805,206,0,0,4020,2,27248,0,0,0,0,0,0,0,0,0,0,0,0
M3,2016-05-23__bonirob_2016-05-23-10-57-33_4_frame26,2016-05-23,1251936,0.020489865296628582,0.019786953965697927,-0.0007029113309306549,775,1655,1212764,764,963,0,0,1480,23997,175,0,0,3329,11,8453,0,0,0,0,0,0,0,0,0,0,0,0
M3,2016-05-23__bonirob_2016-05-23-10-57-33_4_frame28,2016-05-23,1251936,0.01536979526109961,0.014716407228484524,-0.0006533880326150855,413,1231,1199077,413,2359,0,0,969,18011,262,0,0,3945,0,26900,0,0,0,0,0,0,0,0,0,0,0,0
M3,2016-05-23__bonirob_2016-05-23-10-57-33_4_frame30,2016-05-23,1251936,0.02540545203588682,0.02523132172890627,-0.00017413030698055013,937,1155,1202130,937,1771,0,0,1155,30651,0,0,0,3918,0,11374,0,0,0,0,0,0,0,0,0,0,0,0
M3,2016-05-23__bonirob_2016-05-23-10-57-33_4_frame31,2016-05-23,1251936,0.005768665490887713,0.005531432916698617,-0.000237232574189096,280,577,1226483,280,1477,0,0,450,6645,127,0,0,5055,0,11419,0,0,0,0,0,0,0,0,0,0,0,0
M3,2016-05-23__bonirob_2016-05-23-10-57-33_4_frame38,2016-05-23,1251936,0.023044308974260665,0.02227589908749329,-0.000768409886767376,356,1318,1215423,356,426,0,0,1318,27532,0,0,0,1926,0,4955,0,0,0,0,0,0,0,0,0,0,0,0
M3,2016-05-23__bonirob_2016-05-23-10-57-33_4_frame39,2016-05-23,1251936,0.029920858574240216,0.02957579301178335,-0.00034506556245686437,814,1246,1206612,814,495,0,0,1246,36213,0,0,0,2179,0,4377,0,0,0,0,0,0,0,0,0,0,0,0
M3,2016-05-23__bonirob_2016-05-23-10-57-33_4_frame57,2016-05-23,1251936,0.0071193735143010506,0.006521898883009994,-0.0005974746312910565,120,868,1232222,120,283,0,7,868,8045,0,0,0,4156,0,5759,0,476,0,0,0,0,0,0,0,0,0,0
M3,2016-05-23__bonirob_2016-05-23-10-57-33_4_frame59,2016-05-23,1251936,0.03743881476369399,0.038200834547452905,0.0007620197837589146,2508,1554,1196899,805,488,0,0,1554,45317,0,0,0,1553,1703,3617,0,0,0,0,0,0,0,0,0,0,0,0
M3,2016-05-23__bonirob_2016-05-23-10-57-33_4_frame64,2016-05-23,1251936,0.0263751501674207,0.05885284870792117,0.03247769854050048,40868,208,1122246,2080,473,1,3095,208,32812,0,0,0,9798,38788,16211,42,26182,0,0,0,0,0,0,0,0,0,0
M3,2016-05-23__bonirob_2016-05-23-10-57-33_4_frame66,2016-05-23,1251936,0.030445645783810035,0.030914519592055822,0.00046887380824578787,1075,488,1159647,1075,3195,0,0,458,37628,30,0,0,3805,0,46098,0,0,0,0,0,0,0,0,0,0,0,0
M3,2016-05-23__bonirob_2016-05-23-10-57-33_4_frame71,2016-05-23,1251936,0.046329045574214654,0.04655509546813895,0.0002260498939242947,1376,1093,1185897,1376,383,6,324,1093,56908,0,0,0,2939,0,2611,12,387,0,0,0,0,0,0,0,0,0,0
M3,2016-05-23__bonirob_2016-05-23-10-57-33_4_frame72,2016-05-23,1251936,0.034219800373182015,0.03394422718094216,-0.00027557319223985716,1004,1349,1189877,1004,354,0,544,1349,41492,0,0,0,7017,0,3980,0,6319,0,0,0,0,0,0,0,0,0,0
M3,2016-05-23__bonirob_2016-05-23-10-57-33_4_frame74,2016-05-23,1251936,0.0,0.022497955167037294,0.022497955167037294,28166,0,1146789,753,2635,0,421,0,0,0,0,0,14306,27413,52933,0,6686,0,0,0,0,0,0,0,0,0,0
M3,2016-05-23__bonirob_2016-05-23-10-57-33_4_frame75,2016-05-23,1251936,0.02384147432456611,0.04541605960688086,0.021574585282314748,27369,359,1136137,1860,2451,0,0,358,29489,1,0,0,3464,25509,52667,0,0,0,0,0,0,0,0,0,0,0,0
M3,2016-05-23__bonirob_2016-05-23-10-57-33_4_frame78,2016-05-23,1251936,0.03382840656391381,0.03307357564603942,-0.0007548309178743925,680,1625,1203094,680,340,0,0,1625,40726,0,0,0,1229,0,4242,0,0,0,0,0,0,0,0,0,0,0,0
M3,2016-05-23__bonirob_2016-05-23-10-57-33_4_frame85,2016-05-23,1251936,0.05659075224292615,0.05298513662040232,-0.0036056156225238306,784,5298,1178810,784,216,0,0,2912,65550,2386,0,0,373,0,905,0,0,0,0,0,0,0,0,0,0,0,0
M3,2016-05-23__bonirob_2016-05-23-10-57-33_4_frame90,2016-05-23,1251936,0.060623706004140784,0.059352075505457146,-0.0012716304986836388,1081,2673,1172767,1081,143,0,0,2596,73224,77,0,0,773,0,1275,0,0,0,0,0,0,0,0,0,0,0,0
M3,2016-05-23__bonirob_2016-05-23-10-57-33_4_frame91,2016-05-23,1251936,0.07971973008204893,0.07989865296628582,0.00017892288423689007,1938,1714,1149385,1938,44,0,0,1714,98090,0,0,0,305,0,460,0,0,0,0,0,0,0,0,0,0,0,0
M3,2016-05-23__bonirob_2016-05-23-10-57-33_4_frame94,2016-05-23,1251936,0.04239354088387905,0.041046826674846,-0.0013467142090330467,391,2077,1198428,391,43,0,0,2077,50997,0,0,0,0,0,0,0,0,0,0,0,0,0,0,0,0,0,0
M3,2016-05-23__bonirob_2016-05-23-10-57-33_4_frame95,2016-05-23,1251936,0.07420507118574751,0.07420826623725174,3.1950515042289407e-06,1600,1596,1156949,1600,159,0,0,1596,91304,0,0,0,72,0,256,0,0,0,0,0,0,0,0,0,0,0,0
M3,2016-05-23__bonirob_2016-05-23-10-57-33_4_frame96,2016-05-23,1251936,0.10251562380185568,0.10329202131738363,0.0007763975155279518,1999,1027,1120650,1999,172,0,0,1027,127316,0,0,0,283,0,489,0,0,0,0,0,0,0,0,0,0,0,0
M3,2016-05-23__bonirob_2016-05-23-10-57-33_4_frame101,2016-05-23,1251936,0.01913116964445467,0.018312437696495668,-0.0008187319479590026,309,1334,1225465,309,96,0,0,1334,22617,0,0,0,962,0,1153,0,0,0,0,0,0,0,0,0,0,0,0
M3,2016-05-23__bonirob_2016-05-23-10-57-33_4_frame115,2016-05-23,1251936,0.053533886716253865,0.052575371264984794,-0.0009585154512690708,419,1619,1181994,419,144,0,0,1619,65402,0,0,0,837,0,1521,0,0,0,0,0,0,0,0,0,0,0,0
M3,2016-05-23__bonirob_2016-05-23-10-57-33_4_frame116,2016-05-23,1251936,0.02842317818163229,0.027876025611532858,-0.0005471525700994316,553,1238,1206723,553,288,0,0,1238,34346,0,0,0,2144,0,6644,0,0,0,0,0,0,0,0,0,0,0,0
M3,2016-05-23__bonirob_2016-05-23-10-57-33_4_frame126,2016-05-23,1251936,0.10611964189862741,0.10834898908570406,0.0022293471870766524,3823,1032,1109858,2782,519,0,0,1032,131823,0,0,0,1019,1041,3862,0,0,0,0,0,0,0,0,0,0,0,0
M3,2016-05-23__bonirob_2016-05-23-10-57-33_4_frame135,2016-05-23,1251936,0.01623166040436572,0.014557453416149068,-0.0016742069882166519,118,2214,1230941,118,40,0,0,2214,18107,0,0,0,371,0,145,0,0,0,0,0,0,0,0,0,0,0,0
M3,2016-05-23__bonirob_2016-05-23-10-57-33_4_frame139,2016-05-23,1251936,0.05149464509367891,0.050875603864734296,-0.000619041228944614,1261,2036,1184310,931,136,0,0,2036,62432,0,0,0,563,330,1198,0,0,0,0,0,0,0,0,0,0,0,0
M3,2016-05-23__bonirob_2016-05-23-10-57-33_4_frame140,2016-05-23,1251936,0.06567108861794853,0.06513591749098996,-0.0005351711269585696,1511,2181,1166567,1511,132,0,0,2181,80035,0,0,0,432,0,1078,0,0,0,0,0,0,0,0,0,0,0,0
M3,2016-05-23__bonirob_2016-05-23-10-57-33_4_frame141,2016-05-23,1251936,0.04205486542443064,0.04088467781100631,-0.0011701876134243283,739,2204,1195353,739,142,0,0,2204,50446,0,0,0,1219,0,1833,0,0,0,0,0,0,0,0,0,0,0,0
M3,2016-05-23__bonirob_2016-05-23-10-57-33_4_frame148,2016-05-23,1251936,0.019397956445057894,0.018079198936686858,-0.0013187575083710365,218,1869,1224180,218,116,0,0,1869,22416,0,0,0,1346,0,1791,0,0,0,0,0,0,0,0,0,0,0,0
M3,2016-05-23__bonirob_2016-05-23-10-57-33_4_frame150,2016-05-23,1251936,0.06401844822738542,0.06351522761546916,-0.0005032206119162663,1046,1676,1170531,1046,21,0,0,1676,78471,0,0,0,99,0,92,0,0,0,0,0,0,0,0,0,0,0,0
M3,2016-05-23__bonirob_2016-05-23-10-57-33_4_frame168,2016-05-23,1251936,0.021003469825933593,0.018873169235488076,-0.002130300590445517,237,2904,1223192,237,120,0,0,1818,23391,1086,0,0,962,0,1130,0,0,0,0,0,0,0,0,0,0,0,0
M3,2016-05-23__bonirob_2016-05-23-10-57-33_4_frame175,2016-05-23,1251936,0.016774819160084862,0.015845857935229916,-0.0009289612248549461,274,1437,1229048,274,30,0,0,1437,19564,0,0,0,541,0,1042,0,0,0,0,0,0,0,0,0,0,0,0
M3,2016-05-23__bonirob_2016-05-23-10-57-33_4_frame179,2016-05-23,1251936,0.015911356491066637,0.015050290110676583,-0.0008610663803900534,252,1330,1229123,252,296,0,0,1330,18590,0,0,0,1179,0,1166,0,0,0,0,0,0,0,0,0,0,0,0
M3,2016-05-23__bonirob_2016-05-23-10-57-33_4_frame183,2016-05-23,1251936,0.026704240472356415,0.02588311223576924,-0.0008211282365871743,638,1666,1213300,602,232,0,0,1666,31766,0,0,0,1291,36,3043,0,0,0,0,0,0,0,0,0,0,0,0
M3,2016-05-23__bonirob_2016-05-23-10-57-33_4_frame189,2016-05-23,1251936,0.02541503719039951,0.024509240088950234,-0.0009057971014492759,499,1633,1213506,499,279,0,0,1633,30185,0,0,0,2457,0,3377,0,0,0,0,0,0,0,0,0,0,0,0
M3,2016-05-23__bonirob_2016-05-23-10-57-33_4_frame198,2016-05-23,1251936,0.012380025816016153,0.011141144595250875,-0.0012388812207652783,261,1812,1233731,129,156,0,0,1812,13687,0,0,0,830,132,1459,0,0,0,0,0,0,0,0,0,0,0,0
M3,2016-05-23__bonirob_2016-05-23-10-57-33_4_frame203,2016-05-23,1251936,0.0320575492676942,0.030825856912813435,-0.0012316923548807632,379,1921,1209976,379,144,0,0,1921,38213,0,0,0,503,0,800,0,0,0,0,0,0,0,0,0,0,0,0
M3,2016-05-23__bonirob_2016-05-23-10-57-33_4_frame211,2016-05-23,1251936,0.03379565728599545,0.03239462720139049,-0.0014010300846049595,408,2162,1207837,408,82,0,0,2162,40148,0,0,0,343,0,956,0,0,0,0,0,0,0,0,0,0,0,0
M3,2016-05-23__bonirob_2016-05-23-10-57-33_4_frame218,2016-05-23,1251936,0.034540903049357155,0.03164618638652455,-0.002894716662832607,545,4169,1204753,545,144,0,0,2383,39074,1786,0,0,924,0,2327,0,0,0,0,0,0,0,0,0,0,0,0
M3,2016-05-23__bonirob_2016-05-23-10-57-33_4_frame220,2016-05-23,1251936,0.012515016742069882,0.01157886665133042,-0.0009361500907394613,134,1306,1230758,134,412,0,0,1306,14362,0,0,0,1860,0,3104,0,0,0,0,0,0,0,0,0,0,0,0
M3,2016-05-23__bonirob_2016-05-23-10-57-33_4_frame225,2016-05-23,1251936,0.04148854254530583,0.04011307287273471,-0.001375469672571121,508,2230,1198636,508,65,0,0,2230,49711,0,0,0,484,0,302,0,0,0,0,0,0,0,0,0,0,0,0
M3,2016-05-23__bonirob_2016-05-23-10-57-33_4_frame231,2016-05-23,1251936,0.0722760588400685,0.07246856069319838,0.00019250185312987,1646,1405,1156429,1646,211,0,0,1405,89080,0,0,0,804,0,2361,0,0,0,0,0,0,0,0,0,0,0,0
M3,2016-05-23__bonirob_2016-05-23-10-57-33_4_frame248,2016-05-23,1251936,0.08445559517419421,0.0845554405337014,9.984535950718909e-05,1911,1786,1142762,1911,299,0,0,1729,103947,57,0,0,256,0,975,0,0,0,0,0,0,0,0,0,0,0,0
M3,2016-05-23__bonirob_2016-05-23-10-57-33_4_frame253,2016-05-23,1251936,0.087672213276078,0.08831202233980012,0.000639809063722116,2670,1869,1136792,2656,578,0,0,1869,107891,0,0,0,634,14,1502,0,0,0,0,0,0,0,0,0,0,0,0
M3,2016-05-23__bonirob_2016-05-23-10-57-33_4_frame254,2016-05-23,1251936,0.08625041535669555,0.08631990772691256,6.949237021701415e-05,1661,1574,1140263,1661,262,0,0,1574,106406,0,0,0,657,0,1113,0,0,0,0,0,0,0,0,0,0,0,0
M3,2016-05-23__bonirob_2016-05-23-10-57-33_4_frame259,2016-05-23,1251936,0.0955719781202873,0.09664551542570866,0.0010735373054213682,2462,1118,1127017,2462,398,0,0,1118,118532,0,0,0,790,0,1619,0,0,0,0,0,0,0,0,0,0,0,0
M3,2016-05-23__bonirob_2016-05-23-10-57-33_4_frame264,2016-05-23,1251936,0.057050839659535314,0.05616820668149171,-0.0008826329780436057,772,1877,1178394,772,180,0,0,1877,69547,0,0,0,278,0,888,0,0,0,0,0,0,0,0,0,0,0,0
M3,2016-05-23__bonirob_2016-05-23-10-57-33_4_frame270,2016-05-23,1251936,0.016645419574163534,0.014826636505380467,-0.001818783068783067,75,2352,1227839,75,100,0,0,1615,18487,737,0,0,1234,0,1849,0,0,0,0,0,0,0,0,0,0,0,0
M3,2016-05-23__bonirob_2016-05-23-10-57-33_4_frame273,2016-05-23,1251936,0.061781912174424254,0.06118204125450502,-0.0005998709199192334,1431,2182,1171287,1431,206,0,0,1042,75165,1140,0,0,429,0,1236,0,0,0,0,0,0,0,0,0,0,0,0
M3,2016-05-23__bonirob_2016-05-23-10-57-33_4_frame278,2016-05-23,1251936,0.04727238453083864,0.046718841857730745,-0.000553542673107893,536,1229,1190278,536,327,0,0,1229,57953,0,0,0,802,0,811,0,0,0,0,0,0,0,0,0,0,0,0
M3,2016-05-23__bonirob_2016-05-23-10-57-33_4_frame279,2016-05-23,1251936,0.04063786008230453,0.04034631163254351,-0.00029154844976101574,931,1296,1197218,601,167,0,147,1296,49580,0,0,0,1056,330,1273,0,268,0,0,0,0,0,0,0,0,0,0
M3,2016-05-23__bonirob_2016-05-23-10-57-33_4_frame283,2016-05-23,1251936,0.03055507629782992,0.02887048539222452,-0.0016845909056053994,386,2495,1211198,386,166,0,0,2495,35758,0,0,0,508,0,1425,0,0,0,0,0,0,0,0,0,0,0,0
M3,2016-05-23__bonirob_2016-05-23-10-57-33_4_frame303,2016-05-23,1251936,0.019774173759681005,0.01861916264090177,-0.001155011118779234,192,1638,1226121,192,47,0,0,1638,23118,0,0,0,462,0,358,0,0,0,0,0,0,0,0,0,0,0,0
M3,2016-05-23__bonirob_2016-05-23-11-02-39_5_frame9,2016-05-23,1251936,0.034302072949415945,0.03293059709122511,-0.0013714758581908348,231,1948,1207693,231,98,0,0,1948,40996,0,0,0,347,0,623,0,0,0,0,0,0,0,0,0,0,0,0
M3,2016-05-23__bonirob_2016-05-23-11-02-39_5_frame15,2016-05-23,1251936,0.024803184827339418,0.023699294532627865,-0.0011038902947115535,91,1473,1218499,91,95,0,0,1473,29579,0,0,0,580,0,1619,0,0,0,0,0,0,0,0,0,0,0,0
M3,2016-05-23__bonirob_2016-05-23-11-02-39_5_frame20,2016-05-23,1251936,0.0034818073767349128,0.0030145310942412394,-0.0004672762824936734,68,653,1245820,26,17,0,0,653,3706,0,0,0,1027,42,645,0,0,0,0,0,0,0,0,0,0,0,0
M3,2016-05-23__bonirob_2016-05-23-11-02-39_5_frame29,2016-05-23,1251936,0.02954863507399739,0.028558967870562075,-0.0009896672034353168,375,1614,1212366,375,216,0,0,1614,35379,0,0,0,499,0,1487,0,0,0,0,0,0,0,0,0,0,0,0
M3,2016-05-23__bonirob_2016-05-23-11-02-39_5_frame30,2016-05-23,1251936,0.034544098100861384,0.03317501853129873,-0.0013690795695626562,458,2172,1207818,458,26,0,0,2172,41075,0,0,0,166,0,221,0,0,0,0,0,0,0,0,0,0,0,0
M3,2016-05-23__bonirob_2016-05-23-11-02-39_5_frame31,2016-05-23,1251936,0.020161573754568923,0.018886748204381056,-0.0012748255501878678,249,1845,1226048,249,30,0,0,1845,23396,0,0,0,134,0,234,0,0,0,0,0,0,0,0,0,0,0,0
M3,2016-05-23__bonirob_2016-05-23-11-02-39_5_frame34,2016-05-23,1251936,0.10510681057178642,0.10663963653094088,0.0015328259591544657,2836,917,1117224,2836,67,0,0,917,130670,0,0,0,56,0,166,0,0,0,0,0,0,0,0,0,0,0,0
M3,2016-05-23__bonirob_2016-05-23-11-02-39_5_frame37,2016-05-23,1251936,0.023398959691230223,0.021940418679549115,-0.0014585410116811082,413,2239,1221406,413,70,0,0,2237,27055,2,0,0,245,0,508,0,0,0,0,0,0,0,0,0,0,0,0
M3,2016-05-23__bonirob_2016-05-23-11-02-39_5_frame60,2016-05-23,1251936,0.02788481200316949,0.02681686603788053,-0.0010679459652889606,322,1659,1216704,322,0,0,0,1659,33251,0,0,0,0,0,0,0,0,0,0,0,0,0,0,0,0,0,0
M3,2016-05-23__bonirob_2016-05-23-11-02-39_5_frame62,2016-05-23,1251936,0.03996530174066406,0.038898154538251156,-0.0010671472024129033,543,1879,1200627,543,88,0,0,1879,48155,0,0,0,119,0,525,0,0,0,0,0,0,0,0,0,0,0,0
M3,2016-05-23__bonirob_2016-05-23-11-02-39_5_frame69,2016-05-23,1251936,0.04594484063083097,0.04414602663394934,-0.0017988139968816291,444,2696,1192823,444,64,0,0,2696,54824,0,0,0,239,0,846,0,0,0,0,0,0,0,0,0,0,0,0
M3,2016-05-23__bonirob_2016-05-23-11-02-39_5_frame80,2016-05-23,1251936,0.03864734299516908,0.037967595787644096,-0.0006797472075249847,755,1606,1193542,444,180,0,6,1606,46778,0,0,0,1710,311,7056,0,303,0,0,0,0,0,0,0,0,0,0
M3,2016-05-23__bonirob_2016-05-23-11-02-39_5_frame84,2016-05-23,1251936,0.03942453927357309,0.03864095289216062,-0.0007835863814124669,502,1483,1201325,502,62,0,0,1483,47874,0,0,0,331,0,359,0,0,0,0,0,0,0,0,0,0,0,0
M3,2016-05-23__bonirob_2016-05-23-11-02-39_5_frame89,2016-05-23,1251936,0.012942354880760678,0.011877603966975948,-0.00106475091378473,122,1455,1233506,122,27,0,0,1455,14748,0,0,0,810,0,1268,0,0,0,0,0,0,0,0,0,0,0,0
M3,2016-05-23__bonirob_2016-05-23-11-02-39_5_frame90,2016-05-23,1251936,0.022445236817217492,0.02114804590650001,-0.0012971909107174807,295,1919,1220953,295,165,0,0,1919,26181,0,0,0,644,0,1779,0,0,0,0,0,0,0,0,0,0,0,0
M3,2016-05-23__bonirob_2016-05-23-11-02-39_5_frame93,2016-05-23,1251936,0.025572393476982848,0.024327122153209108,-0.0012452713237737396,201,1760,1219274,201,0,0,0,1760,30255,0,0,0,403,0,43,0,0,0,0,0,0,0,0,0,0,0,0
M3,2016-05-23__bonirob_2016-05-23-11-02-39_5_frame105,2016-05-23,1251936,0.02494536461927766,0.023597052884492497,-0.0013483117347851646,229,1917,1217946,229,65,0,0,1917,29313,0,0,0,739,0,1727,0,0,0,0,0,0,0,0,0,0,0,0
M3,2016-05-23__bonirob_2016-05-23-11-02-39_5_frame108,2016-05-23,1251936,0.010564437798737315,0.009704968944099378,-0.0008594688546379372,76,1152,1237668,76,16,0,0,1152,12074,0,0,0,482,0,468,0,0,0,0,0,0,0,0,0,0,0,0
M3,2016-05-23__bonirob_2016-05-23-11-02-39_5_frame112,2016-05-23,1251936,0.03502495335224804,0.0337325550187869,-0.0012923983334611408,355,1973,1205891,355,119,0,0,1973,41876,0,0,0,647,0,1075,0,0,0,0,0,0,0,0,0,0,0,0
M3,2016-05-23__bonirob_2016-05-23-11-02-39_5_frame116,2016-05-23,1251936,0.04093979244945428,0.04010268895534596,-0.0008371034941083225,534,1582,1197796,534,47,0,0,1582,49672,0,0,0,678,0,1627,0,0,0,0,0,0,0,0,0,0,0,0
M3,2016-05-23__bonirob_2016-05-23-11-02-39_5_frame117,2016-05-23,1251936,0.03138658845180584,0.02982181197760908,-0.001564776474196762,174,2133,1210902,174,101,0,0,2133,37161,0,0,0,321,0,1144,0,0,0,0,0,0,0,0,0,0,0,0
M3,2016-05-23__bonirob_2016-05-23-11-02-39_5_frame131,2016-05-23,1251936,0.05337653042967053,0.052100107353730545,-0.0012764230759399822,1082,2680,1182463,1082,128,0,0,2460,64144,220,0,0,362,0,1077,0,0,0,0,0,0,0,0,0,0,0,0
M3,2016-05-23__bonirob_2016-05-23-11-02-39_5_frame144,2016-05-23,1251936,0.02105379188712522,0.019936322623520693,-0.0011174692636045265,194,1593,1222129,194,138,0,0,1593,24765,0,0,0,909,0,2208,0,0,0,0,0,0,0,0,0,0,0,0
M3,2016-05-23__bonirob_2016-05-23-11-02-39_5_frame149,2016-05-23,1251936,0.008205691025739335,0.008696930194514736,0.0004912391687754009,1279,664,1229125,68,276,0,0,664,9609,0,0,0,2141,1211,8842,0,0,0,0,0,0,0,0,0,0,0,0
M3,2016-05-23__bonirob_2016-05-23-11-02-39_5_frame155,2016-05-23,1251936,0.03915216113283746,0.037755923625488845,-0.001396237507348616,364,2112,1201246,364,101,0,0,2112,46904,0,0,0,502,0,707,0,0,0,0,0,0,0,0,0,0,0,0
M3,2016-05-23__bonirob_2016-05-23-11-02-39_5_frame164,2016-05-23,1251936,0.011927127265291517,0.011407132632978044,-0.0005199946323134735,168,819,1234439,151,100,0,0,819,14113,0,0,0,835,17,1462,0,0,0,0,0,0,0,0,0,0,0,0
M3,2016-05-23__bonirob_2016-05-23-11-02-39_5_frame169,2016-05-23,1251936,0.040589934309741074,0.039721679063466506,-0.0008682552462745685,319,1406,1195258,319,295,0,0,1406,49410,0,0,0,941,0,4307,0,0,0,0,0,0,0,0,0,0,0,0
M3,2016-05-23__bonirob_2016-05-23-11-02-39_5_frame177,2016-05-23,1251936,0.03831505763872914,0.03705141476880607,-0.0012636428699230665,663,2245,1199884,663,88,0,0,2245,45723,0,0,0,1117,0,2216,0,0,0,0,0,0,0,0,0,0,0,0
M3,2016-05-23__bonirob_2016-05-23-11-02-39_5_frame184,2016-05-23,1251936,0.02705010479768934,0.026166673056769674,-0.0008834317409196664,472,1578,1215267,424,66,0,0,1578,32287,0,0,0,871,48,1395,0,0,0,0,0,0,0,0,0,0,0,0
M3,2016-05-23__bonirob_2016-05-23-11-02-39_5_frame187,2016-05-23,1251936,0.024788008332694324,0.023359021547427344,-0.00142898678526698,301,2090,1210626,301,365,0,0,1470,28943,620,0,0,2715,0,6896,0,0,0,0,0,0,0,0,0,0,0,0
M3,2016-05-23__bonirob_2016-05-23-11-02-39_5_frame189,2016-05-23,1251936,0.014800277330470566,0.013830579198936687,-0.000969698131533879,87,1301,1224321,87,546,0,0,1301,17228,0,0,0,2264,0,6189,0,0,0,0,0,0,0,0,0,0,0,0
M3,2016-05-23__bonirob_2016-05-23-11-02-39_5_frame192,2016-05-23,1251936,0.015734031132581858,0.014749955269278942,-0.0009840758633029162,154,1386,1227670,154,219,0,0,1386,18312,0,0,0,1242,0,2953,0,0,0,0,0,0,0,0,0,0,0,0
M3,2016-05-23__bonirob_2016-05-23-11-02-39_5_frame193,2016-05-23,1251936,0.017821997290596324,0.016901822457378014,-0.0009201748332183096,212,1364,1224730,212,325,0,0,1364,20948,0,0,0,1242,0,3115,0,0,0,0,0,0,0,0,0,0,0,0
M3,2016-05-23__bonirob_2016-05-23-11-02-39_5_frame199,2016-05-23,1251936,0.03230117194489175,0.03237226184086087,7.108989596912169e-05,1461,1372,1199474,363,449,0,0,1372,39067,0,0,0,2006,1098,8107,0,0,0,0,0,0,0,0,0,0,0,0
M3,2016-05-23__bonirob_2016-05-23-11-02-39_5_frame202,2016-05-23,1251936,0.03096803670475168,0.028698751373872147,-0.002269285330879535,476,3317,1205712,476,528,0,0,2160,35453,1157,0,0,1616,0,4834,0,0,0,0,0,0,0,0,0,0,0,0
M3,2016-05-23__bonirob_2016-05-23-11-02-39_5_frame203,2016-05-23,1251936,0.0053117731257827875,0.004551350867775988,-0.0007604222580067993,82,1034,1240023,82,192,0,0,1034,5616,0,0,0,1783,0,3206,0,0,0,0,0,0,0,0,0,0,0,0
M3,2016-05-23__bonirob_2016-05-23-11-02-39_5_frame204,2016-05-23,1251936,0.019903573345602332,0.018994581192648824,-0.0009089921529535083,174,1312,1214774,174,820,0,0,1312,23606,0,0,0,2798,0,8452,0,0,0,0,0,0,0,0,0,0,0,0
M3,2016-05-23__bonirob_2016-05-23-11-02-39_5_frame215,2016-05-23,1251936,0.04561335403726708,0.04450307363954707,-0.001110280397720008,677,2067,1188489,677,571,0,0,2063,55038,4,0,0,1765,0,3329,0,0,0,0,0,0,0,0,0,0,0,0
M3,2016-05-23__bonirob_2016-05-23-11-02-39_5_frame216,2016-05-23,1251936,0.005239884466937607,0.0047550354011706665,-0.0004848490657669404,60,667,1240593,60,95,0,0,667,5893,0,0,0,1517,0,3111,0,0,0,0,0,0,0,0,0,0,0,0
M3,2016-05-23__bonirob_2016-05-23-11-02-39_5_frame223,2016-05-23,1251936,0.02576809038161695,0.024771234312297115,-0.0009968560693198354,673,1921,1216138,673,472,0,0,1921,30339,0,0,0,772,0,1621,0,0,0,0,0,0,0,0,0,0,0,0
M3,2016-05-23__bonirob_2016-05-23-11-02-39_5_frame233,2016-05-23,1251936,0.02602449326483143,0.02538228791248115,-0.0006422053523502808,896,1700,1210131,896,560,0,0,1700,30881,0,0,0,1831,0,5937,0,0,0,0,0,0,0,0,0,0,0,0
M3,2016-05-23__bonirob_2016-05-23-11-02-39_5_frame243,2016-05-23,1251936,0.014189223730286532,0.01369558827288296,-0.0004936354574035726,405,1023,1230524,405,162,0,0,1023,16741,0,0,0,1297,0,1784,0,0,0,0,0,0,0,0,0,0,0,0
M3,2016-05-23__bonirob_2016-05-23-11-02-39_5_frame246,2016-05-23,1251936,0.018683063670986377,0.018568840579710144,-0.0001142230912762332,633,776,1225705,633,148,0,0,776,22614,0,0,0,799,0,1261,0,0,0,0,0,0,0,0,0,0,0,0
M3,2016-05-23__bonirob_2016-05-23-11-02-39_5_frame253,2016-05-23,1251936,0.016439338752140684,0.016207697518083992,-0.00023164123405669187,530,820,1230250,530,101,0,0,820,19761,0,0,0,149,0,325,0,0,0,0,0,0,0,0,0,0,0,0
M3,2016-05-23__bonirob_2016-05-23-11-02-39_5_frame254,2016-05-23,1251936,0.008573121948725813,0.008156167727423766,-0.00041695422130204676,229,751,1238341,229,125,0,0,748,9982,3,0,0,502,0,2006,0,0,0,0,0,0,0,0,0,0,0,0
M3,2016-05-23__bonirob_2016-05-23-11-02-39_5_frame255,2016-05-23,1251936,0.0033076770697543644,0.0030193236714975845,-0.00028835339825677986,15,376,1242987,7,123,0,0,376,3765,0,0,0,1141,8,3529,0,0,0,0,0,0,0,0,0,0,0,0
M3,2016-05-23__bonirob_2016-05-23-11-02-39_5_frame257,2016-05-23,1251936,0.008390205250108631,0.0079221302047389,-0.00046807504536973063,123,709,1240111,123,62,0,0,709,9795,0,0,0,569,0,567,0,0,0,0,0,0,0,0,0,0,0,0
M3,2016-05-23__bonirob_2016-05-23-11-02-39_5_frame264,2016-05-23,1251936,0.028948764154078165,0.02797746849679217,-0.000971295657285997,553,1769,1211893,553,153,0,0,1769,34473,0,0,0,684,0,2411,0,0,0,0,0,0,0,0,0,0,0,0
M3,2016-05-23__bonirob_2016-05-23-11-02-39_5_frame265,2016-05-23,1251936,0.01807600388518263,0.017219730082048922,-0.0008562738031337065,318,1390,1222389,318,402,0,0,1390,21240,0,0,0,2169,0,4028,0,0,0,0,0,0,0,0,0,0,0,0
M3,2016-05-23__bonirob_2016-05-23-11-02-39_5_frame266,2016-05-23,1251936,0.04472672724484319,0.04408691818112108,-0.000639809063722109,729,1530,1194146,729,73,0,0,1530,54465,0,0,0,254,0,739,0,0,0,0,0,0,0,0,0,0,0,0
M3,2016-05-23__bonirob_2016-05-23-11-02-39_5_frame271,2016-05-23,1251936,0.0346567236663855,0.03380683996626026,-0.0008498837001252452,506,1570,1205662,506,172,0,0,1570,41818,0,0,0,708,0,1500,0,0,0,0,0,0,0,0,0,0,0,0
M3,2016-05-23__bonirob_2016-05-23-11-02-39_5_frame272,2016-05-23,1251936,0.07048363494619533,0.0703166935050993,-0.00016694144109603848,1695,1904,1161451,1695,145,0,0,1904,86337,0,0,0,121,0,283,0,0,0,0,0,0,0,0,0,0,0,0
M3,2016-05-23__bonirob_2016-05-23-11-02-39_5_frame273,2016-05-23,1251936,0.049711007591442376,0.04902087646652864,-0.0006901311249137357,1054,1918,1188407,1054,114,0,0,1172,60317,746,0,0,126,0,0,0,0,0,0,0,0,0,0,0,0,0,0
M3,2016-05-23__bonirob_2016-05-23-11-02-39_5_frame277,2016-05-23,1251936,0.037165637860082305,0.03635968611814022,-0.0008059517419420834,879,1888,1200813,625,176,0,0,1888,44641,0,0,0,814,254,2725,0,0,0,0,0,0,0,0,0,0,0,0
M3,2016-05-23__bonirob_2016-05-23-11-02-39_5_frame278,2016-05-23,1251936,0.025264869769700687,0.023897387725890142,-0.0013674820438105452,340,2052,1216065,340,211,0,0,2052,29578,0,0,0,941,0,2749,0,0,0,0,0,0,0,0,0,0,0,0
M3,2016-05-23__bonirob_2016-05-23-11-02-39_5_frame282,2016-05-23,1251936,0.018184635636326458,0.017490510697032436,-0.0006941249392940219,177,1046,1227277,177,145,0,0,1046,21720,0,0,0,595,0,976,0,0,0,0,0,0,0,0,0,0,0,0
M3,2016-05-23__bonirob_2016-05-23-11-02-39_5_frame284,2016-05-23,1251936,0.01994990159241367,0.01892429005955576,-0.0010256115328579098,495,1779,1224404,495,107,0,0,1441,23197,338,0,0,552,0,1402,0,0,0,0,0,0,0,0,0,0,0,0
M3,2016-05-23__bonirob_2016-05-23-11-02-39_5_frame292,2016-05-23,1251936,0.03423417810495105,0.03370779336962912,-0.0005263847353219331,756,1415,1201954,756,565,0,0,1415,41444,0,0,0,1398,0,4404,0,0,0,0,0,0,0,0,0,0,0,0
M3,2016-05-23__bonirob_2016-05-23-11-02-39_5_frame293,2016-05-23,1251936,0.025288832655982415,0.024109858650921454,-0.0011789740050609614,256,1732,1217995,256,145,0,0,1732,29928,0,0,0,752,0,1128,0,0,0,0,0,0,0,0,0,0,0,0
M3,2016-05-23__bonirob_2016-05-23-11-02-39_5_frame294,2016-05-23,1251936,0.015837071543593283,0.014884946195332668,-0.0009521253482606146,160,1352,1228134,160,174,0,0,1352,18475,0,0,0,1114,0,2527,0,0,0,0,0,0,0,0,0,0,0,0
M3,2016-05-23__bonirob_2016-05-23-11-07-45_6_frame3,2016-05-23,1251936,0.018561651713825626,0.017730139559849704,-0.0008315121539759218,252,1293,1220885,252,123,0,54,1293,21945,0,0,0,3133,0,3632,0,619,0,0,0,0,0,0,0,0,0,0
M3,2016-05-23__bonirob_2016-05-23-11-07-45_6_frame4,2016-05-23,1251936,0.07049721391508831,0.07022403701147663,-0.00027317690361168545,1150,1492,1161466,1150,176,0,0,1492,86766,0,0,0,114,0,772,0,0,0,0,0,0,0,0,0,0,0,0
M3,2016-05-23__bonirob_2016-05-23-11-07-45_6_frame17,2016-05-23,1251936,0.03038813485673389,0.03006064207755029,-0.00032749277918359826,1083,1493,1204614,1083,447,0,1,1493,36551,0,0,0,2069,0,5581,0,97,0,0,0,0,0,0,0,0,0,0
M3,2016-05-23__bonirob_2016-05-23-11-07-45_6_frame27,2016-05-23,1251936,0.05710116172072694,0.056441383585103394,-0.0006597781356235469,913,1739,1178088,808,150,0,0,1739,69748,0,0,0,708,105,590,0,0,0,0,0,0,0,0,0,0,0,0
M3,2016-05-23__bonirob_2016-05-23-11-07-45_6_frame34,2016-05-23,1251936,0.06923916238529765,0.06952192444342203,0.00028276205812438615,1377,1023,1160538,1377,507,0,0,1023,85660,0,0,0,461,0,2370,0,0,0,0,0,0,0,0,0,0,0,0
M3,2016-05-23__bonirob_2016-05-23-11-07-45_6_frame38,2016-05-23,1251936,0.040957365232727555,0.04024007617002786,-0.0007172890626996956,844,1742,1197660,496,174,0,0,1742,49534,0,0,0,750,348,1232,0,0,0,0,0,0,0,0,0,0,0,0
M3,2016-05-23__bonirob_2016-05-23-11-07-45_6_frame41,2016-05-23,1251936,0.025914263987935487,0.02484551925977047,-0.0010687447281650178,621,1959,1214427,621,292,0,0,1819,30484,140,0,0,1641,0,2512,0,0,0,0,0,0,0,0,0,0,0,0
M3,2016-05-23__bonirob_2016-05-23-11-07-45_6_frame51,2016-05-23,1251936,0.0357070968484012,0.03468787541855175,-0.0010192214298494484,477,1753,1205099,477,116,0,0,1753,42950,0,0,0,703,0,838,0,0,0,0,0,0,0,0,0,0,0,0
M3,2016-05-23__bonirob_2016-05-23-11-07-45_6_frame52,2016-05-23,1251936,0.029142064770084092,0.027860849116887763,-0.001281215653196329,408,2012,1212088,408,182,0,0,2012,34472,0,0,0,1089,0,1685,0,0,0,0,0,0,0,0,0,0,0,0
M3,2016-05-23__bonirob_2016-05-23-11-07-45_6_frame61,2016-05-23,1251936,0.03105350433248984,0.02993923012038954,-0.001114274212100301,455,1850,1211346,455,135,0,0,1850,37027,0,0,0,380,0,743,0,0,0,0,0,0,0,0,0,0,0,0
M3,2016-05-23__bonirob_2016-05-23-11-07-45_6_frame63,2016-05-23,1251936,0.024541989366868595,0.024078706898755207,-0.0004632824681133872,623,1203,1212367,623,468,0,0,970,29522,233,0,0,1970,0,5783,0,0,0,0,0,0,0,0,0,0,0,0
M3,2016-05-23__bonirob_2016-05-23-11-07-45_6_frame68,2016-05-23,1251936,0.03396339748996754,0.03287787874140531,-0.0010855187485622267,323,1682,1208547,323,4,0,0,1682,40838,0,0,0,423,0,119,0,0,0,0,0,0,0,0,0,0,0,0
M3,2016-05-23__bonirob_2016-05-23-11-07-45_6_frame70,2016-05-23,1251936,0.06192089691485827,0.06040484497610101,-0.0015160519387572569,571,2469,1172259,571,179,0,0,2319,75052,150,0,0,526,0,880,0,0,0,0,0,0,0,0,0,0,0,0
M3,2016-05-23__bonirob_2016-05-23-11-07-45_6_frame75,2016-05-23,1251936,0.019647170462387852,0.01841068553025075,-0.0012364849321371031,252,1800,1224908,252,141,0,0,1800,22797,0,0,0,865,0,1173,0,0,0,0,0,0,0,0,0,0,0,0
M3,2016-05-23__bonirob_2016-05-23-11-07-45_6_frame99,2016-05-23,1251936,0.03736772486772487,0.03590119622728318,-0.0014665286404416875,292,2128,1204517,292,6,0,0,2128,44654,0,0,0,282,0,57,0,0,0,0,0,0,0,0,0,0,0,0
M3,2016-05-23__bonirob_2016-05-23-11-07-45_6_frame104,2016-05-23,1251936,0.02701975180839915,0.02593263553408481,-0.0010871162743143412,630,1991,1215935,613,75,0,0,1991,31836,0,0,0,567,17,902,0,0,0,0,0,0,0,0,0,0,0,0
M3,2016-05-23__bonirob_2016-05-23-11-07-45_6_frame108,2016-05-23,1251936,0.052665631469979296,0.05119670654090944,-0.0014689249290698592,666,2505,1184975,666,22,0,0,2505,63429,0,0,0,248,0,91,0,0,0,0,0,0,0,0,0,0,0,0
M3,2016-05-23__bonirob_2016-05-23-11-07-45_6_frame109,2016-05-23,1251936,0.051454706949876035,0.050422705314009664,-0.0010320016358663711,676,1968,1186595,676,31,0,0,1968,62450,0,0,0,72,0,144,0,0,0,0,0,0,0,0,0,0,0,0
M3,2016-05-23__bonirob_2016-05-23-11-07-45_6_frame115,2016-05-23,1251936,0.04173056769675127,0.03995651534902742,-0.001774052347723848,234,2455,1198513,234,67,0,0,2455,49789,0,0,0,533,0,345,0,0,0,0,0,0,0,0,0,0,0,0
M3,2016-05-23__bonirob_2016-05-23-11-07-45_6_frame122,2016-05-23,1251936,0.05644857245098791,0.05482548628683894,-0.001623086164148968,692,2724,1180110,692,27,0,0,2724,67946,0,0,0,229,0,208,0,0,0,0,0,0,0,0,0,0,0,0
M3,2016-05-23__bonirob_2016-05-23-11-07-45_6_frame127,2016-05-23,1251936,0.0788674500932955,0.07832588886332847,-0.0005415612299670275,1758,2436,1149840,1384,149,0,0,2436,96301,0,0,0,605,374,847,0,0,0,0,0,0,0,0,0,0,0,0
M3,2016-05-23__bonirob_2016-05-23-11-07-45_6_frame131,2016-05-23,1251936,0.06560798635073997,0.064775675433888,-0.0008323109168519721,1245,2287,1167253,1245,163,0,0,2287,79850,0,0,0,489,0,649,0,0,0,0,0,0,0,0,0,0,0,0
M3,2016-05-23__bonirob_2016-05-23-11-07-45_6_frame133,2016-05-23,1251936,0.07422264396902079,0.07350375738056897,-0.000718886588451817,771,1671,1157722,771,67,0,0,1671,91251,0,0,0,262,0,192,0,0,0,0,0,0,0,0,0,0,0,0
M3,2016-05-23__bonirob_2016-05-23-11-07-45_6_frame135,2016-05-23,1251936,0.06716158014467193,0.06637959128901158,-0.0007819888556603455,980,1959,1166587,980,10,0,0,1959,82123,0,0,0,182,0,95,0,0,0,0,0,0,0,0,0,0,0,0
M3,2016-05-23__bonirob_2016-05-23-11-07-45_6_frame138,2016-05-23,1251936,0.06176114433964675,0.060549421056667434,-0.0012117232829793184,741,2258,1173501,741,86,0,0,2258,75063,0,0,0,108,0,179,0,0,0,0,0,0,0,0,0,0,0,0
M3,2016-05-23__bonirob_2016-05-23-11-07-45_6_frame141,2016-05-23,1251936,0.056079544002249314,0.054033113513789845,-0.002046430488459469,864,3426,1177873,864,113,0,0,3230,66782,196,0,0,881,0,1997,0,0,0,0,0,0,0,0,0,0,0,0
M3,2016-05-23__bonirob_2016-05-23-11-07-45_6_frame146,2016-05-23,1251936,0.027184296960867008,0.0255827773943716,-0.0016015195664954088,436,2441,1216703,436,23,0,0,2408,31592,33,0,0,370,0,371,0,0,0,0,0,0,0,0,0,0,0,0
M3,2016-05-23__bonirob_2016-05-23-11-07-45_6_frame149,2016-05-23,1251936,0.04171379367635406,0.040232887304143344,-0.0014809063722107177,566,2420,1198087,566,159,0,0,2420,49803,0,0,0,390,0,511,0,0,0,0,0,0,0,0,0,0,0,0
M3,2016-05-23__bonirob_2016-05-23-11-07-45_6_frame156,2016-05-23,1251936,0.07919015029522276,0.07920932060424814,1.9170309025373644e-05,1816,1792,1149992,1816,128,0,0,1792,97349,0,0,0,417,0,442,0,0,0,0,0,0,0,0,0,0,0,0
M3,2016-05-23__bonirob_2016-05-23-11-07-45_6_frame162,2016-05-23,1251936,0.07268502543260998,0.07175127163049869,-0.0009337538021112896,1051,2220,1159149,1051,204,0,0,2220,88777,0,0,0,138,0,397,0,0,0,0,0,0,0,0,0,0,0,0
M3,2016-05-23__bonirob_2016-05-23-11-07-45_6_frame166,2016-05-23,1251936,0.036660819722413925,0.03593394550520154,-0.0007268742172123824,665,1575,1195322,665,24,0,965,1575,44322,0,0,0,2649,0,740,0,5674,0,0,0,0,0,0,0,0,0,0
M3,2016-05-23__bonirob_2016-05-23-11-07-45_6_frame175,2016-05-23,1251936,0.05969714106791402,0.05878255757482811,-0.000914583493085909,991,2136,1174664,991,154,0,0,2136,72601,0,0,0,348,0,1042,0,0,0,0,0,0,0,0,0,0,0,0
M3,2016-05-23__bonirob_2016-05-23-11-07-45_6_frame176,2016-05-23,1251936,0.054340637221072005,0.053259112286890065,-0.0010815249341819405,946,2300,1180592,946,100,0,0,2300,65731,0,0,0,574,0,1693,0,0,0,0,0,0,0,0,0,0,0,0
M3,2016-05-23__bonirob_2016-05-23-11-07-45_6_frame201,2016-05-23,1251936,0.07384243284001737,0.07338154666053216,-0.00046088617948521204,1031,1608,1154141,1031,447,0,0,1608,90838,0,0,0,1660,0,2211,0,0,0,0,0,0,0,0,0,0,0,0
M3,2016-05-23__bonirob_2016-05-23-11-07-45_6_frame208,2016-05-23,1251936,0.04311482376095903,0.04120578048718145,-0.0019090432737775762,591,2981,1196713,591,29,0,0,2981,50996,0,0,0,389,0,237,0,0,0,0,0,0,0,0,0,0,0,0
M3,2016-05-23__bonirob_2016-05-23-11-07-45_6_frame210,2016-05-23,1251936,0.080941837282417,0.08108401707435524,0.00014217979193824337,1641,1463,1146293,1641,247,0,0,1463,99871,0,0,0,795,0,1626,0,0,0,0,0,0,0,0,0,0,0,0
M3,2016-05-23__bonirob_2016-05-23-11-07-45_6_frame212,2016-05-23,1251936,0.06360229276895944,0.0634936610178156,-0.0001086317511438395,1395,1531,1170011,1387,48,0,0,1531,78095,0,0,0,673,8,183,0,0,0,0,0,0,0,0,0,0,0,0
M3,2016-05-23__bonirob_2016-05-23-11-07-45_6_frame215,2016-05-23,1251936,0.09721583211921377,0.09808408736548833,0.0008682552462745685,2081,994,1127520,2081,202,0,0,994,120714,0,0,0,99,0,326,0,0,0,0,0,0,0,0,0,0,0,0
M3,2016-05-23__bonirob_2016-05-23-11-07-45_6_frame218,2016-05-23,1251936,0.07372820974874116,0.07359641387419165,-0.00013179587454950625,1561,1726,1156418,1561,250,0,0,1726,90577,0,0,0,495,0,909,0,0,0,0,0,0,0,0,0,0,0,0
M3,2016-05-23__bonirob_2016-05-23-11-07-45_6_frame220,2016-05-23,1251936,0.05241481992689722,0.05172708509061166,-0.000687734836285557,1036,1897,1184002,912,14,0,0,1897,63723,0,0,0,663,124,601,0,0,0,0,0,0,0,0,0,0,0,0
M3,2016-05-23__bonirob_2016-05-23-11-07-45_6_frame224,2016-05-23,1251936,0.09370127546456049,0.09431073153899242,0.0006094560744319272,2273,1510,1131893,2273,125,0,0,1510,115798,0,0,0,178,0,159,0,0,0,0,0,0,0,0,0,0,0,0
M3,2016-05-23__bonirob_2016-05-23-11-07-45_6_frame227,2016-05-23,1251936,0.05661791018071211,0.055453313907420185,-0.0011645962732919277,662,2120,1178928,662,312,0,0,2120,68762,0,0,0,283,0,869,0,0,0,0,0,0,0,0,0,0,0,0
M3,2016-05-23__bonirob_2016-05-23-11-07-45_6_frame228,2016-05-23,1251936,0.040078726069064236,0.039189702988012165,-0.0008890230810520705,210,1323,1200145,210,80,0,0,1323,48853,0,0,0,595,0,730,0,0,0,0,0,0,0,0,0,0,0,0
M3,2016-05-23__bonirob_2016-05-23-11-07-45_6_frame231,2016-05-23,1251936,0.07211630626485699,0.07136467039848682,-0.0007516358663701705,917,1858,1160234,917,22,0,0,1858,88427,0,0,0,79,0,399,0,0,0,0,0,0,0,0,0,0,0,0
M3,2016-05-23__bonirob_2016-05-23-11-07-45_6_frame238,2016-05-23,1251936,0.038538711244025255,0.03699789765611022,-0.001540813587915038,499,2428,1201573,493,175,0,0,2198,45820,230,0,0,658,6,783,0,0,0,0,0,0,0,0,0,0,0,0
M3,2016-05-23__bonirob_2016-05-23-11-07-45_6_frame252,2016-05-23,1251936,0.02756770314137464,0.02622338522096976,-0.0013443179204048784,297,1980,1216235,297,20,0,0,1980,32533,0,0,0,387,0,484,0,0,0,0,0,0,0,0,0,0,0,0
M3,2016-05-23__bonirob_2016-05-23-11-07-45_6_frame254,2016-05-23,1251936,0.023839876798813997,0.022680871865654473,-0.0011590049331595235,84,1535,1219320,84,89,0,0,1535,28311,0,0,0,1015,0,1582,0,0,0,0,0,0,0,0,0,0,0,0
M3,2016-05-23__bonirob_2016-05-23-11-07-45_6_frame259,2016-05-23,1251936,0.10254278173964164,0.10236785266978504,-0.00017492906985659695,2200,2419,1121352,2200,7,0,0,2419,125958,0,0,0,0,0,0,0,0,0,0,0,0,0,0,0,0,0,0
M3,2016-05-23__bonirob_2016-05-23-11-07-45_6_frame263,2016-05-23,1251936,0.018605583672008794,0.017178993175369986,-0.0014265904966388084,163,1949,1226580,163,100,0,0,1949,21344,0,0,0,583,0,1217,0,0,0,0,0,0,0,0,0,0,0,0
M3,2016-05-23__bonirob_2016-05-23-11-07-45_6_frame278,2016-05-23,1251936,0.03907867494824017,0.03784298877897912,-0.0012356861692610493,335,1882,1201354,335,212,0,0,1882,47042,0,0,0,566,0,545,0,0,0,0,0,0,0,0,0,0,0,0
M3,2016-05-23__bonirob_2016-05-23-11-07-45_6_frame280,2016-05-23,1251936,0.03098800577665312,0.029396870127546455,-0.0015911356491066647,220,2212,1200586,220,670,0,0,2212,36583,0,0,0,1149,0,10516,0,0,0,0,0,0,0,0,0,0,0,0
M3,2016-05-23__bonirob_2016-05-23-11-07-45_6_frame284,2016-05-23,1251936,0.05467691639189224,0.05380386856836132,-0.0008730478235309189,700,1793,1182104,700,61,0,0,1793,66659,0,0,0,124,0,495,0,0,0,0,0,0,0,0,0,0,0,0
M3,2016-05-23__bonirob_2016-05-23-11-07-45_6_frame288,2016-05-23,1251936,0.06447134677811006,0.06429162513099711,-0.00017972164711295424,1315,1540,1169215,1315,62,0,0,1540,79174,0,0,0,136,0,494,0,0,0,0,0,0,0,0,0,0,0,0
M3,2016-05-23__bonirob_2016-05-23-11-07-45_6_frame289,2016-05-23,1251936,0.0380842151675485,0.036795011885591596,-0.001289203281956905,574,2188,1201207,486,161,0,0,2188,45491,0,0,0,650,88,1665,0,0,0,0,0,0,0,0,0,0,0,0
M3,2016-05-23__bonirob_2016-05-23-11-07-45_6_frame297,2016-05-23,1251936,0.04224417222605628,0.04099171203639803,-0.0012524601896582513,511,2079,1196102,511,179,0,0,2079,50808,0,0,0,890,0,1367,0,0,0,0,0,0,0,0,0,0,0,0
M3,2016-05-23__bonirob_2016-05-23-11-07-45_6_frame306,2016-05-23,1251936,0.011073249750785982,0.010108344196508448,-0.0009649055542775339,44,1252,1235754,44,107,0,0,1252,12611,0,0,0,567,0,1601,0,0,0,0,0,0,0,0,0,0,0,0
M3,2016-05-23__bonirob_2016-05-23-11-12-51_7_frame4,2016-05-23,1251936,0.023129776601998824,0.022143304450067736,-0.000986472151931088,136,1371,1221038,136,109,0,0,1371,27586,0,0,0,510,0,1186,0,0,0,0,0,0,0,0,0,0,0,0
M3,2016-05-23__bonirob_2016-05-23-11-12-51_7_frame5,2016-05-23,1251936,0.05198588426245431,0.05137083684788999,-0.0006150474145643209,795,1565,1183785,795,248,0,0,1565,63518,0,0,0,480,0,1545,0,0,0,0,0,0,0,0,0,0,0,0
M3,2016-05-23__bonirob_2016-05-23-11-12-51_7_frame10,2016-05-23,1251936,0.03835259949390384,0.037448399918206685,-0.000904199575697158,365,1497,1200522,365,246,0,0,1497,46518,0,0,0,918,0,1870,0,0,0,0,0,0,0,0,0,0,0,0
M3,2016-05-23__bonirob_2016-05-23-11-12-51_7_frame13,2016-05-23,1251936,0.0017061575032589526,0.0015599838969404187,-0.00014617360631853388,36,219,1246407,36,333,0,0,219,1917,0,0,0,781,0,2243,0,0,0,0,0,0,0,0,0,0,0,0
M3,2016-05-23__bonirob_2016-05-23-11-12-51_7_frame14,2016-05-23,1251936,0.06667113973877259,0.06622303376530429,-0.0004481059734682963,765,1326,1166422,765,186,0,0,1326,82142,0,0,0,239,0,856,0,0,0,0,0,0,0,0,0,0,0,0
M3,2016-05-23__bonirob_2016-05-23-11-12-51_7_frame19,2016-05-23,1251936,0.03419184367252,0.03340266595097513,-0.0007891777215448675,423,1411,1204210,423,304,0,0,1411,41395,0,0,0,1080,0,3113,0,0,0,0,0,0,0,0,0,0,0,0
M3,2016-05-23__bonirob_2016-05-23-11-12-51_7_frame20,2016-05-23,1251936,0.08571923804411727,0.0851840669171587,-0.0005351711269585696,1235,1905,1142500,1235,42,0,0,1905,105410,0,0,0,235,0,609,0,0,0,0,0,0,0,0,0,0,0,0
M3,2016-05-23__bonirob_2016-05-23-11-12-51_7_frame27,2016-05-23,1251936,0.048096707818930044,0.04662698412698413,-0.0014697236919459164,448,2288,1190033,448,45,0,0,2288,57926,0,0,0,440,0,756,0,0,0,0,0,0,0,0,0,0,0,0
M3,2016-05-23__bonirob_2016-05-23-11-12-51_7_frame29,2016-05-23,1251936,0.022735986504102447,0.02178545868159395,-0.0009505278225084984,35,1225,1220020,35,138,0,0,1225,27239,0,0,0,1439,0,1840,0,0,0,0,0,0,0,0,0,0,0,0
M3,2016-05-23__bonirob_2016-05-23-11-12-51_7_frame31,2016-05-23,1251936,0.00427897272704036,0.0033532065536896454,-0.0009257661733507146,53,1212,1243619,53,201,0,0,1203,4145,9,0,0,1146,0,1560,0,0,0,0,0,0,0,0,0,0,0,0
M3,2016-05-23__bonirob_2016-05-23-11-12-51_7_frame39,2016-05-23,1251936,0.0640639777113207,0.0637892032819569,-0.0002747744293637999,1269,1613,1169119,1269,89,0,0,1613,78591,0,0,0,402,0,853,0,0,0,0,0,0,0,0,0,0,0,0
M3,2016-05-23__bonirob_2016-05-23-11-12-51_7_frame41,2016-05-23,1251936,0.033955409861206966,0.03238424328400174,-0.001571166577205227,264,2231,1206574,264,35,0,0,2231,40279,0,0,0,663,0,1890,0,0,0,0,0,0,0,0,0,0,0,0
M3,2016-05-23__bonirob_2016-05-23-11-12-51_7_frame43,2016-05-23,1251936,0.052108893745367174,0.05125501623086164,-0.0008538775145055313,643,1712,1184348,643,74,0,0,1712,63525,0,0,0,516,0,1118,0,0,0,0,0,0,0,0,0,0,0,0
M3,2016-05-23__bonirob_2016-05-23-11-12-51_7_frame64,2016-05-23,1251936,0.1060876913835851,0.10764448022902129,0.0015567888454361828,2657,708,1110646,2657,4,59,930,708,132107,0,0,0,1276,0,31,125,3393,0,0,0,0,0,0,0,0,0,0
M3,2016-05-23__bonirob_2016-05-23-11-12-51_7_frame71,2016-05-23,1251936,0.08259367891010404,0.08257051478669836,-2.3164123405680637e-05,1635,1664,1142822,1635,438,0,0,1664,101738,0,0,0,1192,0,2447,0,0,0,0,0,0,0,0,0,0,0,0
M3,2016-05-23__bonirob_2016-05-23-11-12-51_7_frame75,2016-05-23,1251936,0.002832413158500115,0.0024322329575952764,-0.00040018020090483875,88,589,1241379,88,129,0,0,589,2957,0,0,0,4923,0,1871,0,0,0,0,0,0,0,0,0,0,0,0
M3,2016-05-23__bonirob_2016-05-23-11-12-51_7_frame77,2016-05-23,1251936,0.008353462157809985,0.007737615980369604,-0.0006158461774403807,135,906,1233640,135,330,0,0,906,9552,0,0,0,2603,0,4770,0,0,0,0,0,0,0,0,0,0,0,0
M3,2016-05-23__bonirob_2016-05-23-11-12-51_7_frame87,2016-05-23,1251936,0.03103034020908417,0.03031225238350842,-0.0007180878255757493,404,1303,1205859,402,73,0,197,1303,37545,0,0,0,2022,2,1528,3,3002,0,0,0,0,0,0,0,0,0,0
M3,2016-05-23__bonirob_2016-05-23-11-12-51_7_frame93,2016-05-23,1251936,0.03674628735015208,0.036009827978427014,-0.0007364593717250692,1690,2612,1197967,602,18,0,167,2612,43392,0,0,0,2888,1088,807,0,2395,0,0,0,0,0,0,0,0,0,0
M3,2016-05-23__bonirob_2016-05-23-11-12-51_7_frame95,2016-05-23,1251936,0.030527119597167907,0.029582981877667867,-0.0009441377195000406,363,1545,1198524,363,256,0,13,1545,36673,0,0,0,6091,0,8361,0,110,0,0,0,0,0,0,0,0,0,0
M3,2016-05-23__bonirob_2016-05-23-11-12-51_7_frame96,2016-05-23,1251936,0.014365750325895254,0.013598937964879994,-0.0007668123610152597,96,1056,1231822,96,103,0,0,1056,16929,0,0,0,1695,0,235,0,0,0,0,0,0,0,0,0,0,0,0
M3,2016-05-23__bonirob_2016-05-23-11-12-51_7_frame97,2016-05-23,1251936,0.031170123712394245,0.030613385987782123,-0.0005567377246121219,586,1283,1210502,586,19,0,0,1283,37740,0,0,0,1378,0,428,0,0,0,0,0,0,0,0,0,0,0,0
M3,2016-05-23__bonirob_2016-05-23-11-12-51_7_frame101,2016-05-23,1251936,0.039016371443907676,0.037146467551056925,-0.0018699038928507508,245,2586,1200866,245,37,0,0,2586,46260,0,0,0,694,0,1248,0,0,0,0,0,0,0,0,0,0,0,0
M3,2016-05-23__bonirob_2016-05-23-11-12-51_7_frame107,2016-05-23,1251936,0.027384786442757457,0.02555961327096593,-0.0018251731717915283,276,2561,1215095,276,35,0,0,2533,31723,28,0,0,1954,0,292,0,0,0,0,0,0,0,0,0,0,0,0
M3,2016-05-23__bonirob_2016-05-23-11-12-51_7_frame109,2016-05-23,1251936,0.0334577805894231,0.03300008946144212,-0.0004576911279809831,479,1052,1206013,456,234,0,0,1052,40835,0,0,0,1604,23,1719,0,0,0,0,0,0,0,0,0,0,0,0
M3,2016-05-23__bonirob_2016-05-23-11-12-51_7_frame111,2016-05-23,1251936,0.03649387828131789,0.035828508805561946,-0.0006653694757559475,654,1487,1202723,227,67,0,0,1487,44201,0,0,0,2149,427,655,0,0,0,0,0,0,0,0,0,0,0,0
M3,2016-05-23__bonirob_2016-05-23-11-12-51_7_frame116,2016-05-23,1251936,0.03902675536129643,0.0381105743424584,-0.0009161810188380234,669,1816,1199183,669,0,0,0,1816,47043,0,0,0,3217,0,8,0,0,0,0,0,0,0,0,0,0,0,0
M3,2016-05-23__bonirob_2016-05-23-11-12-51_7_frame119,2016-05-23,1251936,0.013106101270352478,0.012308935920047032,-0.0007971653503054468,249,1247,1232313,66,12,0,0,1247,15161,0,0,0,2649,183,305,0,0,0,0,0,0,0,0,0,0,0,0
M3,2016-05-23__bonirob_2016-05-23-11-12-51_7_frame137,2016-05-23,1251936,0.0018523311095774864,0.001318757508371035,-0.0005335736012064515,66,734,1249310,66,0,0,0,734,1585,0,0,0,241,0,0,0,0,0,0,0,0,0,0,0,0,0,0
M3,2016-05-23__bonirob_2016-05-23-11-12-51_7_frame190,2016-05-23,1251936,0.03310312987245354,0.031303517112695856,-0.0017996127597576864,532,2785,1206570,532,54,0,2,2776,38658,9,0,0,2388,0,932,0,15,0,0,0,0,0,0,0,0,0,0
M4,2016-05-23__bonirob_2016-05-23-10-37-10_0_frame23,2016-05-23,1251936,0.05600685658052808,0.0420932060424814,-0.013913650538046676,1817,19236,1061870,1817,24,0,12791,5267,50881,0,0,13969,0,0,0,0,0,10976,0,0,0,2233,40184,0,0,0,51924
M4,2016-05-23__bonirob_2016-05-23-10-37-10_0_frame28,2016-05-23,1251936,0.04947377501725328,0.042748191600848605,-0.006725583416404675,3183,11603,1147736,3182,175,0,7544,8765,50335,0,0,2838,0,0,0,0,0,0,0,0,0,0,16284,1,0,0,15076
M4,2016-05-23__bonirob_2016-05-23-10-37-10_0_frame30,2016-05-23,1251936,0.011623597372389643,0.013101308693096133,0.0014777113207064905,3263,1413,1222747,3217,271,0,192,1413,13139,0,0,0,0,0,0,0,0,0,0,0,0,0,9521,46,366,0,1024
M4,2016-05-23__bonirob_2016-05-23-10-37-10_0_frame31,2016-05-23,1251936,0.018276493367073078,0.01940274902231424,0.001126255655241163,3164,1754,1202134,2988,713,0,270,1699,21127,55,0,0,0,0,0,0,0,239,0,19,0,0,17561,176,3748,0,1207
M4,2016-05-23__bonirob_2016-05-23-10-37-10_0_frame35,2016-05-23,1251936,0.02303552258262403,0.027814520870076426,0.004778998287452395,7386,1403,1194083,2114,8,0,1359,1403,27436,0,0,0,0,0,0,0,0,0,0,0,0,0,13532,5272,13,0,6716
M4,2016-05-23__bonirob_2016-05-23-10-37-10_0_frame44,2016-05-23,1251936,0.02813322725762339,0.026490970784449046,-0.0016422564731743451,2417,4473,1079123,2407,63,0,34601,1731,30748,0,0,2742,0,0,0,0,0,2042,0,0,0,1990,13288,10,0,0,83191
M4,2016-05-23__bonirob_2016-05-23-10-37-10_0_frame47,2016-05-23,1251936,0.02487667101193671,0.025101922142984946,0.000225251131048234,3646,3364,1190796,3646,55,0,4339,1796,27780,0,0,1568,0,0,0,0,0,194,0,22,0,0,10142,0,0,0,11598
M4,2016-05-23__bonirob_2016-05-23-10-37-10_0_frame50,2016-05-23,1251936,0.004718292308872019,0.004787784679089027,6.949237021700808e-05,630,543,1243355,630,1389,0,0,543,5364,0,0,0,0,0,0,0,0,0,0,0,0,0,482,0,173,0,0
M4,2016-05-23__bonirob_2016-05-23-10-37-10_0_frame52,2016-05-23,1251936,0.022215991871788972,0.02325997495079621,0.0010439830790072366,3133,1826,1219440,3133,681,0,0,1826,25987,0,0,0,0,0,0,0,0,342,0,527,0,0,0,0,0,0,0
M4,2016-05-23__bonirob_2016-05-23-10-37-10_0_frame55,2016-05-23,1251936,0.014465595685402448,0.015140550315671089,0.0006749546302686413,2013,1168,1230431,2013,572,0,0,1076,16942,92,0,0,0,0,0,0,0,0,0,0,0,0,357,0,453,0,0
M4,2016-05-23__bonirob_2016-05-23-10-37-10_0_frame60,2016-05-23,1251936,0.026052449965493444,0.027648378191856452,0.0015959282263630081,3671,1673,1208528,3241,310,0,671,1673,30943,0,0,0,0,0,0,0,0,1106,0,132,0,23,2979,430,44,0,1856
M4,2016-05-23__bonirob_2016-05-23-10-37-10_0_frame93,2016-05-23,1251936,0.001304379776601999,0.0009673018429057076,-0.00033707793369629126,16,438,1231268,16,537,0,2058,438,1195,0,0,0,0,0,0,0,0,3871,0,996,0,426,7342,0,22,0,3767
M4,2016-05-23__bonirob_2016-05-23-10-37-10_0_frame96,2016-05-23,1251936,0.006273483628556092,0.007286314955397081,0.0010128313268409888,1860,592,1212181,1129,69,0,4260,592,7262,0,0,0,0,0,0,0,0,3164,0,126,0,1820,9015,731,0,0,11587
M4,2016-05-23__bonirob_2016-05-23-10-37-10_0_frame97,2016-05-23,1251936,0.0017772473992280755,0.0016510428648109808,-0.00012620453441709477,165,323,1203881,165,904,0,3963,323,1902,0,0,0,0,0,0,0,0,3613,0,859,0,1613,17585,0,1573,0,15555
M4,2016-05-23__bonirob_2016-05-23-10-37-10_0_frame102,2016-05-23,1251936,0.029696406206068043,0.03829349104107558,0.008597084835007537,12482,1719,1167546,3049,1962,2,1761,1719,35459,0,0,0,0,0,0,0,0,14884,9433,6255,54,2422,4111,0,159,0,3120
M4,2016-05-23__bonirob_2016-05-23-10-37-10_0_frame103,2016-05-23,1251936,0.01924858778723513,0.018283682232957597,-0.0009649055542775321,2096,3304,1178795,1772,0,0,10614,2220,20794,0,0,1084,0,0,0,0,0,2253,0,0,0,2118,13810,324,0,0,18152
M4,2016-05-23__bonirob_2016-05-23-10-37-10_0_frame113,2016-05-23,1251936,0.014313830738951512,0.013909656723666385,-0.00040417401528512753,2032,2538,1204434,2032,954,0,3073,2487,15382,0,0,51,0,0,0,0,0,5941,0,2460,0,111,9313,0,0,0,5698
M4,2016-05-23__bonirob_2016-05-23-10-37-10_0_frame114,2016-05-23,1251936,0.012049337985328323,0.01108762748255502,-0.0009617105027733032,2940,4144,1201417,1887,344,0,8495,1891,10941,1292,0,961,0,0,0,0,0,5056,1053,181,0,1246,7926,0,25,0,9221
M4,2016-05-23__bonirob_2016-05-23-10-37-10_0_frame117,2016-05-23,1251936,0.0008506824630013036,0.002795670066201467,0.0019449876032001634,2880,445,1218968,385,3466,0,1448,445,620,0,0,0,0,0,0,0,0,2232,2495,624,0,0,16006,0,3125,0,2122
M4,2016-05-23__bonirob_2016-05-23-10-37-10_0_frame125,2016-05-23,1251936,0.023097027324080463,0.023112203818725557,1.5176494645094407e-05,2358,2339,1164348,2333,0,0,10023,1678,26577,0,0,661,0,0,0,0,0,3180,0,0,0,439,18832,25,0,0,23840
M4,2016-05-23__bonirob_2016-05-23-10-37-10_0_frame128,2016-05-23,1251936,0.023093832272576234,0.02372405618178565,0.0006302239092094153,2864,2075,1159897,2322,0,28,8589,2075,26837,0,0,0,0,0,0,0,0,2423,0,0,19,1914,26099,542,0,0,21191
M4,2016-05-23__bonirob_2016-05-23-10-37-10_0_frame132,2016-05-23,1251936,0.04296625386601232,0.044324150755310175,0.001357896889297855,3061,1361,1178267,3061,80,0,2795,1361,52430,0,0,0,0,0,0,0,0,2268,0,77,0,383,4059,0,0,0,7155
M4,2016-05-23__bonirob_2016-05-23-10-37-10_0_frame139,2016-05-23,1251936,0.02433590854484574,0.024957346062418527,0.0006214375175727857,2464,1686,1190769,2463,0,0,4434,1686,28781,0,0,0,0,0,0,0,0,5008,1,0,0,2898,7014,0,0,0,8882
M4,2016-05-23__bonirob_2016-05-23-10-37-10_0_frame143,2016-05-23,1251936,0.04456777343250773,0.04575074125194898,0.001182967819441251,3777,2296,1171661,3777,0,0,3960,2296,53500,0,0,0,0,0,0,0,0,2522,0,0,0,2607,7100,0,0,0,4513
M4,2016-05-23__bonirob_2016-05-23-10-37-10_0_frame145,2016-05-23,1251936,0.019604037267080744,0.020485871482248293,0.0008818342151675485,2733,1629,1193138,2730,5,0,5498,1629,22914,0,0,0,0,0,0,0,0,627,0,66,0,249,9990,3,0,0,15087
M4,2016-05-23__bonirob_2016-05-23-10-37-10_0_frame150,2016-05-23,1251936,0.06277956700662014,0.06480602842317819,0.0020264614165580452,5831,3294,1155508,5176,109,0,1097,3294,75302,0,0,0,0,0,0,0,0,3533,655,62,0,726,2937,0,0,0,3537
M4,2016-05-23__bonirob_2016-05-23-10-37-10_0_frame151,2016-05-23,1251936,0.06416302430795184,0.0653364069728804,0.0011733826649285573,5756,4287,1154560,5756,31,0,1233,4287,76041,0,0,0,0,0,0,0,0,3776,0,213,0,897,3661,0,0,0,1481
M4,2016-05-23__bonirob_2016-05-23-10-37-10_0_frame152,2016-05-23,1251936,0.056748907292385554,0.05887601283132684,0.0021271055389412846,5912,3249,1168728,5912,35,0,359,3249,67797,0,0,0,0,0,0,0,0,0,0,0,0,0,3103,0,1268,0,1485
M4,2016-05-23__bonirob_2016-05-23-10-37-10_0_frame156,2016-05-23,1251936,0.028161982721161466,0.028240261483015106,7.827876185364027e-05,2774,2676,1202946,2774,0,0,2830,2676,32581,0,0,0,0,0,0,0,0,1468,0,0,0,876,3403,0,0,0,2382
M4,2016-05-23__bonirob_2016-05-23-10-37-10_0_frame161,2016-05-23,1251936,0.010181830381105744,0.010228158627917082,4.632824681133872e-05,1530,1472,1198373,1530,0,0,7828,1472,11275,0,0,0,0,0,0,0,0,744,0,0,0,134,11197,0,0,0,19383
M4,2016-05-23__bonirob_2016-05-23-10-37-10_0_frame169,2016-05-23,1251936,0.05118792014927281,0.05222790941389975,0.0010399892646269435,4014,2712,1153645,4014,0,24,5668,2712,61372,0,0,0,0,0,0,0,0,1506,0,0,6,635,11816,0,0,0,10538
M4,2016-05-23__bonirob_2016-05-23-10-37-10_0_frame180,2016-05-23,1251936,0.07668443115303018,0.07652867239219896,-0.0001557587608312233,4869,5064,1122856,4765,1,64,5008,4945,90940,0,0,119,0,0,0,0,0,2299,0,0,17,2358,6771,104,0,0,11689
M4,2016-05-23__bonirob_2016-05-23-10-37-10_0_frame182,2016-05-23,1251936,0.03931111494517291,0.038794315364363674,-0.0005167995808092393,2891,3538,1109239,2591,0,793,9202,2581,45677,0,0,957,0,0,0,0,0,6484,33,0,23985,14812,11272,267,0,0,24043
M4,2016-05-23__bonirob_2016-05-23-10-37-10_0_frame197,2016-05-23,1251936,0.0,0.000979283286046571,0.000979283286046571,1226,0,1246228,100,522,0,0,0,0,0,0,0,0,0,0,0,0,1694,1126,524,0,0,1038,0,704,0,0
M4,2016-05-23__bonirob_2016-05-23-10-37-10_0_frame205,2016-05-23,1251936,0.03353765687702886,0.032068731947959,-0.0014689249290698592,2904,4743,1181331,2904,0,0,6244,3050,37244,0,0,1693,0,0,0,0,0,389,0,0,0,211,7221,0,0,0,11649
M4,2016-05-23__bonirob_2016-05-23-10-37-10_0_frame209,2016-05-23,1251936,0.05423759681006058,0.05581994606753061,0.0015823492574700282,4123,2142,1164093,3990,9,0,2206,2142,65760,0,0,0,0,0,0,0,0,551,133,10,0,275,4530,0,0,0,8237
M4,2016-05-23__bonirob_2016-05-23-10-37-10_0_frame210,2016-05-23,1251936,0.03593953684533395,0.0341335339825678,-0.0018060028627661512,5652,7913,1147507,3265,0,0,10561,2137,37081,0,0,5776,0,0,0,0,0,2069,1248,0,0,1364,5693,1139,0,0,34096
M4,2016-05-23__bonirob_2016-05-23-10-37-10_0_frame214,2016-05-23,1251936,0.012057325614088898,0.01313805178539478,0.0010807261713058815,1608,255,1224945,1460,1963,0,0,255,14840,0,0,0,0,0,0,0,0,4736,148,1825,0,0,546,0,1218,0,0
M4,2016-05-23__bonirob_2016-05-23-10-37-10_0_frame215,2016-05-23,1251936,0.020675977046749994,0.022294270633642616,0.0016182935868926211,3068,1042,1214250,3068,2583,0,0,1042,24843,0,0,0,0,0,0,0,0,2075,0,850,0,0,1030,0,2195,0,0
M4,2016-05-23__bonirob_2016-05-23-10-37-10_0_frame220,2016-05-23,1251936,0.03284512946348695,0.03469586304731232,0.0018507335838253702,3329,1012,1199167,2782,33,0,1520,1012,40108,0,0,0,0,0,0,0,0,810,547,141,0,1,3565,0,0,0,2250
M4,2016-05-23__bonirob_2016-05-23-10-37-10_0_frame223,2016-05-23,1251936,0.07636891981698744,0.0810057383125016,0.004636818495514158,8817,3012,1145682,8065,216,0,0,3012,92597,0,0,0,0,0,0,0,0,966,752,646,0,0,0,0,0,0,0
M4,2016-05-23__bonirob_2016-05-23-10-37-10_0_frame232,2016-05-23,1251936,0.06822313600695243,0.07014895330112722,0.001925817294174792,5971,3560,1153861,5971,1155,0,0,3560,81851,0,0,0,0,0,0,0,0,1560,0,1473,0,0,853,0,1652,0,0
M4,2016-05-23__bonirob_2016-05-23-10-37-10_0_frame234,2016-05-23,1251936,0.06772950054954886,0.06941169516652608,0.0016821946169772173,6268,4162,1141498,6246,157,0,3988,4162,80631,0,0,0,0,0,0,0,0,3799,22,27,0,769,3989,0,0,0,6648
M4,2016-05-23__bonirob_2016-05-23-10-37-10_0_frame239,2016-05-23,1251936,0.01315163075428776,0.019774972522557062,0.006623341768269302,8950,658,1223204,2909,1034,0,0,658,15807,0,0,0,0,0,0,0,0,1316,6041,967,0,0,0,0,0,0,0
M4,2016-05-23__bonirob_2016-05-23-10-37-10_0_frame242,2016-05-23,1251936,0.037803050635176236,0.0395731091685198,0.0017700585333435617,3140,924,1195647,3026,1378,0,0,924,46403,0,0,0,0,0,0,0,0,2461,114,1983,0,0,0,0,0,0,0
M4,2016-05-23__bonirob_2016-05-23-10-37-10_0_frame246,2016-05-23,1251936,0.09077061447230529,0.09547293152365616,0.0047023170513508655,8876,2989,1125155,8091,257,0,0,2989,110650,0,0,0,0,0,0,0,0,2469,0,227,0,0,971,785,342,0,0
M4,2016-05-23__bonirob_2016-05-23-10-37-10_0_frame253,2016-05-23,1251936,0.050581659126345116,0.052951588579607904,0.002369929453262788,5014,2047,1177841,4663,336,0,1045,2047,61278,0,0,0,0,0,0,0,0,2252,351,403,0,98,656,0,0,0,966
M4,2016-05-23__bonirob_2016-05-23-10-37-10_0_frame256,2016-05-23,1251936,0.08441326074176315,0.0850410883623444,0.0006278276205812505,5510,4724,1127624,5510,0,0,2481,4724,100956,0,0,0,0,0,0,0,0,1435,0,0,0,563,4328,0,0,0,4315
M4,2016-05-23__bonirob_2016-05-23-10-37-10_0_frame257,2016-05-23,1251936,0.05492213659484191,0.05676328502415459,0.0018411484293126834,4792,2487,1172666,4766,243,0,772,2487,66272,0,0,0,0,0,0,0,0,1371,26,720,0,3,1786,0,0,0,824
M4,2016-05-23__bonirob_2016-05-23-10-37-10_0_frame258,2016-05-23,1251936,0.053157669401630754,0.05840394397157682,0.005246274569946065,8019,1451,1171232,7784,1350,0,0,1451,65099,0,0,0,0,0,0,0,0,2032,235,2102,0,0,464,0,187,0,0
M4,2016-05-23__bonirob_2016-05-23-10-37-10_0_frame261,2016-05-23,1251936,0.07521950003834062,0.0805839915139432,0.005364491475602584,8933,2217,1143637,8933,1712,0,0,2217,91953,0,0,0,0,0,0,0,0,1382,0,2102,0,0,0,0,0,0,0
M4,2016-05-23__bonirob_2016-05-23-10-37-10_0_frame269,2016-05-23,1251936,0.05744782480893592,0.059896033024052345,0.002448208215116425,5573,2508,1168298,5573,1383,0,0,2508,69413,0,0,0,0,0,0,0,0,1910,0,2249,0,0,485,0,117,0,0
M4,2016-05-23__bonirob_2016-05-23-10-37-10_0_frame276,2016-05-23,1251936,0.07116657720522455,0.07422104644326867,0.0030544692380441163,6386,2562,1152895,6109,892,0,0,2562,86534,0,0,0,0,0,0,0,0,1566,277,722,0,0,246,0,133,0,0
M4,2016-05-23__bonirob_2016-05-23-10-37-10_0_frame283,2016-05-23,1251936,0.05168794570968484,0.07549587199345653,0.023807926283771694,32543,2737,1135889,20220,5768,0,1022,2737,61973,0,0,0,0,0,0,0,0,8311,11668,2282,0,20,1131,655,0,0,260
M4,2016-05-23__bonirob_2016-05-23-10-37-10_0_frame288,2016-05-23,1251936,0.038601813511233804,0.04095017636684303,0.002348362855609229,5244,2304,1194379,5244,206,0,514,2304,46023,0,0,0,0,0,0,0,0,1020,0,318,0,18,1053,0,0,0,857
M4,2016-05-23__bonirob_2016-05-23-10-37-10_0_frame301,2016-05-23,1251936,0.018877961812744423,0.019096822840784195,0.00021886102803977264,2480,2206,1171115,2240,0,0,10995,2206,21428,0,0,0,0,0,0,0,0,1642,0,23,0,829,13806,240,0,0,27412
M4,2016-05-23__bonirob_2016-05-23-10-37-10_0_frame304,2016-05-23,1251936,0.02194601001968152,0.02228628300488204,0.00034027298520052096,3076,2650,1219882,3076,532,0,0,1135,24825,1515,0,0,0,0,0,0,0,447,0,524,0,0,0,0,0,0,0
M4,2016-05-23__bonirob_2016-05-23-10-42-16_1_frame1,2016-05-23,1251936,0.07258438131022672,0.06769435498300233,-0.004890026327224392,764,6886,1089397,764,0,0,5354,5840,83985,0,0,1046,0,0,0,0,0,0,0,0,0,0,18474,0,0,0,47076
M4,2016-05-23__bonirob_2016-05-23-10-42-16_1_frame17,2016-05-23,1251936,0.06228673031209263,0.06616791912685632,0.0038811888147636947,7207,2348,1148635,1514,2,0,997,2298,75631,0,0,50,0,0,0,0,0,0,0,0,0,0,4620,5693,29,27,12440
M4,2016-05-23__bonirob_2016-05-23-10-42-16_1_frame21,2016-05-23,1251936,0.04761505380466733,0.04429859034327634,-0.0033164634613909935,2201,6353,1189773,2201,346,0,5,3980,53258,2298,0,75,0,0,0,0,0,0,0,0,0,0,0,0,0,0,0
M4,2016-05-23__bonirob_2016-05-23-10-42-16_1_frame27,2016-05-23,1251936,0.07143176648007565,0.07049242133783197,-0.0009393451422436833,2032,3208,1153505,1976,8,0,789,3208,86220,0,0,0,0,0,0,0,0,0,0,0,0,0,2475,56,335,0,3364
M4,2016-05-23__bonirob_2016-05-23-10-42-16_1_frame28,2016-05-23,1251936,0.06659925107992741,0.06670708406819519,0.00010783298826777532,2581,2446,1161434,2581,565,0,0,2156,80932,290,0,0,1331,0,2647,0,0,0,0,0,0,0,0,0,0,0,0
M4,2016-05-23__bonirob_2016-05-23-10-42-16_1_frame30,2016-05-23,1251936,0.08099455563223679,0.08055044347314878,-0.00044411215908800317,2553,3109,1134213,1786,0,0,1366,3108,98291,0,0,1,0,0,0,0,0,0,0,0,0,0,5021,767,0,0,7383
M4,2016-05-23__bonirob_2016-05-23-10-42-16_1_frame39,2016-05-23,1251936,0.0417281714081231,0.040153011016537586,-0.001575160391585513,701,2673,1180340,701,0,10,2682,2462,49568,0,0,211,0,0,0,0,0,0,0,0,0,0,4636,0,0,2,11324
M4,2016-05-23__bonirob_2016-05-23-10-42-16_1_frame48,2016-05-23,1251936,0.060513476727244844,0.0594527196278404,-0.0010607570994044455,1594,2922,1154983,1594,0,0,1948,2922,72837,0,0,0,0,0,0,0,0,0,0,0,0,0,5190,0,0,0,12462
M4,2016-05-23__bonirob_2016-05-23-10-42-16_1_frame49,2016-05-23,1251936,0.051084080975385325,0.050631182424660685,-0.0004528985507246397,2833,3400,1182694,2441,144,0,24,2423,60554,436,0,541,1404,392,584,0,299,0,0,0,0,0,0,0,0,0,0
M4,2016-05-23__bonirob_2016-05-23-10-42-16_1_frame53,2016-05-23,1251936,0.0,0.0676967512716305,0.0676967512716305,84752,0,719343,7436,18951,0,1507,0,0,0,0,0,39700,77316,359454,0,28229,0,0,0,0,0,0,0,0,0,0
M4,2016-05-23__bonirob_2016-05-23-10-42-16_1_frame54,2016-05-23,1251936,0.027587672213276078,0.16747421593436085,0.13988654372108478,175265,136,760561,8401,7183,0,616,136,34402,0,0,0,42110,166864,217535,0,14128,0,0,0,0,0,0,0,0,0,0
M4,2016-05-23__bonirob_2016-05-23-10-42-16_1_frame58,2016-05-23,1251936,0.06889409682284078,0.06886534135930271,-2.8755463538074344e-05,1982,2018,1147913,1982,0,0,2022,1872,84233,0,0,146,0,0,0,0,0,0,0,0,0,0,2686,0,1,0,11081
M4,2016-05-23__bonirob_2016-05-23-10-42-16_1_frame62,2016-05-23,1251936,0.022053843007949287,0.021494708994708994,-0.0005591340132402936,794,1494,1204372,532,8,31,1791,1494,26116,0,0,0,0,0,0,0,0,0,0,0,0,0,4251,262,538,118,12423
M4,2016-05-23__bonirob_2016-05-23-10-42-16_1_frame66,2016-05-23,1251936,0.06108778723513023,0.061411286199933544,0.0003234989648033121,1961,1556,1171004,1961,398,0,0,1556,74922,0,0,0,885,0,1210,0,0,0,0,0,0,0,0,0,0,0,0
M4,2016-05-23__bonirob_2016-05-23-10-42-16_1_frame69,2016-05-23,1251936,0.0,0.09708084119316003,0.09708084119316003,121539,0,1089688,1491,0,271,2430,0,0,0,0,0,0,0,0,0,0,0,0,0,0,0,13682,120048,0,1117,23209
M4,2016-05-23__bonirob_2016-05-23-10-42-16_1_frame79,2016-05-23,1251936,0.07098925184673976,0.06336745648339852,-0.007621795363341247,1763,11305,1145870,1738,0,1,2237,7824,77569,0,0,3481,0,0,0,0,0,0,0,0,0,0,4722,25,0,42,8427
M4,2016-05-23__bonirob_2016-05-23-10-42-16_1_frame81,2016-05-23,1251936,0.09532436162870946,0.09228107507093014,-0.003043286557779315,2476,6286,1120958,2394,25,0,1052,3784,113054,0,0,2502,0,0,0,0,0,0,0,0,0,0,2765,82,84,0,5236
M4,2016-05-23__bonirob_2016-05-23-10-42-16_1_frame83,2016-05-23,1251936,0.0,0.11326777087646653,0.11326777087646653,141804,0,1085244,1438,0,0,2987,0,0,0,0,0,0,0,0,0,0,0,0,0,0,0,6912,140366,0,0,14989
M4,2016-05-23__bonirob_2016-05-23-10-42-16_1_frame88,2016-05-23,1251936,0.13025106714720242,0.13082777394371597,0.0005767067965135597,4206,3484,1083851,4181,30,0,0,3484,159582,0,0,0,570,25,213,0,0,0,0,0,0,0,0,0,0,0,0
M4,2016-05-23__bonirob_2016-05-23-10-42-16_1_frame89,2016-05-23,1251936,0.09577007131354957,0.09335141732484728,-0.0024186539887022934,1251,4279,1109327,1251,0,0,4585,3461,115619,0,0,818,0,0,0,0,0,0,0,0,0,0,2765,0,0,0,14110
M4,2016-05-23__bonirob_2016-05-23-10-42-16_1_frame94,2016-05-23,1251936,0.12082247015821895,0.11814102318329371,-0.0026814469749252418,2056,5413,1075868,2056,0,0,3680,5141,145849,0,0,272,0,0,0,0,0,0,0,0,0,0,4951,0,0,0,14119
M4,2016-05-23__bonirob_2016-05-23-10-42-16_1_frame96,2016-05-23,1251936,0.09648815913912533,0.09577885770518621,-0.0007093014339391163,1609,2497,1122753,1609,208,0,1132,2497,118300,0,0,0,0,0,0,0,0,0,0,0,0,0,1452,0,202,0,3783
M4,2016-05-23__bonirob_2016-05-23-10-42-16_1_frame104,2016-05-23,1251936,0.1289658576796258,0.13095238095238096,0.0019865232727551696,5314,2827,1080102,5314,728,0,242,2827,158630,0,0,0,0,0,0,0,0,0,0,0,0,0,1142,0,1753,0,1198
M4,2016-05-23__bonirob_2016-05-23-10-42-16_1_frame111,2016-05-23,1251936,0.05584390895381233,0.056655452035886816,0.000811543082074484,3231,2215,1165830,1772,203,0,1343,2215,67698,0,0,0,0,0,0,0,0,0,0,0,0,0,4687,1459,814,0,5915
M4,2016-05-23__bonirob_2016-05-23-10-42-16_1_frame117,2016-05-23,1251936,0.07738494619533266,0.0737234171714848,-0.003661529023847865,1556,6140,1135107,1556,49,7,2974,5834,90741,0,0,306,0,0,0,0,0,0,0,0,0,0,3906,0,44,5,11407
M4,2016-05-23__bonirob_2016-05-23-10-42-16_1_frame124,2016-05-23,1251936,0.10190297267591954,0.10442147202412903,0.0025184993482094964,5211,2058,1113811,4846,964,0,0,2058,125518,0,0,0,1369,365,3005,0,0,0,0,0,0,0,0,0,0,0,0
M4,2016-05-23__bonirob_2016-05-23-10-42-16_1_frame125,2016-05-23,1251936,0.0,0.12768703831505765,0.12768703831505765,159856,0,1071289,3150,0,0,2233,0,0,0,0,0,0,0,0,0,0,0,0,0,0,0,8280,156706,0,0,10278
M4,2016-05-23__bonirob_2016-05-23-10-42-16_1_frame126,2016-05-23,1251936,0.10595988932341589,0.10391505636070854,-0.0020448329627073547,5793,8353,1106679,4041,2,6,1369,4810,124302,0,0,3543,0,0,0,0,0,0,0,0,0,0,2659,1752,30,15,2728
M4,2016-05-23__bonirob_2016-05-23-10-42-16_1_frame132,2016-05-23,1251936,0.06132422104644327,0.06183303299849194,0.000508811952048667,2225,1588,1162107,2225,1574,0,0,1588,75186,0,0,0,2276,0,6980,0,0,0,0,0,0,0,0,0,0,0,0
M4,2016-05-23__bonirob_2016-05-23-10-42-16_1_frame135,2016-05-23,1251936,0.10391425759783247,0.08820099430002812,-0.015713263297804356,1984,21656,1112886,1984,51,0,1101,11623,108438,0,0,10033,0,0,0,0,0,0,0,0,0,0,2132,0,132,0,3556
M4,2016-05-23__bonirob_2016-05-23-10-42-16_1_frame137,2016-05-23,1251936,0.10763649260026072,0.10863574495820873,0.0009992523579480106,4611,3360,1110343,4603,304,0,0,3360,131394,0,0,0,1052,8,872,0,0,0,0,0,0,0,0,0,0,0,0
M4,2016-05-23__bonirob_2016-05-23-10-42-16_1_frame138,2016-05-23,1251936,0.10651822457378013,0.10819882166500525,0.0016805970912251167,4855,2751,1098178,2094,2,0,1398,2746,130603,0,0,5,0,0,0,0,0,0,0,0,0,0,3471,2761,34,0,10644
M4,2016-05-23__bonirob_2016-05-23-10-42-16_1_frame139,2016-05-23,1251936,0.05465055721698234,0.057866376555990084,0.003215819339007747,5517,1491,1173604,2268,297,0,170,1491,66928,0,0,0,0,0,0,0,0,0,0,0,0,0,1975,3249,847,0,1107
M4,2016-05-23__bonirob_2016-05-23-10-42-16_1_frame140,2016-05-23,1251936,0.10496622830560029,0.10620271323773739,0.0012364849321370996,3763,2215,1110786,3325,2,0,368,2215,129196,0,0,0,0,0,0,0,0,0,0,0,0,0,2217,438,159,0,3230
M4,2016-05-23__bonirob_2016-05-23-10-42-16_1_frame150,2016-05-23,1251936,0.04495437466451959,0.04324342458400429,-0.0017109500805152986,797,2939,1153566,797,0,0,4998,2060,53341,0,0,879,7863,0,0,3,28429,0,0,0,0,0,0,0,0,0,0
M4,2016-05-23__bonirob_2016-05-23-10-42-16_1_frame154,2016-05-23,1251936,0.09725736778876876,0.09826940035273368,0.0010120325639649264,3571,2304,1124003,3571,612,0,0,2304,119456,0,0,0,374,0,1616,0,0,0,0,0,0,0,0,0,0,0,0
M4,2016-05-23__bonirob_2016-05-23-10-42-16_1_frame155,2016-05-23,1251936,0.12070185696393426,0.12444805485264422,0.0037461978887099595,6237,1547,1089205,5618,1167,0,0,1547,149564,0,0,0,1254,619,2962,0,0,0,0,0,0,0,0,0,0,0,0
M4,2016-05-23__bonirob_2016-05-23-10-42-16_1_frame158,2016-05-23,1251936,0.1013765879405976,0.10548861922654193,0.004112031285944326,6877,1729,1111109,3506,431,0,50,1729,125188,0,0,0,0,0,0,0,0,0,0,0,0,0,2327,3371,2067,0,2158
M4,2016-05-23__bonirob_2016-05-23-10-42-16_1_frame160,2016-05-23,1251936,0.09297520001022416,0.09451122102088286,0.0015360210106586947,3741,1818,1121930,3256,601,0,179,1818,114581,0,0,0,0,0,0,0,0,0,0,0,0,0,3607,485,5167,0,312
M4,2016-05-23__bonirob_2016-05-23-10-42-16_1_frame164,2016-05-23,1251936,0.11251214119571608,0.11601711269585666,0.0035049715001405773,5789,1401,1097136,5344,1778,0,0,1401,139457,0,0,0,1394,445,4981,0,0,0,0,0,0,0,0,0,0,0,0
M4,2016-05-23__bonirob_2016-05-23-10-42-16_1_frame180,2016-05-23,1251936,0.0,0.09653848120031695,0.09653848120031695,120860,0,1104255,2858,0,0,3820,0,0,0,0,0,0,0,0,0,0,0,0,0,0,0,9559,118002,12,7,13423
M4,2016-05-23__bonirob_2016-05-23-10-42-16_1_frame185,2016-05-23,1251936,0.13341017432201008,0.13628252562431306,0.0028723513023029834,5798,2202,1065649,5461,1876,0,6,1852,164819,350,0,0,3042,337,8525,0,19,0,0,0,0,0,0,0,0,0,0
M4,2016-05-23__bonirob_2016-05-23-10-42-16_1_frame187,2016-05-23,1251936,0.1281806737724612,0.12161963550852439,-0.006561038263936808,2210,10424,1050498,2210,1,0,6533,4975,150050,0,0,5449,0,0,0,0,0,0,0,0,0,0,6483,0,0,0,25737
M4,2016-05-23__bonirob_2016-05-23-10-42-16_1_frame189,2016-05-23,1251936,0.09610315543286557,0.09417653937581474,-0.0019266160570508284,2874,5286,1109482,2874,0,0,2673,3746,115029,0,0,1540,0,0,0,0,0,0,0,0,0,0,5093,0,5,0,11494
M4,2016-05-23__bonirob_2016-05-23-10-42-16_1_frame193,2016-05-23,1251936,0.04533139074201876,0.04653113258185722,0.0011997418398384599,2974,1472,1174681,2382,2477,0,0,1472,55280,0,0,0,0,0,0,0,0,0,0,0,0,0,4032,592,11020,0,0
M4,2016-05-23__bonirob_2016-05-23-10-42-16_1_frame194,2016-05-23,1251936,0.0,0.07668123610152595,0.07668123610152595,96000,0,1073092,1019,0,0,6395,0,0,0,0,0,0,0,0,0,0,0,0,0,0,0,16833,94981,0,0,59616
M4,2016-05-23__bonirob_2016-05-23-10-42-16_1_frame200,2016-05-23,1251936,0.11818575390435294,0.11852762441530558,0.00034187051095263543,6132,5704,1072678,5821,5820,0,0,3981,142257,1723,0,0,4350,311,14995,0,0,0,0,0,0,0,0,0,0,0,0
M4,2016-05-23__bonirob_2016-05-23-10-42-16_1_frame204,2016-05-23,1251936,0.08560421618996499,0.08605631597781356,0.0004520997878485755,2869,2303,1115754,2601,1774,0,960,2303,104868,0,0,0,0,0,0,0,0,0,0,0,0,0,7805,268,10189,0,5414
M4,2016-05-23__bonirob_2016-05-23-10-42-16_1_frame217,2016-05-23,1251936,0.10415149017202158,0.08817783017662245,-0.015973659995399125,3475,23473,1116471,3475,360,0,1239,9162,106918,1933,0,12378,0,0,0,0,0,0,0,0,0,0,0,0,0,0,0
M4,2016-05-23__bonirob_2016-05-23-10-42-16_1_frame218,2016-05-23,1251936,0.1297502428239143,0.13162493929402141,0.0018746964701071012,5599,3252,1061747,4987,276,0,1816,3147,159187,0,0,105,0,0,0,0,0,0,0,0,0,0,6446,612,1114,0,12499
M4,2016-05-23__bonirob_2016-05-23-10-42-16_1_frame219,2016-05-23,1251936,0.0,0.05927060169209928,0.05927060169209928,74203,0,1117342,1019,0,0,4892,0,0,0,0,0,0,0,0,0,0,0,0,0,0,0,16452,73184,0,98,38949
M4,2016-05-23__bonirob_2016-05-23-10-42-16_1_frame230,2016-05-23,1251936,0.10265540730516576,0.10142850752754135,-0.0012268997776244128,6517,8053,1105174,2932,8,0,749,6753,120465,0,0,1300,0,0,0,0,0,0,0,0,0,0,5285,3585,96,51,5538
M4,2016-05-23__bonirob_2016-05-23-10-42-16_1_frame231,2016-05-23,1251936,0.049282870689875524,0.04913110574342459,-0.00015176494645093713,2433,2623,1145916,372,7,0,4865,2550,59076,0,0,73,0,0,0,0,0,0,0,0,0,0,8188,2061,6,0,28822
M4,2016-05-23__bonirob_2016-05-23-10-42-16_1_frame232,2016-05-23,1251936,0.0,0.03362472203051913,0.03362472203051913,42096,0,1113932,591,0,0,8921,0,0,0,0,0,0,0,0,0,0,0,0,0,0,0,10963,41505,0,0,76024
M4,2016-05-23__bonirob_2016-05-23-10-42-16_1_frame240,2016-05-23,1251936,0.12234650972573678,0.12503115175216625,0.0026846420264294707,5296,1935,1082848,4348,284,0,762,1935,151235,0,0,0,0,0,0,0,0,0,0,0,0,0,4231,948,1590,0,3755
M4,2016-05-23__bonirob_2016-05-23-10-42-16_1_frame253,2016-05-23,1251936,0.09275154640492805,0.09263253073639548,-0.00011901566853257661,2608,2757,1115343,2263,17,0,1807,2683,113362,0,0,74,0,0,0,0,0,0,0,0,0,0,5148,345,281,0,10613
M4,2016-05-23__bonirob_2016-05-23-10-42-16_1_frame254,2016-05-23,1251936,0.030652525368708945,0.03061178846203001,-4.073690667893634e-05,1249,1300,1194872,994,1861,0,0,1300,37075,0,0,0,0,0,0,0,0,0,0,0,0,0,3141,255,12423,0,15
M4,2016-05-23__bonirob_2016-05-23-10-42-16_1_frame261,2016-05-23,1251936,0.06713921478414232,0.047248421644556914,-0.01989079313958541,105,25007,1111583,105,0,0,4796,3330,59047,0,0,21677,0,0,0,0,0,0,0,0,0,0,14025,0,0,0,37373
M4,2016-05-23__bonirob_2016-05-23-10-42-16_1_frame266,2016-05-23,1251936,0.0605614024998083,0.06091126063952151,0.0003498581397132078,2207,1769,1163644,2207,168,0,246,1744,74050,0,0,25,0,0,0,0,0,0,0,0,0,0,5393,0,1710,0,2749
M4,2016-05-23__bonirob_2016-05-23-10-42-16_1_frame274,2016-05-23,1251936,0.0,0.11750840298545613,0.11750840298545613,147113,0,1051167,1343,0,0,4269,0,0,0,0,0,0,0,0,0,0,0,0,0,0,0,13835,145770,0,51,35501
M4,2016-05-23__bonirob_2016-05-23-10-42-16_1_frame277,2016-05-23,1251936,0.10582090458298188,0.09751616696061141,-0.008304737622370467,1224,11621,1086665,1224,1,0,4548,6025,120860,0,0,5596,0,0,0,0,0,0,0,0,0,0,5964,0,0,0,21053
M4,2016-05-23__bonirob_2016-05-23-10-42-16_1_frame280,2016-05-23,1251936,0.0,0.05320799146282238,0.05320799146282238,66613,0,1166434,1274,122,0,1602,0,0,0,0,0,0,0,0,0,0,0,0,0,0,0,6390,65339,106,0,10669
M4,2016-05-23__bonirob_2016-05-23-10-42-16_1_frame281,2016-05-23,1251936,0.020298960969250823,0.02003776550878,-0.00026119546047082345,401,728,1182402,401,45,0,3410,664,24685,0,0,64,0,0,0,0,0,0,0,0,0,0,12132,0,158,0,27975
M4,2016-05-23__bonirob_2016-05-23-10-42-16_1_frame286,2016-05-23,1251936,0.04950332924366741,0.04822371111622319,-0.001279618127444218,550,2152,1169031,550,0,0,1738,2152,59823,0,0,0,0,0,0,0,0,0,0,0,0,0,4568,0,1,0,14073
M4,2016-05-23__bonirob_2016-05-23-10-42-16_1_frame292,2016-05-23,1251936,0.056625099046596634,0.048607117296730826,-0.008017981749865809,766,10804,1156756,766,0,0,2757,5650,60087,0,30,5124,0,0,0,0,0,0,0,0,0,0,5545,0,0,0,15221
M4,2016-05-23__bonirob_2016-05-23-10-42-16_1_frame293,2016-05-23,1251936,0.0,0.06888770671983233,0.06888770671983233,86243,0,1120693,1891,0,0,3382,0,0,0,0,0,0,0,0,0,0,0,0,0,0,0,12823,84352,0,0,28795
M4,2016-05-23__bonirob_2016-05-23-10-42-16_1_frame294,2016-05-23,1251936,0.0,0.0800703869846382,0.0800703869846382,100243,0,1093740,1114,0,0,3791,0,0,0,0,0,0,0,0,0,0,0,0,0,0,0,16516,99129,0,0,37646
M4,2016-05-23__bonirob_2016-05-23-10-42-16_1_frame295,2016-05-23,1251936,0.0012013393655905733,0.0009201748332183115,-0.0002811645323722618,0,352,1233812,0,161,0,205,352,1152,0,0,0,0,0,0,0,0,0,0,0,0,0,8620,0,2658,0,4976
M4,2016-05-23__bonirob_2016-05-23-10-42-16_1_frame304,2016-05-23,1251936,0.0,0.021606535797357055,0.021606535797357055,27050,0,1128229,604,0,0,9152,0,0,0,0,0,0,0,0,0,0,0,0,0,0,0,19436,26446,0,0,68069
M4,2016-05-23__bonirob_2016-05-23-10-47-22_2_frame7,2016-05-23,1251936,0.0,0.05495408710988421,0.05495408710988421,68799,0,1103028,744,0,1,3784,0,0,0,0,0,0,0,0,0,0,0,0,0,0,0,21643,68055,0,1784,52897
M4,2016-05-23__bonirob_2016-05-23-10-47-22_2_frame15,2016-05-23,1251936,0.03906349845359507,0.039062699690719016,-7.987628760572352e-07,1629,1630,1161661,1572,0,0,5512,1630,47275,0,0,0,0,0,0,0,0,0,0,0,0,0,6018,57,0,0,28211
M4,2016-05-23__bonirob_2016-05-23-10-47-22_2_frame24,2016-05-23,1251936,0.038956464228203355,0.03951559824144365,0.0005591340132402936,1525,825,1191481,1525,1692,0,0,825,47946,0,0,0,2089,0,6378,0,0,0,0,0,0,0,0,0,0,0,0
M4,2016-05-23__bonirob_2016-05-23-10-47-22_2_frame26,2016-05-23,1251936,0.02906138971960228,0.028882466835365387,-0.00017892288423689354,1204,1428,1196723,1204,0,0,1847,1428,34955,0,0,0,0,0,0,0,0,0,0,0,0,0,4388,0,0,0,11391
M4,2016-05-23__bonirob_2016-05-23-10-47-22_2_frame43,2016-05-23,1251936,0.04726439690207806,0.04609820310303402,-0.0011661937990440352,1450,2910,1109697,1445,0,0,8368,2816,56262,0,0,94,0,0,0,0,0,0,0,0,0,0,11412,5,0,0,61837
M4,2016-05-23__bonirob_2016-05-23-10-47-22_2_frame44,2016-05-23,1251936,0.017989737494568413,0.017381878945888607,-0.0006078585486798058,376,1137,1204362,376,82,0,1233,1137,21385,0,0,0,0,0,0,0,0,0,0,0,0,0,5569,0,7607,2,10183
M4,2016-05-23__bonirob_2016-05-23-10-47-22_2_frame47,2016-05-23,1251936,0.0035608849014646116,0.0034682284078419346,-9.265649362267701e-05,183,299,1239912,183,538,0,0,299,4159,0,0,0,0,0,0,0,0,0,0,0,0,0,2926,0,3918,0,1
M4,2016-05-23__bonirob_2016-05-23-10-47-22_2_frame67,2016-05-23,1251936,0.03489555376632671,0.03529413644147944,0.0003985826751527269,1296,797,1199990,1296,57,0,517,797,42890,0,0,0,0,0,0,0,0,0,0,0,0,0,2298,0,612,0,3479
M4,2016-05-23__bonirob_2016-05-23-10-47-22_2_frame68,2016-05-23,1251936,0.09191444291081972,0.09292168289752831,0.001007239986708583,3554,2293,1131875,3554,711,0,0,2293,112778,0,0,0,182,0,543,0,0,0,0,0,0,0,0,0,0,0,0
M4,2016-05-23__bonirob_2016-05-23-10-47-22_2_frame69,2016-05-23,1251936,0.07101161720726938,0.07193977966924826,0.000928162461978882,2400,1238,1158925,2400,171,0,0,1238,87664,0,0,0,623,0,915,0,0,0,0,0,0,0,0,0,0,0,0
M4,2016-05-23__bonirob_2016-05-23-10-47-22_2_frame70,2016-05-23,1251936,0.011953486440201416,0.011630786238274161,-0.00032270020192725485,747,1151,1233697,747,496,0,0,1151,13814,0,0,0,346,0,1685,0,0,0,0,0,0,0,0,0,0,0,0
M4,2016-05-23__bonirob_2016-05-23-10-47-22_2_frame78,2016-05-23,1251936,0.12079850727193722,0.12361175012141196,0.002813242849474734,5938,2416,1094465,5938,208,0,0,2366,148816,50,0,0,66,0,27,0,0,0,0,0,0,0,0,0,0,0,0
M4,2016-05-23__bonirob_2016-05-23-10-47-22_2_frame82,2016-05-23,1251936,0.0820145758249623,0.08417363187894589,0.002159056053983588,4787,2084,1140897,4787,453,0,1,2084,100593,0,0,0,0,0,0,0,0,0,0,0,0,0,817,0,2304,0,0
M4,2016-05-23__bonirob_2016-05-23-10-47-22_2_frame86,2016-05-23,1251936,0.08359852260818444,0.08496280960049075,0.0013642869923063128,3081,1373,1139744,3081,996,0,0,1373,103287,0,0,0,0,0,0,0,0,0,0,0,0,0,1031,0,2424,0,0
M4,2016-05-23__bonirob_2016-05-23-10-47-22_2_frame89,2016-05-23,1251936,0.039648192878869205,0.03953237226184086,-0.00011582061702834767,1389,1534,1198233,1355,243,0,0,1534,48103,0,0,0,482,34,1952,0,0,0,0,0,0,0,0,0,0,0,0
M4,2016-05-23__bonirob_2016-05-23-10-47-22_2_frame91,2016-05-23,1251936,0.10940655113360427,0.11065102369450196,0.0012444725608976859,3612,2054,1108771,3612,100,0,249,2054,134916,0,0,0,0,0,0,0,0,0,0,0,0,0,1136,0,352,0,746
M4,2016-05-23__bonirob_2016-05-23-10-47-22_2_frame95,2016-05-23,1251936,0.03011336042737009,0.03058782557574828,0.000474465148378192,1218,624,1212183,1218,148,0,0,624,37076,0,0,0,134,0,553,0,0,0,0,0,0,0,0,0,0,0,0
M4,2016-05-23__bonirob_2016-05-23-10-47-22_2_frame99,2016-05-23,1251936,0.03225803874958464,0.03307597193466759,0.0008179331850829488,2123,1099,1207788,2123,204,0,0,1000,39286,99,0,0,0,0,0,0,0,0,0,0,0,0,958,0,478,0,0
M4,2016-05-23__bonirob_2016-05-23-10-47-22_2_frame102,2016-05-23,1251936,0.07179520358868186,0.07295261099608925,0.0011574074074073987,2523,1074,1158250,2523,414,0,0,1074,88809,0,0,0,0,0,0,0,0,0,0,0,0,0,223,0,643,0,0
M4,2016-05-23__bonirob_2016-05-23-10-47-22_2_frame104,2016-05-23,1251936,0.13316814917056463,0.13522496357641287,0.002056814405848234,4616,2041,1079164,4616,253,0,0,2041,164677,0,0,0,116,0,1069,0,0,0,0,0,0,0,0,0,0,0,0
M4,2016-05-23__bonirob_2016-05-23-10-47-22_2_frame115,2016-05-23,1251936,0.08926255016230862,0.08904209160851673,-0.00022045855379189405,2692,2968,1132651,2692,272,0,108,2968,108783,0,0,0,0,0,0,0,0,0,0,0,0,0,1763,0,1671,0,1028
M4,2016-05-23__bonirob_2016-05-23-10-47-22_2_frame133,2016-05-23,1251936,0.09597774966132454,0.09713675459448406,0.001159004933159527,3117,1666,1121032,2543,668,0,352,1666,118492,0,0,0,0,0,0,0,0,0,0,0,0,0,2864,574,2433,0,1312
M4,2016-05-23__bonirob_2016-05-23-10-47-22_2_frame139,2016-05-23,1251936,0.05693741533113514,0.05712991718426501,0.00019250185312987,1853,1612,1172680,1853,1491,0,0,1612,69670,0,0,0,0,0,0,0,0,0,0,0,0,0,845,0,3785,0,0
M4,2016-05-23__bonirob_2016-05-23-10-47-22_2_frame140,2016-05-23,1251936,0.10579534417094803,0.1093362600005112,0.0035409158295631737,5940,1507,1108966,5940,764,0,31,1507,130942,0,0,0,0,0,0,0,0,0,0,0,0,0,1183,0,2578,0,25
M4,2016-05-23__bonirob_2016-05-23-10-47-22_2_frame143,2016-05-23,1251936,0.013084534672698924,0.012892831582445108,-0.00019170309025381624,612,852,1220586,612,1799,0,0,852,15529,0,0,0,1726,0,10832,0,0,0,0,0,0,0,0,0,0,0,0
M4,2016-05-23__bonirob_2016-05-23-10-47-22_2_frame144,2016-05-23,1251936,0.0430269598445927,0.043999853027630806,0.000972893183038108,2070,852,1193567,2070,655,0,0,852,53015,0,0,0,412,0,1365,0,0,0,0,0,0,0,0,0,0,0,0
M4,2016-05-23__bonirob_2016-05-23-10-47-22_2_frame146,2016-05-23,1251936,0.030918513406436112,0.03165417401528513,0.0007356606088490154,1731,810,1205115,1474,757,0,0,806,37898,4,0,0,731,257,4894,0,0,0,0,0,0,0,0,0,0,0,0
M4,2016-05-23__bonirob_2016-05-23-10-47-22_2_frame157,2016-05-23,1251936,0.07187827492779184,0.07241025100324618,0.0005319760754543407,2357,1691,1157417,2357,986,0,0,1691,88296,0,0,0,232,0,957,0,0,0,0,0,0,0,0,0,0,0,0
M4,2016-05-23__bonirob_2016-05-23-10-47-22_2_frame163,2016-05-23,1251936,0.100979602791197,0.10022157682181837,-0.0007580259693786284,3004,3953,1119314,3004,1237,0,0,3953,122467,0,0,0,273,0,1688,0,0,0,0,0,0,0,0,0,0,0,0
M4,2016-05-23__bonirob_2016-05-23-10-47-22_2_frame175,2016-05-23,1251936,0.06760010096362754,0.06743395828540756,-0.0001661426782199743,1823,2031,1155711,1660,308,0,617,2031,82600,0,0,0,0,0,0,0,0,0,0,0,0,0,3523,163,2362,0,2961
M4,2016-05-23__bonirob_2016-05-23-10-47-22_2_frame190,2016-05-23,1251936,0.06455202182859188,0.06595704572757713,0.0014050238989852526,2662,903,1158007,2662,2115,0,0,903,79912,0,0,0,905,0,7432,0,0,0,0,0,0,0,0,0,0,0,0
M4,2016-05-23__bonirob_2016-05-23-10-47-22_2_frame191,2016-05-23,1251936,0.08511856836132198,0.0652141962528436,-0.019904372108478383,2407,27326,1140377,2407,2544,0,45,4679,79237,22389,0,258,0,0,0,0,0,0,0,0,0,0,0,0,0,0,0
M4,2016-05-23__bonirob_2016-05-23-10-47-22_2_frame200,2016-05-23,1251936,0.11429497993507655,0.11528384837563581,0.0009888684405592596,3808,2570,1100120,3808,142,0,50,2570,140520,0,0,0,0,0,0,0,0,0,0,0,0,0,2159,0,1737,0,830
M4,2016-05-23__bonirob_2016-05-23-10-47-22_2_frame206,2016-05-23,1251936,0.11996140377782889,0.12171388952789919,0.0017524857500702956,4541,2347,1088367,4541,1820,0,0,2347,147837,0,0,0,1537,0,5487,0,0,0,0,0,0,0,0,0,0,0,0
M4,2016-05-23__bonirob_2016-05-23-10-47-22_2_frame207,2016-05-23,1251936,0.1913244766505636,0.13841841755489098,-0.052906059095672614,4510,70745,1006526,4510,1103,271,0,20970,168781,38865,7175,3735,0,0,0,0,0,0,0,0,0,0,0,0,0,0,0
M4,2016-05-23__bonirob_2016-05-23-10-47-22_2_frame209,2016-05-23,1251936,0.04953128594432942,0.05036679191268563,0.000835505968356208,2045,999,1184267,2045,584,0,0,999,61011,0,0,0,1098,0,1932,0,0,0,0,0,0,0,0,0,0,0,0
M4,2016-05-23__bonirob_2016-05-23-10-47-22_2_frame215,2016-05-23,1251936,0.07918056514071006,0.08146902078061498,0.0022884556399049155,4451,1586,1142783,4451,1086,0,0,1586,97543,0,0,0,1209,0,3278,0,0,0,0,0,0,0,0,0,0,0,0
M4,2016-05-23__bonirob_2016-05-23-10-47-22_2_frame218,2016-05-23,1251936,0.10149160979474989,0.10321773636991029,0.0017261265751604,4065,1904,1115725,4065,1062,0,0,1904,125157,0,0,0,1101,0,2922,0,0,0,0,0,0,0,0,0,0,0,0
M4,2016-05-23__bonirob_2016-05-23-10-47-22_2_frame220,2016-05-23,1251936,0.11497792219410577,0.11499948879175932,2.156659765355229e-05,4051,4024,1101779,4051,503,0,0,4024,139921,0,0,0,299,0,1359,0,0,0,0,0,0,0,0,0,0,0,0
M4,2016-05-23__bonirob_2016-05-23-10-47-22_2_frame221,2016-05-23,1251936,0.06406317894844465,0.06485235666998952,0.0007891777215448675,2277,1289,1166694,2224,365,0,0,1289,78914,0,0,0,605,53,1792,0,0,0,0,0,0,0,0,0,0,0,0
M4,2016-05-23__bonirob_2016-05-23-10-47-22_2_frame231,2016-05-23,1251936,0.08330537663267132,0.08483660506607367,0.0015312284334023513,3441,1524,1143151,3441,644,0,0,1524,102769,0,0,0,170,0,237,0,0,0,0,0,0,0,0,0,0,0,0
M4,2016-05-23__bonirob_2016-05-23-10-47-22_2_frame236,2016-05-23,1251936,0.029236318789458884,0.029365718375380212,0.0001293995859213276,1370,1208,1210443,1271,543,0,0,1208,35394,0,0,0,0,0,0,0,0,0,0,0,0,0,659,99,2319,0,0
M4,2016-05-23__bonirob_2016-05-23-10-47-22_2_frame238,2016-05-23,1251936,0.050766173350714414,0.05130134447767298,0.0005351711269585696,2026,1356,1182948,2026,775,0,0,1356,62200,0,0,0,555,0,2076,0,0,0,0,0,0,0,0,0,0,0,0
M4,2016-05-23__bonirob_2016-05-23-10-47-22_2_frame239,2016-05-23,1251936,0.07477139406487232,0.07596075198732204,0.0011893579224497158,2664,1175,1153400,2664,448,0,0,1175,92434,0,0,0,412,0,1403,0,0,0,0,0,0,0,0,0,0,0,0
M4,2016-05-23__bonirob_2016-05-23-10-47-22_2_frame244,2016-05-23,1251936,0.0763058175497789,0.078069485980114,0.001763668430335097,3447,1239,1149692,3447,1111,0,0,1239,94291,0,0,0,444,0,1712,0,0,0,0,0,0,0,0,0,0,0,0
M4,2016-05-23__bonirob_2016-05-23-10-47-22_2_frame248,2016-05-23,1251936,0.06750824323288092,0.06925673516857092,0.0017484919356900025,3631,1442,1163329,3631,251,0,0,1442,83074,0,0,0,67,0,142,0,0,0,0,0,0,0,0,0,0,0,0
M4,2016-05-23__bonirob_2016-05-23-10-47-22_2_frame254,2016-05-23,1251936,0.02295484753214222,0.022942866089001354,-1.1981443140865466e-05,1202,1217,1218640,1202,1007,0,0,1217,27521,0,0,0,436,0,1913,0,0,0,0,0,0,0,0,0,0,0,0
M4,2016-05-23__bonirob_2016-05-23-10-47-22_2_frame256,2016-05-23,1251936,0.08818342151675485,0.08919944789510006,0.0010160263783452195,3183,1911,1137118,3050,196,0,0,1864,108489,47,0,0,337,133,702,0,0,0,0,0,0,0,0,0,0,0,0
M4,2016-05-23__bonirob_2016-05-23-10-47-22_2_frame259,2016-05-23,1251936,0.055483666896710374,0.05800775758505227,0.002524090688341897,4337,1177,1174285,2471,483,0,0,1177,68285,0,0,0,0,0,0,0,0,0,0,0,0,0,1109,1866,2260,0,0
M4,2016-05-23__bonirob_2016-05-23-10-47-22_2_frame268,2016-05-23,1251936,0.09541062801932366,0.09463662679242389,-0.0007740012268997731,2393,3362,1122255,2393,72,0,1041,3355,116086,0,0,7,0,0,0,0,0,0,0,0,0,0,1982,0,0,0,4745
M4,2016-05-23__bonirob_2016-05-23-10-47-22_2_frame269,2016-05-23,1251936,0.1103171408123099,0.10352366255144033,-0.006793478260869568,2031,10536,1051165,2031,0,33,6587,4008,127574,0,0,6528,0,0,0,0,0,0,0,0,0,0,14615,0,0,114,39281
M4,2016-05-23__bonirob_2016-05-23-10-47-22_2_frame285,2016-05-23,1251936,0.1246613245405516,0.1247252255706362,6.390103008460657e-05,4488,4408,1090460,4488,166,0,0,4408,151660,0,0,0,239,0,515,0,0,0,0,0,0,0,0,0,0,0,0
M4,2016-05-23__bonirob_2016-05-23-10-47-22_2_frame289,2016-05-23,1251936,0.08033078368223295,0.08212240881323007,0.001791625130997121,4184,1941,1144681,4184,595,0,0,1941,98628,0,0,0,0,0,0,0,0,0,0,0,0,0,451,0,1456,0,0
M4,2016-05-23__bonirob_2016-05-23-10-47-22_2_frame297,2016-05-23,1251936,0.10444783119903893,0.10492629016179741,0.0004784589627584851,2816,2217,1109036,2712,0,0,1366,2217,128545,0,0,0,0,0,0,0,0,0,0,0,0,0,2661,104,10,0,5285
M4,2016-05-23__bonirob_2016-05-23-10-47-22_2_frame300,2016-05-23,1251936,0.15316198272116147,0.15701201978375892,0.0038500370625974556,6317,1497,1051917,6317,558,0,0,1497,190252,0,0,0,293,0,1102,0,0,0,0,0,0,0,0,0,0,0,0
M4,2016-05-23__bonirob_2016-05-23-10-47-22_2_frame304,2016-05-23,1251936,0.13288219206093602,0.13401483781918563,0.0011326457582496174,5725,4307,1076687,5170,614,0,0,4223,162053,84,0,0,798,555,1752,0,0,0,0,0,0,0,0,0,0,0,0
M4,2016-05-23__bonirob_2016-05-23-10-52-28_3_frame1,2016-05-23,1251936,0.08665618689773279,0.08656832298136646,-8.786391636632362e-05,3238,3348,1137950,3238,522,0,0,3241,105140,107,0,0,542,0,1196,0,0,0,0,0,0,0,0,0,0,0,0
M4,2016-05-23__bonirob_2016-05-23-10-52-28_3_frame6,2016-05-23,1251936,0.07393269304501189,0.07381527490223143,-0.00011741814278046214,2725,2872,1156466,2725,0,0,0,2872,89687,0,0,0,149,0,37,0,0,0,0,0,0,0,0,0,0,0,0
M4,2016-05-23__bonirob_2016-05-23-10-52-28_3_frame8,2016-05-23,1251936,0.03627501725327812,0.03634930220075148,7.428494747335757e-05,1282,1189,1200398,1282,428,0,0,1189,44225,0,0,0,0,0,0,0,0,0,0,0,0,0,1105,0,3309,0,0
M4,2016-05-23__bonirob_2016-05-23-10-52-28_3_frame15,2016-05-23,1251936,0.12283615136876007,0.12256377322802443,-0.00027237814073563515,3274,3615,1086035,3274,307,1,97,3566,150168,0,0,49,0,0,0,0,0,0,0,0,0,0,3322,0,4065,55,997
M4,2016-05-23__bonirob_2016-05-23-10-52-28_3_frame19,2016-05-23,1251936,0.0954513649260026,0.09579323543695524,0.00034187051095263543,4229,3801,1116277,3886,2254,0,0,3272,115698,529,0,0,0,0,0,0,0,0,0,0,0,0,2167,343,7510,0,0
M4,2016-05-23__bonirob_2016-05-23-10-52-28_3_frame26,2016-05-23,1251936,0.11774483679676917,0.1178494747335327,0.0001046379367635325,2219,2088,1093920,2219,10,0,509,2088,145321,0,0,0,0,0,0,0,0,0,0,0,0,0,1660,0,48,0,6161
M4,2016-05-23__bonirob_2016-05-23-10-52-28_3_frame29,2016-05-23,1251936,0.11506738363622422,0.11549791682641924,0.00043053319019502323,3491,2952,1094072,3491,0,0,901,2952,141105,0,0,0,0,0,0,0,0,0,0,0,0,0,2794,0,0,0,6621
M4,2016-05-23__bonirob_2016-05-23-10-52-28_3_frame32,2016-05-23,1251936,0.07685297011987834,0.07909030493571556,0.0022373348158372247,4180,1379,1150137,4180,240,0,0,1379,94836,0,0,0,450,0,714,0,0,0,0,0,0,0,0,0,0,0,0
M4,2016-05-23__bonirob_2016-05-23-10-52-28_3_frame34,2016-05-23,1251936,0.015595845155023899,0.015160519387572527,-0.00043532576745137185,388,933,1198186,388,0,0,2312,900,18592,0,0,33,0,0,0,0,0,0,0,0,0,0,9205,0,4,0,22316
M4,2016-05-23__bonirob_2016-05-23-10-52-28_3_frame36,2016-05-23,1251936,0.04878683894384377,0.0474217531886614,-0.00136508575518237,706,2415,1153324,706,4,0,2823,2415,58663,0,0,0,0,0,0,0,0,0,0,0,0,0,6304,0,0,0,27697
M4,2016-05-23__bonirob_2016-05-23-10-52-28_3_frame48,2016-05-23,1251936,0.0,0.06398330266083889,0.06398330266083889,80103,0,1147959,1052,0,0,2037,0,0,0,0,0,0,0,0,0,0,0,0,0,0,0,5944,79051,0,0,15893
M4,2016-05-23__bonirob_2016-05-23-10-52-28_3_frame65,2016-05-23,1251936,0.058596445824706696,0.05965640416123508,0.0010599583365283813,2809,1482,1169705,2600,860,0,0,1482,71877,0,0,0,0,0,0,0,0,0,0,0,0,0,1350,209,3853,0,0
M4,2016-05-23__bonirob_2016-05-23-10-52-28_3_frame67,2016-05-23,1251936,0.010932667484599852,0.011643566444291082,0.0007108989596912307,1216,326,1229002,1216,855,0,0,326,13361,0,0,0,0,0,0,0,0,0,0,0,0,0,2356,0,4820,0,0
M4,2016-05-23__bonirob_2016-05-23-10-52-28_3_frame73,2016-05-23,1251936,0.004879642409835646,0.005453154154844976,0.0005735117450093299,833,115,1234658,833,707,0,250,115,5994,0,0,0,0,0,0,0,0,0,0,0,0,0,4302,0,3913,0,1164
M4,2016-05-23__bonirob_2016-05-23-10-52-28_3_frame83,2016-05-23,1251936,0.0323698655522327,0.03182750555938962,-0.0005423599928430847,1245,1924,1182370,1245,253,0,1907,1924,38601,0,0,0,0,0,0,0,0,0,0,0,0,0,11696,0,1533,0,12407
M4,2016-05-23__bonirob_2016-05-23-10-52-28_3_frame85,2016-05-23,1251936,0.014669280218797128,0.015519163918922373,0.0008498837001252452,1350,286,1215964,1350,2855,0,0,286,18079,0,0,0,0,0,0,0,0,0,0,0,0,0,3152,0,10250,0,0
M4,2016-05-23__bonirob_2016-05-23-10-52-28_3_frame89,2016-05-23,1251936,0.0,0.04724442783017662,0.04724442783017662,59147,0,1065167,844,32,0,14405,0,0,0,0,0,0,0,0,0,0,0,0,0,0,0,15433,58303,444,0,97308
M4,2016-05-23__bonirob_2016-05-23-10-52-28_3_frame96,2016-05-23,1251936,0.03585167292896761,0.03581652736242108,-3.5145566546532225e-05,1326,1370,1048631,1326,3168,0,5564,1370,43514,0,0,0,0,0,0,0,0,0,0,0,0,0,28282,0,57100,3,62978
M4,2016-05-23__bonirob_2016-05-23-10-52-28_3_frame101,2016-05-23,1251936,0.0,0.003403528614881272,0.003403528614881272,4261,0,696698,147,84801,0,139,0,0,0,0,0,7432,4114,454878,0,3727,0,0,0,0,0,0,0,0,0,0
M4,2016-05-23__bonirob_2016-05-23-10-52-28_3_frame103,2016-05-23,1251936,0.0009752894716662832,0.0,-0.0009752894716662832,0,1221,929155,0,63373,0,0,25,0,1196,0,0,8353,0,249834,0,0,0,0,0,0,0,0,0,0,0,0
M4,2016-05-23__bonirob_2016-05-23-10-52-28_3_frame105,2016-05-23,1251936,0.01660148761598037,0.009198553280678885,-0.007402934335301484,300,9568,1081671,300,21134,0,0,2620,11216,6948,0,0,26045,0,102002,0,0,0,0,0,0,0,0,0,0,0,0
M4,2016-05-23__bonirob_2016-05-23-10-52-28_3_frame119,2016-05-23,1251936,0.0217487155892953,0.023131374127750938,0.0013826585384556396,2023,292,1145910,2023,18991,0,0,292,26936,0,0,0,6995,0,50789,0,0,0,0,0,0,0,0,0,0,0,0
M4,2016-05-23__bonirob_2016-05-23-10-52-28_3_frame120,2016-05-23,1251936,0.02734804335045881,0.027880019425913147,0.0005319760754543372,1672,1006,1161331,1651,17682,0,0,1006,33232,0,0,0,4512,21,32501,0,0,0,0,0,0,0,0,0,0,0,0
M4,2016-05-23__bonirob_2016-05-23-10-52-28_3_frame123,2016-05-23,1251936,0.007003552897272704,0.005472324463870358,-0.001531228433402346,415,2332,1166890,415,18055,0,0,729,6436,1603,0,0,8682,0,49126,0,0,0,0,0,0,0,0,0,0,0,0
M4,2016-05-23__bonirob_2016-05-23-10-52-28_3_frame124,2016-05-23,1251936,0.04318671241980421,0.04561415280014314,0.00242744038033893,7279,4240,1130387,2974,13179,0,0,1811,49827,2429,0,0,6562,4305,40462,0,0,0,0,0,0,0,0,0,0,0,0
M4,2016-05-23__bonirob_2016-05-23-10-52-28_3_frame126,2016-05-23,1251936,0.013618907036781433,0.013364101679319071,-0.0002548053574623621,1027,1346,1133556,989,16233,0,0,592,15704,754,0,0,16189,38,67881,0,0,0,0,0,0,0,0,0,0,0,0
M4,2016-05-23__bonirob_2016-05-23-10-52-28_3_frame129,2016-05-23,1251936,0.01901295273879815,0.020933977455716585,0.0019210247169184347,4535,2130,1177712,1577,5532,0,0,1086,21673,1044,0,0,10541,2958,29813,0,0,0,0,0,0,0,0,0,0,0,0
M4,2016-05-23__bonirob_2016-05-23-10-52-28_3_frame134,2016-05-23,1251936,0.014198010121923165,0.012673970554405337,-0.0015240395675178275,2401,4309,1140160,794,21121,0,0,1341,13466,2968,0,0,23755,1607,46724,0,0,0,0,0,0,0,0,0,0,0,0
M4,2016-05-23__bonirob_2016-05-23-10-52-28_3_frame138,2016-05-23,1251936,0.030813076706796512,0.02938568744728165,-0.0014273892595148621,2137,3924,1192235,2137,5807,0,0,1317,34652,2607,0,0,4125,0,9056,0,0,0,0,0,0,0,0,0,0,0,0
M4,2016-05-23__bonirob_2016-05-23-10-52-28_3_frame142,2016-05-23,1251936,0.034008128211026764,0.03456965851289523,0.0005615303018684653,2431,1728,1184620,2390,6681,0,0,1033,40848,695,0,0,7610,41,8018,0,0,0,0,0,0,0,0,0,0,0,0
M4,2016-05-23__bonirob_2016-05-23-10-52-28_3_frame145,2016-05-23,1251936,0.0,0.01491370165887074,0.01491370165887074,18671,0,1104641,1418,20654,0,0,0,0,0,0,0,40695,17253,67275,0,0,0,0,0,0,0,0,0,0,0,0
M4,2016-05-23__bonirob_2016-05-23-10-52-28_3_frame150,2016-05-23,1251936,0.007674513713161056,0.006082579301178335,-0.001591934411982721,280,2273,1214556,280,4360,0,0,1185,7335,1088,0,0,6263,0,16869,0,0,0,0,0,0,0,0,0,0,0,0
M4,2016-05-23__bonirob_2016-05-23-10-52-28_3_frame171,2016-05-23,1251936,0.015092624543107634,0.04444396518671881,0.029351340643611175,44153,7407,1140400,1588,4092,0,3,1872,11488,5535,0,0,15383,42565,28765,0,245,0,0,0,0,0,0,0,0,0,0
M4,2016-05-23__bonirob_2016-05-23-10-52-28_3_frame175,2016-05-23,1251936,0.0021310993533215756,0.014467991974030621,0.012336892620709045,17057,1612,1143798,897,5627,0,0,360,1056,1252,0,0,24588,16160,58198,0,0,0,0,0,0,0,0,0,0,0,0
M4,2016-05-23__bonirob_2016-05-23-10-52-28_3_frame254,2016-05-23,1251936,0.0034658321192137615,0.009292807300053677,0.005826975180839915,7692,397,1214595,734,1233,0,0,397,3942,0,0,0,5969,6958,18108,0,0,0,0,0,0,0,0,0,0,0,0
M4,2016-05-23__bonirob_2016-05-23-10-52-28_3_frame257,2016-05-23,1251936,0.007851040308769777,0.009238491424481762,0.0013874511157119847,2444,707,1233502,618,965,0,0,603,9122,104,0,0,2820,1826,2376,0,0,0,0,0,0,0,0,0,0,0,0
M4,2016-05-23__bonirob_2016-05-23-10-52-28_3_frame263,2016-05-23,1251936,0.019129572118702552,0.019237405106970324,0.00010783298826777185,1045,910,1207031,1045,1524,0,103,910,23039,0,0,0,6035,0,11482,0,767,0,0,0,0,0,0,0,0,0,0
M4,2016-05-23__bonirob_2016-05-23-10-52-28_3_frame279,2016-05-23,1251936,0.05069348592899318,0.054162513099711165,0.003469027170717988,5306,963,1164772,3578,2926,0,0,963,62502,0,0,0,3003,1728,12464,0,0,0,0,0,0,0,0,0,0,0,0
M4,2016-05-23__bonirob_2016-05-23-10-52-28_3_frame283,2016-05-23,1251936,0.014996772997980728,0.015624600618561971,0.0006278276205812436,1463,677,1221334,1463,1938,0,0,677,18098,0,0,0,2636,0,5790,0,0,0,0,0,0,0,0,0,0,0,0
M4,2016-05-23__bonirob_2016-05-23-10-52-28_3_frame285,2016-05-23,1251936,0.010280078214860823,0.009709761521355725,-0.0005703166935050984,876,1590,1219380,876,1805,0,0,1439,11280,151,0,0,6310,0,10695,0,0,0,0,0,0,0,0,0,0,0,0
M4,2016-05-23__bonirob_2016-05-23-10-52-28_3_frame289,2016-05-23,1251936,0.009969359456074432,0.009046788334227947,-0.0009225711218464848,1331,2486,1229601,1320,2439,0,0,1279,9995,1207,0,0,3101,11,2983,0,0,0,0,0,0,0,0,0,0,0,0
M4,2016-05-23__bonirob_2016-05-23-10-52-28_3_frame292,2016-05-23,1251936,0.0037286251054366995,0.0036152007770365257,-0.0001134243284001738,191,333,1240430,191,922,0,0,325,4335,8,0,0,3135,0,2590,0,0,0,0,0,0,0,0,0,0,0,0
M4,2016-05-23__bonirob_2016-05-23-10-57-33_4_frame4,2016-05-23,1251936,0.03591477519617616,0.03721356363264576,0.0012987884364695987,2922,1296,1201303,2922,940,0,0,872,43667,424,0,0,266,0,1542,0,0,0,0,0,0,0,0,0,0,0,0
M4,2016-05-23__bonirob_2016-05-23-10-57-33_4_frame6,2016-05-23,1251936,0.012546168494236128,0.012339288909337219,-0.0002068795848989089,1038,1297,1224320,1038,2115,0,0,608,14410,689,0,0,1612,0,7144,0,0,0,0,0,0,0,0,0,0,0,0
M4,2016-05-23__bonirob_2016-05-23-10-57-33_4_frame7,2016-05-23,1251936,0.024289580298034404,0.025006869360734096,0.0007172890626996921,3138,2240,1208011,1515,1553,0,0,540,28169,1700,0,0,2125,1623,6700,0,0,0,0,0,0,0,0,0,0,0,0
M4,2016-05-23__bonirob_2016-05-23-10-57-33_4_frame11,2016-05-23,1251936,0.025383885438233264,0.026762550162308617,0.0013786647240753534,2549,823,1210745,2549,2088,0,0,669,30956,154,0,0,1791,0,2984,0,0,0,0,0,0,0,0,0,0,0,0
M4,2016-05-23__bonirob_2016-05-23-10-57-33_4_frame25,2016-05-23,1251936,0.02383508422155765,0.023322278455128697,-0.0005128057664289531,1186,1828,1184890,1169,4767,0,0,1122,28012,706,0,0,3000,17,28253,0,0,0,0,0,0,0,0,0,0,0,0
M4,2016-05-23__bonirob_2016-05-23-10-57-33_4_frame26,2016-05-23,1251936,0.020489865296628582,0.01800651151496562,-0.0024833537816629607,948,4057,1210531,948,3012,0,0,1764,21595,2293,0,0,2573,0,9220,0,0,0,0,0,0,0,0,0,0,0,0
M4,2016-05-23__bonirob_2016-05-23-10-57-33_4_frame28,2016-05-23,1251936,0.01536979526109961,0.017254076885719397,0.001884281624619788,4110,1751,1195101,723,6025,0,0,1111,17491,640,0,0,3216,3387,24242,0,0,0,0,0,0,0,0,0,0,0,0
M4,2016-05-23__bonirob_2016-05-23-10-57-33_4_frame30,2016-05-23,1251936,0.02540545203588682,0.026213001303581014,0.0008075492676941944,2312,1301,1200160,1366,3312,0,0,1296,30505,5,0,0,3679,946,10667,0,0,0,0,0,0,0,0,0,0,0,0
M4,2016-05-23__bonirob_2016-05-23-10-57-33_4_frame31,2016-05-23,1251936,0.005768665490887713,0.005461141783605552,-0.0003075237072821613,497,882,1224298,497,3445,0,0,595,6340,287,0,0,4367,0,12107,0,0,0,0,0,0,0,0,0,0,0,0
M4,2016-05-23__bonirob_2016-05-23-10-57-33_4_frame38,2016-05-23,1251936,0.023044308974260665,0.022935677223116836,-0.00010863175114382909,1160,1296,1213556,1160,1489,0,0,1144,27554,152,0,0,1244,0,5637,0,0,0,0,0,0,0,0,0,0,0,0
M4,2016-05-23__bonirob_2016-05-23-10-57-33_4_frame39,2016-05-23,1251936,0.029920858574240216,0.031311504741456435,0.001390646167216219,2670,929,1204050,2670,1201,0,0,788,36530,141,0,0,1842,0,4714,0,0,0,0,0,0,0,0,0,0,0,0
M4,2016-05-23__bonirob_2016-05-23-10-57-33_4_frame57,2016-05-23,1251936,0.0071193735143010506,0.006635323211410168,-0.00048405030289088227,346,952,1231446,346,840,0,0,952,7961,0,0,0,3775,0,6616,0,0,0,0,0,0,0,0,0,0,0,0
M4,2016-05-23__bonirob_2016-05-23-10-57-33_4_frame59,2016-05-23,1251936,0.03743881476369399,0.0376345116683281,0.00019569690463410588,1750,1505,1195168,1557,1467,0,0,1435,45366,70,0,0,1419,193,5261,0,0,0,0,0,0,0,0,0,0,0,0
M4,2016-05-23__bonirob_2016-05-23-10-57-33_4_frame64,2016-05-23,1251936,0.0263751501674207,0.062039912583390845,0.03566476241597015,45142,492,1122193,1652,13,3,4034,492,32528,0,0,0,14976,43490,1401,399,30755,0,0,0,0,0,0,0,0,0,0
M4,2016-05-23__bonirob_2016-05-23-10-57-33_4_frame66,2016-05-23,1251936,0.030445645783810035,0.03094487258134601,0.0004992267975359767,1454,829,1160024,1416,2218,0,259,829,37287,0,0,0,4871,38,44503,0,491,0,0,0,0,0,0,0,0,0,0
M4,2016-05-23__bonirob_2016-05-23-10-57-33_4_frame71,2016-05-23,1251936,0.046329045574214654,0.04661260639521509,0.00028356082100043645,1817,1462,1183665,1817,2504,0,0,1462,56539,0,0,0,1793,0,4156,0,0,0,0,0,0,0,0,0,0,0,0
M4,2016-05-23__bonirob_2016-05-23-10-57-33_4_frame72,2016-05-23,1251936,0.034219800373182015,0.03412634511668328,-9.345525649873121e-05,1454,1571,1188199,1454,2082,0,44,1571,41270,0,0,0,6566,0,10703,0,47,0,0,0,0,0,0,0,0,0,0
M4,2016-05-23__bonirob_2016-05-23-10-57-33_4_frame74,2016-05-23,1251936,0.0,0.020418775400659457,0.020418775400659457,25563,0,1146302,595,192,0,3509,0,0,0,0,0,16427,24968,20659,0,39284,0,0,0,0,0,0,0,0,0,0
M4,2016-05-23__bonirob_2016-05-23-10-57-33_4_frame75,2016-05-23,1251936,0.02384147432456611,0.06138892083940393,0.037547446514837816,47725,718,1137205,1706,288,0,1249,718,29130,0,0,0,7405,46019,15759,0,12457,0,0,0,0,0,0,0,0,0,0
M4,2016-05-23__bonirob_2016-05-23-10-57-33_4_frame78,2016-05-23,1251936,0.03382840656391381,0.03433002965007796,0.0005016230861641519,1770,1142,1201156,1770,1188,0,0,1142,41209,0,0,0,963,0,4508,0,0,0,0,0,0,0,0,0,0,0,0
M4,2016-05-23__bonirob_2016-05-23-10-57-33_4_frame85,2016-05-23,1251936,0.05659075224292615,0.05364171970452164,-0.0029490325384045127,1690,5382,1177682,1690,438,0,0,3102,65466,2280,0,0,342,0,936,0,0,0,0,0,0,0,0,0,0,0,0
M4,2016-05-23__bonirob_2016-05-23-10-57-33_4_frame90,2016-05-23,1251936,0.060623706004140784,0.06102308744216957,0.0003993814380287841,2600,2100,1170792,2600,599,0,0,2073,73797,27,0,0,605,0,1443,0,0,0,0,0,0,0,0,0,0,0,0
M4,2016-05-23__bonirob_2016-05-23-10-57-33_4_frame91,2016-05-23,1251936,0.07971973008204893,0.08057440635943051,0.0008546762773815886,3123,2053,1148019,3123,225,0,0,1559,97751,494,0,0,231,0,534,0,0,0,0,0,0,0,0,0,0,0,0
M4,2016-05-23__bonirob_2016-05-23-10-57-33_4_frame94,2016-05-23,1251936,0.04239354088387905,0.04226094624645349,-0.00013259463742555655,1393,1559,1197325,1393,144,0,0,1559,51515,0,0,0,0,0,0,0,0,0,0,0,0,0,0,0,0,0,0
M4,2016-05-23__bonirob_2016-05-23-10-57-33_4_frame95,2016-05-23,1251936,0.07420507118574751,0.07579620683485418,0.0015911356491066647,3136,1144,1155331,3136,241,0,0,1144,91756,0,0,0,71,0,257,0,0,0,0,0,0,0,0,0,0,0,0
M4,2016-05-23__bonirob_2016-05-23-10-57-33_4_frame96,2016-05-23,1251936,0.10251562380185568,0.10391186130920431,0.00139623750734863,3007,1259,1119692,3007,122,0,0,1259,127084,0,0,0,287,0,485,0,0,0,0,0,0,0,0,0,0,0,0
M4,2016-05-23__bonirob_2016-05-23-10-57-33_4_frame101,2016-05-23,1251936,0.01913116964445467,0.019706278915216112,0.0005751092707614418,1227,507,1224220,1227,423,0,0,507,23444,0,0,0,686,0,1429,0,0,0,0,0,0,0,0,0,0,0,0
M4,2016-05-23__bonirob_2016-05-23-10-57-33_4_frame115,2016-05-23,1251936,0.053533886716253865,0.053816648774378244,0.0002827620581243792,1354,1000,1180466,1354,737,0,0,1000,66021,0,0,0,793,0,1565,0,0,0,0,0,0,0,0,0,0,0,0
M4,2016-05-23__bonirob_2016-05-23-10-57-33_4_frame116,2016-05-23,1251936,0.02842317818163229,0.02844953735654219,2.635917490989917e-05,1113,1080,1206070,1113,277,0,104,1080,34504,0,0,0,2498,0,5456,0,834,0,0,0,0,0,0,0,0,0,0
M4,2016-05-23__bonirob_2016-05-23-10-57-33_4_frame126,2016-05-23,1251936,0.10611964189862741,0.10673229302456355,0.0006126511259361422,2917,2150,1108657,2917,1585,0,0,1932,130705,218,0,0,1268,0,4654,0,0,0,0,0,0,0,0,0,0,0,0
M4,2016-05-23__bonirob_2016-05-23-10-57-33_4_frame135,2016-05-23,1251936,0.01623166040436572,0.01656154947217749,0.00032988906781176996,1333,920,1229611,1333,155,0,0,920,19401,0,0,0,262,0,254,0,0,0,0,0,0,0,0,0,0,0,0
M4,2016-05-23__bonirob_2016-05-23-10-57-33_4_frame139,2016-05-23,1251936,0.05149464509367891,0.052943600950847325,0.0014489558571684144,3010,1196,1182093,2618,666,0,0,1196,63272,0,0,0,373,392,1326,0,0,0,0,0,0,0,0,0,0,0,0
M4,2016-05-23__bonirob_2016-05-23-10-57-33_4_frame140,2016-05-23,1251936,0.06567108861794853,0.06644269355622012,0.0007716049382715945,3106,2140,1164773,3106,331,0,0,2140,80076,0,0,0,343,0,1167,0,0,0,0,0,0,0,0,0,0,0,0
M4,2016-05-23__bonirob_2016-05-23-10-57-33_4_frame141,2016-05-23,1251936,0.04205486542443064,0.04256287861360325,0.0005080131891726097,2151,1515,1193548,2068,618,0,0,1515,51135,0,0,0,1104,83,1865,0,0,0,0,0,0,0,0,0,0,0,0
M4,2016-05-23__bonirob_2016-05-23-10-57-33_4_frame148,2016-05-23,1251936,0.019397956445057894,0.019453869846381925,5.591340132403075e-05,1052,982,1222804,1052,658,0,0,982,23303,0,0,0,1062,0,2075,0,0,0,0,0,0,0,0,0,0,0,0
M4,2016-05-23__bonirob_2016-05-23-10-57-33_4_frame150,2016-05-23,1251936,0.06401844822738542,0.0649090688341896,0.000890620606804185,2399,1284,1169125,2399,74,0,0,1284,78863,0,0,0,56,0,135,0,0,0,0,0,0,0,0,0,0,0,0
M4,2016-05-23__bonirob_2016-05-23-10-57-33_4_frame168,2016-05-23,1251936,0.021003469825933593,0.02136930322316796,0.00036583339723436636,1341,883,1221442,1341,766,0,0,883,25412,0,0,0,526,0,1566,0,0,0,0,0,0,0,0,0,0,0,0
M4,2016-05-23__bonirob_2016-05-23-10-57-33_4_frame175,2016-05-23,1251936,0.016774819160084862,0.017107903279400864,0.0003330841193160024,1189,772,1227970,1189,193,0,0,772,20229,0,0,0,398,0,1185,0,0,0,0,0,0,0,0,0,0,0,0
M4,2016-05-23__bonirob_2016-05-23-10-57-33_4_frame179,2016-05-23,1251936,0.015911356491066637,0.015813108657311555,-9.824783375508156e-05,838,961,1228092,838,741,0,0,961,18959,0,0,0,700,0,1645,0,0,0,0,0,0,0,0,0,0,0,0
M4,2016-05-23__bonirob_2016-05-23-10-57-33_4_frame183,2016-05-23,1251936,0.026704240472356415,0.027729053242338268,0.0010248127699818525,2499,1216,1210650,2364,1120,0,0,1216,32216,0,0,0,802,135,3433,0,0,0,0,0,0,0,0,0,0,0,0
M4,2016-05-23__bonirob_2016-05-23-10-57-33_4_frame189,2016-05-23,1251936,0.02541503719039951,0.026101973263809013,0.0006869360734095033,1758,898,1211048,1758,1478,0,0,898,30920,0,0,0,1737,0,4097,0,0,0,0,0,0,0,0,0,0,0,0
M4,2016-05-23__bonirob_2016-05-23-10-57-33_4_frame198,2016-05-23,1251936,0.012380025816016153,0.012365648084247118,-1.4377731769035437e-05,818,836,1232691,703,622,0,0,836,14663,0,0,0,538,115,1768,0,0,0,0,0,0,0,0,0,0,0,0
M4,2016-05-23__bonirob_2016-05-23-10-57-33_4_frame203,2016-05-23,1251936,0.0320575492676942,0.032706144723052936,0.0006485954553587386,1754,942,1208113,1754,632,0,0,942,39192,0,0,0,246,0,1057,0,0,0,0,0,0,0,0,0,0,0,0
M4,2016-05-23__bonirob_2016-05-23-10-57-33_4_frame211,2016-05-23,1251936,0.03379565728599545,0.034312456866804696,0.0005167995808092463,1641,994,1206340,1641,346,0,0,994,41316,0,0,0,235,0,1064,0,0,0,0,0,0,0,0,0,0,0,0
M4,2016-05-23__bonirob_2016-05-23-10-57-33_4_frame218,2016-05-23,1251936,0.034540903049357155,0.03360395419574164,-0.0009369488536155185,1463,2636,1203202,1463,777,0,0,1703,40607,933,0,0,695,0,2556,0,0,0,0,0,0,0,0,0,0,0,0
M4,2016-05-23__bonirob_2016-05-23-10-57-33_4_frame220,2016-05-23,1251936,0.012515016742069882,0.012511022927689594,-3.993814380287911e-06,689,694,1229146,689,1469,0,0,633,14974,61,0,0,1299,0,3665,0,0,0,0,0,0,0,0,0,0,0,0
M4,2016-05-23__bonirob_2016-05-23-10-57-33_4_frame225,2016-05-23,1251936,0.04148854254530583,0.04201412851775171,0.0005255859724458758,1758,1100,1197090,1758,361,0,0,1099,50841,1,0,0,474,0,312,0,0,0,0,0,0,0,0,0,0,0,0
M4,2016-05-23__bonirob_2016-05-23-10-57-33_4_frame231,2016-05-23,1251936,0.0722760588400685,0.073892754901209,0.0016166960611404962,3222,1198,1154361,3178,747,0,0,1198,89287,0,0,0,919,44,2202,0,0,0,0,0,0,0,0,0,0,0,0
M4,2016-05-23__bonirob_2016-05-23-10-57-33_4_frame248,2016-05-23,1251936,0.08445559517419421,0.0860331518544079,0.0015775566802136848,3876,1901,1140587,3876,509,0,0,1490,103832,411,0,0,471,0,760,0,0,0,0,0,0,0,0,0,0,0,0
M4,2016-05-23__bonirob_2016-05-23-10-57-33_4_frame253,2016-05-23,1251936,0.087672213276078,0.08931446974925236,0.0016422564731743555,4110,2054,1135162,4084,780,0,0,2054,107706,0,0,0,796,26,1328,0,0,0,0,0,0,0,0,0,0,0,0
M4,2016-05-23__bonirob_2016-05-23-10-57-33_4_frame254,2016-05-23,1251936,0.08625041535669555,0.08791583595327557,0.0016654205965800223,3288,1203,1138330,3288,568,0,0,1203,106777,0,0,0,815,0,955,0,0,0,0,0,0,0,0,0,0,0,0
M4,2016-05-23__bonirob_2016-05-23-10-57-33_4_frame259,2016-05-23,1251936,0.0955719781202873,0.09765994427830177,0.002087966158014473,3814,1200,1125420,3814,643,0,0,1200,118450,0,0,0,937,0,1472,0,0,0,0,0,0,0,0,0,0,0,0
M4,2016-05-23__bonirob_2016-05-23-10-57-33_4_frame264,2016-05-23,1251936,0.057050839659535314,0.05782723717506326,0.0007763975155279448,2280,1308,1176712,2280,354,0,0,1308,70116,0,0,0,193,0,973,0,0,0,0,0,0,0,0,0,0,0,0
M4,2016-05-23__bonirob_2016-05-23-10-57-33_4_frame270,2016-05-23,1251936,0.016645419574163534,0.016434546174884337,-0.00021087339927919682,647,911,1226880,645,489,0,0,911,19928,0,0,0,733,2,2348,0,0,0,0,0,0,0,0,0,0,0,0
M4,2016-05-23__bonirob_2016-05-23-10-57-33_4_frame273,2016-05-23,1251936,0.061781912174424254,0.062488018556859135,0.0007061063824348804,2749,1865,1169493,2749,682,0,0,719,75482,1146,0,0,209,0,1456,0,0,0,0,0,0,0,0,0,0,0,0
M4,2016-05-23__bonirob_2016-05-23-10-57-33_4_frame278,2016-05-23,1251936,0.04727238453083864,0.047303536283004884,3.115175216624605e-05,1239,1200,1188939,1239,963,0,0,1200,57982,0,0,0,478,0,1135,0,0,0,0,0,0,0,0,0,0,0,0
M4,2016-05-23__bonirob_2016-05-23-10-57-33_4_frame279,2016-05-23,1251936,0.04063786008230453,0.041407867494824016,0.000770007412519487,1546,582,1195960,1546,627,0,0,582,50294,0,0,0,972,0,1955,0,0,0,0,0,0,0,0,0,0,0,0
M4,2016-05-23__bonirob_2016-05-23-10-57-33_4_frame283,2016-05-23,1251936,0.03055507629782992,0.03045123712394244,-0.0001038391738874822,1280,1410,1210160,1280,310,0,0,1410,36843,0,0,0,482,0,1451,0,0,0,0,0,0,0,0,0,0,0,0
M4,2016-05-23__bonirob_2016-05-23-10-57-33_4_frame303,2016-05-23,1251936,0.019774173759681005,0.019873220356312143,9.90465966311388e-05,964,840,1225044,964,352,0,0,840,23916,0,0,0,303,0,517,0,0,0,0,0,0,0,0,0,0,0,0
M4,2016-05-23__bonirob_2016-05-23-11-02-39_5_frame9,2016-05-23,1251936,0.034302072949415945,0.03518470592745955,0.0008826329780436057,1754,649,1205873,1754,395,0,0,649,42295,0,0,0,249,0,721,0,0,0,0,0,0,0,0,0,0,0,0
M4,2016-05-23__bonirob_2016-05-23-11-02-39_5_frame15,2016-05-23,1251936,0.024803184827339418,0.025023643381131305,0.0002204585537918871,856,580,1217220,856,609,0,0,580,30472,0,0,0,334,0,1865,0,0,0,0,0,0,0,0,0,0,0,0
M4,2016-05-23__bonirob_2016-05-23-11-02-39_5_frame20,2016-05-23,1251936,0.0034818073767349128,0.0028228280039874244,-0.0006589793727474883,107,932,1245388,107,368,0,0,932,3427,0,0,0,808,0,906,0,0,0,0,0,0,0,0,0,0,0,0
M4,2016-05-23__bonirob_2016-05-23-11-02-39_5_frame29,2016-05-23,1251936,0.02954863507399739,0.030167676302942002,0.0006190412289446105,1569,794,1210603,1569,785,0,0,794,36199,0,0,0,344,0,1642,0,0,0,0,0,0,0,0,0,0,0,0
M4,2016-05-23__bonirob_2016-05-23-11-02-39_5_frame30,2016-05-23,1251936,0.034544098100861384,0.03520946757661734,0.0006653694757559545,2135,1302,1206036,2135,131,0,0,1302,41945,0,0,0,163,0,224,0,0,0,0,0,0,0,0,0,0,0,0
M4,2016-05-23__bonirob_2016-05-23-11-02-39_5_frame31,2016-05-23,1251936,0.020161573754568923,0.02055935766684559,0.0003977839122766662,1335,837,1224886,1335,106,0,0,837,24404,0,0,0,120,0,248,0,0,0,0,0,0,0,0,0,0,0,0
M4,2016-05-23__bonirob_2016-05-23-11-02-39_5_frame34,2016-05-23,1251936,0.10510681057178642,0.10624664519592056,0.0011398346241341395,3848,2421,1116091,3848,188,0,0,2421,129166,0,0,0,34,0,188,0,0,0,0,0,0,0,0,0,0,0,0
M4,2016-05-23__bonirob_2016-05-23-11-02-39_5_frame37,2016-05-23,1251936,0.023398959691230223,0.02363858855404749,0.0002396288628172677,1499,1199,1220148,1499,242,0,0,1129,28095,70,0,0,221,0,532,0,0,0,0,0,0,0,0,0,0,0,0
M4,2016-05-23__bonirob_2016-05-23-11-02-39_5_frame60,2016-05-23,1251936,0.02788481200316949,0.028502255706361987,0.0006174437031924961,1548,775,1215478,1548,0,0,0,775,34135,0,0,0,0,0,0,0,0,0,0,0,0,0,0,0,0,0,0
M4,2016-05-23__bonirob_2016-05-23-11-02-39_5_frame62,2016-05-23,1251936,0.03996530174066406,0.0405667701863354,0.0006014684456713409,2030,1277,1199081,2030,147,0,0,1277,48757,0,0,0,91,0,553,0,0,0,0,0,0,0,0,0,0,0,0
M4,2016-05-23__bonirob_2016-05-23-11-02-39_5_frame69,2016-05-23,1251936,0.04594484063083097,0.046171689287631316,0.000226848656800345,1820,1536,1191120,1820,391,0,0,1536,55984,0,0,0,131,0,954,0,0,0,0,0,0,0,0,0,0,0,0
M4,2016-05-23__bonirob_2016-05-23-11-02-39_5_frame80,2016-05-23,1251936,0.03864734299516908,0.03832384403036577,-0.0003234989648033121,1151,1556,1192475,1151,546,0,0,1556,46828,0,0,0,1986,0,7394,0,0,0,0,0,0,0,0,0,0,0,0
M4,2016-05-23__bonirob_2016-05-23-11-02-39_5_frame84,2016-05-23,1251936,0.03942453927357309,0.03991897349385272,0.0004944342202796298,1511,892,1200200,1511,178,0,0,892,48465,0,0,0,222,0,468,0,0,0,0,0,0,0,0,0,0,0,0
M4,2016-05-23__bonirob_2016-05-23-11-02-39_5_frame89,2016-05-23,1251936,0.012942354880760678,0.013175593640569486,0.00023323875980880808,1047,755,1232717,657,281,0,0,755,15448,0,0,0,570,390,1118,0,0,0,0,0,0,0,0,0,0,0,0
M4,2016-05-23__bonirob_2016-05-23-11-02-39_5_frame90,2016-05-23,1251936,0.022445236817217492,0.022935677223116836,0.0004904404058993436,1430,816,1219212,1430,771,0,0,816,27284,0,0,0,335,0,2088,0,0,0,0,0,0,0,0,0,0,0,0
M4,2016-05-23__bonirob_2016-05-23-11-02-39_5_frame93,2016-05-23,1251936,0.025572393476982848,0.026343998415254453,0.0007716049382716049,1859,893,1217614,1859,2,0,0,893,31122,0,0,0,346,0,100,0,0,0,0,0,0,0,0,0,0,0,0
M4,2016-05-23__bonirob_2016-05-23-11-02-39_5_frame105,2016-05-23,1251936,0.02494536461927766,0.02538228791248115,0.00043692329320348805,1418,871,1216543,1418,279,0,0,871,30359,0,0,0,527,0,1939,0,0,0,0,0,0,0,0,0,0,0,0
M4,2016-05-23__bonirob_2016-05-23-11-02-39_5_frame108,2016-05-23,1251936,0.010564437798737315,0.011082036142422615,0.0005175983436853,1055,407,1236503,1055,202,0,0,407,12819,0,0,0,380,0,570,0,0,0,0,0,0,0,0,0,0,0,0
M4,2016-05-23__bonirob_2016-05-23-11-02-39_5_frame112,2016-05-23,1251936,0.03502495335224804,0.03536602510032462,0.0003410717480765782,1538,1111,1204277,1538,550,0,0,1111,42738,0,0,0,478,0,1244,0,0,0,0,0,0,0,0,0,0,0,0
M4,2016-05-23__bonirob_2016-05-23-11-02-39_5_frame116,2016-05-23,1251936,0.04093979244945428,0.04153566955499323,0.0005958771055389472,1725,979,1196465,1725,187,0,0,979,50275,0,0,0,440,0,1865,0,0,0,0,0,0,0,0,0,0,0,0
M4,2016-05-23__bonirob_2016-05-23-11-02-39_5_frame117,2016-05-23,1251936,0.03138658845180584,0.031134179382971652,-0.0002524090688341904,951,1267,1209840,951,386,0,0,1267,38027,0,0,0,242,0,1223,0,0,0,0,0,0,0,0,0,0,0,0
M4,2016-05-23__bonirob_2016-05-23-11-02-39_5_frame131,2016-05-23,1251936,0.05337653042967053,0.05407305165759272,0.0006965212279221936,2657,1785,1180635,2657,381,0,0,1785,65039,0,0,0,267,0,1172,0,0,0,0,0,0,0,0,0,0,0,0
M4,2016-05-23__bonirob_2016-05-23-11-02-39_5_frame144,2016-05-23,1251936,0.02105379188712522,0.021442789407765252,0.0003889975206400331,1091,604,1220880,1091,490,0,0,604,25754,0,0,0,726,0,2391,0,0,0,0,0,0,0,0,0,0,0,0
M4,2016-05-23__bonirob_2016-05-23-11-02-39_5_frame149,2016-05-23,1251936,0.008205691025739335,0.012149982107711576,0.003944291081972241,5231,293,1227979,778,712,0,0,293,9980,0,0,0,3112,4453,3189,1440,0,0,0,0,0,0,0,0,0,0,0
M4,2016-05-23__bonirob_2016-05-23-11-02-39_5_frame155,2016-05-23,1251936,0.03915216113283746,0.039562725251131046,0.0004105641182935854,1684,1170,1199529,1684,498,0,0,1170,47846,0,0,0,238,0,971,0,0,0,0,0,0,0,0,0,0,0,0
M4,2016-05-23__bonirob_2016-05-23-11-02-39_5_frame164,2016-05-23,1251936,0.011927127265291517,0.01200141221276487,7.428494747335236e-05,577,484,1233859,436,395,0,0,484,14448,0,0,0,585,141,1588,0,0,0,0,0,0,0,0,0,0,0,0
M4,2016-05-23__bonirob_2016-05-23-11-02-39_5_frame169,2016-05-23,1251936,0.040589934309741074,0.04126169388850548,0.0006717595787644054,1678,837,1193190,1678,997,0,7,837,49979,0,0,0,846,0,4295,0,107,0,0,0,0,0,0,0,0,0,0
M4,2016-05-23__bonirob_2016-05-23-11-02-39_5_frame177,2016-05-23,1251936,0.03831505763872914,0.038554686501546406,0.0002396288628172677,1903,1603,1197934,1903,798,0,0,1603,46365,0,0,0,770,0,2563,0,0,0,0,0,0,0,0,0,0,0,0
M4,2016-05-23__bonirob_2016-05-23-11-02-39_5_frame184,2016-05-23,1251936,0.02705010479768934,0.027602049945045115,0.000551945147355775,1542,851,1213818,1362,577,0,0,851,33014,0,0,0,605,180,1529,0,0,0,0,0,0,0,0,0,0,0,0
M4,2016-05-23__bonirob_2016-05-23-11-02-39_5_frame187,2016-05-23,1251936,0.024788008332694324,0.02213132300692687,-0.0026566853257674536,786,4112,1208817,786,1689,0,0,1165,26921,2947,0,0,2147,0,7464,0,0,0,0,0,0,0,0,0,0,0,0
M4,2016-05-23__bonirob_2016-05-23-11-02-39_5_frame189,2016-05-23,1251936,0.014800277330470566,0.014313830738951512,-0.000486446591519054,466,1075,1223067,466,1421,0,0,1075,17454,0,0,0,1494,0,6959,0,0,0,0,0,0,0,0,0,0,0,0
M4,2016-05-23__bonirob_2016-05-23-11-02-39_5_frame192,2016-05-23,1251936,0.015734031132581858,0.015506383712905452,-0.0002276474196764057,754,1039,1226512,754,777,0,0,916,18659,123,0,0,729,0,3466,0,0,0,0,0,0,0,0,0,0,0,0
M4,2016-05-23__bonirob_2016-05-23-11-02-39_5_frame193,2016-05-23,1251936,0.017821997290596324,0.017885099557804873,6.310226720854933e-05,962,883,1223341,962,964,0,0,883,21429,0,0,0,808,0,3549,0,0,0,0,0,0,0,0,0,0,0,0
M4,2016-05-23__bonirob_2016-05-23-11-02-39_5_frame199,2016-05-23,1251936,0.03230117194489175,0.0363676737469008,0.00406650180200905,5782,691,1198236,1361,689,0,0,691,39748,0,0,0,1980,4421,4810,0,0,0,0,0,0,0,0,0,0,0,0
M4,2016-05-23__bonirob_2016-05-23-11-02-39_5_frame202,2016-05-23,1251936,0.03096803670475168,0.030262729085192855,-0.0007053076195588266,1584,2467,1203175,1584,1957,0,0,1380,36303,1087,0,0,1208,0,5242,0,0,0,0,0,0,0,0,0,0,0,0
M4,2016-05-23__bonirob_2016-05-23-11-02-39_5_frame203,2016-05-23,1251936,0.0053117731257827875,0.0054667331237379544,0.00015495999795516694,825,631,1238321,825,1151,0,0,631,6019,0,0,0,1257,0,3732,0,0,0,0,0,0,0,0,0,0,0,0
M4,2016-05-23__bonirob_2016-05-23-11-02-39_5_frame204,2016-05-23,1251936,0.019903573345602332,0.01976938118242466,-0.00013419216317767102,778,946,1212587,778,2403,0,0,946,23972,0,0,0,2283,0,8967,0,0,0,0,0,0,0,0,0,0,0,0
M4,2016-05-23__bonirob_2016-05-23-11-02-39_5_frame215,2016-05-23,1251936,0.04561335403726708,0.04618766454515247,0.000574310507885388,2079,1360,1186503,2079,1155,0,0,1360,55745,0,0,0,1577,0,3517,0,0,0,0,0,0,0,0,0,0,0,0
M4,2016-05-23__bonirob_2016-05-23-11-02-39_5_frame216,2016-05-23,1251936,0.005239884466937607,0.0051695933338445415,-7.029113309306532e-05,391,479,1239814,391,543,0,0,479,6081,0,0,0,927,0,3701,0,0,0,0,0,0,0,0,0,0,0,0
M4,2016-05-23__bonirob_2016-05-23-11-02-39_5_frame223,2016-05-23,1251936,0.02576809038161695,0.026567652020550572,0.000799561638933622,2103,1102,1213931,2103,1249,0,0,1102,31158,0,0,0,457,0,1936,0,0,0,0,0,0,0,0,0,0,0,0
M4,2016-05-23__bonirob_2016-05-23-11-02-39_5_frame233,2016-05-23,1251936,0.02602449326483143,0.026563658206170283,0.0005391649413388523,1702,1027,1208399,1702,1486,0,0,1027,31554,0,0,0,1255,0,6513,0,0,0,0,0,0,0,0,0,0,0,0
M4,2016-05-23__bonirob_2016-05-23-11-02-39_5_frame243,2016-05-23,1251936,0.014189223730286532,0.014875361040819978,0.000686137310533446,1474,615,1229118,1474,499,0,0,615,17149,0,0,0,1042,0,2039,0,0,0,0,0,0,0,0,0,0,0,0
M4,2016-05-23__bonirob_2016-05-23-11-02-39_5_frame246,2016-05-23,1251936,0.018683063670986377,0.01941233417682693,0.0007292705058405541,1535,622,1224345,1535,606,0,0,622,22768,0,0,0,554,0,1506,0,0,0,0,0,0,0,0,0,0,0,0
M4,2016-05-23__bonirob_2016-05-23-11-02-39_5_frame253,2016-05-23,1251936,0.016439338752140684,0.01663823070827902,0.00019889195613833482,869,620,1229520,869,492,0,0,620,19961,0,0,0,47,0,427,0,0,0,0,0,0,0,0,0,0,0,0
M4,2016-05-23__bonirob_2016-05-23-11-02-39_5_frame254,2016-05-23,1251936,0.008573121948725813,0.009407030391329908,0.0008339084426040953,1389,345,1237341,1055,299,0,0,345,10388,0,0,0,453,334,1721,0,0,0,0,0,0,0,0,0,0,0,0
M4,2016-05-23__bonirob_2016-05-23-11-02-39_5_frame255,2016-05-23,1251936,0.0033076770697543644,0.0028348094471282877,-0.00047286762262607664,82,674,1242662,20,435,0,0,674,3467,0,0,0,1009,62,3607,0,0,0,0,0,0,0,0,0,0,0,0
M4,2016-05-23__bonirob_2016-05-23-11-02-39_5_frame257,2016-05-23,1251936,0.008390205250108631,0.008529988753418705,0.0001397835033100734,528,353,1239598,528,170,0,0,353,10151,0,0,0,475,0,661,0,0,0,0,0,0,0,0,0,0,0,0
M4,2016-05-23__bonirob_2016-05-23-11-02-39_5_frame264,2016-05-23,1251936,0.028948764154078165,0.029119699409554483,0.00017093525547631772,1349,1135,1210806,1349,444,0,0,1112,35107,23,0,0,507,0,2588,0,0,0,0,0,0,0,0,0,0,0,0
M4,2016-05-23__bonirob_2016-05-23-11-02-39_5_frame265,2016-05-23,1251936,0.01807600388518263,0.017840368836745647,-0.00023563504843698152,772,1067,1221125,772,1212,0,0,1067,21563,0,0,0,1901,0,4296,0,0,0,0,0,0,0,0,0,0,0,0
M4,2016-05-23__bonirob_2016-05-23-11-02-39_5_frame266,2016-05-23,1251936,0.04472672724484319,0.04553427651253738,0.0008075492676941909,2082,1071,1192575,2082,291,0,0,1071,54924,0,0,0,201,0,792,0,0,0,0,0,0,0,0,0,0,0,0
M4,2016-05-23__bonirob_2016-05-23-11-02-39_5_frame271,2016-05-23,1251936,0.0346567236663855,0.035359634997316154,0.0007029113309306514,1777,897,1204021,1771,548,0,0,897,42491,0,0,0,488,6,1714,0,0,0,0,0,0,0,0,0,0,0,0
M4,2016-05-23__bonirob_2016-05-23-11-02-39_5_frame272,2016-05-23,1251936,0.07048363494619533,0.07175925925925926,0.001275624313063925,3418,1821,1159685,3418,188,0,0,1821,86420,0,0,0,93,0,311,0,0,0,0,0,0,0,0,0,0,0,0
M4,2016-05-23__bonirob_2016-05-23-11-02-39_5_frame273,2016-05-23,1251936,0.049711007591442376,0.049909100784704646,0.00019809319326227065,2043,1795,1187081,2043,451,0,0,999,60440,796,0,0,126,0,0,0,0,0,0,0,0,0,0,0,0,0,0
M4,2016-05-23__bonirob_2016-05-23-11-02-39_5_frame277,2016-05-23,1251936,0.037165637860082305,0.03790848733481584,0.000742849474733534,2236,1306,1198923,1943,748,0,0,1306,45223,0,0,0,693,293,2807,0,0,0,0,0,0,0,0,0,0,0,0
M4,2016-05-23__bonirob_2016-05-23-11-02-39_5_frame278,2016-05-23,1251936,0.025264869769700687,0.025718567083301384,0.00045369731360069693,1537,969,1214207,1537,872,0,0,969,30661,0,0,0,617,0,3073,0,0,0,0,0,0,0,0,0,0,0,0
M4,2016-05-23__bonirob_2016-05-23-11-02-39_5_frame282,2016-05-23,1251936,0.018184635636326458,0.01828208470720548,9.744907087902085e-05,854,732,1226375,854,370,0,0,732,22034,0,0,0,415,0,1156,0,0,0,0,0,0,0,0,0,0,0,0
M4,2016-05-23__bonirob_2016-05-23-11-02-39_5_frame284,2016-05-23,1251936,0.01994990159241367,0.019425913145719908,-0.0005239884466937614,1397,2053,1223113,1397,496,0,0,831,22923,1222,0,0,392,0,1562,0,0,0,0,0,0,0,0,0,0,0,0
M4,2016-05-23__bonirob_2016-05-23-11-02-39_5_frame292,2016-05-23,1251936,0.03423417810495105,0.0350313434552565,0.0007971653503054468,1919,921,1200088,1919,1268,0,0,921,41938,0,0,0,962,0,4840,0,0,0,0,0,0,0,0,0,0,0,0
M4,2016-05-23__bonirob_2016-05-23-11-02-39_5_frame293,2016-05-23,1251936,0.025288832655982415,0.025348739871686732,5.9907215704316924e-05,1174,1099,1216587,1141,668,0,0,1099,30561,0,0,0,520,33,1327,0,0,0,0,0,0,0,0,0,0,0,0
M4,2016-05-23__bonirob_2016-05-23-11-02-39_5_frame294,2016-05-23,1251936,0.015837071543593283,0.015758792781739642,-7.827876185364027e-05,745,843,1226667,745,1056,0,0,843,18984,0,0,0,744,0,2897,0,0,0,0,0,0,0,0,0,0,0,0
M4,2016-05-23__bonirob_2016-05-23-11-07-45_6_frame3,2016-05-23,1251936,0.018561651713825626,0.018552066559312935,-9.585154512690292e-06,1059,1071,1219968,1059,144,0,143,1071,22167,0,0,0,2983,0,2138,0,2263,0,0,0,0,0,0,0,0,0,0
M4,2016-05-23__bonirob_2016-05-23-11-07-45_6_frame4,2016-05-23,1251936,0.07049721391508831,0.07112504153566955,0.0006278276205812366,2208,1422,1160177,2208,407,0,0,1422,86836,0,0,0,75,0,811,0,0,0,0,0,0,0,0,0,0,0,0
M4,2016-05-23__bonirob_2016-05-23-11-07-45_6_frame17,2016-05-23,1251936,0.03038813485673389,0.031555926181530046,0.0011677913247961566,2458,996,1202869,2458,818,0,0,996,37048,0,0,0,1761,0,5986,0,0,0,0,0,0,0,0,0,0,0,0
M4,2016-05-23__bonirob_2016-05-23-11-07-45_6_frame27,2016-05-23,1251936,0.05710116172072694,0.058141150985353884,0.0010399892646269435,2349,1047,1176556,2281,209,0,0,1047,70440,0,0,0,723,68,612,0,0,0,0,0,0,0,0,0,0,0,0
M4,2016-05-23__bonirob_2016-05-23-11-07-45_6_frame34,2016-05-23,1251936,0.06923916238529765,0.06999718835467628,0.0007580259693786284,2259,1310,1159366,2259,797,0,0,1310,85373,0,0,0,449,0,2382,0,0,0,0,0,0,0,0,0,0,0,0
M4,2016-05-23__bonirob_2016-05-23-11-07-45_6_frame38,2016-05-23,1251936,0.040957365232727555,0.04163631367737648,0.0006789484446489275,1995,1145,1196258,1605,467,0,0,1145,50131,0,0,0,589,390,1351,0,0,0,0,0,0,0,0,0,0,0,0
M4,2016-05-23__bonirob_2016-05-23-11-07-45_6_frame41,2016-05-23,1251936,0.025914263987935487,0.02574892007259157,-0.00016534391534391707,1611,1818,1212808,1611,921,0,0,1703,30625,115,0,0,1222,0,2931,0,0,0,0,0,0,0,0,0,0,0,0
M4,2016-05-23__bonirob_2016-05-23-11-07-45_6_frame51,2016-05-23,1251936,0.0357070968484012,0.03648509188968126,0.0007779950412800662,1997,1023,1203350,1997,345,0,0,1023,43680,0,0,0,561,0,980,0,0,0,0,0,0,0,0,0,0,0,0
M4,2016-05-23__bonirob_2016-05-23-11-07-45_6_frame52,2016-05-23,1251936,0.029142064770084092,0.029695607443191985,0.000553542673107893,1668,975,1210095,1668,915,0,0,975,35509,0,0,0,985,0,1789,0,0,0,0,0,0,0,0,0,0,0,0
M4,2016-05-23__bonirob_2016-05-23-11-07-45_6_frame61,2016-05-23,1251936,0.03105350433248984,0.031460074636403136,0.00040657030391329577,1467,958,1210041,1467,428,0,0,958,37919,0,0,0,329,0,794,0,0,0,0,0,0,0,0,0,0,0,0
M4,2016-05-23__bonirob_2016-05-23-11-07-45_6_frame63,2016-05-23,1251936,0.024541989366868595,0.0239037778288986,-0.0006382115379699946,1004,1803,1211881,1004,216,0,357,877,28922,926,0,0,2249,0,2158,0,3346,0,0,0,0,0,0,0,0,0,0
M4,2016-05-23__bonirob_2016-05-23-11-07-45_6_frame68,2016-05-23,1251936,0.03396339748996754,0.03434280985609488,0.00037941236612733936,1506,1031,1207358,1506,10,0,0,1031,41489,0,0,0,443,0,99,0,0,0,0,0,0,0,0,0,0,0,0
M4,2016-05-23__bonirob_2016-05-23-11-07-45_6_frame70,2016-05-23,1251936,0.06192089691485827,0.06186817856503847,-5.271834981979834e-05,1525,1591,1171072,1525,412,0,0,1591,75930,0,0,0,454,0,952,0,0,0,0,0,0,0,0,0,0,0,0
M4,2016-05-23__bonirob_2016-05-23-11-07-45_6_frame75,2016-05-23,1251936,0.019647170462387852,0.020120836847889987,0.00047366638550213475,1467,874,1223525,1467,309,0,0,874,23723,0,0,0,702,0,1336,0,0,0,0,0,0,0,0,0,0,0,0
M4,2016-05-23__bonirob_2016-05-23-11-07-45_6_frame99,2016-05-23,1251936,0.03736772486772487,0.03784458630473123,0.0004768614370063637,1833,1236,1202911,1833,71,0,0,1236,45546,0,0,0,231,0,108,0,0,0,0,0,0,0,0,0,0,0,0
M4,2016-05-23__bonirob_2016-05-23-11-07-45_6_frame104,2016-05-23,1251936,0.02701975180839915,0.02799344375431332,0.0009736919459141687,2199,980,1214270,2015,338,0,0,980,32847,0,0,0,381,184,921,0,0,0,0,0,0,0,0,0,0,0,0
M4,2016-05-23__bonirob_2016-05-23-11-07-45_6_frame108,2016-05-23,1251936,0.052665631469979296,0.05335895764639726,0.0006933261764179646,2212,1344,1183438,2212,13,0,0,1344,64590,0,0,0,287,0,52,0,0,0,0,0,0,0,0,0,0,0,0
M4,2016-05-23__bonirob_2016-05-23-11-07-45_6_frame109,2016-05-23,1251936,0.051454706949876035,0.0526560463154666,0.0012013393655905674,2493,989,1184752,2493,57,0,0,989,63429,0,0,0,36,0,180,0,0,0,0,0,0,0,0,0,0,0,0
M4,2016-05-23__bonirob_2016-05-23-11-07-45_6_frame115,2016-05-23,1251936,0.04173056769675127,0.04184239449939933,0.0001118268026480615,1775,1635,1196920,1775,119,0,0,1066,50609,569,0,0,540,0,338,0,0,0,0,0,0,0,0,0,0,0,0
M4,2016-05-23__bonirob_2016-05-23-11-07-45_6_frame122,2016-05-23,1251936,0.05644857245098791,0.05738392377885131,0.000935351327863404,2501,1330,1178283,2501,45,0,0,1330,69340,0,0,0,260,0,177,0,0,0,0,0,0,0,0,0,0,0,0
M4,2016-05-23__bonirob_2016-05-23-11-07-45_6_frame127,2016-05-23,1251936,0.0788674500932955,0.0794585346215781,0.0005910845282826038,3063,2323,1148023,2811,539,0,0,2323,96414,0,0,0,573,252,1001,0,0,0,0,0,0,0,0,0,0,0,0
M4,2016-05-23__bonirob_2016-05-23-11-07-45_6_frame131,2016-05-23,1251936,0.06560798635073997,0.06690198220995322,0.0012939958592132483,2931,1311,1165551,2931,179,0,0,1311,80826,0,0,0,488,0,650,0,0,0,0,0,0,0,0,0,0,0,0
M4,2016-05-23__bonirob_2016-05-23-11-07-45_6_frame133,2016-05-23,1251936,0.07422264396902079,0.07522988395572937,0.001007239986708583,2451,1190,1155980,2451,129,0,0,1190,91732,0,0,0,233,0,221,0,0,0,0,0,0,0,0,0,0,0,0
M4,2016-05-23__bonirob_2016-05-23-11-07-45_6_frame135,2016-05-23,1251936,0.06716158014467193,0.06810971167855226,0.0009481315338803337,2645,1458,1164932,2645,0,0,0,1458,82624,0,0,0,254,0,23,0,0,0,0,0,0,0,0,0,0,0,0
M4,2016-05-23__bonirob_2016-05-23-11-07-45_6_frame138,2016-05-23,1251936,0.06176114433964675,0.06239056948598012,0.000629425146333365,2331,1543,1171888,2331,109,0,0,1543,75778,0,0,0,60,0,227,0,0,0,0,0,0,0,0,0,0,0,0
M4,2016-05-23__bonirob_2016-05-23-11-07-45_6_frame141,2016-05-23,1251936,0.056079544002249314,0.05651966234695703,0.000440118344707717,2798,2247,1175704,2798,348,0,0,2247,67961,0,0,0,646,0,2232,0,0,0,0,0,0,0,0,0,0,0,0
M4,2016-05-23__bonirob_2016-05-23-11-07-45_6_frame146,2016-05-23,1251936,0.027184296960867008,0.027264972011348823,8.067505048181545e-05,1222,1121,1215820,1222,120,0,0,1060,32912,61,0,0,249,0,492,0,0,0,0,0,0,0,0,0,0,0,0
M4,2016-05-23__bonirob_2016-05-23-11-07-45_6_frame149,2016-05-23,1251936,0.04171379367635406,0.04234641387419165,0.000632620197837587,2102,1310,1196383,2102,327,0,0,1310,50913,0,0,0,281,0,620,0,0,0,0,0,0,0,0,0,0,0,0
M4,2016-05-23__bonirob_2016-05-23-11-07-45_6_frame156,2016-05-23,1251936,0.07919015029522276,0.08136598036960356,0.002175830074380797,4093,1369,1147282,4093,561,0,0,1369,97772,0,0,0,313,0,546,0,0,0,0,0,0,0,0,0,0,0,0
M4,2016-05-23__bonirob_2016-05-23-11-07-45_6_frame162,2016-05-23,1251936,0.07268502543260998,0.07391831531324285,0.0012332898806328707,2884,1340,1156916,2884,604,0,0,1340,89657,0,0,0,102,0,433,0,0,0,0,0,0,0,0,0,0,0,0
M4,2016-05-23__bonirob_2016-05-23-11-07-45_6_frame166,2016-05-23,1251936,0.036660819722413925,0.035864453134984535,-0.0007963665874293896,1003,2000,1195028,1003,20,0,925,2000,43897,0,0,0,3085,0,210,0,5768,0,0,0,0,0,0,0,0,0,0
M4,2016-05-23__bonirob_2016-05-23-11-07-45_6_frame175,2016-05-23,1251936,0.05969714106791402,0.06061332208675204,0.0009161810188380234,2548,1401,1172909,2548,352,0,0,1401,73336,0,0,0,295,0,1095,0,0,0,0,0,0,0,0,0,0,0,0
M4,2016-05-23__bonirob_2016-05-23-11-07-45_6_frame176,2016-05-23,1251936,0.054340637221072005,0.055441332464279326,0.001100695243207321,2777,1399,1178592,2777,269,0,0,1399,66632,0,0,0,431,0,1836,0,0,0,0,0,0,0,0,0,0,0,0
M4,2016-05-23__bonirob_2016-05-23-11-07-45_6_frame201,2016-05-23,1251936,0.07384243284001737,0.07474822994146665,0.0009057971014492794,2532,1398,1152294,2532,793,0,0,1398,91048,0,0,0,1404,0,2467,0,0,0,0,0,0,0,0,0,0,0,0
M4,2016-05-23__bonirob_2016-05-23-11-07-45_6_frame208,2016-05-23,1251936,0.04311482376095903,0.04396950003834062,0.0008546762773815886,2352,1282,1194866,2335,132,0,0,1282,52695,0,0,0,438,17,171,0,0,0,0,0,0,0,0,0,0,0,0
M4,2016-05-23__bonirob_2016-05-23-11-07-45_6_frame210,2016-05-23,1251936,0.080941837282417,0.08286525828796361,0.0019234210055466133,3500,1092,1144108,3500,573,0,0,1092,100242,0,0,0,550,0,1871,0,0,0,0,0,0,0,0,0,0,0,0
M4,2016-05-23__bonirob_2016-05-23-11-07-45_6_frame212,2016-05-23,1251936,0.06360229276895944,0.0655848222273343,0.0019825294583748626,3401,919,1167959,3401,86,0,0,919,78707,0,0,0,655,0,209,0,0,0,0,0,0,0,0,0,0,0,0
M4,2016-05-23__bonirob_2016-05-23-11-07-45_6_frame215,2016-05-23,1251936,0.09721583211921377,0.09964566878818086,0.0024298366689670947,3771,729,1125766,3771,266,0,0,729,120979,0,0,0,130,0,295,0,0,0,0,0,0,0,0,0,0,0,0
M4,2016-05-23__bonirob_2016-05-23-11-07-45_6_frame218,2016-05-23,1251936,0.07372820974874116,0.07528419983130127,0.0015559900825601186,3127,1179,1154679,3127,423,0,0,1179,91124,0,0,0,442,0,962,0,0,0,0,0,0,0,0,0,0,0,0
M4,2016-05-23__bonirob_2016-05-23-11-07-45_6_frame220,2016-05-23,1251936,0.05241481992689722,0.0535690322828004,0.0011542123559031767,2558,1113,1182276,2553,99,0,0,1113,64507,0,0,0,595,5,788,0,0,0,0,0,0,0,0,0,0,0,0
M4,2016-05-23__bonirob_2016-05-23-11-07-45_6_frame224,2016-05-23,1251936,0.09370127546456049,0.09527324080464177,0.0015719653400812772,3599,1631,1130099,3599,593,0,0,1631,115677,0,0,0,98,0,239,0,0,0,0,0,0,0,0,0,0,0,0
M4,2016-05-23__bonirob_2016-05-23-11-07-45_6_frame227,2016-05-23,1251936,0.05661791018071211,0.05743344707716688,0.0008155368964547702,2111,1090,1177152,2111,639,0,0,1090,69792,0,0,0,246,0,906,0,0,0,0,0,0,0,0,0,0,0,0
M4,2016-05-23__bonirob_2016-05-23-11-07-45_6_frame228,2016-05-23,1251936,0.040078726069064236,0.04028560565396314,0.00020687958489890718,1155,896,1198939,1155,341,0,0,896,49280,0,0,0,409,0,916,0,0,0,0,0,0,0,0,0,0,0,0
M4,2016-05-23__bonirob_2016-05-23-11-07-45_6_frame231,2016-05-23,1251936,0.07211630626485699,0.07248453595071952,0.00036822968586253113,2336,1875,1158741,2336,96,0,0,1875,88410,0,0,0,65,0,413,0,0,0,0,0,0,0,0,0,0,0,0
M4,2016-05-23__bonirob_2016-05-23-11-07-45_6_frame238,2016-05-23,1251936,0.038538711244025255,0.038786327735603095,0.00024761649157784005,1675,1365,1200408,1637,196,0,0,1365,46883,0,0,0,734,38,675,0,0,0,0,0,0,0,0,0,0,0,0
M4,2016-05-23__bonirob_2016-05-23-11-07-45_6_frame252,2016-05-23,1251936,0.02756770314137464,0.02804536334125706,0.0004776601998824209,1487,889,1214981,1487,84,0,0,889,33624,0,0,0,247,0,624,0,0,0,0,0,0,0,0,0,0,0,0
M4,2016-05-23__bonirob_2016-05-23-11-07-45_6_frame254,2016-05-23,1251936,0.023839876798813997,0.023795944840630832,-4.393195818316528e-05,864,919,1218361,864,268,0,0,919,28927,0,0,0,960,0,1637,0,0,0,0,0,0,0,0,0,0,0,0
M4,2016-05-23__bonirob_2016-05-23-11-07-45_6_frame259,2016-05-23,1251936,0.10254278173964164,0.10294935204355495,0.0004065703039133062,3858,3349,1119700,3858,1,0,0,3349,125028,0,0,0,0,0,0,0,0,0,0,0,0,0,0,0,0,0,0
M4,2016-05-23__bonirob_2016-05-23-11-07-45_6_frame263,2016-05-23,1251936,0.018605583672008794,0.018552066559312935,-5.351711269585904e-05,943,1010,1225463,943,437,0,0,1010,22283,0,0,0,296,0,1504,0,0,0,0,0,0,0,0,0,0,0,0
M4,2016-05-23__bonirob_2016-05-23-11-07-45_6_frame278,2016-05-23,1251936,0.03907867494824017,0.039466873706004144,0.0003881987577639759,1451,965,1200012,1451,438,0,0,965,47959,0,0,0,527,0,584,0,0,0,0,0,0,0,0,0,0,0,0
M4,2016-05-23__bonirob_2016-05-23-11-07-45_6_frame280,2016-05-23,1251936,0.03098800577665312,0.030620574853666642,-0.00036743092298647737,1033,1493,1197811,1033,2632,0,0,1493,37302,0,0,0,559,0,11106,0,0,0,0,0,0,0,0,0,0,0,0
M4,2016-05-23__bonirob_2016-05-23-11-07-45_6_frame284,2016-05-23,1251936,0.05467691639189224,0.055545970401042866,0.0008690540091506258,2444,1356,1180228,2444,193,0,0,1356,67096,0,0,0,67,0,552,0,0,0,0,0,0,0,0,0,0,0,0
M4,2016-05-23__bonirob_2016-05-23-11-07-45_6_frame288,2016-05-23,1251936,0.06447134677811006,0.0654889706822074,0.001017623904097334,2689,1415,1167735,2689,168,0,0,1415,79299,0,0,0,227,0,403,0,0,0,0,0,0,0,0,0,0,0,0
M4,2016-05-23__bonirob_2016-05-23-11-07-45_6_frame289,2016-05-23,1251936,0.0380842151675485,0.03929753597627994,0.0012133208087314398,2450,931,1198895,2436,523,0,0,931,46748,0,0,0,483,14,1906,0,0,0,0,0,0,0,0,0,0,0,0
M4,2016-05-23__bonirob_2016-05-23-11-07-45_6_frame297,2016-05-23,1251936,0.04224417222605628,0.04300299695831097,0.0007588247322546857,2106,1156,1193584,2106,1102,0,0,1156,51731,0,0,0,458,0,1799,0,0,0,0,0,0,0,0,0,0,0,0
M4,2016-05-23__bonirob_2016-05-23-11-07-45_6_frame306,2016-05-23,1251936,0.011073249750785982,0.010972605628402729,-0.00010064412238325326,405,531,1235124,405,376,0,0,531,13332,0,0,0,323,0,1845,0,0,0,0,0,0,0,0,0,0,0,0
M4,2016-05-23__bonirob_2016-05-23-11-12-51_7_frame4,2016-05-23,1251936,0.023129776601998824,0.02333825371264985,0.00020847711065102512,869,608,1219871,869,543,0,0,608,28349,0,0,0,396,0,1300,0,0,0,0,0,0,0,0,0,0,0,0
M4,2016-05-23__bonirob_2016-05-23-11-12-51_7_frame5,2016-05-23,1251936,0.05198588426245431,0.053330202182859186,0.001344317920404875,2346,663,1181789,2346,693,0,0,663,64420,0,0,0,425,0,1600,0,0,0,0,0,0,0,0,0,0,0,0
M4,2016-05-23__bonirob_2016-05-23-11-12-51_7_frame10,2016-05-23,1251936,0.03835259949390384,0.03911861309204304,0.0007660135981392008,1615,656,1198802,1615,716,0,0,656,47359,0,0,0,689,0,2099,0,0,0,0,0,0,0,0,0,0,0,0
M4,2016-05-23__bonirob_2016-05-23-11-12-51_7_frame13,2016-05-23,1251936,0.0017061575032589526,0.0014066214247373668,-0.0002995360785215857,115,490,1245556,115,1105,0,0,151,1646,339,0,0,437,0,2587,0,0,0,0,0,0,0,0,0,0,0,0
M4,2016-05-23__bonirob_2016-05-23-11-12-51_7_frame14,2016-05-23,1251936,0.06667113973877259,0.06771672034353193,0.0010455806047593441,2139,830,1164800,2139,434,0,0,830,82638,0,0,0,128,0,967,0,0,0,0,0,0,0,0,0,0,0,0
M4,2016-05-23__bonirob_2016-05-23-11-12-51_7_frame19,2016-05-23,1251936,0.03419184367252,0.03516633438131023,0.0009744907087902294,1655,435,1202233,1655,1049,0,0,435,42371,0,0,0,926,0,3267,0,0,0,0,0,0,0,0,0,0,0,0
M4,2016-05-23__bonirob_2016-05-23-11-12-51_7_frame20,2016-05-23,1251936,0.08571923804411727,0.08728241699256192,0.0015631789484446545,3201,1244,1140485,3201,91,0,0,1244,106071,0,0,0,277,0,567,0,0,0,0,0,0,0,0,0,0,0,0
M4,2016-05-23__bonirob_2016-05-23-11-12-51_7_frame27,2016-05-23,1251936,0.048096707818930044,0.048363494619533265,0.00026678680060322063,1865,1531,1188456,1865,205,0,0,1531,58683,0,0,0,322,0,874,0,0,0,0,0,0,0,0,0,0,0,0
M4,2016-05-23__bonirob_2016-05-23-11-12-51_7_frame29,2016-05-23,1251936,0.022735986504102447,0.022733590215474272,-2.396288628175175e-06,488,491,1219338,488,367,0,0,491,27973,0,0,0,1347,0,1932,0,0,0,0,0,0,0,0,0,0,0,0
M4,2016-05-23__bonirob_2016-05-23-11-12-51_7_frame31,2016-05-23,1251936,0.00427897272704036,0.0019146346139099762,-0.002364338113130384,83,3043,1242822,83,968,0,0,1287,2314,1756,0,0,698,0,2008,0,0,0,0,0,0,0,0,0,0,0,0
M4,2016-05-23__bonirob_2016-05-23-11-12-51_7_frame39,2016-05-23,1251936,0.0640639777113207,0.0653212304782353,0.0012572527669146016,2588,1014,1167764,2588,125,0,0,1006,79190,8,0,0,382,0,873,0,0,0,0,0,0,0,0,0,0,0,0
M4,2016-05-23__bonirob_2016-05-23-11-12-51_7_frame41,2016-05-23,1251936,0.033955409861206966,0.03626063952150909,0.0023052296603021244,4032,1146,1204583,2171,119,0,0,1146,41364,0,0,0,329,1861,363,0,0,0,0,0,0,0,0,0,0,0,0
M4,2016-05-23__bonirob_2016-05-23-11-12-51_7_frame43,2016-05-23,1251936,0.052108893745367174,0.05358420877744549,0.001475315032078317,2681,834,1181727,2681,657,0,0,834,64403,0,0,0,339,0,1295,0,0,0,0,0,0,0,0,0,0,0,0
M4,2016-05-23__bonirob_2016-05-23-11-12-51_7_frame64,2016-05-23,1251936,0.1060876913835851,0.10688725302251872,0.0007995616389336185,2969,1968,1110657,2969,136,0,534,1968,130847,0,0,0,1990,0,792,0,2043,0,0,0,0,0,0,0,0,0,0
M4,2016-05-23__bonirob_2016-05-23-11-12-51_7_frame71,2016-05-23,1251936,0.08259367891010404,0.08409455435421619,0.0015008754441121486,3286,1407,1140542,3286,1067,0,0,1407,101995,0,0,0,1208,0,2431,0,0,0,0,0,0,0,0,0,0,0,0
M4,2016-05-23__bonirob_2016-05-23-11-12-51_7_frame75,2016-05-23,1251936,0.002832413158500115,0.0027189888300999413,-0.0001134243284001738,441,583,1240596,441,559,0,0,583,2963,0,0,0,4613,0,2181,0,0,0,0,0,0,0,0,0,0,0,0
M4,2016-05-23__bonirob_2016-05-23-11-12-51_7_frame77,2016-05-23,1251936,0.008353462157809985,0.008526793701914476,0.00017333154410449116,645,428,1232569,645,891,0,0,428,10030,0,0,0,2133,0,5240,0,0,0,0,0,0,0,0,0,0,0,0
M4,2016-05-23__bonirob_2016-05-23-11-12-51_7_frame87,2016-05-23,1251936,0.03103034020908417,0.03088576412851775,-0.00014457608056641855,829,1010,1205303,829,40,0,359,1010,37838,0,0,0,2749,0,1218,0,2590,0,0,0,0,0,0,0,0,0,0
M4,2016-05-23__bonirob_2016-05-23-11-12-51_7_frame93,2016-05-23,1251936,0.03674628735015208,0.03593873808245789,-0.0008075492676941909,1023,2034,1196770,1023,6,0,955,2034,43970,0,0,0,2390,0,7,0,4781,0,0,0,0,0,0,0,0,0,0
M4,2016-05-23__bonirob_2016-05-23-11-12-51_7_frame95,2016-05-23,1251936,0.030527119597167907,0.030618977327914527,9.185773074662021e-05,1439,1324,1197090,1439,627,0,0,1324,36894,0,0,0,5019,0,9543,0,0,0,0,0,0,0,0,0,0,0,0
M4,2016-05-23__bonirob_2016-05-23-11-12-51_7_frame96,2016-05-23,1251936,0.014365750325895254,0.014527100426858881,0.00016135010096362742,650,448,1231235,650,136,0,0,448,17537,0,0,0,1718,0,212,0,0,0,0,0,0,0,0,0,0,0,0
M4,2016-05-23__bonirob_2016-05-23-11-12-51_7_frame97,2016-05-23,1251936,0.031170123712394245,0.03164858267515273,0.0004784589627584816,1245,646,1209835,1245,27,0,0,646,38377,0,0,0,1441,0,365,0,0,0,0,0,0,0,0,0,0,0,0
M4,2016-05-23__bonirob_2016-05-23-11-12-51_7_frame101,2016-05-23,1251936,0.039016371443907676,0.03889655701249904,-0.00011981443140863385,1464,1614,1199502,1464,182,0,0,1614,47232,0,0,0,544,0,1398,0,0,0,0,0,0,0,0,0,0,0,0
M4,2016-05-23__bonirob_2016-05-23-11-12-51_7_frame107,2016-05-23,1251936,0.027384786442757457,0.027717071799197402,0.00033228535643994514,1822,1406,1213366,1794,246,0,0,1406,32878,0,0,0,1964,28,254,0,0,0,0,0,0,0,0,0,0,0,0
M4,2016-05-23__bonirob_2016-05-23-11-12-51_7_frame109,2016-05-23,1251936,0.0334577805894231,0.03459122511054878,0.0011334445211256816,1923,504,1204336,1898,469,0,0,504,41383,0,0,0,1645,25,1676,0,0,0,0,0,0,0,0,0,0,0,0
M4,2016-05-23__bonirob_2016-05-23-11-12-51_7_frame111,2016-05-23,1251936,0.03649387828131789,0.03718720445773586,0.0006933261764179646,1649,781,1201642,1203,172,0,0,781,44907,0,0,0,2161,446,624,0,0,0,0,0,0,0,0,0,0,0,0
M4,2016-05-23__bonirob_2016-05-23-11-12-51_7_frame116,2016-05-23,1251936,0.03902675536129643,0.03991817473097666,0.0008914193696802353,2191,1075,1197657,2191,4,0,0,1075,47784,0,0,0,3206,0,19,0,0,0,0,0,0,0,0,0,0,0,0
M4,2016-05-23__bonirob_2016-05-23-11-12-51_7_frame119,2016-05-23,1251936,0.013106101270352478,0.013667631572220944,0.0005615303018684653,1127,424,1231493,849,49,0,0,424,15984,0,0,0,2667,278,192,0,0,0,0,0,0,0,0,0,0,0,0
M4,2016-05-23__bonirob_2016-05-23-11-12-51_7_frame137,2016-05-23,1251936,0.0018523311095774864,0.00024522020294967154,-0.0016071109066278148,0,2012,1249171,0,205,0,0,609,307,1403,0,0,241,0,0,0,0,0,0,0,0,0,0,0,0,0,0
M4,2016-05-23__bonirob_2016-05-23-11-12-51_7_frame190,2016-05-23,1251936,0.03310312987245354,0.03302724739922808,-7.58824732254651e-05,1759,1854,1205215,1759,184,0,0,1854,39589,0,0,0,2135,0,1200,0,0,0,0,0,0,0,0,0,0,0,0
M5,2016-05-23__bonirob_2016-05-23-10-37-10_0_frame23,2016-05-23,1251936,0.05600685658052808,0.06096717404084554,0.0049603174603174635,10106,3896,1061543,6000,2561,0,6398,2464,66221,9,0,1423,0,0,0,0,0,10846,164,2096,0,103,41293,3942,8770,0,38103
M5,2016-05-23__bonirob_2016-05-23-10-37-10_0_frame28,2016-05-23,1251936,0.04947377501725328,0.048797222861232524,-0.0006765521560207557,4613,5460,1148015,4610,714,0,5298,5454,56478,6,0,0,0,0,0,0,0,0,0,0,0,0,18301,3,553,0,12504
M5,2016-05-23__bonirob_2016-05-23-10-37-10_0_frame30,2016-05-23,1251936,0.011623597372389643,0.011430296756383712,-0.0001933006160059307,1940,2182,1223987,1906,410,0,124,2182,12370,0,0,0,0,0,0,0,0,0,0,0,0,0,9475,34,688,0,760
M5,2016-05-23__bonirob_2016-05-23-10-37-10_0_frame31,2016-05-23,1251936,0.018276493367073078,0.018700636454259643,0.00042414308718656535,2390,1859,1202979,2253,762,0,111,1837,21022,21,0,1,0,0,0,0,0,236,0,22,0,0,17473,137,3857,0,1225
M5,2016-05-23__bonirob_2016-05-23-10-37-10_0_frame35,2016-05-23,1251936,0.02303552258262403,0.0287786276614779,0.00574310507885387,8867,1677,1193604,2818,372,0,770,1677,27162,0,0,0,0,0,0,0,0,0,0,0,0,0,13757,6049,1535,0,4192
M5,2016-05-23__bonirob_2016-05-23-10-37-10_0_frame44,2016-05-23,1251936,0.02813322725762339,0.03307517317179153,0.00494194591416814,6906,719,1089386,5849,947,0,20012,563,34502,0,0,156,0,0,0,0,0,1986,0,1049,0,997,20079,1057,925,0,74428
M5,2016-05-23__bonirob_2016-05-23-10-37-10_0_frame47,2016-05-23,1251936,0.02487667101193671,0.025919855328067887,0.0010431843161311759,3356,2050,1193223,3347,763,0,1503,1903,29094,0,0,147,0,0,0,0,0,216,0,0,0,0,12615,9,1185,0,7931
M5,2016-05-23__bonirob_2016-05-23-10-37-10_0_frame50,2016-05-23,1251936,0.004718292308872019,0.0038492382997213914,-0.0008690540091506275,111,1199,1244729,111,534,0,0,1199,4708,0,0,0,0,0,0,0,0,0,0,0,0,0,644,0,11,0,0
M5,2016-05-23__bonirob_2016-05-23-10-37-10_0_frame52,2016-05-23,1251936,0.022215991871788972,0.021477934974311785,-0.0007380568974771871,1736,2660,1221140,1736,378,0,0,2660,25153,0,0,0,0,0,0,0,0,500,0,369,0,0,0,0,0,0,0
M5,2016-05-23__bonirob_2016-05-23-10-37-10_0_frame55,2016-05-23,1251936,0.014465595685402448,0.01329860312348235,-0.0011669925619200976,661,2122,1232270,661,85,0,0,2122,15988,0,0,0,0,0,0,0,0,0,0,0,0,0,517,0,293,0,0
M5,2016-05-23__bonirob_2016-05-23-10-37-10_0_frame60,2016-05-23,1251936,0.026052449965493444,0.026794500677350917,0.0007420507118574733,2633,1704,1209740,2228,611,0,171,1704,30912,0,0,0,0,0,0,0,0,1013,0,248,0,0,2938,405,1854,0,112
M5,2016-05-23__bonirob_2016-05-23-10-37-10_0_frame93,2016-05-23,1251936,0.001304379776601999,0.0011701876134243283,-0.00013419216317767059,82,250,1231680,82,416,0,1701,250,1383,0,0,0,0,0,0,0,0,4001,0,1263,0,29,7684,0,162,0,3285
M5,2016-05-23__bonirob_2016-05-23-10-37-10_0_frame96,2016-05-23,1251936,0.006273483628556092,0.007172890626996907,0.0008994069984408146,1679,553,1213853,950,349,0,2487,553,7301,0,0,0,0,0,0,0,0,3327,0,1189,0,594,10422,729,821,0,9361
M5,2016-05-23__bonirob_2016-05-23-10-37-10_0_frame97,2016-05-23,1251936,0.0017772473992280755,0.001563178948444649,-0.00021406845078342663,87,355,1204907,87,915,0,3004,355,1870,0,0,0,0,0,0,0,0,3740,0,1076,0,1269,17121,0,1087,0,16505
M5,2016-05-23__bonirob_2016-05-23-10-37-10_0_frame102,2016-05-23,1251936,0.029696406206068043,0.030779528666002098,0.001083122459934055,2773,1417,1167777,2122,3002,241,1178,1417,35761,0,0,0,0,0,0,0,0,15299,651,12436,4275,387,3915,0,187,3,3285
M5,2016-05-23__bonirob_2016-05-23-10-37-10_0_frame103,2016-05-23,1251936,0.01924858778723513,0.01973423561587813,0.0004856478286430002,3014,2406,1181869,2223,463,0,6626,1788,21692,618,0,0,0,0,0,0,0,2333,0,551,0,1487,15962,791,713,0,14820
M5,2016-05-23__bonirob_2016-05-23-10-37-10_0_frame113,2016-05-23,1251936,0.014313830738951512,0.013448770544181173,-0.0008650601947703396,1467,2550,1205745,1458,1437,0,1853,2525,15370,0,0,25,0,0,0,0,0,5507,9,2873,0,123,10091,0,466,0,4454
M5,2016-05-23__bonirob_2016-05-23-10-37-10_0_frame114,2016-05-23,1251936,0.012049337985328323,0.012537382102599495,0.0004880441172711719,2694,2083,1204148,1777,1675,0,4543,1746,13002,337,0,0,0,0,0,0,0,5225,917,1197,0,197,9351,0,1959,0,5862
M5,2016-05-23__bonirob_2016-05-23-10-37-10_0_frame117,2016-05-23,1251936,0.0008506824630013036,0.003943492319096184,0.0030928098560948805,4193,321,1219205,1273,2526,0,1263,321,744,0,0,0,0,0,0,0,0,1747,2920,684,0,0,15472,0,3294,0,2487
M5,2016-05-23__bonirob_2016-05-23-10-37-10_0_frame125,2016-05-23,1251936,0.023097027324080463,0.02511310482324975,0.0020160774991692873,3532,1008,1165917,3375,148,0,7264,765,27908,0,0,243,0,0,0,0,0,3335,0,165,0,119,19774,157,1032,0,21734
M5,2016-05-23__bonirob_2016-05-23-10-37-10_0_frame128,2016-05-23,1251936,0.023093832272576234,0.02448447843979245,0.0013906461672162154,3318,1577,1163100,2515,638,27,4556,1577,27335,0,0,0,0,0,0,0,0,2595,0,754,64,943,30066,803,65,0,16898
M5,2016-05-23__bonirob_2016-05-23-10-37-10_0_frame132,2016-05-23,1251936,0.04296625386601232,0.04418836106638039,0.0012221072003680694,2792,1262,1178313,2792,2653,0,445,1262,52529,0,0,0,0,0,0,0,0,2258,0,405,0,65,3620,0,6318,0,1276
M5,2016-05-23__bonirob_2016-05-23-10-37-10_0_frame139,2016-05-23,1251936,0.02433590854484574,0.025397464407126244,0.0010615558622805027,2690,1361,1191850,2670,744,0,2402,1361,29106,0,0,0,0,0,0,0,0,4939,20,1408,0,1540,7854,0,1039,0,7003
M5,2016-05-23__bonirob_2016-05-23-10-37-10_0_frame143,2016-05-23,1251936,0.04456777343250773,0.046650148250389795,0.0020823748178820656,4272,1665,1172455,4272,1465,0,1206,1665,54131,0,0,0,0,0,0,0,0,2647,0,2428,0,54,7665,0,1461,0,2487
M5,2016-05-23__bonirob_2016-05-23-10-37-10_0_frame145,2016-05-23,1251936,0.019604037267080744,0.0207981877667868,0.0011941504997060558,2689,1194,1195589,2528,133,0,3121,1194,23349,0,0,0,0,0,0,0,0,675,46,94,0,127,11558,115,1812,0,11595
M5,2016-05-23__bonirob_2016-05-23-10-37-10_0_frame150,2016-05-23,1251936,0.06277956700662014,0.06474691997034993,0.001967352963729782,5517,3054,1155908,4849,980,0,153,3054,75542,0,0,0,0,0,0,0,0,3659,668,600,0,49,2816,0,2502,0,1156
M5,2016-05-23__bonirob_2016-05-23-10-37-10_0_frame151,2016-05-23,1251936,0.06416302430795184,0.06616632160110421,0.0020032972931523646,5830,3322,1154785,5830,275,0,690,3322,77006,0,0,0,0,0,0,0,0,3871,0,637,0,378,3737,0,34,0,1371
M5,2016-05-23__bonirob_2016-05-23-10-37-10_0_frame152,2016-05-23,1251936,0.056748907292385554,0.05867552334943639,0.0019266160570508353,5551,3139,1169149,5541,94,0,250,3139,67907,0,0,0,0,0,0,0,0,0,0,0,0,0,3150,10,1387,0,1309
M5,2016-05-23__bonirob_2016-05-23-10-37-10_0_frame156,2016-05-23,1251936,0.028161982721161466,0.027454278812974464,-0.0007077039081870018,2092,2978,1204652,2092,537,0,1269,2978,32279,0,0,0,0,0,0,0,0,1747,0,581,9,7,3782,0,449,0,1554
M5,2016-05-23__bonirob_2016-05-23-10-37-10_0_frame161,2016-05-23,1251936,0.010181830381105744,0.009871111622319352,-0.0003107187587863911,1024,1413,1202104,1024,13,0,4590,1413,11334,0,0,0,0,0,0,0,0,761,0,117,0,0,13611,0,0,0,16969
M5,2016-05-23__bonirob_2016-05-23-10-37-10_0_frame169,2016-05-23,1251936,0.05118792014927281,0.05420804258364645,0.0030201224343736413,5168,1387,1153925,5168,1096,0,3162,1387,62697,0,0,0,0,0,0,0,0,1586,0,556,0,5,13052,0,929,0,8373
M5,2016-05-23__bonirob_2016-05-23-10-37-10_0_frame180,2016-05-23,1251936,0.07668443115303018,0.08222784551286967,0.005543414359839488,9292,2352,1119376,8821,2300,0,2197,2352,93652,0,0,0,0,0,0,0,0,2161,341,1109,0,1063,6908,130,5284,0,6242
M5,2016-05-23__bonirob_2016-05-23-10-37-10_0_frame182,2016-05-23,1251936,0.03931111494517291,0.04934437543133195,0.010033260486159039,13821,1260,1109787,5557,853,151,5477,1253,47955,0,0,7,0,0,0,0,0,5150,7430,12864,4325,15545,13361,834,3216,1,18170
M5,2016-05-23__bonirob_2016-05-23-10-37-10_0_frame197,2016-05-23,1251936,0.0,0.0009281624619788871,0.0009281624619788871,1162,0,1246386,110,289,0,65,0,0,0,0,0,0,0,0,0,0,1863,1052,429,0,0,1052,0,630,0,60
M5,2016-05-23__bonirob_2016-05-23-10-37-10_0_frame205,2016-05-23,1251936,0.03353765687702886,0.034642345934616466,0.0011046890575876073,3713,2330,1182696,3705,867,5,3206,2321,39657,1,0,8,0,0,0,0,0,383,0,145,9,63,8744,8,2763,0,7355
M5,2016-05-23__bonirob_2016-05-23-10-37-10_0_frame209,2016-05-23,1251936,0.05423759681006058,0.057487762952738795,0.0032501661426782152,5352,1283,1163529,5183,850,0,736,1283,66619,0,0,0,0,0,0,0,0,538,169,167,0,95,5427,0,4496,0,2844
M5,2016-05-23__bonirob_2016-05-23-10-37-10_0_frame210,2016-05-23,1251936,0.03593953684533395,0.059217883342279475,0.023278346496945525,30576,1433,1147116,11712,767,0,1738,1433,43561,0,0,0,0,0,0,0,0,1884,1706,171,0,920,8258,17158,5681,0,9831
M5,2016-05-23__bonirob_2016-05-23-10-37-10_0_frame214,2016-05-23,1251936,0.012057325614088898,0.012086081077626971,2.875546353807261e-05,840,804,1226833,727,715,0,93,804,14291,0,0,0,0,0,0,0,0,5199,113,1397,0,0,895,0,465,0,404
M5,2016-05-23__bonirob_2016-05-23-10-37-10_0_frame215,2016-05-23,1251936,0.020675977046749994,0.020489865296628582,-0.00018611175012141212,1663,1896,1216726,1663,1512,0,0,1896,23989,0,0,0,0,0,0,0,0,2332,0,593,0,0,1549,0,1676,0,0
M5,2016-05-23__bonirob_2016-05-23-10-37-10_0_frame220,2016-05-23,1251936,0.03284512946348695,0.03434440738184699,0.001499277918360041,2958,1081,1200079,2425,751,1,246,1081,40039,0,0,0,0,0,0,0,0,800,533,164,2,0,3689,0,1991,0,135
M5,2016-05-23__bonirob_2016-05-23-10-37-10_0_frame223,2016-05-23,1251936,0.07636891981698744,0.07986670245124351,0.003497782634256069,7743,3364,1146894,6958,111,0,0,3364,92245,0,0,0,0,0,0,0,0,989,785,590,0,0,0,0,0,0,0
M5,2016-05-23__bonirob_2016-05-23-10-37-10_0_frame232,2016-05-23,1251936,0.06822313600695243,0.0699572502108734,0.0017341142039209723,5741,3570,1154449,5601,937,0,0,3570,81841,0,0,0,0,0,0,0,0,1723,140,1170,0,0,949,0,1556,0,0
M5,2016-05-23__bonirob_2016-05-23-10-37-10_0_frame234,2016-05-23,1251936,0.06772950054954886,0.07143336400582777,0.0037038634562789052,7584,2947,1140409,7550,3230,0,700,2947,81846,0,0,0,0,0,0,0,0,3681,34,431,0,471,4110,0,5304,0,1223
M5,2016-05-23__bonirob_2016-05-23-10-37-10_0_frame239,2016-05-23,1251936,0.01315163075428776,0.017771675229404697,0.004620044475116937,7078,1294,1225336,1503,308,0,0,1294,15171,0,0,0,0,0,0,0,0,2398,5575,351,0,0,0,0,0,0,0
M5,2016-05-23__bonirob_2016-05-23-10-37-10_0_frame242,2016-05-23,1251936,0.037803050635176236,0.03815690258926974,0.0003538519540935009,1948,1505,1197396,1856,799,0,0,1505,45822,0,0,0,0,0,0,0,0,2902,92,1564,0,0,0,0,0,0,0
M5,2016-05-23__bonirob_2016-05-23-10-37-10_0_frame246,2016-05-23,1251936,0.09077061447230529,0.09650972573677888,0.005739111264473587,9909,2724,1124858,8493,152,0,0,2724,110915,0,0,0,0,0,0,0,0,2489,0,207,0,0,528,1416,154,0,0
M5,2016-05-23__bonirob_2016-05-23-10-37-10_0_frame253,2016-05-23,1251936,0.050581659126345116,0.05220554405337014,0.0016238849270250252,4177,2144,1178641,3877,1171,0,196,2144,61181,0,0,0,0,0,0,0,0,2283,300,515,0,6,721,0,706,0,195
M5,2016-05-23__bonirob_2016-05-23-10-37-10_0_frame256,2016-05-23,1251936,0.08441326074176315,0.09065719014390512,0.006243929402141968,9865,2048,1123537,9865,1658,0,555,2048,103632,0,0,0,0,0,0,0,0,1484,0,198,0,316,4572,0,3235,0,836
M5,2016-05-23__bonirob_2016-05-23-10-37-10_0_frame257,2016-05-23,1251936,0.05492213659484191,0.056879904404059,0.0019577678092170883,4520,2069,1172717,4520,1031,0,179,2069,66690,0,0,0,0,0,0,0,0,1276,0,844,0,0,1673,0,452,0,485
M5,2016-05-23__bonirob_2016-05-23-10-37-10_0_frame258,2016-05-23,1251936,0.053157669401630754,0.05681600337397439,0.003658333972343636,6252,1672,1173888,6031,447,0,0,1672,64878,0,0,0,0,0,0,0,0,2639,221,1509,0,0,609,0,42,0,0
M5,2016-05-23__bonirob_2016-05-23-10-37-10_0_frame261,2016-05-23,1251936,0.07521950003834062,0.07995376760473379,0.004734267566393169,8163,2236,1145422,7934,926,0,0,2236,91934,0,0,0,0,0,0,0,0,1700,229,1555,0,0,0,0,0,0,0
M5,2016-05-23__bonirob_2016-05-23-10-37-10_0_frame269,2016-05-23,1251936,0.05744782480893592,0.058284129540168185,0.0008363047312322652,3947,2900,1170600,3947,707,0,0,2900,69021,0,0,0,0,0,0,0,0,2497,0,1662,0,0,551,0,51,0,0
M5,2016-05-23__bonirob_2016-05-23-10-37-10_0_frame276,2016-05-23,1251936,0.07116657720522455,0.0734055095468139,0.002238932341589339,5336,2533,1154082,5212,570,0,32,2533,86563,0,0,0,0,0,0,0,0,1775,124,666,0,0,245,0,69,0,65
M5,2016-05-23__bonirob_2016-05-23-10-37-10_0_frame283,2016-05-23,1251936,0.05168794570968484,0.06300801318917261,0.011320067479487772,16566,2394,1138751,9337,14503,0,308,2394,62316,0,0,0,0,0,0,0,0,8433,6340,7331,2,175,1156,889,0,0,1
M5,2016-05-23__bonirob_2016-05-23-10-37-10_0_frame288,2016-05-23,1251936,0.038601813511233804,0.040449352043554945,0.0018475385323211413,4594,2281,1195034,4594,648,0,67,2281,46046,0,0,0,0,0,0,0,0,998,0,358,0,0,774,0,1082,0,54
M5,2016-05-23__bonirob_2016-05-23-10-37-10_0_frame301,2016-05-23,1251936,0.018877961812744423,0.019369200981519823,0.0004912391687754009,2565,1950,1174039,2233,312,0,7766,1950,21684,0,0,0,0,0,0,0,0,1783,0,44,0,667,15683,332,935,0,24508
M5,2016-05-23__bonirob_2016-05-23-10-37-10_0_frame304,2016-05-23,1251936,0.02194601001968152,0.0217806661043376,-0.00016534391534391707,1943,2150,1221411,1943,136,0,0,1986,25325,164,0,0,0,0,0,0,0,647,0,324,0,0,0,0,0,0,0
M5,2016-05-23__bonirob_2016-05-23-10-42-16_1_frame1,2016-05-23,1251936,0.07258438131022672,0.0762115635304041,0.003627182220177383,6061,1520,1086568,5391,6,0,3550,1520,89351,0,0,0,0,0,0,0,0,0,0,0,0,0,20612,670,262,0,44006
M5,2016-05-23__bonirob_2016-05-23-10-42-16_1_frame17,2016-05-23,1251936,0.06228673031209263,0.06947959001099098,0.007192859698898352,9659,654,1146856,3697,412,2,181,654,77325,0,0,0,0,0,0,0,0,0,0,0,0,0,4428,5962,7469,3,4947
M5,2016-05-23__bonirob_2016-05-23-10-42-16_1_frame21,2016-05-23,1251936,0.04761505380466733,0.04225615366919715,-0.0053589001354701835,927,7636,1191239,927,159,0,0,5072,51975,2564,0,0,0,0,0,0,0,0,0,0,0,0,0,0,0,0,0
M5,2016-05-23__bonirob_2016-05-23-10-42-16_1_frame27,2016-05-23,1251936,0.07143176648007565,0.07235433760192214,0.0009225711218464883,2814,1659,1152691,2737,850,0,0,1659,87769,0,0,0,0,0,0,0,0,0,0,0,0,0,2417,77,3413,0,323
M5,2016-05-23__bonirob_2016-05-23-10-42-16_1_frame28,2016-05-23,1251936,0.06659925107992741,0.06606727500447307,-0.0005319760754543407,1761,2427,1162625,1761,194,0,0,2231,80951,196,0,0,1858,0,2120,0,0,0,0,0,0,0,0,0,0,0,0
M5,2016-05-23__bonirob_2016-05-23-10-42-16_1_frame30,2016-05-23,1251936,0.08099455563223679,0.08446597909158296,0.0034714234593461735,5183,837,1132348,4353,173,0,491,837,100563,0,0,0,0,0,0,0,0,0,0,0,0,0,5546,830,2706,0,4089
M5,2016-05-23__bonirob_2016-05-23-10-42-16_1_frame39,2016-05-23,1251936,0.0417281714081231,0.04168184316131176,-4.632824681134046e-05,1412,1470,1181061,1412,486,0,774,1439,50771,20,0,11,0,0,0,0,0,0,0,0,0,0,6167,0,3460,0,6335
M5,2016-05-23__bonirob_2016-05-23-10-42-16_1_frame48,2016-05-23,1251936,0.060513476727244844,0.06228912660072081,0.0017756498734759624,3331,1108,1153882,3331,719,0,593,1108,74651,0,0,0,0,0,0,0,0,0,0,0,0,0,6292,0,5502,0,5858
M5,2016-05-23__bonirob_2016-05-23-10-42-16_1_frame49,2016-05-23,1251936,0.051084080975385325,0.05114558571684175,6.150474145642792e-05,3066,2989,1182358,2646,299,0,0,1920,60965,1069,0,0,1406,420,836,0,17,0,0,0,0,0,0,0,0,0,0
M5,2016-05-23__bonirob_2016-05-23-10-42-16_1_frame53,2016-05-23,1251936,0.0,0.35193891700534213,0.35193891700534213,440605,0,696346,40113,10178,140,460,0,0,0,0,0,6672,400492,77618,537,19380,0,0,0,0,0,0,0,0,0,0
M5,2016-05-23__bonirob_2016-05-23-10-42-16_1_frame54,2016-05-23,1251936,0.027587672213276078,0.3088656289139381,0.281277956700662,352175,33,743772,26849,4060,142,1938,33,34505,0,0,0,19633,325326,88793,874,6011,0,0,0,0,0,0,0,0,0,0
M5,2016-05-23__bonirob_2016-05-23-10-42-16_1_frame58,2016-05-23,1251936,0.06889409682284078,0.07210512358459219,0.0032110267617514038,4643,623,1146000,4643,1157,0,117,623,85628,0,0,0,0,0,0,0,0,0,0,0,0,0,3554,0,9337,0,877
M5,2016-05-23__bonirob_2016-05-23-10-42-16_1_frame62,2016-05-23,1251936,0.022053843007949287,0.021154436009508473,-0.0008994069984408146,702,1828,1205363,415,770,5,181,1828,25782,0,0,0,0,0,0,0,0,0,0,0,0,0,5457,287,9415,34,2399
M5,2016-05-23__bonirob_2016-05-23-10-42-16_1_frame66,2016-05-23,1251936,0.06108778723513023,0.059694744779285845,-0.0013930424558443871,789,2533,1172439,789,135,0,0,2533,73945,0,0,0,1267,0,828,0,0,0,0,0,0,0,0,0,0,0,0
M5,2016-05-23__bonirob_2016-05-23-10-42-16_1_frame69,2016-05-23,1251936,0.0,0.10701904889706822,0.10701904889706822,133981,0,1083825,7931,834,82,1208,0,0,0,0,0,0,0,0,0,0,0,0,0,0,0,10862,126050,4335,142,16667
M5,2016-05-23__bonirob_2016-05-23-10-42-16_1_frame79,2016-05-23,1251936,0.07098925184673976,0.07379211077882575,0.002802858932085983,5583,2074,1143030,5457,683,0,676,1960,86800,114,0,0,0,0,0,0,0,0,0,0,0,0,4725,126,5148,0,3217
M5,2016-05-23__bonirob_2016-05-23-10-42-16_1_frame81,2016-05-23,1251936,0.09532436162870946,0.09860727704930604,0.0032829154205965827,7419,3309,1116485,6938,926,0,80,1185,116031,1967,0,157,0,0,0,0,0,0,0,0,0,0,2547,481,4411,0,728
M5,2016-05-23__bonirob_2016-05-23-10-42-16_1_frame83,2016-05-23,1251936,0.0,0.12323313651816067,0.12323313651816067,154280,0,1079792,8684,446,0,747,0,0,0,0,0,0,0,0,0,0,0,0,0,0,0,5019,145596,3614,0,8038
M5,2016-05-23__bonirob_2016-05-23-10-42-16_1_frame88,2016-05-23,1251936,0.13025106714720242,0.13181184980701888,0.001560782659816462,4407,2453,1083623,4390,49,0,0,2453,160613,0,0,0,557,17,234,0,0,0,0,0,0,0,0,0,0,0,0
M5,2016-05-23__bonirob_2016-05-23-10-42-16_1_frame89,2016-05-23,1251936,0.09577007131354957,0.10010016486465761,0.004330093551108041,5908,487,1107377,5897,265,0,1624,487,119411,0,0,0,0,0,0,0,0,0,0,0,0,0,4848,11,2403,0,9613
M5,2016-05-23__bonirob_2016-05-23-10-42-16_1_frame94,2016-05-23,1251936,0.12082247015821895,0.13173676609666948,0.01091429593845053,13900,236,1067480,11387,1278,0,1459,236,151026,0,0,0,0,0,0,0,0,0,0,0,0,0,4858,2513,7091,0,4608
M5,2016-05-23__bonirob_2016-05-23-10-42-16_1_frame96,2016-05-23,1251936,0.09648815913912533,0.09898908570406155,0.0025009265649362233,3491,360,1120636,3491,1456,0,119,360,120437,0,0,0,0,0,0,0,0,0,0,0,0,0,1200,0,4083,0,154
M5,2016-05-23__bonirob_2016-05-23-10-42-16_1_frame104,2016-05-23,1251936,0.1289658576796258,0.13496456687881808,0.0059987091991922925,8154,644,1076382,8154,1831,0,19,644,160813,0,0,0,0,0,0,0,0,0,0,0,0,0,756,0,3134,0,203
M5,2016-05-23__bonirob_2016-05-23-10-42-16_1_frame111,2016-05-23,1251936,0.05584390895381233,0.05713790481302559,0.0012939958592132553,3011,1391,1165817,2140,942,0,249,1391,68522,0,0,0,0,0,0,0,0,0,0,0,0,0,5072,871,4290,3,2639
M5,2016-05-23__bonirob_2016-05-23-10-42-16_1_frame117,2016-05-23,1251936,0.07738494619533266,0.0787092950438361,0.0013243488485034371,4416,2758,1132274,4351,2796,0,272,2758,94123,0,0,0,0,0,0,0,0,0,0,0,0,0,3851,65,10792,2,652
M5,2016-05-23__bonirob_2016-05-23-10-42-16_1_frame124,2016-05-23,1251936,0.10190297267591954,0.10478171408123099,0.002878741405311455,5167,1563,1113869,5045,707,0,0,1563,126013,0,0,0,1399,122,3218,0,0,0,0,0,0,0,0,0,0,0,0
M5,2016-05-23__bonirob_2016-05-23-10-42-16_1_frame125,2016-05-23,1251936,0.0,0.14351612222989035,0.14351612222989035,179673,0,1059944,14933,1721,0,74,0,0,0,0,0,0,0,0,0,0,0,0,0,0,0,2947,164740,6019,1,1557
M5,2016-05-23__bonirob_2016-05-23-10-42-16_1_frame126,2016-05-23,1251936,0.10595988932341589,0.11195380594535184,0.005993916621935949,10809,3305,1101809,8689,1566,0,33,1478,129350,1772,0,55,0,0,0,0,0,0,0,0,0,0,2225,2120,2648,0,191
M5,2016-05-23__bonirob_2016-05-23-10-42-16_1_frame132,2016-05-23,1251936,0.06132422104644327,0.06175076042225801,0.00042653937581473705,1833,1299,1163094,1833,979,0,0,1299,75475,0,0,0,2684,0,6572,0,0,0,0,0,0,0,0,0,0,0,0
M5,2016-05-23__bonirob_2016-05-23-10-42-16_1_frame135,2016-05-23,1251936,0.10391425759783247,0.10953035937939319,0.005616101781560717,9790,2759,1105525,9790,652,0,55,2418,127335,338,0,3,0,0,0,0,0,0,0,0,0,0,1969,0,3665,0,186
M5,2016-05-23__bonirob_2016-05-23-10-42-16_1_frame137,2016-05-23,1251936,0.10763649260026072,0.11046730823300871,0.0028308156327479933,5517,1973,1109530,5517,203,0,0,1973,132781,0,0,0,1160,0,772,0,0,0,0,0,0,0,0,0,0,0,0
M5,2016-05-23__bonirob_2016-05-23-10-42-16_1_frame138,2016-05-23,1251936,0.10651822457378013,0.11464084426040948,0.008122619686629348,10636,467,1093089,6838,1327,0,418,467,132887,0,0,0,0,0,0,0,0,0,0,0,0,0,2606,3798,4860,0,5646
M5,2016-05-23__bonirob_2016-05-23-10-42-16_1_frame139,2016-05-23,1251936,0.05465055721698234,0.05960608210004345,0.004955524883061113,7187,983,1172148,3653,538,0,0,983,67436,0,0,0,0,0,0,0,0,0,0,0,0,0,1400,3534,2244,0,0
M5,2016-05-23__bonirob_2016-05-23-10-42-16_1_frame140,2016-05-23,1251936,0.10496622830560029,0.1120824067683971,0.0071161784627968155,9331,422,1106098,7805,485,0,93,422,130989,0,0,0,0,0,0,0,0,0,0,0,0,0,1601,1526,2554,0,363
M5,2016-05-23__bonirob_2016-05-23-10-42-16_1_frame150,2016-05-23,1251936,0.04495437466451959,0.04703754824527771,0.002083173580758123,3008,400,1153914,2842,673,0,1932,400,55880,0,0,0,10641,166,5710,0,19778,0,0,0,0,0,0,0,0,0,0
M5,2016-05-23__bonirob_2016-05-23-10-42-16_1_frame154,2016-05-23,1251936,0.09725736778876876,0.09849944406103826,0.0012420762722695072,3213,1658,1124514,3213,459,0,0,1658,120102,0,0,0,369,0,1621,0,0,0,0,0,0,0,0,0,0,0,0
M5,2016-05-23__bonirob_2016-05-23-10-42-16_1_frame155,2016-05-23,1251936,0.12070185696393426,0.12718062265163715,0.006478765687702892,8951,840,1086821,8269,900,0,0,840,150271,0,0,0,1069,682,3084,0,0,0,0,0,0,0,0,0,0,0,0
M5,2016-05-23__bonirob_2016-05-23-10-42-16_1_frame158,2016-05-23,1251936,0.1013765879405976,0.10784257342228357,0.006465985481685962,8756,661,1108825,5366,883,0,22,661,126256,0,0,0,0,0,0,0,0,0,0,0,0,0,1627,3390,4784,0,122
M5,2016-05-23__bonirob_2016-05-23-10-42-16_1_frame160,2016-05-23,1251936,0.09297520001022416,0.09632760780103776,0.003352407790813597,5186,989,1120230,4683,1053,0,0,989,115410,0,0,0,0,0,0,0,0,0,0,0,0,0,2973,503,6095,0,0
M5,2016-05-23__bonirob_2016-05-23-10-42-16_1_frame164,2016-05-23,1251936,0.11251214119571608,0.11785746236229327,0.005345321166577197,7438,746,1097015,6366,877,0,0,746,140112,0,0,0,1725,1072,4023,0,0,0,0,0,0,0,0,0,0,0,0
M5,2016-05-23__bonirob_2016-05-23-10-42-16_1_frame180,2016-05-23,1251936,0.0,0.1083649643432252,0.1083649643432252,135666,0,1098569,10490,903,0,971,0,0,0,0,0,0,0,0,0,0,0,0,0,0,0,6388,125176,3546,0,5893
M5,2016-05-23__bonirob_2016-05-23-10-42-16_1_frame185,2016-05-23,1251936,0.13341017432201008,0.14060862536104082,0.0071984510390307455,9738,726,1061772,9117,2103,0,0,599,166295,127,0,0,2338,621,8964,0,0,0,0,0,0,0,0,0,0,0,0
M5,2016-05-23__bonirob_2016-05-23-10-42-16_1_frame187,2016-05-23,1251936,0.1281806737724612,0.13828901796896967,0.010108344196508467,13028,373,1042802,12283,1274,0,2883,373,160101,0,0,0,0,0,0,0,0,0,0,0,0,0,7271,745,4793,0,19411
M5,2016-05-23__bonirob_2016-05-23-10-42-16_1_frame189,2016-05-23,1251936,0.09610315543286557,0.10657413797510416,0.010470982542238591,13906,797,1099032,13858,1574,0,565,675,119518,122,0,0,0,0,0,0,0,0,0,0,0,0,4751,48,7398,0,4395
M5,2016-05-23__bonirob_2016-05-23-10-42-16_1_frame193,2016-05-23,1251936,0.04533139074201876,0.045554245584438824,0.00022285484242006576,2125,1846,1177157,1487,743,0,153,1846,54906,0,0,0,0,0,0,0,0,0,0,0,0,0,5970,638,8994,0,42
M5,2016-05-23__bonirob_2016-05-23-10-42-16_1_frame194,2016-05-23,1251936,0.0,0.1238178309434348,0.1238178309434348,155012,0,1063489,14054,1943,0,1020,0,0,0,0,0,0,0,0,0,0,0,0,0,0,0,10034,140958,11697,0,8741
M5,2016-05-23__bonirob_2016-05-23-10-42-16_1_frame200,2016-05-23,1251936,0.11818575390435294,0.12299510518109552,0.004809351276742577,9363,3342,1069447,9014,5858,0,0,1370,144619,1972,0,0,3572,349,15735,0,0,0,0,0,0,0,0,0,0,0,0
M5,2016-05-23__bonirob_2016-05-23-10-42-16_1_frame204,2016-05-23,1251936,0.08560421618996499,0.08906845078342662,0.0034642345934616375,5028,691,1112275,4699,4113,0,2,677,106480,14,0,0,0,0,0,0,0,0,0,0,0,0,5322,329,17980,0,45
M5,2016-05-23__bonirob_2016-05-23-10-42-16_1_frame217,2016-05-23,1251936,0.10415149017202158,0.0938985698949467,-0.010252920277074876,6435,19271,1113118,6435,1992,0,0,5686,111120,13585,0,0,0,0,0,0,0,0,0,0,0,0,0,0,0,0,0
M5,2016-05-23__bonirob_2016-05-23-10-42-16_1_frame218,2016-05-23,1251936,0.1297502428239143,0.14174286864504257,0.011992625821128255,15647,633,1052860,12745,2982,0,239,607,161806,26,0,0,0,0,0,0,0,0,0,0,0,0,4167,2902,12389,0,1213
M5,2016-05-23__bonirob_2016-05-23-10-42-16_1_frame219,2016-05-23,1251936,0.0,0.07091576566214247,0.07091576566214247,88782,0,1113270,6064,1922,0,1997,0,0,0,0,0,0,0,0,0,0,0,0,0,0,0,12474,82718,14441,0,19050
M5,2016-05-23__bonirob_2016-05-23-10-42-16_1_frame230,2016-05-23,1251936,0.10265540730516576,0.10005942795797869,-0.002595979347187069,5142,8392,1102953,5020,662,0,228,4035,120126,4357,0,0,0,0,0,0,0,0,0,0,0,0,4036,122,7821,0,2576
M5,2016-05-23__bonirob_2016-05-23-10-42-16_1_frame231,2016-05-23,1251936,0.049282870689875524,0.05450598113641592,0.005223110446540398,6891,352,1146548,2606,626,0,1380,352,61347,0,0,0,0,0,0,0,0,0,0,0,0,0,10838,4285,7700,0,16254
M5,2016-05-23__bonirob_2016-05-23-10-42-16_1_frame232,2016-05-23,1251936,0.0,0.07193099327761164,0.07193099327761164,90053,0,1113430,6036,414,0,3564,0,0,0,0,0,0,0,0,0,0,0,0,0,0,0,12441,84017,2027,0,30007
M5,2016-05-23__bonirob_2016-05-23-10-42-16_1_frame240,2016-05-23,1251936,0.12234650972573678,0.12973506632926923,0.007388556603532451,9746,496,1077429,8705,2055,0,53,496,152674,0,0,0,0,0,0,0,0,0,0,0,0,0,3007,1041,5866,0,610
M5,2016-05-23__bonirob_2016-05-23-10-42-16_1_frame253,2016-05-23,1251936,0.09275154640492805,0.09666788078623828,0.003916334381310227,5602,699,1112351,5171,1897,0,11,699,115420,0,0,0,0,0,0,0,0,0,0,0,0,0,4751,431,10868,0,337
M5,2016-05-23__bonirob_2016-05-23-10-42-16_1_frame254,2016-05-23,1251936,0.030652525368708945,0.029328975283081562,-0.0013235500856273834,446,2103,1196734,439,554,0,0,2003,36272,100,0,0,0,0,0,0,0,0,0,0,0,0,5517,7,10310,0,0
M5,2016-05-23__bonirob_2016-05-23-10-42-16_1_frame261,2016-05-23,1251936,0.06713921478414232,0.06986619124300283,0.002726976458860511,3654,240,1110233,3573,256,0,2422,240,83814,0,0,0,0,0,0,0,0,0,0,0,0,0,16964,81,4468,0,29885
M5,2016-05-23__bonirob_2016-05-23-10-42-16_1_frame266,2016-05-23,1251936,0.0605614024998083,0.062023937325869694,0.0014625348260613943,2819,988,1162957,2819,422,0,67,968,74831,20,0,0,0,0,0,0,0,0,0,0,0,0,4632,0,4381,0,839
M5,2016-05-23__bonirob_2016-05-23-10-42-16_1_frame274,2016-05-23,1251936,0.0,0.14546829869897504,0.14546829869897504,182117,0,1041799,12480,745,0,1755,0,0,0,0,0,0,0,0,0,0,0,0,0,0,0,7289,169637,4382,0,13849
M5,2016-05-23__bonirob_2016-05-23-10-42-16_1_frame277,2016-05-23,1251936,0.10582090458298188,0.11491561868977328,0.009094714106791399,12564,1178,1077924,11186,1880,0,1448,1178,131303,0,0,0,0,0,0,0,0,0,0,0,0,0,6462,1378,8215,0,10962
M5,2016-05-23__bonirob_2016-05-23-10-42-16_1_frame280,2016-05-23,1251936,0.0,0.0567912417248166,0.0567912417248166,71099,0,1165834,2478,738,0,382,0,0,0,0,0,0,0,0,0,0,0,0,0,0,0,6074,68621,3617,0,4192
M5,2016-05-23__bonirob_2016-05-23-10-42-16_1_frame281,2016-05-23,1251936,0.020298960969250823,0.021104912711192903,0.0008059517419420799,1312,303,1184282,707,489,0,780,303,25110,0,0,0,0,0,0,0,0,0,0,0,0,0,16612,605,9376,0,13672
M5,2016-05-23__bonirob_2016-05-23-10-42-16_1_frame286,2016-05-23,1251936,0.04950332924366741,0.05008083480305703,0.000577505559389617,1558,835,1168661,1341,1183,0,134,835,61140,0,0,0,0,0,0,0,0,0,0,0,0,0,5002,217,11348,0,2075
M5,2016-05-23__bonirob_2016-05-23-10-42-16_1_frame292,2016-05-23,1251936,0.056625099046596634,0.05551961122613296,-0.0011054878204636714,3451,4835,1154988,3145,707,0,1439,2286,66056,1937,0,612,0,0,0,0,0,0,0,0,0,0,5548,306,3197,0,11715
M5,2016-05-23__bonirob_2016-05-23-10-42-16_1_frame293,2016-05-23,1251936,0.0,0.07466915241673695,0.07466915241673695,93481,0,1119557,4958,250,0,1201,0,0,0,0,0,0,0,0,0,0,0,0,0,0,0,12440,88523,7228,0,17779
M5,2016-05-23__bonirob_2016-05-23-10-42-16_1_frame294,2016-05-23,1251936,0.0,0.09158375508013189,0.09158375508013189,114657,0,1090733,5604,904,0,1404,0,0,0,0,0,0,0,0,0,0,0,0,0,0,0,13977,109053,11721,0,18540
M5,2016-05-23__bonirob_2016-05-23-10-42-16_1_frame295,2016-05-23,1251936,0.0012013393655905733,0.000977685760294456,-0.00022365360529611735,0,280,1233635,0,513,0,30,280,1224,0,0,0,0,0,0,0,0,0,0,0,0,0,7472,0,7971,0,811
M5,2016-05-23__bonirob_2016-05-23-10-42-16_1_frame304,2016-05-23,1251936,0.0,0.02415618689773279,0.02415618689773279,30242,0,1133267,2167,223,0,2328,0,0,0,0,0,0,0,0,0,0,0,0,0,0,0,29218,28075,2533,0,54125
M5,2016-05-23__bonirob_2016-05-23-10-47-22_2_frame7,2016-05-23,1251936,0.0,0.08059277790557984,0.08059277790557984,100897,0,1099640,6107,453,0,1357,0,0,0,0,0,0,0,0,0,0,0,0,0,0,0,18659,94790,5783,0,25147
M5,2016-05-23__bonirob_2016-05-23-10-47-22_2_frame15,2016-05-23,1251936,0.03906349845359507,0.04033512895227871,0.0012716304986836388,2418,826,1162425,2143,3458,0,719,826,48079,0,0,0,0,0,0,0,0,0,0,0,0,0,7439,275,17160,0,9412
M5,2016-05-23__bonirob_2016-05-23-10-47-22_2_frame24,2016-05-23,1251936,0.038956464228203355,0.03797398589065256,-0.0009824783375507948,513,1743,1193867,513,312,6,0,1743,47028,0,0,0,3967,0,4488,12,0,0,0,0,0,0,0,0,0,0,0
M5,2016-05-23__bonirob_2016-05-23-10-47-22_2_frame26,2016-05-23,1251936,0.02906138971960228,0.02859331467423255,-0.00046807504536973063,901,1487,1197977,901,678,0,218,1487,34896,0,0,0,0,0,0,0,0,0,0,0,0,0,5911,0,6516,0,3352
M5,2016-05-23__bonirob_2016-05-23-10-47-22_2_frame43,2016-05-23,1251936,0.04726439690207806,0.05006885335991616,0.0028044564578381045,4130,619,1112267,3962,155,0,3126,619,58553,0,0,0,0,0,0,0,0,0,0,0,0,0,21367,168,2802,0,48917
M5,2016-05-23__bonirob_2016-05-23-10-47-22_2_frame44,2016-05-23,1251936,0.017989737494568413,0.017060776269713467,-0.0009289612248549461,233,1396,1204844,233,901,0,75,1396,21126,0,0,0,0,0,0,0,0,0,0,0,0,0,5677,0,17022,0,662
M5,2016-05-23__bonirob_2016-05-23-10-47-22_2_frame47,2016-05-23,1251936,0.0035608849014646116,0.002812444086598676,-0.0007484408148659355,2,939,1240377,2,252,0,2,939,3519,0,0,0,0,0,0,0,0,0,0,0,0,0,3375,0,3463,0,7
M5,2016-05-23__bonirob_2016-05-23-10-47-22_2_frame67,2016-05-23,1251936,0.03489555376632671,0.034302871712292,-0.0005926820540347114,578,1320,1200883,578,232,0,167,1320,42367,0,0,0,0,0,0,0,0,0,0,0,0,0,2403,0,2088,0,1898
M5,2016-05-23__bonirob_2016-05-23-10-47-22_2_frame68,2016-05-23,1251936,0.09191444291081972,0.0923513662040232,0.0004369232932034811,2668,2121,1133083,2668,389,0,0,2121,112950,0,0,0,235,0,490,0,0,0,0,0,0,0,0,0,0,0,0
M5,2016-05-23__bonirob_2016-05-23-10-47-22_2_frame69,2016-05-23,1251936,0.07101161720726938,0.07129278173964164,0.0002811645323722578,1733,1381,1159726,1733,37,0,0,1381,87521,0,0,0,739,0,799,0,0,0,0,0,0,0,0,0,0,0,0
M5,2016-05-23__bonirob_2016-05-23-10-47-22_2_frame70,2016-05-23,1251936,0.011953486440201416,0.010386313677376479,-0.0015671727628249373,105,2067,1234824,105,11,0,0,2067,12898,0,0,0,1014,0,1017,0,0,0,0,0,0,0,0,0,0,0,0
M5,2016-05-23__bonirob_2016-05-23-10-47-22_2_frame78,2016-05-23,1251936,0.12079850727193722,0.12529394473838917,0.004495437466451951,7076,1448,1093395,7076,140,0,0,1448,149784,0,0,0,24,0,69,0,0,0,0,0,0,0,0,0,0,0,0
M5,2016-05-23__bonirob_2016-05-23-10-47-22_2_frame82,2016-05-23,1251936,0.0820145758249623,0.08375907394627201,0.0017444981213097094,4073,1889,1141573,4073,492,0,0,1889,100788,0,0,0,0,0,0,0,0,0,0,0,0,0,744,0,2377,0,0
M5,2016-05-23__bonirob_2016-05-23-10-47-22_2_frame86,2016-05-23,1251936,0.08359852260818444,0.08402346445824707,0.0004249418500626295,2053,1521,1141440,2053,328,0,0,1521,103139,0,0,0,0,0,0,0,0,0,0,0,0,0,1268,0,2187,0,0
M5,2016-05-23__bonirob_2016-05-23-10-47-22_2_frame89,2016-05-23,1251936,0.039648192878869205,0.0380370881578611,-0.0016111047210081025,383,2400,1199435,383,13,0,0,2400,47237,0,0,0,787,0,1681,0,0,0,0,0,0,0,0,0,0,0,0
M5,2016-05-23__bonirob_2016-05-23-10-47-22_2_frame91,2016-05-23,1251936,0.10940655113360427,0.11266630243079519,0.003259751297190916,4899,818,1107372,4899,461,0,0,818,136152,0,0,0,0,0,0,0,0,0,0,0,0,0,883,0,1351,0,0
M5,2016-05-23__bonirob_2016-05-23-10-47-22_2_frame95,2016-05-23,1251936,0.03011336042737009,0.02910132786340516,-0.0010120325639649298,251,1518,1213284,251,14,0,0,1518,36182,0,0,0,327,0,360,0,0,0,0,0,0,0,0,0,0,0,0
M5,2016-05-23__bonirob_2016-05-23-10-47-22_2_frame99,2016-05-23,1251936,0.03225803874958464,0.030852216087723334,-0.0014058226618613064,528,2288,1209534,528,53,0,0,2229,38097,59,0,0,0,0,0,0,0,0,0,0,0,0,1242,0,194,0,0
M5,2016-05-23__bonirob_2016-05-23-10-47-22_2_frame102,2016-05-23,1251936,0.07179520358868186,0.07247415203333078,0.0006789484446489275,1820,970,1159012,1820,355,0,0,970,88913,0,0,0,0,0,0,0,0,0,0,0,0,0,204,0,662,0,0
M5,2016-05-23__bonirob_2016-05-23-10-47-22_2_frame104,2016-05-23,1251936,0.13316814917056463,0.13637677964368786,0.003208630473123225,5092,1075,1078832,5092,109,0,0,1075,165643,0,0,0,244,0,941,0,0,0,0,0,0,0,0,0,0,0,0
M5,2016-05-23__bonirob_2016-05-23-10-47-22_2_frame115,2016-05-23,1251936,0.08926255016230862,0.09010444623367328,0.0008418960713646589,3216,2162,1132215,3216,292,0,0,2162,109589,0,0,0,0,0,0,0,0,0,0,0,0,0,1513,0,2937,0,12
M5,2016-05-23__bonirob_2016-05-23-10-47-22_2_frame133,2016-05-23,1251936,0.09597774966132454,0.09917120363980267,0.0031934539784781307,4510,512,1118261,4495,1839,0,0,512,119646,0,0,0,0,0,0,0,0,0,0,0,0,0,1994,15,5174,0,0
M5,2016-05-23__bonirob_2016-05-23-10-47-22_2_frame139,2016-05-23,1251936,0.05693741533113514,0.05569533905886563,-0.0012420762722695072,798,2353,1175017,798,209,0,0,2353,68929,0,0,0,0,0,0,0,0,0,0,0,0,0,1789,0,2841,0,0
M5,2016-05-23__bonirob_2016-05-23-10-47-22_2_frame140,2016-05-23,1251936,0.10579534417094803,0.11094337090713902,0.005148026736190983,7442,997,1107517,7442,742,0,0,997,131452,0,0,0,0,0,0,0,0,0,0,0,0,0,1130,0,2605,2,49
M5,2016-05-23__bonirob_2016-05-23-10-47-22_2_frame143,2016-05-23,1251936,0.013084534672698924,0.011790538813485673,-0.0012939958592132518,89,1709,1222462,89,446,0,0,1709,14672,0,0,0,3712,0,8846,0,0,0,0,0,0,0,0,0,0,0,0
M5,2016-05-23__bonirob_2016-05-23-10-47-22_2_frame144,2016-05-23,1251936,0.0430269598445927,0.04247501469723692,-0.0005519451473557785,961,1652,1195254,961,77,0,0,1652,52215,0,0,0,887,0,890,0,0,0,0,0,0,0,0,0,0,0,0
M5,2016-05-23__bonirob_2016-05-23-10-47-22_2_frame146,2016-05-23,1251936,0.030918513406436112,0.029640492804744012,-0.0012780206016921002,365,1965,1206836,365,145,0,0,1907,36743,58,0,0,1748,0,4134,0,0,0,0,0,0,0,0,0,0,0,0
M5,2016-05-23__bonirob_2016-05-23-10-47-22_2_frame157,2016-05-23,1251936,0.07187827492779184,0.07167139534289292,-0.00020687958489891412,1573,1832,1158955,1573,232,0,0,1832,88155,0,0,0,501,0,688,0,0,0,0,0,0,0,0,0,0,0,0
M5,2016-05-23__bonirob_2016-05-23-10-47-22_2_frame163,2016-05-23,1251936,0.100979602791197,0.10038532321141017,-0.0005942795797868328,2785,3529,1120282,2785,488,0,0,3529,122891,0,0,0,578,0,1383,0,0,0,0,0,0,0,0,0,0,0,0
M5,2016-05-23__bonirob_2016-05-23-10-47-22_2_frame175,2016-05-23,1251936,0.06760010096362754,0.06811530301868467,0.0005152020550571318,2216,1571,1155678,1882,615,0,121,1571,83060,0,0,0,0,0,0,0,0,0,0,0,0,0,3469,334,4525,0,681
M5,2016-05-23__bonirob_2016-05-23-10-47-22_2_frame190,2016-05-23,1251936,0.06455202182859188,0.0650033228535644,0.0004513010249725252,1827,1262,1159953,1827,1004,0,0,1262,79553,0,0,0,1633,0,6704,0,0,0,0,0,0,0,0,0,0,0,0
M5,2016-05-23__bonirob_2016-05-23-10-47-22_2_frame191,2016-05-23,1251936,0.08511856836132198,0.06926951537458784,-0.01584905298673414,3102,22944,1139946,3102,2321,0,4,3808,83619,19135,0,1,0,0,0,0,0,0,0,0,0,0,0,0,0,0,0
M5,2016-05-23__bonirob_2016-05-23-10-47-22_2_frame200,2016-05-23,1251936,0.11429497993507655,0.1176010594790788,0.0033060795440022495,5370,1231,1098465,5370,196,0,89,1231,141859,0,0,0,0,0,0,0,0,0,0,0,0,0,1855,0,2065,0,806
M5,2016-05-23__bonirob_2016-05-23-10-47-22_2_frame206,2016-05-23,1251936,0.11996140377782889,0.12310852950949569,0.003147125731666797,4962,1022,1088404,4962,1362,0,0,1022,149162,0,0,0,1552,0,5472,0,0,0,0,0,0,0,0,0,0,0,0
M5,2016-05-23__bonirob_2016-05-23-10-47-22_2_frame207,2016-05-23,1251936,0.1913244766505636,0.18606542187460062,-0.0052590547759629735,15709,22293,995950,15709,609,131,11,7990,217233,12576,1551,176,0,0,0,0,0,0,0,0,0,0,0,0,0,0,0
M5,2016-05-23__bonirob_2016-05-23-10-47-22_2_frame209,2016-05-23,1251936,0.04953128594432942,0.04919820182501342,-0.0003330841193159989,1099,1516,1185589,1099,208,0,0,1516,60494,0,0,0,1472,0,1558,0,0,0,0,0,0,0,0,0,0,0,0
M5,2016-05-23__bonirob_2016-05-23-10-47-22_2_frame215,2016-05-23,1251936,0.07918056514071006,0.08017502492140173,0.0009944597806916672,2954,1709,1144894,2954,472,0,0,1709,97420,0,0,0,1515,0,2972,0,0,0,0,0,0,0,0,0,0,0,0
M5,2016-05-23__bonirob_2016-05-23-10-47-22_2_frame218,2016-05-23,1251936,0.10149160979474989,0.1028223487462618,0.001330738951511909,3467,1801,1116830,3467,555,0,0,1801,125260,0,0,0,1426,0,2597,0,0,0,0,0,0,0,0,0,0,0,0
M5,2016-05-23__bonirob_2016-05-23-10-47-22_2_frame220,2016-05-23,1251936,0.11497792219410577,0.11675357206758173,0.0017756498734759624,4140,1917,1101992,4140,201,0,0,1917,142028,0,0,0,453,0,1205,0,0,0,0,0,0,0,0,0,0,0,0
M5,2016-05-23__bonirob_2016-05-23-10-47-22_2_frame221,2016-05-23,1251936,0.06406317894844465,0.06368296781944124,-0.0003802111290034105,1425,1901,1167849,1322,112,0,0,1901,78302,0,0,0,863,103,1484,0,0,0,0,0,0,0,0,0,0,0,0
M5,2016-05-23__bonirob_2016-05-23-10-47-22_2_frame231,2016-05-23,1251936,0.08330537663267132,0.08416724177593743,0.0008618651432661106,2557,1478,1144402,2557,277,0,0,1478,102815,0,0,0,292,0,115,0,0,0,0,0,0,0,0,0,0,0,0
M5,2016-05-23__bonirob_2016-05-23-10-47-22_2_frame236,2016-05-23,1251936,0.029236318789458884,0.02735363469059121,-0.0018826840988676735,350,2707,1211903,301,53,0,0,2707,33895,0,0,0,0,0,0,0,0,0,0,0,0,0,1560,49,1446,22,0
M5,2016-05-23__bonirob_2016-05-23-10-47-22_2_frame238,2016-05-23,1251936,0.050766173350714414,0.050073645937172506,-0.0006925274135419074,1115,1982,1184441,1115,193,0,0,1982,61574,0,0,0,863,0,1768,0,0,0,0,0,0,0,0,0,0,0,0
M5,2016-05-23__bonirob_2016-05-23-10-47-22_2_frame239,2016-05-23,1251936,0.07477139406487232,0.074975078598267,0.00020368453339468517,1748,1493,1154605,1748,159,0,0,1493,92116,0,0,0,776,0,1039,0,0,0,0,0,0,0,0,0,0,0,0
M5,2016-05-23__bonirob_2016-05-23-10-47-22_2_frame244,2016-05-23,1251936,0.0763058175497789,0.07720762083684789,0.0009018032870689863,2591,1462,1151312,2571,367,0,0,1462,94068,0,0,0,720,20,1416,0,0,0,0,0,0,0,0,0,0,0,0
M5,2016-05-23__bonirob_2016-05-23-10-47-22_2_frame248,2016-05-23,1251936,0.06750824323288092,0.06759291209774301,8.466886486209468e-05,2108,2002,1164961,2108,142,0,0,2002,82514,0,0,0,81,0,128,0,0,0,0,0,0,0,0,0,0,0,0
M5,2016-05-23__bonirob_2016-05-23-10-47-22_2_frame254,2016-05-23,1251936,0.02295484753214222,0.02083093704470516,-0.002123910487437059,192,2851,1220577,192,80,0,0,2851,25887,0,0,0,894,0,1455,0,0,0,0,0,0,0,0,0,0,0,0
M5,2016-05-23__bonirob_2016-05-23-10-47-22_2_frame256,2016-05-23,1251936,0.08818342151675485,0.08840947141067915,0.00022604989392430164,2306,2023,1138015,2306,43,0,0,2020,108377,3,0,0,753,0,419,0,0,0,0,0,0,0,0,0,0,0,0
M5,2016-05-23__bonirob_2016-05-23-10-47-22_2_frame259,2016-05-23,1251936,0.055483666896710374,0.05516336298341129,-0.00032030391329908314,1267,1668,1175647,1253,339,0,0,1668,67794,0,0,0,0,0,0,0,0,0,0,0,0,0,1294,14,3927,0,0
M5,2016-05-23__bonirob_2016-05-23-10-47-22_2_frame268,2016-05-23,1251936,0.09541062801932366,0.09835486798047184,0.002944239961148176,4803,1117,1120023,4803,368,0,567,1117,118331,0,0,0,0,0,0,0,0,0,0,0,0,0,2168,0,1685,0,2874
M5,2016-05-23__bonirob_2016-05-23-10-47-22_2_frame269,2016-05-23,1251936,0.1103171408123099,0.1234791554839864,0.013162014671676506,16650,172,1039886,15913,922,0,3095,172,137938,0,0,0,0,0,0,0,0,0,0,0,0,0,17068,737,3055,0,33150
M5,2016-05-23__bonirob_2016-05-23-10-47-22_2_frame285,2016-05-23,1251936,0.1246613245405516,0.12519969071901438,0.0005383661784627847,4242,3568,1090718,4242,154,0,0,3568,152500,0,0,0,247,0,507,0,0,0,0,0,0,0,0,0,0,0,0
M5,2016-05-23__bonirob_2016-05-23-10-47-22_2_frame289,2016-05-23,1251936,0.08033078368223295,0.08136038902947115,0.0010296053472381994,3096,1807,1146056,3096,308,0,0,1807,98762,0,0,0,0,0,0,0,0,0,0,0,0,0,658,0,1249,0,0
M5,2016-05-23__bonirob_2016-05-23-10-47-22_2_frame297,2016-05-23,1251936,0.10444783119903893,0.10859740434015797,0.004149573141119037,5827,632,1104827,5572,2653,0,62,632,130130,0,0,0,0,0,0,0,0,0,0,0,0,0,1583,255,5885,0,337
M5,2016-05-23__bonirob_2016-05-23-10-47-22_2_frame300,2016-05-23,1251936,0.15316198272116147,0.15933961480459066,0.0061776320834291965,8391,657,1050175,8391,226,0,0,657,191092,0,0,0,412,0,983,0,0,0,0,0,0,0,0,0,0,0,0
M5,2016-05-23__bonirob_2016-05-23-10-47-22_2_frame304,2016-05-23,1251936,0.13288219206093602,0.13771310993533215,0.004830917874396129,7514,1466,1075895,6171,405,0,0,1424,164894,42,0,0,740,1343,1022,0,0,0,0,0,0,0,0,0,0,0,0
M5,2016-05-23__bonirob_2016-05-23-10-52-28_3_frame1,2016-05-23,1251936,0.08665618689773279,0.08643972215832119,-0.00021646473941160094,2734,3005,1138752,2734,224,0,0,3005,105483,0,0,0,849,0,889,0,0,0,0,0,0,0,0,0,0,0,0
M5,2016-05-23__bonirob_2016-05-23-10-52-28_3_frame6,2016-05-23,1251936,0.07393269304501189,0.07230561306648263,-0.0016270799785292611,1500,3537,1157691,1500,0,0,0,3537,89022,0,0,0,179,0,7,0,0,0,0,0,0,0,0,0,0,0,0
M5,2016-05-23__bonirob_2016-05-23-10-52-28_3_frame8,2016-05-23,1251936,0.03627501725327812,0.03422619047619048,-0.002048826777087641,244,2809,1201822,244,42,0,0,2809,42605,0,0,0,0,0,0,0,0,0,0,0,0,0,1751,0,2663,0,0
M5,2016-05-23__bonirob_2016-05-23-10-52-28_3_frame15,2016-05-23,1251936,0.12283615136876007,0.1266430552360504,0.003806903867290337,6217,1451,1082636,6217,861,0,0,1451,152332,0,0,0,0,0,0,0,0,0,0,0,0,0,2037,0,6402,0,0
M5,2016-05-23__bonirob_2016-05-23-10-52-28_3_frame19,2016-05-23,1251936,0.0954513649260026,0.09672459295043837,0.0012732280244357602,4377,2783,1116436,4372,1609,0,0,2227,116716,556,0,0,0,0,0,0,0,0,0,0,0,0,1996,5,8019,0,0
M5,2016-05-23__bonirob_2016-05-23-10-52-28_3_frame26,2016-05-23,1251936,0.11774483679676917,0.12189121488638396,0.004146378089614794,5659,468,1090071,5528,940,0,119,468,146941,0,0,0,0,0,0,0,0,0,0,0,0,0,1275,131,4366,0,2097
M5,2016-05-23__bonirob_2016-05-23-10-52-28_3_frame29,2016-05-23,1251936,0.11506738363622422,0.1195228829588733,0.004455499322649076,6462,884,1091131,6462,698,0,173,884,143173,0,0,0,0,0,0,0,0,0,0,0,0,0,2744,0,5345,0,1326
M5,2016-05-23__bonirob_2016-05-23-10-52-28_3_frame32,2016-05-23,1251936,0.07685297011987834,0.0772771132070649,0.00042414308718656535,2522,1991,1151967,2522,68,0,0,1991,94224,0,0,0,633,0,531,0,0,0,0,0,0,0,0,0,0,0,0
M5,2016-05-23__bonirob_2016-05-23-10-52-28_3_frame34,2016-05-23,1251936,0.015595845155023899,0.015048692584924469,-0.0005471525700994299,214,899,1199116,214,789,0,767,882,18626,17,0,0,0,0,0,0,0,0,0,0,0,0,10826,0,9403,0,11296
M5,2016-05-23__bonirob_2016-05-23-10-52-28_3_frame36,2016-05-23,1251936,0.04878683894384377,0.049933862433862435,0.0011470234900186616,2217,781,1153515,2217,98,0,1027,781,60297,0,0,0,0,0,0,0,0,0,0,0,0,0,9360,0,3640,0,21001
M5,2016-05-23__bonirob_2016-05-23-10-52-28_3_frame48,2016-05-23,1251936,0.0,0.06692834138486313,0.06692834138486313,83790,0,1146475,2879,1586,0,108,0,0,0,0,0,0,0,0,0,0,0,0,0,0,0,4790,80911,8440,0,6747
M5,2016-05-23__bonirob_2016-05-23-10-52-28_3_frame65,2016-05-23,1251936,0.058596445824706696,0.05910605653963142,0.0005096107149247242,2498,1860,1170842,2031,292,0,0,1860,71499,0,0,0,0,0,0,0,0,0,0,0,0,0,1881,467,3064,0,0
M5,2016-05-23__bonirob_2016-05-23-10-52-28_3_frame67,2016-05-23,1251936,0.010932667484599852,0.01055645016997674,-0.00037621731462311216,756,1227,1230448,492,133,0,0,1227,12460,0,0,0,0,0,0,0,0,0,0,0,0,0,3887,264,3020,0,5
M5,2016-05-23__bonirob_2016-05-23-10-52-28_3_frame73,2016-05-23,1251936,0.004879642409835646,0.00433808117986862,-0.0005415612299670266,161,839,1235507,161,692,0,88,839,5270,0,0,0,0,0,0,0,0,0,0,0,0,0,4161,0,4324,0,894
M5,2016-05-23__bonirob_2016-05-23-10-52-28_3_frame83,2016-05-23,1251936,0.0323698655522327,0.031638198757763976,-0.0007316667944687258,1033,1949,1183489,1033,1024,0,229,1949,38576,0,0,0,0,0,0,0,0,0,0,0,0,0,12906,0,8212,0,4518
M5,2016-05-23__bonirob_2016-05-23-10-52-28_3_frame85,2016-05-23,1251936,0.014669280218797128,0.014050238989852517,-0.0006190412289446105,287,1062,1219256,287,626,0,0,1062,17303,0,0,0,0,0,0,0,0,0,0,0,0,0,6021,0,7381,0,0
M5,2016-05-23__bonirob_2016-05-23-10-52-28_3_frame89,2016-05-23,1251936,0.0,0.05628802111290034,0.05628802111290034,70469,0,1066809,4400,7395,0,1844,0,0,0,0,0,0,0,0,0,0,0,0,0,0,0,18690,66069,66623,0,20106
M5,2016-05-23__bonirob_2016-05-23-10-52-28_3_frame96,2016-05-23,1251936,0.03585167292896761,0.03820722465046136,0.002355551721493751,3278,329,1040506,3144,14850,0,189,329,44555,0,0,0,0,0,0,0,0,0,0,0,0,0,18385,134,125502,0,4342
M5,2016-05-23__bonirob_2016-05-23-10-52-28_3_frame101,2016-05-23,1251936,0.0,0.06104864785420341,0.06104864785420341,76429,0,674627,8582,93478,0,5098,0,0,0,0,0,2881,67847,300613,0,98810,0,0,0,0,0,0,0,0,0,0
M5,2016-05-23__bonirob_2016-05-23-10-52-28_3_frame103,2016-05-23,1251936,0.0009752894716662832,0.01519886000562329,0.014223570533957007,19028,1221,945759,1140,41324,0,4305,111,0,1100,0,10,12353,17888,174672,0,53274,0,0,0,0,0,0,0,0,0,0
M5,2016-05-23__bonirob_2016-05-23-10-52-28_3_frame105,2016-05-23,1251936,0.01660148761598037,0.01515333052168801,-0.001448157094292359,1104,2917,1090655,1094,11356,0,0,1832,17867,1085,0,0,38146,10,89891,0,0,0,0,0,0,0,0,0,0,0,0
M5,2016-05-23__bonirob_2016-05-23-10-52-28_3_frame119,2016-05-23,1251936,0.0217487155892953,0.022616172072693813,0.0008674564833985147,1499,413,1158167,1499,7258,0,0,413,26815,0,0,0,13855,0,43929,0,0,0,0,0,0,0,0,0,0,0,0
M5,2016-05-23__bonirob_2016-05-23-10-52-28_3_frame120,2016-05-23,1251936,0.02734804335045881,0.026959844592694834,-0.0003881987577639759,1007,1493,1173879,966,5819,0,0,1493,32745,0,0,0,10282,41,26711,0,0,0,0,0,0,0,0,0,0,0,0
M5,2016-05-23__bonirob_2016-05-23-10-52-28_3_frame123,2016-05-23,1251936,0.007003552897272704,0.005708758275183396,-0.0012947946220893082,193,1814,1180468,193,4699,0,0,1594,6954,220,0,0,18490,0,39316,0,2,0,0,0,0,0,0,0,0,0,0
M5,2016-05-23__bonirob_2016-05-23-10-52-28_3_frame124,2016-05-23,1251936,0.04318671241980421,0.057525304807913506,0.014338592388109299,19573,1622,1135832,4481,6227,0,0,1419,52445,203,0,0,8814,15092,27423,0,0,0,0,0,0,0,0,0,0,0,0
M5,2016-05-23__bonirob_2016-05-23-10-52-28_3_frame126,2016-05-23,1251936,0.013618907036781433,0.01898739232676431,0.0053684852899828755,7274,553,1141845,942,7991,0,0,553,16497,0,0,0,21959,6332,55817,0,0,0,0,0,0,0,0,0,0,0,0
M5,2016-05-23__bonirob_2016-05-23-10-52-28_3_frame129,2016-05-23,1251936,0.01901295273879815,0.02496213863967487,0.00594918590087672,8916,1468,1181285,1341,2195,0,0,1116,22335,352,0,0,13501,7575,19497,0,2739,0,0,0,0,0,0,0,0,0,0
M5,2016-05-23__bonirob_2016-05-23-10-52-28_3_frame134,2016-05-23,1251936,0.014198010121923165,0.017320374204432176,0.0031223640825090108,5472,1563,1150316,1385,10366,0,8,1238,16212,325,0,0,29370,4087,38629,0,0,0,0,0,0,0,0,0,0,0,0
M5,2016-05-23__bonirob_2016-05-23-10-52-28_3_frame138,2016-05-23,1251936,0.030813076706796512,0.029784270122434373,-0.0010288065843621387,1650,2938,1197076,1375,1726,0,2,2208,35638,730,0,0,6455,275,6451,0,0,0,0,0,0,0,0,0,0,0,0
M5,2016-05-23__bonirob_2016-05-23-10-52-28_3_frame142,2016-05-23,1251936,0.034008128211026764,0.03506728778467909,0.001059159573652324,2361,1035,1187704,2346,3641,0,0,1035,41541,0,0,0,9154,15,6500,0,0,0,0,0,0,0,0,0,0,0,0
M5,2016-05-23__bonirob_2016-05-23-10-52-28_3_frame145,2016-05-23,1251936,0.0,0.024133022774327124,0.024133022774327124,30213,0,1100037,2432,24241,0,3,0,0,0,0,0,34592,27781,62839,0,11,0,0,0,0,0,0,0,0,0,0
M5,2016-05-23__bonirob_2016-05-23-10-52-28_3_frame150,2016-05-23,1251936,0.007674513713161056,0.006841404033433019,-0.0008331096797280372,316,1359,1217211,316,1355,0,314,1283,8249,76,0,0,9179,0,8228,0,5725,0,0,0,0,0,0,0,0,0,0
M5,2016-05-23__bonirob_2016-05-23-10-52-28_3_frame171,2016-05-23,1251936,0.015092624543107634,0.028606893643125526,0.013514269100017892,22911,5992,1142659,812,2612,0,0,1637,12903,4355,0,0,17309,22099,47550,0,0,0,0,0,0,0,0,0,0,0,0
M5,2016-05-23__bonirob_2016-05-23-10-52-28_3_frame175,2016-05-23,1251936,0.0021310993533215756,0.015495201032640646,0.01336410167931907,17911,1180,1146511,586,3069,0,156,552,1488,628,0,0,27813,17325,53255,0,553,0,0,0,0,0,0,0,0,0,0
M5,2016-05-23__bonirob_2016-05-23-10-52-28_3_frame254,2016-05-23,1251936,0.0034658321192137615,0.007657739692763847,0.004191907573550086,5856,608,1215731,311,497,0,23,608,3731,0,0,0,8157,5545,8049,0,9284,0,0,0,0,0,0,0,0,0,0
M5,2016-05-23__bonirob_2016-05-23-10-52-28_3_frame257,2016-05-23,1251936,0.007851040308769777,0.007973251028806584,0.0001222107200368073,1700,1547,1234916,63,106,0,0,1547,8282,0,0,0,4171,1637,1214,0,0,0,0,0,0,0,0,0,0,0,0
M5,2016-05-23__bonirob_2016-05-23-10-52-28_3_frame263,2016-05-23,1251936,0.019129572118702552,0.0184586113028142,-0.0006709608158883516,490,1330,1207540,490,1671,0,2,1320,22619,10,0,0,5464,0,12806,0,14,0,0,0,0,0,0,0,0,0,0
M5,2016-05-23__bonirob_2016-05-23-10-52-28_3_frame279,2016-05-23,1251936,0.05069348592899318,0.051005003450655624,0.0003115175216624466,1830,1440,1168221,1830,1225,0,0,1440,62025,0,0,0,4711,0,12484,0,0,0,0,0,0,0,0,0,0,0,0
M5,2016-05-23__bonirob_2016-05-23-10-52-28_3_frame283,2016-05-23,1251936,0.014996772997980728,0.01394400352733686,-0.001052769470643868,389,1707,1223865,389,457,0,24,1707,17068,0,0,0,4299,0,3921,0,206,0,0,0,0,0,0,0,0,0,0
M5,2016-05-23__bonirob_2016-05-23-10-52-28_3_frame285,2016-05-23,1251936,0.010280078214860823,0.008917388748306623,-0.0013626894665542,307,2013,1221540,307,214,0,0,2013,10857,0,0,0,9844,0,7161,0,0,0,0,0,0,0,0,0,0,0,0
M5,2016-05-23__bonirob_2016-05-23-10-52-28_3_frame289,2016-05-23,1251936,0.009969359456074432,0.008401387930373438,-0.0015679715257009945,351,2314,1232879,317,164,0,0,2291,10167,23,0,0,4668,34,1393,0,0,0,0,0,0,0,0,0,0,0,0
M5,2016-05-23__bonirob_2016-05-23-10-52-28_3_frame292,2016-05-23,1251936,0.0037286251054366995,0.00331246964701071,-0.00041615545842598953,63,584,1241415,63,65,0,0,584,4084,0,0,0,4561,0,1164,0,0,0,0,0,0,0,0,0,0,0,0
M5,2016-05-23__bonirob_2016-05-23-10-57-33_4_frame4,2016-05-23,1251936,0.03591477519617616,0.03598586509214528,7.108989596912169e-05,1786,1697,1203193,1736,236,0,0,1439,43266,258,0,0,681,50,1077,0,0,0,0,0,0,0,0,0,0,0,0
M5,2016-05-23__bonirob_2016-05-23-10-57-33_4_frame6,2016-05-23,1251936,0.012546168494236128,0.011789740050609615,-0.0007564284436265122,585,1532,1226302,585,584,0,2,1532,14175,0,0,0,2985,0,5771,0,0,0,0,0,0,0,0,0,0,0,0
M5,2016-05-23__bonirob_2016-05-23-10-57-33_4_frame7,2016-05-23,1251936,0.024289580298034404,0.02830496127597577,0.004015380977941366,6125,1098,1209486,1129,464,0,0,853,29311,245,0,0,2786,4996,2663,0,3,0,0,0,0,0,0,0,0,0,0
M5,2016-05-23__bonirob_2016-05-23-10-57-33_4_frame11,2016-05-23,1251936,0.025383885438233264,0.025800040896659254,0.00041615545842598953,1490,969,1213168,1490,724,0,0,969,30810,0,0,0,2487,0,2288,0,0,0,0,0,0,0,0,0,0,0,0
M5,2016-05-23__bonirob_2016-05-23-10-57-33_4_frame25,2016-05-23,1251936,0.02383508422155765,0.023320680929376583,-0.0005144032921810676,1014,1658,1189144,666,1016,0,0,1540,28182,118,0,0,7390,348,23532,0,0,0,0,0,0,0,0,0,0,0,0
M5,2016-05-23__bonirob_2016-05-23-10-57-33_4_frame26,2016-05-23,1251936,0.020489865296628582,0.018092777905579838,-0.0023970873910487446,385,3386,1213857,385,240,0,9,3353,22266,33,0,0,6075,0,5714,0,4,0,0,0,0,0,0,0,0,0,0
M5,2016-05-23__bonirob_2016-05-23-10-57-33_4_frame28,2016-05-23,1251936,0.01536979526109961,0.016996875239628863,0.0016270799785292542,3745,1708,1200652,292,905,0,0,1579,17534,129,0,0,8577,3453,18815,0,0,0,0,0,0,0,0,0,0,0,0
M5,2016-05-23__bonirob_2016-05-23-10-57-33_4_frame30,2016-05-23,1251936,0.02540545203588682,0.024318335761572475,-0.0010871162743143446,579,1940,1203113,579,1146,0,0,1940,29866,0,0,0,5935,0,9357,0,0,0,0,0,0,0,0,0,0,0,0
M5,2016-05-23__bonirob_2016-05-23-10-57-33_4_frame31,2016-05-23,1251936,0.005768665490887713,0.005198348797382614,-0.0005703166935050992,196,910,1227530,196,514,0,0,907,6312,3,0,0,8755,0,7719,0,0,0,0,0,0,0,0,0,0,0,0
M5,2016-05-23__bonirob_2016-05-23-10-57-33_4_frame38,2016-05-23,1251936,0.023044308974260665,0.021782263630089716,-0.0012620453441709485,395,1975,1215603,395,207,0,0,1975,26875,0,0,0,3014,0,3867,0,0,0,0,0,0,0,0,0,0,0,0
M5,2016-05-23__bonirob_2016-05-23-10-57-33_4_frame39,2016-05-23,1251936,0.029920858574240216,0.029571000434527005,-0.00034985813971321125,1048,1486,1206717,1033,171,0,0,1486,35973,0,0,0,3313,15,3228,0,0,0,0,0,0,0,0,0,0,0,0
M5,2016-05-23__bonirob_2016-05-23-10-57-33_4_frame57,2016-05-23,1251936,0.0071193735143010506,0.005754287759118677,-0.0013650857551823735,65,1774,1232439,65,128,0,0,1774,7139,0,0,0,5968,0,4423,0,0,0,0,0,0,0,0,0,0,0,0
M5,2016-05-23__bonirob_2016-05-23-10-57-33_4_frame59,2016-05-23,1251936,0.03743881476369399,0.03726388569383739,-0.0001749290698566039,2084,2303,1197122,711,359,0,0,2303,44568,0,0,0,2334,1373,3166,0,0,0,0,0,0,0,0,0,0,0,0
M5,2016-05-23__bonirob_2016-05-23-10-57-33_4_frame64,2016-05-23,1251936,0.0263751501674207,0.06611679830278865,0.039741648135367943,49923,169,1117883,3990,6006,0,16,169,32851,0,0,0,8998,45933,35589,0,501,0,0,0,0,0,0,0,0,0,0
M5,2016-05-23__bonirob_2016-05-23-10-57-33_4_frame66,2016-05-23,1251936,0.030445645783810035,0.03332678347774966,0.0028811376939396234,4207,600,1159278,1905,2698,11,25,600,37516,0,0,0,4354,2302,43004,20,223,0,0,0,0,0,0,0,0,0,0
M5,2016-05-23__bonirob_2016-05-23-10-57-33_4_frame71,2016-05-23,1251936,0.046329045574214654,0.04586017176596887,-0.0004688738082457844,1251,1838,1185714,1251,1021,0,0,1838,56163,0,0,0,2784,0,3165,0,0,0,0,0,0,0,0,0,0,0,0
M5,2016-05-23__bonirob_2016-05-23-10-57-33_4_frame72,2016-05-23,1251936,0.034219800373182015,0.03339148327071032,-0.0008283171024716929,900,1937,1187978,900,2901,0,0,1936,40904,1,0,0,5549,0,11767,0,0,0,0,0,0,0,0,0,0,0,0
M5,2016-05-23__bonirob_2016-05-23-10-57-33_4_frame74,2016-05-23,1251936,0.0,0.03230516575927204,0.03230516575927204,40444,0,1144724,1459,4394,0,21,0,0,0,0,0,12881,38985,49194,0,278,0,0,0,0,0,0,0,0,0,0
M5,2016-05-23__bonirob_2016-05-23-10-57-33_4_frame75,2016-05-23,1251936,0.02384147432456611,0.06721030468011144,0.043368830355545326,54566,271,1135427,3326,1660,0,35,271,29577,0,0,0,4669,51240,25467,0,264,0,0,0,0,0,0,0,0,0,0
M5,2016-05-23__bonirob_2016-05-23-10-57-33_4_frame78,2016-05-23,1251936,0.03382840656391381,0.03263585358995987,-0.0011925529739539378,574,2067,1203353,574,187,0,0,2067,40284,0,0,0,1956,0,3515,0,0,0,0,0,0,0,0,0,0,0,0
M5,2016-05-23__bonirob_2016-05-23-10-57-33_4_frame85,2016-05-23,1251936,0.05659075224292615,0.053030666104337605,-0.0035600861385885474,1004,5461,1178617,1004,189,0,0,3520,65387,1941,0,0,496,0,782,0,0,0,0,0,0,0,0,0,0,0,0
M5,2016-05-23__bonirob_2016-05-23-10-57-33_4_frame90,2016-05-23,1251936,0.060623706004140784,0.05961327096592797,-0.0010104350382128119,1460,2725,1172429,1460,102,0,0,2725,73172,0,0,0,1067,0,981,0,0,0,0,0,0,0,0,0,0,0,0
M5,2016-05-23__bonirob_2016-05-23-10-57-33_4_frame91,2016-05-23,1251936,0.07971973008204893,0.08006000306724945,0.00034027298520052096,2285,1859,1149029,2285,53,0,0,1665,97945,194,0,0,360,0,405,0,0,0,0,0,0,0,0,0,0,0,0
M5,2016-05-23__bonirob_2016-05-23-10-57-33_4_frame94,2016-05-23,1251936,0.04239354088387905,0.040683389566239805,-0.0017101513176392413,484,2625,1198343,484,35,0,0,2625,50449,0,0,0,0,0,0,0,0,0,0,0,0,0,0,0,0,0,0
M5,2016-05-23__bonirob_2016-05-23-10-57-33_4_frame95,2016-05-23,1251936,0.07420507118574751,0.07439278046162104,0.0001877092758735266,2049,1814,1156600,2049,59,0,0,1814,91086,0,0,0,194,0,134,0,0,0,0,0,0,0,0,0,0,0,0
M5,2016-05-23__bonirob_2016-05-23-10-57-33_4_frame96,2016-05-23,1251936,0.10251562380185568,0.10382559491859009,0.001309971116734407,2640,1000,1120124,2640,57,0,0,1000,127343,0,0,0,395,0,377,0,0,0,0,0,0,0,0,0,0,0,0
M5,2016-05-23__bonirob_2016-05-23-10-57-33_4_frame101,2016-05-23,1251936,0.01913116964445467,0.01808878409119955,-0.0010423855532551186,226,1531,1225604,226,40,0,0,1531,22420,0,0,0,1275,0,840,0,0,0,0,0,0,0,0,0,0,0,0
M5,2016-05-23__bonirob_2016-05-23-10-57-33_4_frame115,2016-05-23,1251936,0.053533886716253865,0.05254901209007489,-0.0009848746261789734,590,1823,1181921,590,46,0,0,1823,65198,0,0,0,1373,0,985,0,0,0,0,0,0,0,0,0,0,0,0
M5,2016-05-23__bonirob_2016-05-23-10-57-33_4_frame116,2016-05-23,1251936,0.02842317818163229,0.027198674692636045,-0.0012245034889962446,532,2065,1206505,532,526,0,1,2065,33519,0,0,0,2217,0,6558,0,13,0,0,0,0,0,0,0,0,0,0
M5,2016-05-23__bonirob_2016-05-23-10-57-33_4_frame126,2016-05-23,1251936,0.10611964189862741,0.10818763898474043,0.0020679970861130215,3689,1100,1109272,3391,496,0,0,1100,131755,0,0,0,1582,298,4042,0,0,0,0,0,0,0,0,0,0,0,0
M5,2016-05-23__bonirob_2016-05-23-10-57-33_4_frame135,2016-05-23,1251936,0.01623166040436572,0.014374536717531887,-0.0018571236868338333,289,2614,1230778,289,32,0,0,2614,17707,0,0,0,422,0,94,0,0,0,0,0,0,0,0,0,0,0,0
M5,2016-05-23__bonirob_2016-05-23-10-57-33_4_frame139,2016-05-23,1251936,0.05149464509367891,0.05090995066840477,-0.000584694425274139,1521,2253,1184070,1155,152,0,0,2253,62215,0,0,0,752,366,973,0,0,0,0,0,0,0,0,0,0,0,0
M5,2016-05-23__bonirob_2016-05-23-10-57-33_4_frame140,2016-05-23,1251936,0.06567108861794853,0.06501131048232497,-0.0006597781356235538,1894,2720,1166249,1894,67,0,0,2720,79496,0,0,0,609,0,901,0,0,0,0,0,0,0,0,0,0,0,0
M5,2016-05-23__bonirob_2016-05-23-10-57-33_4_frame141,2016-05-23,1251936,0.04205486542443064,0.040704956163893365,-0.0013499092605372756,988,2678,1195348,860,26,0,0,2678,49972,0,0,0,1845,128,1079,0,0,0,0,0,0,0,0,0,0,0,0
M5,2016-05-23__bonirob_2016-05-23-10-57-33_4_frame148,2016-05-23,1251936,0.019397956445057894,0.01716781049510518,-0.002230145949952713,230,3022,1224245,230,39,0,0,3022,21263,0,0,0,2031,0,1106,0,0,0,0,0,0,0,0,0,0,0,0
M5,2016-05-23__bonirob_2016-05-23-10-57-33_4_frame150,2016-05-23,1251936,0.06401844822738542,0.06336745648339852,-0.0006509917439869034,1207,2022,1170380,1207,11,0,0,2022,78125,0,0,0,110,0,81,0,0,0,0,0,0,0,0,0,0,0,0
M5,2016-05-23__bonirob_2016-05-23-10-57-33_4_frame168,2016-05-23,1251936,0.021003469825933593,0.01911040180967717,-0.001893068016256421,240,2610,1223280,240,29,0,0,2610,23685,0,0,0,1467,0,625,0,0,0,0,0,0,0,0,0,0,0,0
M5,2016-05-23__bonirob_2016-05-23-10-57-33_4_frame175,2016-05-23,1251936,0.016774819160084862,0.015049491347800526,-0.0017253278122843357,159,2319,1229184,159,9,0,0,2319,18682,0,0,0,749,0,834,0,0,0,0,0,0,0,0,0,0,0,0
M5,2016-05-23__bonirob_2016-05-23-10-57-33_4_frame179,2016-05-23,1251936,0.015911356491066637,0.014569434859289932,-0.001341921631776705,296,1976,1229419,226,26,0,0,1976,17944,0,0,0,1759,70,516,0,0,0,0,0,0,0,0,0,0,0,0
M5,2016-05-23__bonirob_2016-05-23-10-57-33_4_frame183,2016-05-23,1251936,0.026704240472356415,0.025268863584080977,-0.001435376888275438,640,2437,1213462,528,144,0,0,2437,30995,0,0,0,2090,112,2168,0,0,0,0,0,0,0,0,0,0,0,0
M5,2016-05-23__bonirob_2016-05-23-10-57-33_4_frame189,2016-05-23,1251936,0.02541503719039951,0.02406512792986223,-0.001349909260537279,592,2282,1213563,592,129,0,0,2282,29536,0,0,0,3542,0,2292,0,0,0,0,0,0,0,0,0,0,0,0
M5,2016-05-23__bonirob_2016-05-23-10-57-33_4_frame198,2016-05-23,1251936,0.012380025816016153,0.009571575543797766,-0.0028084502722183873,191,3707,1233932,44,40,0,0,3707,11792,0,0,0,1425,147,849,0,0,0,0,0,0,0,0,0,0,0,0
M5,2016-05-23__bonirob_2016-05-23-10-57-33_4_frame203,2016-05-23,1251936,0.0320575492676942,0.030684475883751245,-0.0013730733839429528,463,2182,1209985,463,51,0,0,2182,37952,0,0,0,752,0,551,0,0,0,0,0,0,0,0,0,0,0,0
M5,2016-05-23__bonirob_2016-05-23-10-57-33_4_frame211,2016-05-23,1251936,0.03379565728599545,0.032401816067275005,-0.0013938412187204444,578,2323,1207708,578,41,0,0,2323,39987,0,0,0,586,0,713,0,0,0,0,0,0,0,0,0,0,0,0
M5,2016-05-23__bonirob_2016-05-23-10-57-33_4_frame218,2016-05-23,1251936,0.034540903049357155,0.03134824783375508,-0.0031926552156020735,450,4447,1204841,450,151,0,0,3391,38796,1056,0,0,1329,0,1922,0,0,0,0,0,0,0,0,0,0,0,0
M5,2016-05-23__bonirob_2016-05-23-10-57-33_4_frame220,2016-05-23,1251936,0.012515016742069882,0.010934265010351966,-0.0015807517317179155,66,2045,1231074,66,164,0,0,2006,13623,39,0,0,3022,0,1942,0,0,0,0,0,0,0,0,0,0,0,0
M5,2016-05-23__bonirob_2016-05-23-10-57-33_4_frame225,2016-05-23,1251936,0.04148854254530583,0.04029678833422795,-0.0011917542110778806,589,2081,1198579,589,41,0,0,2081,49860,0,0,0,577,0,209,0,0,0,0,0,0,0,0,0,0,0,0
M5,2016-05-23__bonirob_2016-05-23-10-57-33_4_frame231,2016-05-23,1251936,0.0722760588400685,0.07278566955499323,0.0005096107149247242,2131,1493,1156087,2131,68,0,0,1493,88992,0,0,0,1455,0,1710,0,0,0,0,0,0,0,0,0,0,0,0
M5,2016-05-23__bonirob_2016-05-23-10-57-33_4_frame248,2016-05-23,1251936,0.08445559517419421,0.08555389412877336,0.0010982989545791494,2995,1620,1141838,2995,139,0,0,1588,104113,32,0,0,647,0,584,0,0,0,0,0,0,0,0,0,0,0,0
M5,2016-05-23__bonirob_2016-05-23-10-57-33_4_frame253,2016-05-23,1251936,0.087672213276078,0.08896780666104337,0.0012955933849653628,3439,1817,1136478,3425,123,0,0,1817,107943,0,0,0,1268,14,868,0,0,0,0,0,0,0,0,0,0,0,0
M5,2016-05-23__bonirob_2016-05-23-10-57-33_4_frame254,2016-05-23,1251936,0.08625041535669555,0.08710748792270531,0.0008570725660097672,2385,1312,1139649,2385,152,0,0,1312,106668,0,0,0,1147,0,623,0,0,0,0,0,0,0,0,0,0,0,0
M5,2016-05-23__bonirob_2016-05-23-10-57-33_4_frame259,2016-05-23,1251936,0.0955719781202873,0.09706885975001917,0.0014968816297318693,3165,1291,1126584,3165,128,0,0,1291,118359,0,0,0,1202,0,1207,0,0,0,0,0,0,0,0,0,0,0,0
M5,2016-05-23__bonirob_2016-05-23-10-57-33_4_frame264,2016-05-23,1251936,0.057050839659535314,0.05633115430820745,-0.0007196853513278673,1068,1969,1178202,1068,76,0,0,1969,69455,0,0,0,524,0,642,0,0,0,0,0,0,0,0,0,0,0,0
M5,2016-05-23__bonirob_2016-05-23-10-57-33_4_frame270,2016-05-23,1251936,0.016645419574163534,0.01499597423510467,-0.0016494453390588637,168,2233,1227898,101,15,0,0,2233,18606,0,0,0,1936,67,1080,0,0,0,0,0,0,0,0,0,0,0,0
M5,2016-05-23__bonirob_2016-05-23-10-57-33_4_frame273,2016-05-23,1251936,0.061781912174424254,0.06137614063338701,-0.000405771541037242,1735,2243,1171108,1735,81,0,0,1229,75104,1014,0,0,588,0,1077,0,0,0,0,0,0,0,0,0,0,0,0
M5,2016-05-23__bonirob_2016-05-23-10-57-33_4_frame278,2016-05-23,1251936,0.04727238453083864,0.04609580681440585,-0.0011765777164327862,665,2138,1190235,665,241,0,0,2138,57044,0,0,0,1367,0,246,0,0,0,0,0,0,0,0,0,0,0,0
M5,2016-05-23__bonirob_2016-05-23-10-57-33_4_frame279,2016-05-23,1251936,0.04063786008230453,0.04045174833218312,-0.00018611175012141212,912,1145,1197034,834,114,0,151,1145,49731,0,0,0,1346,78,1359,0,144,0,0,0,0,0,0,0,0,0,0
M5,2016-05-23__bonirob_2016-05-23-10-57-33_4_frame283,2016-05-23,1251936,0.03055507629782992,0.02857334560233111,-0.0019817306954988123,347,2828,1211352,347,51,0,0,2828,35425,0,0,0,861,0,1072,0,0,0,0,0,0,0,0,0,0,0,0
M5,2016-05-23__bonirob_2016-05-23-10-57-33_4_frame303,2016-05-23,1251936,0.019774173759681005,0.017904269866830254,-0.0018699038928507508,158,2499,1226191,158,11,0,0,2499,22257,0,0,0,734,0,86,0,0,0,0,0,0,0,0,0,0,0,0
M5,2016-05-23__bonirob_2016-05-23-11-02-39_5_frame9,2016-05-23,1251936,0.034302072949415945,0.032781228433402344,-0.0015208445160136003,277,2181,1207695,277,50,0,0,2181,40763,0,0,0,565,0,405,0,0,0,0,0,0,0,0,0,0,0,0
M5,2016-05-23__bonirob_2016-05-23-11-02-39_5_frame15,2016-05-23,1251936,0.024803184827339418,0.0233861794852133,-0.001417005342126118,105,1879,1218554,105,26,0,0,1879,29173,0,0,0,1000,0,1199,0,0,0,0,0,0,0,0,0,0,0,0
M5,2016-05-23__bonirob_2016-05-23-11-02-39_5_frame20,2016-05-23,1251936,0.0034818073767349128,0.002124709250313115,-0.0013570981264217977,88,1787,1245854,9,0,0,0,1787,2572,0,0,0,1348,79,287,0,0,0,0,0,0,0,0,0,0,0,0
M5,2016-05-23__bonirob_2016-05-23-11-02-39_5_frame29,2016-05-23,1251936,0.02954863507399739,0.028324930347877208,-0.0012237047261201839,453,1985,1212414,453,90,0,0,1985,35008,0,0,0,819,0,1167,0,0,0,0,0,0,0,0,0,0,0,0
M5,2016-05-23__bonirob_2016-05-23-11-02-39_5_frame30,2016-05-23,1251936,0.034544098100861384,0.03314067172762825,-0.0014034263732331312,817,2574,1207485,817,0,0,0,2574,40673,0,0,0,338,0,49,0,0,0,0,0,0,0,0,0,0,0,0
M5,2016-05-23__bonirob_2016-05-23-11-02-39_5_frame31,2016-05-23,1251936,0.020161573754568923,0.01852890243590727,-0.0016326713186616548,334,2378,1225992,334,1,0,0,2378,22863,0,0,0,244,0,124,0,0,0,0,0,0,0,0,0,0,0,0
M5,2016-05-23__bonirob_2016-05-23-11-02-39_5_frame34,2016-05-23,1251936,0.10510681057178642,0.10625303529892902,0.0011462247271425974,3544,2109,1116562,3544,21,0,0,2109,129478,0,0,0,136,0,86,0,0,0,0,0,0,0,0,0,0,0,0
M5,2016-05-23__bonirob_2016-05-23-11-02-39_5_frame37,2016-05-23,1251936,0.023398959691230223,0.021448380747897657,-0.0019505789433325663,450,2892,1221428,450,11,0,0,2886,26402,6,0,0,467,0,286,0,0,0,0,0,0,0,0,0,0,0,0
M5,2016-05-23__bonirob_2016-05-23-11-02-39_5_frame60,2016-05-23,1251936,0.02788481200316949,0.026343998415254453,-0.001540813587915038,274,2203,1216752,274,0,0,0,2203,32707,0,0,0,0,0,0,0,0,0,0,0,0,0,0,0,0,0,0
M5,2016-05-23__bonirob_2016-05-23-11-02-39_5_frame62,2016-05-23,1251936,0.03996530174066406,0.03877035247808195,-0.0011949492625821095,789,2285,1200414,789,55,0,0,2285,47749,0,0,0,200,0,444,0,0,0,0,0,0,0,0,0,0,0,0
M5,2016-05-23__bonirob_2016-05-23-11-02-39_5_frame69,2016-05-23,1251936,0.04594484063083097,0.044308175497789024,-0.001636665133041948,618,2667,1192684,618,29,0,0,2667,54853,0,0,0,471,0,614,0,0,0,0,0,0,0,0,0,0,0,0
M5,2016-05-23__bonirob_2016-05-23-11-02-39_5_frame80,2016-05-23,1251936,0.03864734299516908,0.037668059709122514,-0.0009792832860465658,640,1866,1193168,640,345,0,19,1866,46518,0,0,0,2062,0,6481,0,837,0,0,0,0,0,0,0,0,0,0
M5,2016-05-23__bonirob_2016-05-23-11-02-39_5_frame84,2016-05-23,1251936,0.03942453927357309,0.03841889681261662,-0.0010056424609564685,475,1734,1201386,475,28,0,0,1734,47623,0,0,0,482,0,208,0,0,0,0,0,0,0,0,0,0,0,0
M5,2016-05-23__bonirob_2016-05-23-11-02-39_5_frame89,2016-05-23,1251936,0.012942354880760678,0.011829678194412495,-0.001112676686348183,414,1807,1233540,89,26,0,0,1807,14396,0,0,0,1044,325,709,0,0,0,0,0,0,0,0,0,0,0,0
M5,2016-05-23__bonirob_2016-05-23-11-02-39_5_frame90,2016-05-23,1251936,0.022445236817217492,0.02072629910794162,-0.001718937709275871,287,2439,1221083,287,43,0,0,2439,25661,0,0,0,1221,0,1202,0,0,0,0,0,0,0,0,0,0,0,0
M5,2016-05-23__bonirob_2016-05-23-11-02-39_5_frame93,2016-05-23,1251936,0.025572393476982848,0.023836681747309768,-0.0017357117296730798,241,2414,1219234,241,0,0,0,2414,29601,0,0,0,443,0,3,0,0,0,0,0,0,0,0,0,0,0,0
M5,2016-05-23__bonirob_2016-05-23-11-02-39_5_frame105,2016-05-23,1251936,0.02494536461927766,0.023287931651458222,-0.0016574329678194395,303,2378,1217918,303,19,0,0,2378,28852,0,0,0,1119,0,1347,0,0,0,0,0,0,0,0,0,0,0,0
M5,2016-05-23__bonirob_2016-05-23-11-02-39_5_frame108,2016-05-23,1251936,0.010564437798737315,0.00885907905835442,-0.0017053587403828945,66,2201,1237692,66,2,0,0,2201,11025,0,0,0,677,0,273,0,0,0,0,0,0,0,0,0,0,0,0
M5,2016-05-23__bonirob_2016-05-23-11-02-39_5_frame112,2016-05-23,1251936,0.03502495335224804,0.03338269687907369,-0.0016422564731743486,401,2457,1205920,401,44,0,0,2457,41392,0,0,0,1239,0,483,0,0,0,0,0,0,0,0,0,0,0,0
M5,2016-05-23__bonirob_2016-05-23-11-02-39_5_frame116,2016-05-23,1251936,0.04093979244945428,0.04018815658308412,-0.0007516358663701636,713,1654,1197636,713,28,0,0,1654,49600,0,0,0,854,0,1451,0,0,0,0,0,0,0,0,0,0,0,0
M5,2016-05-23__bonirob_2016-05-23-11-02-39_5_frame117,2016-05-23,1251936,0.03138658845180584,0.028981513431996522,-0.0024050750198093204,186,3197,1210933,186,58,0,0,3197,36097,0,0,0,619,0,846,0,0,0,0,0,0,0,0,0,0,0,0
M5,2016-05-23__bonirob_2016-05-23-11-02-39_5_frame131,2016-05-23,1251936,0.05337653042967053,0.05209052219921785,-0.001286008230452676,1121,2731,1182518,1121,34,0,0,2731,64093,0,0,0,623,0,816,0,0,0,0,0,0,0,0,0,0,0,0
M5,2016-05-23__bonirob_2016-05-23-11-02-39_5_frame144,2016-05-23,1251936,0.02105379188712522,0.01976618613092043,-0.0012876057562047905,198,1810,1222225,198,38,0,0,1810,24548,0,0,0,1704,0,1413,0,0,0,0,0,0,0,0,0,0,0,0
M5,2016-05-23__bonirob_2016-05-23-11-02-39_5_frame149,2016-05-23,1251936,0.008205691025739335,0.008702521534647139,0.0004968305089078032,1530,908,1229217,120,132,0,0,908,9365,0,0,0,4093,1410,3917,2774,0,0,0,0,0,0,0,0,0,0,0
M5,2016-05-23__bonirob_2016-05-23-11-02-39_5_frame155,2016-05-23,1251936,0.03915216113283746,0.037948425478618715,-0.001203735654218746,667,2174,1201107,577,27,0,0,2174,46842,0,0,0,621,90,498,0,0,0,0,0,0,0,0,0,0,0,0
M5,2016-05-23__bonirob_2016-05-23-11-02-39_5_frame164,2016-05-23,1251936,0.011927127265291517,0.010783298826777088,-0.0011438284385144291,34,1466,1234623,33,34,0,0,1466,13466,0,0,0,1508,1,805,0,0,0,0,0,0,0,0,0,0,0,0
M5,2016-05-23__bonirob_2016-05-23-11-02-39_5_frame169,2016-05-23,1251936,0.040589934309741074,0.039596273291925464,-0.00099366101781561,509,1753,1195154,509,209,0,0,1753,49063,0,0,0,1492,0,3756,0,0,0,0,0,0,0,0,0,0,0,0
M5,2016-05-23__bonirob_2016-05-23-11-02-39_5_frame177,2016-05-23,1251936,0.03831505763872914,0.03695396569792705,-0.0013610919408020908,753,2457,1199823,753,59,0,0,2457,45511,0,0,0,1614,0,1719,0,0,0,0,0,0,0,0,0,0,0,0
M5,2016-05-23__bonirob_2016-05-23-11-02-39_5_frame184,2016-05-23,1251936,0.02705010479768934,0.025720963371929556,-0.001329141425759784,449,2113,1215293,418,46,0,0,2113,31752,0,0,0,1211,31,1072,0,0,0,0,0,0,0,0,0,0,0,0
M5,2016-05-23__bonirob_2016-05-23-11-02-39_5_frame187,2016-05-23,1251936,0.024788008332694324,0.0212047580707001,-0.0035832502619942246,230,4716,1210845,230,217,0,0,2560,26317,2156,0,0,4016,0,5595,0,0,0,0,0,0,0,0,0,0,0,0
M5,2016-05-23__bonirob_2016-05-23-11-02-39_5_frame189,2016-05-23,1251936,0.014800277330470566,0.013081339621194694,-0.0017189377092758727,52,2204,1224644,52,258,0,0,2204,16325,0,0,0,3982,0,4471,0,0,0,0,0,0,0,0,0,0,0,0
M5,2016-05-23__bonirob_2016-05-23-11-02-39_5_frame192,2016-05-23,1251936,0.015734031132581858,0.013913650538046673,-0.0018203805945351849,80,2359,1227852,80,111,0,0,2359,17339,0,0,0,1787,0,2408,0,0,0,0,0,0,0,0,0,0,0,0
M5,2016-05-23__bonirob_2016-05-23-11-02-39_5_frame193,2016-05-23,1251936,0.017821997290596324,0.01644493009227309,-0.0013770671983232355,247,1971,1224903,247,117,0,0,1971,20341,0,0,0,1914,0,2443,0,0,0,0,0,0,0,0,0,0,0,0
M5,2016-05-23__bonirob_2016-05-23-11-02-39_5_frame199,2016-05-23,1251936,0.03230117194489175,0.03394262965519004,0.0016414577102982914,3557,1502,1199697,386,203,0,0,1502,38937,0,0,0,3255,3171,4785,0,0,0,0,0,0,0,0,0,0,0,0
M5,2016-05-23__bonirob_2016-05-23-11-02-39_5_frame202,2016-05-23,1251936,0.03096803670475168,0.029451984765994428,-0.0015160519387572534,735,2633,1205738,735,243,0,0,2558,36137,75,0,0,2614,0,3836,0,0,0,0,0,0,0,0,0,0,0,0
M5,2016-05-23__bonirob_2016-05-23-11-02-39_5_frame203,2016-05-23,1251936,0.0053117731257827875,0.004151969429747208,-0.00115980369603558,87,1539,1240160,87,50,0,0,1539,5111,0,0,0,2914,0,2075,0,0,0,0,0,0,0,0,0,0,0,0
M5,2016-05-23__bonirob_2016-05-23-11-02-39_5_frame204,2016-05-23,1251936,0.019903573345602332,0.018551267796436878,-0.0013523055491654543,180,1873,1215275,180,313,0,0,1873,23045,0,0,0,4925,0,6325,0,0,0,0,0,0,0,0,0,0,0,0
M5,2016-05-23__bonirob_2016-05-23-11-02-39_5_frame215,2016-05-23,1251936,0.04561335403726708,0.044658832400378295,-0.0009545216368887846,992,2187,1188549,992,196,0,0,2187,54918,0,0,0,2988,0,2106,0,0,0,0,0,0,0,0,0,0,0,0
M5,2016-05-23__bonirob_2016-05-23-11-02-39_5_frame216,2016-05-23,1251936,0.005239884466937607,0.0045441620018914705,-0.0006957224650461363,51,922,1240686,51,11,0,0,922,5638,0,0,0,2424,0,2204,0,0,0,0,0,0,0,0,0,0,0,0
M5,2016-05-23__bonirob_2016-05-23-11-02-39_5_frame223,2016-05-23,1251936,0.02576809038161695,0.02429437287529075,-0.001473717506326199,748,2593,1216252,748,283,0,0,2593,29667,0,0,0,1090,0,1303,0,0,0,0,0,0,0,0,0,0,0,0
M5,2016-05-23__bonirob_2016-05-23-11-02-39_5_frame233,2016-05-23,1251936,0.02602449326483143,0.025149847915548397,-0.0008746453492830333,916,2011,1210476,916,195,0,0,2011,30570,0,0,0,2909,0,4859,0,0,0,0,0,0,0,0,0,0,0,0
M5,2016-05-23__bonirob_2016-05-23-11-02-39_5_frame243,2016-05-23,1251936,0.014189223730286532,0.013067760652301716,-0.0011214630779848161,310,1714,1230752,310,29,0,0,1714,16050,0,0,0,1962,0,1119,0,0,0,0,0,0,0,0,0,0,0,0
M5,2016-05-23__bonirob_2016-05-23-11-02-39_5_frame246,2016-05-23,1251936,0.018683063670986377,0.018029675638371292,-0.0006533880326150855,498,1316,1226001,418,67,0,0,1316,22074,0,0,0,1132,80,848,0,0,0,0,0,0,0,0,0,0,0,0
M5,2016-05-23__bonirob_2016-05-23-11-02-39_5_frame253,2016-05-23,1251936,0.016439338752140684,0.015480024537995553,-0.0009593142141451315,286,1487,1230487,286,108,0,0,1487,19094,0,0,0,204,0,270,0,0,0,0,0,0,0,0,0,0,0,0
M5,2016-05-23__bonirob_2016-05-23-11-02-39_5_frame254,2016-05-23,1251936,0.008573121948725813,0.009028416788078624,0.0004552948393528114,1795,1225,1238439,226,30,0,0,1225,9508,0,0,0,750,1569,189,0,0,0,0,0,0,0,0,0,0,0,0
M5,2016-05-23__bonirob_2016-05-23-11-02-39_5_frame255,2016-05-23,1251936,0.0033076770697543644,0.003095206144723053,-0.0002124709250313113,620,886,1243072,0,45,0,0,886,3255,0,0,0,1882,620,2176,0,0,0,0,0,0,0,0,0,0,0,0
M5,2016-05-23__bonirob_2016-05-23-11-02-39_5_frame257,2016-05-23,1251936,0.008390205250108631,0.007513163612197429,-0.0008770416379112024,80,1178,1240193,80,23,0,0,1178,9326,0,0,0,852,0,284,0,0,0,0,0,0,0,0,0,0,0,0
M5,2016-05-23__bonirob_2016-05-23-11-02-39_5_frame264,2016-05-23,1251936,0.028948764154078165,0.02754134396646474,-0.0014074201876134243,479,2241,1212065,479,55,0,0,2241,34001,0,0,0,1112,0,1983,0,0,0,0,0,0,0,0,0,0,0,0
M5,2016-05-23__bonirob_2016-05-23-11-02-39_5_frame265,2016-05-23,1251936,0.01807600388518263,0.016655803491552285,-0.0014202003936303435,145,1923,1222848,145,116,0,0,1923,20707,0,0,0,3137,0,3060,0,0,0,0,0,0,0,0,0,0,0,0
M5,2016-05-23__bonirob_2016-05-23-11-02-39_5_frame266,2016-05-23,1251936,0.04472672724484319,0.043964707461084274,-0.0007620197837589146,944,1898,1193983,944,21,0,0,1898,54097,0,0,0,359,0,634,0,0,0,0,0,0,0,0,0,0,0,0
M5,2016-05-23__bonirob_2016-05-23-11-02-39_5_frame271,2016-05-23,1251936,0.0346567236663855,0.0337325550187869,-0.0009241686475986027,613,1770,1205683,613,44,0,0,1770,41618,0,0,0,1109,0,1099,0,0,0,0,0,0,0,0,0,0,0,0
M5,2016-05-23__bonirob_2016-05-23-11-02-39_5_frame272,2016-05-23,1251936,0.07048363494619533,0.07057788896557013,9.425401937479538e-05,2297,2179,1160944,2297,50,0,0,2179,86062,0,0,0,162,0,242,0,0,0,0,0,0,0,0,0,0,0,0
M5,2016-05-23__bonirob_2016-05-23-11-02-39_5_frame273,2016-05-23,1251936,0.049711007591442376,0.04875169337729724,-0.000959314214145135,1116,2317,1188375,1116,84,0,0,1672,59918,645,0,0,126,0,0,0,0,0,0,0,0,0,0,0,0,0,0
M5,2016-05-23__bonirob_2016-05-23-11-02-39_5_frame277,2016-05-23,1251936,0.037165637860082305,0.036245463026863996,-0.0009201748332183096,968,2120,1200772,704,138,0,0,2120,44409,0,0,0,1268,264,2261,0,0,0,0,0,0,0,0,0,0,0,0
M5,2016-05-23__bonirob_2016-05-23-11-02-39_5_frame278,2016-05-23,1251936,0.025264869769700687,0.023233615775886306,-0.0020312539938143817,289,2832,1216204,289,123,0,0,2832,28798,0,0,0,1324,0,2366,0,0,0,0,0,0,0,0,0,0,0,0
M5,2016-05-23__bonirob_2016-05-23-11-02-39_5_frame282,2016-05-23,1251936,0.018184635636326458,0.01704000843493597,-0.0011446272013904864,165,1598,1227401,165,33,0,0,1598,21168,0,0,0,1034,0,537,0,0,0,0,0,0,0,0,0,0,0,0
M5,2016-05-23__bonirob_2016-05-23-11-02-39_5_frame284,2016-05-23,1251936,0.01994990159241367,0.017956189453773995,-0.0019937121386396743,312,2808,1224649,312,45,0,0,2335,22168,473,0,0,985,0,969,0,0,0,0,0,0,0,0,0,0,0,0
M5,2016-05-23__bonirob_2016-05-23-11-02-39_5_frame292,2016-05-23,1251936,0.03423417810495105,0.03352008409375559,-0.0007140940111954597,912,1806,1202064,786,425,0,0,1806,41053,0,0,0,2043,126,3633,0,0,0,0,0,0,0,0,0,0,0,0
M5,2016-05-23__bonirob_2016-05-23-11-02-39_5_frame293,2016-05-23,1251936,0.025288832655982415,0.023958093704470516,-0.0013307389515118985,312,1978,1218051,302,43,0,0,1978,29682,0,0,0,1237,10,633,0,0,0,0,0,0,0,0,0,0,0,0
M5,2016-05-23__bonirob_2016-05-23-11-02-39_5_frame294,2016-05-23,1251936,0.015837071543593283,0.014575026199422334,-0.0012620453441709485,147,1727,1228245,147,76,0,0,1727,18100,0,0,0,1791,0,1850,0,0,0,0,0,0,0,0,0,0,0,0
M5,2016-05-23__bonirob_2016-05-23-11-07-45_6_frame3,2016-05-23,1251936,0.018561651713825626,0.017490510697032436,-0.0010711410167931895,385,1726,1220658,385,116,0,155,1726,21512,0,0,0,3288,0,2368,0,1728,0,0,0,0,0,0,0,0,0,0
M5,2016-05-23__bonirob_2016-05-23-11-07-45_6_frame4,2016-05-23,1251936,0.07049721391508831,0.0701681236101526,-0.00032909030493571967,1374,1786,1161219,1374,199,0,0,1786,86472,0,0,0,165,0,721,0,0,0,0,0,0,0,0,0,0,0,0
M5,2016-05-23__bonirob_2016-05-23-11-07-45_6_frame17,2016-05-23,1251936,0.03038813485673389,0.029619724969966517,-0.0007684098867673725,968,1930,1204791,968,386,0,0,1930,36114,0,0,0,2387,0,5360,0,0,0,0,0,0,0,0,0,0,0,0
M5,2016-05-23__bonirob_2016-05-23-11-07-45_6_frame27,2016-05-23,1251936,0.05710116172072694,0.05661471512920788,-0.00048644659151905745,1179,1788,1177874,1118,54,0,0,1788,69699,0,0,0,1054,61,288,0,0,0,0,0,0,0,0,0,0,0,0
M5,2016-05-23__bonirob_2016-05-23-11-07-45_6_frame34,2016-05-23,1251936,0.06923916238529765,0.0698893553664085,0.0006501929811108531,2119,1305,1160391,1726,305,0,0,1305,85378,0,0,0,829,393,1609,0,0,0,0,0,0,0,0,0,0,0,0
M5,2016-05-23__bonirob_2016-05-23-11-07-45_6_frame38,2016-05-23,1251936,0.040957365232727555,0.040303977200112466,-0.000653388032615089,1067,1885,1197483,717,130,0,0,1885,49391,0,0,0,1054,350,926,0,0,0,0,0,0,0,0,0,0,0,0
M5,2016-05-23__bonirob_2016-05-23-11-07-45_6_frame41,2016-05-23,1251936,0.025914263987935487,0.024230471845206145,-0.0016837921427293422,571,2679,1214389,571,380,0,0,2586,29764,93,0,0,1957,0,2196,0,0,0,0,0,0,0,0,0,0,0,0
M5,2016-05-23__bonirob_2016-05-23-11-07-45_6_frame51,2016-05-23,1251936,0.0357070968484012,0.034409107174807656,-0.0012979896735935414,698,2323,1204968,698,26,0,0,2323,42380,0,0,0,1056,0,485,0,0,0,0,0,0,0,0,0,0,0,0
M5,2016-05-23__bonirob_2016-05-23-11-07-45_6_frame52,2016-05-23,1251936,0.029142064770084092,0.02739596912302226,-0.0017460956470618308,392,2578,1212167,392,119,0,0,2578,33906,0,0,0,1575,0,1199,0,0,0,0,0,0,0,0,0,0,0,0
M5,2016-05-23__bonirob_2016-05-23-11-07-45_6_frame61,2016-05-23,1251936,0.03105350433248984,0.029367315901132326,-0.0016861884313575139,431,2542,1211441,431,64,0,0,2542,36335,0,0,0,579,0,544,0,0,0,0,0,0,0,0,0,0,0,0
M5,2016-05-23__bonirob_2016-05-23-11-07-45_6_frame63,2016-05-23,1251936,0.024541989366868595,0.023029931242491627,-0.0015120581243769672,734,2627,1212363,394,694,0,7,1548,28098,1079,0,0,2005,340,5339,0,69,0,0,0,0,0,0,0,0,0,0
M5,2016-05-23__bonirob_2016-05-23-11-07-45_6_frame68,2016-05-23,1251936,0.03396339748996754,0.03259272039465276,-0.0013706770953147776,416,2132,1208458,416,0,0,0,2132,40388,0,0,0,466,0,76,0,0,0,0,0,0,0,0,0,0,0,0
M5,2016-05-23__bonirob_2016-05-23-11-07-45_6_frame70,2016-05-23,1251936,0.06192089691485827,0.06062690105564502,-0.0012939958592132483,745,2365,1172168,745,96,0,0,2365,75156,0,0,0,710,0,696,0,0,0,0,0,0,0,0,0,0,0,0
M5,2016-05-23__bonirob_2016-05-23-11-07-45_6_frame75,2016-05-23,1251936,0.019647170462387852,0.017653458323748178,-0.0019937121386396743,304,2800,1224957,304,40,0,0,2800,21797,0,0,0,1351,0,687,0,0,0,0,0,0,0,0,0,0,0,0
M5,2016-05-23__bonirob_2016-05-23-11-07-45_6_frame99,2016-05-23,1251936,0.03736772486772487,0.035759815198220996,-0.0016079096695038736,491,2504,1204321,491,3,0,0,2504,44278,0,0,0,291,0,48,0,0,0,0,0,0,0,0,0,0,0,0
M5,2016-05-23__bonirob_2016-05-23-11-07-45_6_frame104,2016-05-23,1251936,0.02701975180839915,0.02513946399815965,-0.0018802878102395018,572,2926,1215996,516,111,0,0,2926,30901,0,0,0,767,56,663,0,0,0,0,0,0,0,0,0,0,0,0
M5,2016-05-23__bonirob_2016-05-23-11-07-45_6_frame108,2016-05-23,1251936,0.052665631469979296,0.051254217467985586,-0.0014114140019937105,881,2648,1184770,881,12,0,0,2648,63286,0,0,0,310,0,29,0,0,0,0,0,0,0,0,0,0,0,0
M5,2016-05-23__bonirob_2016-05-23-11-07-45_6_frame109,2016-05-23,1251936,0.051454706949876035,0.050389157273215246,-0.0010655496766607889,875,2209,1186420,875,7,0,0,2209,62209,0,0,0,87,0,129,0,0,0,0,0,0,0,0,0,0,0,0
M5,2016-05-23__bonirob_2016-05-23-11-07-45_6_frame115,2016-05-23,1251936,0.04173056769675127,0.040310367303120924,-0.001420200393630347,502,2280,1198298,502,14,0,0,2280,49964,0,0,0,775,0,103,0,0,0,0,0,0,0,0,0,0,0,0
M5,2016-05-23__bonirob_2016-05-23-11-07-45_6_frame122,2016-05-23,1251936,0.05644857245098791,0.05569054648160928,-0.0007580259693786284,1196,2145,1179624,1196,9,0,0,2145,68525,0,0,0,307,0,130,0,0,0,0,0,0,0,0,0,0,0,0
M5,2016-05-23__bonirob_2016-05-23-11-07-45_6_frame127,2016-05-23,1251936,0.0788674500932955,0.07835464432686655,-0.0005128057664289531,2181,2823,1149470,1841,62,0,0,2823,95914,0,0,0,878,340,608,0,0,0,0,0,0,0,0,0,0,0,0
M5,2016-05-23__bonirob_2016-05-23-11-07-45_6_frame131,2016-05-23,1251936,0.06560798635073997,0.06516067914014774,-0.0004473072105922321,1564,2124,1167073,1564,24,0,0,2124,80013,0,0,0,785,0,353,0,0,0,0,0,0,0,0,0,0,0,0
M5,2016-05-23__bonirob_2016-05-23-11-07-45_6_frame133,2016-05-23,1251936,0.07422264396902079,0.0738855660353245,-0.000337077933696292,1242,1664,1157318,1242,0,0,0,1664,91258,0,0,0,428,0,26,0,0,0,0,0,0,0,0,0,0,0,0
M5,2016-05-23__bonirob_2016-05-23-11-07-45_6_frame135,2016-05-23,1251936,0.06716158014467193,0.06661762262607673,-0.0005439575185951923,1433,2114,1166144,1433,0,0,0,2114,81968,0,0,0,275,0,2,0,0,0,0,0,0,0,0,0,0,0,0
M5,2016-05-23__bonirob_2016-05-23-11-07-45_6_frame138,2016-05-23,1251936,0.06176114433964675,0.0607043810546226,-0.0010567632850241523,1073,2396,1173232,1073,23,0,0,2396,74925,0,0,0,204,0,83,0,0,0,0,0,0,0,0,0,0,0,0
M5,2016-05-23__bonirob_2016-05-23-11-07-45_6_frame141,2016-05-23,1251936,0.056079544002249314,0.05475918896812616,-0.001320355034123151,1334,2987,1177471,1334,39,0,6,2987,67221,0,0,0,1441,0,1437,0,0,0,0,0,0,0,0,0,0,0,0
M5,2016-05-23__bonirob_2016-05-23-11-07-45_6_frame146,2016-05-23,1251936,0.027184296960867008,0.02527685121284155,-0.0019074457480254582,495,2883,1216662,495,5,0,0,2871,31150,12,0,0,591,0,150,0,0,0,0,0,0,0,0,0,0,0,0
M5,2016-05-23__bonirob_2016-05-23-11-07-45_6_frame149,2016-05-23,1251936,0.04171379367635406,0.040329537612146305,-0.0013842560642077575,681,2414,1198064,681,67,0,0,2414,49809,0,0,0,574,0,327,0,0,0,0,0,0,0,0,0,0,0,0
M5,2016-05-23__bonirob_2016-05-23-11-07-45_6_frame156,2016-05-23,1251936,0.07919015029522276,0.08002006492344657,0.0008299146282238073,2689,1650,1149130,2689,117,0,0,1650,97491,0,0,0,514,0,345,0,0,0,0,0,0,0,0,0,0,0,0
M5,2016-05-23__bonirob_2016-05-23-11-07-45_6_frame162,2016-05-23,1251936,0.07268502543260998,0.07238389182833627,-0.0003011336042737095,1610,1987,1158635,1610,159,0,0,1987,89010,0,0,0,255,0,280,0,0,0,0,0,0,0,0,0,0,0,0
M5,2016-05-23__bonirob_2016-05-23-11-07-45_6_frame166,2016-05-23,1251936,0.036660819722413925,0.03576221148684917,-0.0008986082355647573,763,1888,1195438,763,738,0,37,1888,44009,0,0,0,3626,0,5026,0,411,0,0,0,0,0,0,0,0,0,0
M5,2016-05-23__bonirob_2016-05-23-11-07-45_6_frame175,2016-05-23,1251936,0.05969714106791402,0.058613219845103905,-0.0010839212228101122,1094,2451,1174637,1094,78,0,0,2451,72286,0,0,0,577,0,813,0,0,0,0,0,0,0,0,0,0,0,0
M5,2016-05-23__bonirob_2016-05-23-11-07-45_6_frame176,2016-05-23,1251936,0.054340637221072005,0.05349874114970733,-0.0008418960713646728,1328,2382,1180243,1328,67,0,0,2382,65649,0,0,0,851,0,1416,0,0,0,0,0,0,0,0,0,0,0,0
M5,2016-05-23__bonirob_2016-05-23-11-07-45_6_frame201,2016-05-23,1251936,0.07384243284001737,0.07381527490223143,-2.7157937785945996e-05,1624,1658,1153673,1624,322,0,0,1658,90788,0,0,0,1844,0,2027,0,0,0,0,0,0,0,0,0,0,0,0
M5,2016-05-23__bonirob_2016-05-23-11-07-45_6_frame208,2016-05-23,1251936,0.04311482376095903,0.04106839327249955,-0.002046430488459476,718,3280,1196596,718,19,0,0,3280,50697,0,0,0,554,0,72,0,0,0,0,0,0,0,0,0,0,0,0
M5,2016-05-23__bonirob_2016-05-23-11-07-45_6_frame210,2016-05-23,1251936,0.080941837282417,0.0815081601615418,0.0005663228791248087,2243,1534,1145748,2243,190,0,0,1534,99800,0,0,0,1126,0,1295,0,0,0,0,0,0,0,0,0,0,0,0
M5,2016-05-23__bonirob_2016-05-23-11-07-45_6_frame212,2016-05-23,1251936,0.06360229276895944,0.06374527132377374,0.00014297855481429367,1765,1586,1169674,1761,11,0,0,1586,78040,0,0,0,778,4,82,0,0,0,0,0,0,0,0,0,0,0,0
M5,2016-05-23__bonirob_2016-05-23-11-07-45_6_frame215,2016-05-23,1251936,0.09721583211921377,0.09886367993252052,0.0016478478133067492,2864,801,1126813,2864,126,0,0,801,120907,0,0,0,163,0,262,0,0,0,0,0,0,0,0,0,0,0,0
M5,2016-05-23__bonirob_2016-05-23-11-07-45_6_frame218,2016-05-23,1251936,0.07372820974874116,0.07393748562226823,0.00020927587352707888,1907,1645,1156208,1907,114,0,0,1645,90658,0,0,0,723,0,681,0,0,0,0,0,0,0,0,0,0,0,0
M5,2016-05-23__bonirob_2016-05-23-11-07-45_6_frame220,2016-05-23,1251936,0.05241481992689722,0.05211528384837564,-0.00029953607852158115,1478,1853,1183647,1276,5,0,0,1853,63767,0,0,0,790,202,396,0,0,0,0,0,0,0,0,0,0,0,0
M5,2016-05-23__bonirob_2016-05-23-11-07-45_6_frame224,2016-05-23,1251936,0.09370127546456049,0.09500246018965826,0.0013011847250977704,3159,1530,1131008,3159,124,0,0,1530,115778,0,0,0,211,0,126,0,0,0,0,0,0,0,0,0,0,0,0
M5,2016-05-23__bonirob_2016-05-23-11-07-45_6_frame227,2016-05-23,1251936,0.05661791018071211,0.0556242491628965,-0.00099366101781561,1032,2276,1178721,1032,149,0,0,2276,68606,0,0,0,475,0,677,0,0,0,0,0,0,0,0,0,0,0,0
M5,2016-05-23__bonirob_2016-05-23-11-07-45_6_frame228,2016-05-23,1251936,0.040078726069064236,0.03927596937862638,-0.0008027566904378544,412,1417,1199975,412,48,0,0,1417,48759,0,0,0,627,0,698,0,0,0,0,0,0,0,0,0,0,0,0
M5,2016-05-23__bonirob_2016-05-23-11-07-45_6_frame231,2016-05-23,1251936,0.07211630626485699,0.07130715947141068,-0.0008091467934463054,1329,2342,1159838,1329,6,0,0,2342,87943,0,0,0,125,0,353,0,0,0,0,0,0,0,0,0,0,0,0
M5,2016-05-23__bonirob_2016-05-23-11-07-45_6_frame238,2016-05-23,1251936,0.038538711244025255,0.03689246095647062,-0.0016462502875546348,641,2702,1201535,639,67,0,0,2494,45546,208,0,0,919,2,526,0,0,0,0,0,0,0,0,0,0,0,0
M5,2016-05-23__bonirob_2016-05-23-11-07-45_6_frame252,2016-05-23,1251936,0.02756770314137464,0.026071620274518825,-0.0014960828668558156,338,2211,1216212,338,2,0,0,2211,32302,0,0,0,544,0,327,0,0,0,0,0,0,0,0,0,0,0,0
M5,2016-05-23__bonirob_2016-05-23-11-07-45_6_frame254,2016-05-23,1251936,0.023839876798813997,0.022315837231296168,-0.0015240395675178292,126,2034,1219356,126,11,0,0,2034,27812,0,0,0,1453,0,1144,0,0,0,0,0,0,0,0,0,0,0,0
M5,2016-05-23__bonirob_2016-05-23-11-07-45_6_frame259,2016-05-23,1251936,0.10254278173964164,0.10211304731232268,-0.00042973442731895906,2760,3298,1120798,2760,1,0,0,3298,125079,0,0,0,0,0,0,0,0,0,0,0,0,0,0,0,0,0,0
M5,2016-05-23__bonirob_2016-05-23-11-07-45_6_frame263,2016-05-23,1251936,0.018605583672008794,0.01671970452163689,-0.001885879150371906,188,2549,1226606,188,49,0,0,2549,20744,0,0,0,983,0,817,0,0,0,0,0,0,0,0,0,0,0,0
M5,2016-05-23__bonirob_2016-05-23-11-07-45_6_frame278,2016-05-23,1251936,0.03907867494824017,0.037836598675970654,-0.0012420762722695142,501,2056,1201234,501,166,0,0,2056,46868,0,0,0,735,0,376,0,0,0,0,0,0,0,0,0,0,0,0
M5,2016-05-23__bonirob_2016-05-23-11-07-45_6_frame280,2016-05-23,1251936,0.03098800577665312,0.02878581652736242,-0.0022021892492906994,166,2923,1200289,166,1021,0,0,2920,35872,3,0,0,1496,0,10169,0,0,0,0,0,0,0,0,0,0,0,0
M5,2016-05-23__bonirob_2016-05-23-11-07-45_6_frame284,2016-05-23,1251936,0.05467691639189224,0.05356264217979194,-0.001114274212100301,1087,2482,1181746,1087,32,0,0,2482,65970,0,0,0,252,0,367,0,0,0,0,0,0,0,0,0,0,0,0
M5,2016-05-23__bonirob_2016-05-23-11-07-45_6_frame288,2016-05-23,1251936,0.06447134677811006,0.06394895585716842,-0.00052239092094164,1721,2375,1168858,1721,13,0,0,2375,78339,0,0,0,362,0,268,0,0,0,0,0,0,0,0,0,0,0,0
M5,2016-05-23__bonirob_2016-05-23-11-07-45_6_frame289,2016-05-23,1251936,0.0380842151675485,0.03657615085755182,-0.0015080643099966776,648,2536,1201165,563,126,0,0,2536,45143,0,0,0,886,85,1432,0,0,0,0,0,0,0,0,0,0,0,0
M5,2016-05-23__bonirob_2016-05-23-11-07-45_6_frame297,2016-05-23,1251936,0.04224417222605628,0.04109315492165734,-0.0011510173043989408,699,2140,1196004,699,89,0,0,2140,50747,0,0,0,1191,0,1066,0,0,0,0,0,0,0,0,0,0,0,0
M5,2016-05-23__bonirob_2016-05-23-11-07-45_6_frame306,2016-05-23,1251936,0.011073249750785982,0.009797625437722056,-0.0012756243130639267,29,1626,1235825,29,51,0,0,1626,12237,0,0,0,1117,0,1051,0,0,0,0,0,0,0,0,0,0,0,0
M5,2016-05-23__bonirob_2016-05-23-11-12-51_7_frame4,2016-05-23,1251936,0.023129776601998824,0.022052245482197173,-0.0010775311198016509,204,1553,1221063,204,16,0,0,1553,27404,0,0,0,807,0,889,0,0,0,0,0,0,0,0,0,0,0,0
M5,2016-05-23__bonirob_2016-05-23-11-12-51_7_frame5,2016-05-23,1251936,0.05198588426245431,0.05167117168928763,-0.0003147125731666825,1083,1477,1183525,1083,220,0,0,1477,63606,0,0,0,770,0,1255,0,0,0,0,0,0,0,0,0,0,0,0
M5,2016-05-23__bonirob_2016-05-23-11-12-51_7_frame10,2016-05-23,1251936,0.03835259949390384,0.03735734095033612,-0.0009952585435677244,489,1735,1200466,489,178,0,0,1735,46280,0,0,0,1378,0,1410,0,0,0,0,0,0,0,0,0,0,0,0
M5,2016-05-23__bonirob_2016-05-23-11-12-51_7_frame13,2016-05-23,1251936,0.0017061575032589526,0.0015400148250389795,-0.000166142678219973,43,251,1246499,43,228,0,6,251,1885,0,0,0,1343,0,696,0,985,0,0,0,0,0,0,0,0,0,0
M5,2016-05-23__bonirob_2016-05-23-11-12-51_7_frame14,2016-05-23,1251936,0.06667113973877259,0.06652017355519771,-0.0001509661835748799,1203,1392,1166092,1203,78,0,0,1392,82076,0,0,0,521,0,574,0,0,0,0,0,0,0,0,0,0,0,0
M5,2016-05-23__bonirob_2016-05-23-11-12-51_7_frame19,2016-05-23,1251936,0.03419184367252,0.03361992945326279,-0.0005719142192572094,518,1234,1204233,518,186,0,0,1234,41572,0,0,0,1727,0,2466,0,0,0,0,0,0,0,0,0,0,0,0
M5,2016-05-23__bonirob_2016-05-23-11-12-51_7_frame20,2016-05-23,1251936,0.08571923804411727,0.08596286072131483,0.0002436226771975608,1964,1659,1141801,1964,12,0,0,1659,105656,0,0,0,428,0,416,0,0,0,0,0,0,0,0,0,0,0,0
M5,2016-05-23__bonirob_2016-05-23-11-12-51_7_frame27,2016-05-23,1251936,0.048096707818930044,0.04657426577716433,-0.0015224420417657147,748,2654,1189732,748,46,0,0,2654,57560,0,0,0,585,0,611,0,0,0,0,0,0,0,0,0,0,0,0
M5,2016-05-23__bonirob_2016-05-23-11-12-51_7_frame29,2016-05-23,1251936,0.022735986504102447,0.021791848784602406,-0.0009441377195000406,90,1272,1220058,90,45,0,0,1272,27192,0,0,0,2303,0,976,0,0,0,0,0,0,0,0,0,0,0,0
M5,2016-05-23__bonirob_2016-05-23-11-12-51_7_frame31,2016-05-23,1251936,0.00427897272704036,0.0028731500651790506,-0.0014058226618613094,20,1780,1243757,20,96,0,0,1780,3577,0,0,0,1732,0,974,0,0,0,0,0,0,0,0,0,0,0,0
M5,2016-05-23__bonirob_2016-05-23-11-12-51_7_frame39,2016-05-23,1251936,0.0640639777113207,0.06426127214170692,0.00019729443038621342,1617,1370,1168802,1617,58,0,0,1370,78834,0,0,0,464,0,791,0,0,0,0,0,0,0,0,0,0,0,0
M5,2016-05-23__bonirob_2016-05-23-11-12-51_7_frame41,2016-05-23,1251936,0.033955409861206966,0.0324169925619201,-0.0015384172992868664,498,2424,1206205,498,170,0,0,2424,40086,0,0,0,759,0,1794,0,0,0,0,0,0,0,0,0,0,0,0
M5,2016-05-23__bonirob_2016-05-23-11-12-51_7_frame43,2016-05-23,1251936,0.052108893745367174,0.05151062035120006,-0.000598273394167112,1028,1777,1183981,1028,56,0,0,1777,63460,0,0,0,638,0,996,0,0,0,0,0,0,0,0,0,0,0,0
M5,2016-05-23__bonirob_2016-05-23-11-12-51_7_frame64,2016-05-23,1251936,0.1060876913835851,0.10964538123354549,0.0035576898499603826,4841,387,1108152,4841,1119,0,184,387,132428,0,0,0,1149,0,3343,0,333,0,0,0,0,0,0,0,0,0,0
M5,2016-05-23__bonirob_2016-05-23-11-12-51_7_frame71,2016-05-23,1251936,0.08259367891010404,0.08358733992791964,0.000993661017815603,2659,1415,1141888,2659,348,0,0,1415,101987,0,0,0,1716,0,1923,0,0,0,0,0,0,0,0,0,0,0,0
M5,2016-05-23__bonirob_2016-05-23-11-12-51_7_frame75,2016-05-23,1251936,0.002832413158500115,0.002296443268665491,-0.0005359698898346242,110,781,1241461,110,25,0,0,781,2765,0,0,0,5934,0,860,0,0,0,0,0,0,0,0,0,0,0,0
M5,2016-05-23__bonirob_2016-05-23-11-12-51_7_frame77,2016-05-23,1251936,0.008353462157809985,0.008111437006364543,-0.00024202515144544114,672,975,1233807,189,109,0,0,975,9483,0,0,0,3618,483,3272,0,0,0,0,0,0,0,0,0,0,0,0
M5,2016-05-23__bonirob_2016-05-23-11-12-51_7_frame87,2016-05-23,1251936,0.03103034020908417,0.03038094599084937,-0.0006493942182347993,555,1368,1205275,555,533,0,168,1368,37480,0,0,0,2228,0,3583,0,746,0,0,0,0,0,0,0,0,0,0
M5,2016-05-23__bonirob_2016-05-23-11-12-51_7_frame93,2016-05-23,1251936,0.03674628735015208,0.035114414794366486,-0.0016318725557855976,522,2565,1197134,522,1066,0,32,2565,43439,0,0,0,2247,0,4362,0,569,0,0,0,0,0,0,0,0,0,0
M5,2016-05-23__bonirob_2016-05-23-11-12-51_7_frame95,2016-05-23,1251936,0.030527119597167907,0.029247501469723693,-0.0012796181274442146,540,2142,1197815,540,801,0,0,2142,36076,0,0,0,4478,0,10084,0,0,0,0,0,0,0,0,0,0,0,0
M5,2016-05-23__bonirob_2016-05-23-11-12-51_7_frame96,2016-05-23,1251936,0.014365750325895254,0.013339340030161287,-0.001026410295733967,102,1387,1231851,102,68,0,0,1387,16598,0,0,0,1799,0,131,0,0,0,0,0,0,0,0,0,0,0,0
M5,2016-05-23__bonirob_2016-05-23-11-12-51_7_frame97,2016-05-23,1251936,0.031170123712394245,0.030248351353423818,-0.0009217723589704276,498,1652,1210607,498,2,0,0,1652,37371,0,0,0,1687,0,119,0,0,0,0,0,0,0,0,0,0,0,0
M5,2016-05-23__bonirob_2016-05-23-11-12-51_7_frame101,2016-05-23,1251936,0.039016371443907676,0.03733657311555862,-0.0016797983283490525,611,2714,1200481,611,56,0,0,2714,46132,0,0,0,722,0,1220,0,0,0,0,0,0,0,0,0,0,0,0
M5,2016-05-23__bonirob_2016-05-23-11-12-51_7_frame107,2016-05-23,1251936,0.027384786442757457,0.025341551005802213,-0.0020432354369552437,291,2849,1215093,291,22,0,0,2849,31435,0,0,0,2150,0,96,0,0,0,0,0,0,0,0,0,0,0,0
M5,2016-05-23__bonirob_2016-05-23-11-12-51_7_frame109,2016-05-23,1251936,0.0334577805894231,0.0325863302916443,-0.0008714502977787975,388,1479,1206201,385,117,0,0,1479,40408,0,0,0,2235,3,1108,0,0,0,0,0,0,0,0,0,0,0,0
M5,2016-05-23__bonirob_2016-05-23-11-12-51_7_frame111,2016-05-23,1251936,0.03649387828131789,0.0359235615878128,-0.0005703166935050949,934,1648,1202638,369,10,0,0,1648,44040,0,0,0,2513,565,153,0,0,0,0,0,0,0,0,0,0,0,0
M5,2016-05-23__bonirob_2016-05-23-11-12-51_7_frame116,2016-05-23,1251936,0.03902675536129643,0.038143323620376764,-0.0008834317409196629,828,1934,1199023,828,1,0,0,1934,46925,0,0,0,3225,0,0,0,0,0,0,0,0,0,0,0,0,0,0
M5,2016-05-23__bonirob_2016-05-23-11-12-51_7_frame119,2016-05-23,1251936,0.013106101270352478,0.011899170564629502,-0.0012069307057229767,168,1679,1232345,44,2,0,0,1679,14729,0,0,0,2921,124,92,0,0,0,0,0,0,0,0,0,0,0,0
M5,2016-05-23__bonirob_2016-05-23-11-12-51_7_frame137,2016-05-23,1251936,0.0018523311095774864,0.0011598036960355801,-0.0006925274135419063,16,883,1249347,16,13,0,0,869,1436,14,0,0,241,0,0,0,0,0,0,0,0,0,0,0,0,0,0
M5,2016-05-23__bonirob_2016-05-23-11-12-51_7_frame190,2016-05-23,1251936,0.03310312987245354,0.03143611175012141,-0.0016670181223321298,748,2835,1206363,748,9,0,38,2835,38608,0,0,0,2680,0,248,0,407,0,0,0,0,0,0,0,0,0,0
M6,2016-05-23__bonirob_2016-05-23-10-37-10_0_frame23,2016-05-23,1251936,0.05600685658052808,0.05487820463665874,-0.0011286519438693382,4092,5505,1061877,3605,0,2,11018,2811,64612,0,0,2694,0,0,0,0,0,10324,0,0,1,2884,36229,487,0,0,55392
M6,2016-05-23__bonirob_2016-05-23-10-37-10_0_frame28,2016-05-23,1251936,0.04947377501725328,0.04995463026863993,0.00048085525138664986,5124,4522,1148145,5053,1214,0,4225,3832,57416,690,0,0,0,0,0,0,0,0,0,0,0,0,17277,71,239,0,13774
M6,2016-05-23__bonirob_2016-05-23-10-37-10_0_frame30,2016-05-23,1251936,0.011623597372389643,0.013293810546226005,0.0016702131738363622,3447,1356,1221625,3183,1331,0,288,1356,13196,0,0,0,0,0,0,0,0,0,0,0,0,0,8822,264,533,0,1338
M6,2016-05-23__bonirob_2016-05-23-10-37-10_0_frame31,2016-05-23,1251936,0.018276493367073078,0.02054018735782021,0.002263693990747131,3830,996,1200343,3057,2705,0,0,996,21885,0,0,0,0,0,0,0,0,183,0,75,0,0,14415,773,7504,0,0
M6,2016-05-23__bonirob_2016-05-23-10-37-10_0_frame35,2016-05-23,1251936,0.02303552258262403,0.0313817958745495,0.008346273291925468,11665,1216,1192159,3918,0,0,1487,1216,27623,0,0,0,0,0,0,0,0,0,0,0,0,0,11007,7747,0,0,6779
M6,2016-05-23__bonirob_2016-05-23-10-37-10_0_frame44,2016-05-23,1251936,0.02813322725762339,0.03284752575211512,0.004714298494491731,6857,955,1089803,4639,107,32,21613,819,34266,133,0,3,0,0,0,0,0,2329,0,0,66,1637,17341,2218,0,0,76930
M6,2016-05-23__bonirob_2016-05-23-10-37-10_0_frame47,2016-05-23,1251936,0.02487667101193671,0.02730890396953199,0.002432232957595277,4154,1109,1192042,3872,8,57,2857,1109,30035,0,0,0,0,0,0,0,0,216,0,0,0,0,9453,282,0,0,12005
M6,2016-05-23__bonirob_2016-05-23-10-37-10_0_frame50,2016-05-23,1251936,0.004718292308872019,0.0048548807606778625,0.0001365884518058436,577,406,1242026,577,2771,0,0,406,5501,0,0,0,0,0,0,0,0,0,0,0,0,0,385,0,270,0,0
M6,2016-05-23__bonirob_2016-05-23-10-37-10_0_frame52,2016-05-23,1251936,0.022215991871788972,0.023471647112951462,0.0012556552411624906,2793,1221,1219531,2793,930,0,0,1221,26592,0,0,0,0,0,0,0,0,322,0,547,0,0,0,0,0,0,0
M6,2016-05-23__bonirob_2016-05-23-10-37-10_0_frame55,2016-05-23,1251936,0.014465595685402448,0.015321869488536154,0.0008562738031337065,2034,962,1230345,2034,637,0,0,962,17148,0,0,0,0,0,0,0,0,0,0,0,0,0,326,0,484,0,0
M6,2016-05-23__bonirob_2016-05-23-10-37-10_0_frame60,2016-05-23,1251936,0.026052449965493444,0.02854139508728881,0.002488945121795365,3990,874,1208237,3550,534,0,429,874,31742,0,0,0,0,0,0,0,0,965,0,22,0,274,2684,440,0,0,2185
M6,2016-05-23__bonirob_2016-05-23-10-37-10_0_frame93,2016-05-23,1251936,0.001304379776601999,0.0014146090534979425,0.00011022927689594356,215,77,1231025,215,1783,0,856,77,1556,0,0,0,0,0,0,0,0,3159,0,2134,0,0,6348,0,2022,0,2761
M6,2016-05-23__bonirob_2016-05-23-10-37-10_0_frame96,2016-05-23,1251936,0.006273483628556092,0.007765572681031618,0.001492089052475526,2187,319,1212623,1123,1302,0,2591,319,7535,0,0,0,0,0,0,0,0,2814,0,2290,0,6,8441,1064,2368,0,9460
M6,2016-05-23__bonirob_2016-05-23-10-37-10_0_frame97,2016-05-23,1251936,0.0017772473992280755,0.0036886869616338217,0.0019114395624057461,2576,183,1203838,399,648,0,4028,183,2042,0,0,0,0,0,0,0,0,2920,2139,796,73,157,14767,38,454,0,19454
M6,2016-05-23__bonirob_2016-05-23-10-37-10_0_frame102,2016-05-23,1251936,0.029696406206068043,0.031206068041816835,0.001509661835748792,2850,960,1165409,2574,6211,0,126,960,36218,0,0,0,0,0,0,0,0,10593,276,22179,0,0,3588,0,3797,0,5
M6,2016-05-23__bonirob_2016-05-23-10-37-10_0_frame103,2016-05-23,1251936,0.01924858778723513,0.021655260332796564,0.002406672545561435,4406,1393,1182794,2774,909,0,4704,1393,22705,0,0,0,0,0,0,0,0,2631,0,1167,0,573,15665,1632,1415,0,13574
M6,2016-05-23__bonirob_2016-05-23-10-37-10_0_frame113,2016-05-23,1251936,0.014313830738951512,0.015603832783784475,0.0012900020448329622,2853,1238,1202751,2697,5043,0,2,1238,16682,0,0,0,0,0,0,0,0,3974,156,4382,0,0,9132,0,5850,0,29
M6,2016-05-23__bonirob_2016-05-23-10-37-10_0_frame114,2016-05-23,1251936,0.012049337985328323,0.014765131763924034,0.0027157937785957115,4113,713,1202390,2564,3643,0,3546,713,14372,0,0,0,0,0,0,0,0,4159,1549,1828,0,0,7716,0,3874,0,5582
M6,2016-05-23__bonirob_2016-05-23-10-37-10_0_frame117,2016-05-23,1251936,0.0008506824630013036,0.004510613961097053,0.003659931498095749,4802,220,1216242,1226,5813,0,986,220,845,0,0,0,0,0,0,0,0,1342,3219,790,0,0,12380,357,6931,0,1585
M6,2016-05-23__bonirob_2016-05-23-10-37-10_0_frame125,2016-05-23,1251936,0.023097027324080463,0.026163478005265445,0.0030664506811849818,4519,680,1164510,4018,892,0,7284,429,28236,207,0,44,0,0,0,0,0,3446,0,123,0,50,15961,501,2335,0,23900
M6,2016-05-23__bonirob_2016-05-23-10-37-10_0_frame128,2016-05-23,1251936,0.023093832272576234,0.024796794724330957,0.0017029624517547227,3372,1240,1161919,2280,0,36,6601,1240,27672,0,0,0,0,0,0,0,0,2543,0,0,33,1780,24557,1092,0,0,22183
M6,2016-05-23__bonirob_2016-05-23-10-37-10_0_frame132,2016-05-23,1251936,0.04296625386601232,0.045527087646652864,0.0025608337806405437,3917,711,1177050,3917,21,0,3215,711,53080,0,0,0,0,0,0,0,0,2360,0,53,0,315,3220,0,0,0,7994
M6,2016-05-23__bonirob_2016-05-23-10-37-10_0_frame139,2016-05-23,1251936,0.02433590854484574,0.026293676354062826,0.001957767809217085,3268,817,1191520,3106,1488,0,1552,817,29650,0,0,0,0,0,0,0,0,4472,104,2460,0,871,6970,58,3082,0,5786
M6,2016-05-23__bonirob_2016-05-23-10-37-10_0_frame143,2016-05-23,1251936,0.04456777343250773,0.0478283234925747,0.003260550060066973,5183,1101,1170855,5183,1,0,3359,1101,54695,0,0,0,0,0,0,0,0,2710,0,0,15,2404,6333,0,7,0,5273
M6,2016-05-23__bonirob_2016-05-23-10-37-10_0_frame145,2016-05-23,1251936,0.019604037267080744,0.023033925056871917,0.003429887789791173,4982,688,1193676,3123,12,0,4560,688,23855,0,0,0,0,0,0,0,0,643,14,112,0,173,8664,1845,19,0,14552
M6,2016-05-23__bonirob_2016-05-23-10-37-10_0_frame150,2016-05-23,1251936,0.06277956700662014,0.06618229685862537,0.0034027298520052235,6876,2616,1154326,6125,1405,0,34,2616,75980,0,0,0,0,0,0,0,0,3331,751,894,0,0,2713,0,3532,0,229
M6,2016-05-23__bonirob_2016-05-23-10-37-10_0_frame151,2016-05-23,1251936,0.06416302430795184,0.06609682923088721,0.0019338049229353643,5500,3079,1154678,5500,503,0,899,3079,77249,0,0,0,0,0,0,0,0,3660,0,589,0,637,3291,0,361,0,1490
M6,2016-05-23__bonirob_2016-05-23-10-37-10_0_frame152,2016-05-23,1251936,0.056748907292385554,0.059670781893004114,0.0029218746006185597,5947,2289,1168250,5947,0,0,837,2289,68757,0,0,0,0,0,0,0,0,0,0,0,0,0,2584,0,0,0,3272
M6,2016-05-23__bonirob_2016-05-23-10-37-10_0_frame156,2016-05-23,1251936,0.028161982721161466,0.028027790557983795,-0.00013419216317767102,2255,2423,1203708,2255,0,2,2585,2392,32834,0,0,31,0,0,0,0,0,1391,0,0,33,920,2545,0,0,0,3240
M6,2016-05-23__bonirob_2016-05-23-10-37-10_0_frame161,2016-05-23,1251936,0.010181830381105744,0.010545267489711935,0.0003634371086061912,1471,1016,1198732,1452,0,0,7547,1016,11731,0,0,0,0,0,0,0,0,606,19,0,9,244,10046,0,0,0,20534
M6,2016-05-23__bonirob_2016-05-23-10-37-10_0_frame169,2016-05-23,1251936,0.05118792014927281,0.053931670628530534,0.002743750479257727,4738,1303,1153045,4738,0,23,5545,1303,62781,0,0,0,0,0,0,0,0,1502,0,0,12,633,10535,0,0,0,11819
M6,2016-05-23__bonirob_2016-05-23-10-37-10_0_frame180,2016-05-23,1251936,0.07668443115303018,0.08172382613807734,0.0050393949850471575,8744,2435,1118937,8464,1,0,5292,2435,93569,0,0,0,0,0,0,0,0,2001,0,0,0,2673,5390,280,0,0,12894
M6,2016-05-23__bonirob_2016-05-23-10-37-10_0_frame182,2016-05-23,1251936,0.03931111494517291,0.04669887278582931,0.0073877578406563935,10406,1157,1107326,4912,277,0,9310,1146,48058,0,0,11,0,0,0,0,0,4050,4941,7194,7,29122,9790,553,34,0,25205
M6,2016-05-23__bonirob_2016-05-23-10-37-10_0_frame197,2016-05-23,1251936,0.0,0.0012508626639061422,0.0012508626639061422,1566,0,1245568,236,1040,0,6,0,0,0,0,0,0,0,0,0,0,956,1330,1058,0,0,735,0,982,0,25
M6,2016-05-23__bonirob_2016-05-23-10-37-10_0_frame205,2016-05-23,1251936,0.03353765687702886,0.03638444776729801,0.002846790890269152,5043,1479,1180150,4511,0,0,5818,1478,40508,0,0,1,0,0,0,0,0,498,0,0,0,102,5781,532,0,0,12557
M6,2016-05-23__bonirob_2016-05-23-10-37-10_0_frame209,2016-05-23,1251936,0.05423759681006058,0.057649911816578484,0.0034123150065179034,5167,895,1162557,4961,0,0,2780,895,67007,0,0,0,0,0,0,0,0,512,206,0,0,251,3375,0,0,0,9392
M6,2016-05-23__bonirob_2016-05-23-10-37-10_0_frame210,2016-05-23,1251936,0.03593953684533395,0.03544510262505431,-0.0004944342202796367,6162,6781,1148079,3369,0,0,9885,1426,38213,0,0,5355,0,0,0,0,0,1848,519,0,0,2314,5498,2274,18,0,33138
M6,2016-05-23__bonirob_2016-05-23-10-37-10_0_frame214,2016-05-23,1251936,0.012057325614088898,0.013119680239245457,0.0010623546251565582,1578,248,1224480,1432,2456,0,0,248,14847,0,0,0,0,0,0,0,0,3650,146,2913,0,0,461,0,1303,0,0
M6,2016-05-23__bonirob_2016-05-23-10-37-10_0_frame215,2016-05-23,1251936,0.020675977046749994,0.022290276819262326,0.0016142997725123315,2991,970,1213952,2979,2970,0,0,970,24915,0,0,0,0,0,0,0,0,1776,12,1137,0,0,914,0,2311,0,0
M6,2016-05-23__bonirob_2016-05-23-10-37-10_0_frame220,2016-05-23,1251936,0.03284512946348695,0.03504492242414948,0.0021997929606625277,3414,660,1198673,2869,0,0,1960,660,40460,0,0,0,0,0,0,0,0,723,545,0,0,231,2878,0,0,0,2937
M6,2016-05-23__bonirob_2016-05-23-10-37-10_0_frame223,2016-05-23,1251936,0.07636891981698744,0.08185003067249444,0.005481110855506996,9279,2417,1145350,8448,165,0,0,2417,93192,0,0,0,0,0,0,0,0,991,831,542,0,0,0,0,0,0,0
M6,2016-05-23__bonirob_2016-05-23-10-37-10_0_frame232,2016-05-23,1251936,0.06822313600695243,0.07076479947856759,0.002541663471615163,6219,3037,1153638,6172,1177,0,0,3037,82374,0,0,0,0,0,0,0,0,1461,47,1499,0,26,742,0,1763,0,0
M6,2016-05-23__bonirob_2016-05-23-10-37-10_0_frame234,2016-05-23,1251936,0.06772950054954886,0.07108031081461033,0.0033508102650614685,6736,2541,1140093,6684,0,0,5112,2541,82252,0,0,0,0,0,0,0,0,3266,52,0,0,1299,3044,0,0,0,7593
M6,2016-05-23__bonirob_2016-05-23-10-37-10_0_frame239,2016-05-23,1251936,0.01315163075428776,0.019821300769368402,0.006669670015080642,8750,400,1223025,2761,1361,0,0,400,16065,0,0,0,0,0,0,0,0,1349,5989,986,0,0,0,0,0,0,0
M6,2016-05-23__bonirob_2016-05-23-10-37-10_0_frame242,2016-05-23,1251936,0.037803050635176236,0.03999565472995425,0.0021926040947780126,3380,635,1195520,3251,1280,0,0,635,46692,0,0,0,0,0,0,0,0,2393,129,2036,0,0,0,0,0,0,0
M6,2016-05-23__bonirob_2016-05-23-10-37-10_0_frame246,2016-05-23,1251936,0.09077061447230529,0.09624373769905172,0.005473123226746424,9251,2399,1125378,7776,349,0,0,2399,111240,0,0,0,0,0,0,0,0,2287,0,409,0,0,512,1475,111,0,0
M6,2016-05-23__bonirob_2016-05-23-10-37-10_0_frame253,2016-05-23,1251936,0.050581659126345116,0.05391409784525727,0.003332438718912152,5581,1409,1176638,5112,2135,0,0,1409,61916,0,0,0,0,0,0,0,0,1572,469,1063,0,0,418,0,1204,0,0
M6,2016-05-23__bonirob_2016-05-23-10-37-10_0_frame256,2016-05-23,1251936,0.08441326074176315,0.08838231347289319,0.003969052731130032,7045,2076,1125903,7045,0,0,2667,2076,103604,0,0,0,0,0,0,0,0,1368,0,0,0,630,3228,0,0,0,5415
M6,2016-05-23__bonirob_2016-05-23-10-37-10_0_frame257,2016-05-23,1251936,0.05492213659484191,0.05781126191754211,0.0028891253227001992,5241,1624,1171779,5240,1,17,1410,1624,67135,0,0,0,0,0,0,0,0,1258,1,0,22,839,1208,0,0,0,1402
M6,2016-05-23__bonirob_2016-05-23-10-37-10_0_frame258,2016-05-23,1251936,0.053157669401630754,0.059255425197454185,0.006097755795823431,8404,770,1171305,8117,944,0,0,770,65780,0,0,0,0,0,0,0,0,1891,287,2191,0,0,475,0,176,0,0
M6,2016-05-23__bonirob_2016-05-23-10-37-10_0_frame261,2016-05-23,1251936,0.07521950003834062,0.08146822201773893,0.006248721979398311,9544,1721,1143175,9544,1563,0,0,1721,92449,0,0,0,0,0,0,0,0,1400,0,2084,0,0,0,0,0,0,0
M6,2016-05-23__bonirob_2016-05-23-10-37-10_0_frame269,2016-05-23,1251936,0.05744782480893592,0.060477532397822255,0.003029707588886335,5393,1600,1168647,5393,1214,0,0,1600,70321,0,0,0,0,0,0,0,0,1754,0,2405,0,0,460,0,142,0,0
M6,2016-05-23__bonirob_2016-05-23-10-37-10_0_frame276,2016-05-23,1251936,0.07116657720522455,0.07442952355391969,0.003262946348695131,6015,1930,1152880,6015,1001,0,0,1930,87166,0,0,0,0,0,0,0,0,1505,0,1060,0,0,195,0,184,0,0
M6,2016-05-23__bonirob_2016-05-23-10-37-10_0_frame283,2016-05-23,1251936,0.05168794570968484,0.06061092579812387,0.008922980088439031,12893,1722,1134909,11400,322,0,16268,1722,62988,0,0,0,0,0,0,0,0,8188,355,3694,332,9712,904,1138,4,0,0
M6,2016-05-23__bonirob_2016-05-23-10-37-10_0_frame288,2016-05-23,1251936,0.038601813511233804,0.04171139738772589,0.0031095838764920863,5168,1275,1194152,5168,955,0,68,1275,47052,0,0,0,0,0,0,0,0,854,0,502,0,0,920,0,594,0,396
M6,2016-05-23__bonirob_2016-05-23-10-37-10_0_frame301,2016-05-23,1251936,0.018877961812744423,0.01968471231756256,0.0008067505048181371,2578,1568,1172316,2225,0,0,9809,1568,22066,0,0,0,0,0,0,0,0,1626,0,0,1,867,9548,353,0,0,31557
M6,2016-05-23__bonirob_2016-05-23-10-37-10_0_frame304,2016-05-23,1251936,0.02194601001968152,0.02309542979832835,0.0011494197786468298,2900,1461,1220065,2900,525,0,0,1110,26014,351,0,0,0,0,0,0,0,387,0,584,0,0,0,0,0,0,0
M6,2016-05-23__bonirob_2016-05-23-10-42-16_1_frame1,2016-05-23,1251936,0.07258438131022672,0.07209074585282314,-0.0004936354574035795,2284,2902,1085724,2284,0,0,7507,2902,87969,0,0,0,0,0,0,0,0,0,0,0,0,0,14363,0,0,12,51175
M6,2016-05-23__bonirob_2016-05-23-10-42-16_1_frame17,2016-05-23,1251936,0.06228673031209263,0.06717675663931702,0.004890026327224392,7912,1790,1147172,2420,0,7,1549,1074,76189,0,1,715,0,0,0,0,0,0,0,0,0,0,2529,5492,0,4,14784
M6,2016-05-23__bonirob_2016-05-23-10-42-16_1_frame21,2016-05-23,1251936,0.04761505380466733,0.04049568029036628,-0.007119373514301051,1727,10640,1190028,1727,537,0,33,2874,48971,6762,0,1004,0,0,0,0,0,0,0,0,0,0,0,0,0,0,0
M6,2016-05-23__bonirob_2016-05-23-10-42-16_1_frame27,2016-05-23,1251936,0.07143176648007565,0.07226727244843187,0.0008355059683562149,2577,1531,1152722,2492,0,0,1064,1531,87897,0,0,0,0,0,0,0,0,0,0,0,0,0,1853,85,0,11,4281
M6,2016-05-23__bonirob_2016-05-23-10-42-16_1_frame28,2016-05-23,1251936,0.06659925107992741,0.06713362344400992,0.0005343723640825054,2460,1791,1161450,2460,670,0,0,1362,81587,429,0,0,1361,0,2617,0,0,0,0,0,0,0,0,0,0,0,0
M6,2016-05-23__bonirob_2016-05-23-10-42-16_1_frame30,2016-05-23,1251936,0.08099455563223679,0.08264400097129566,0.0016494453390588776,3391,1326,1133289,2587,0,0,1489,1326,100074,0,0,0,0,0,0,0,0,0,0,0,0,0,2898,804,0,0,9469
M6,2016-05-23__bonirob_2016-05-23-10-42-16_1_frame39,2016-05-23,1251936,0.0417281714081231,0.04165867903790609,-6.949237021700722e-05,1326,1413,1178871,1326,0,18,3518,1228,50828,0,0,185,0,0,0,0,0,0,0,0,0,0,3067,0,0,21,12874
M6,2016-05-23__bonirob_2016-05-23-10-42-16_1_frame48,2016-05-23,1251936,0.060513476727244844,0.061119737750172536,0.0006062610229276913,2191,1432,1152916,2191,0,0,3418,1432,74327,0,0,0,0,0,0,0,0,0,0,0,0,0,3160,0,0,3,14489
M6,2016-05-23__bonirob_2016-05-23-10-42-16_1_frame49,2016-05-23,1251936,0.051084080975385325,0.05037797459295044,-0.0007061063824348873,2610,3494,1182547,2074,0,0,682,1767,60460,0,0,1727,1062,536,0,0,1081,0,0,0,0,0,0,0,0,0,0
M6,2016-05-23__bonirob_2016-05-23-10-42-16_1_frame53,2016-05-23,1251936,0.0,0.08591173989724714,0.08591173989724714,107556,0,721365,7911,6770,0,11191,0,0,0,0,0,31722,99645,95620,0,277712,0,0,0,0,0,0,0,0,0,0
M6,2016-05-23__bonirob_2016-05-23-10-42-16_1_frame54,2016-05-23,1251936,0.027587672213276078,0.18204844337090714,0.15446077115763107,193452,77,759770,10036,4851,0,2104,77,34461,0,0,0,33681,183416,163935,0,59605,0,0,0,0,0,0,0,0,0,0
M6,2016-05-23__bonirob_2016-05-23-10-42-16_1_frame58,2016-05-23,1251936,0.06889409682284078,0.07041973391611073,0.0015256370932699437,3034,1124,1146238,3034,0,0,2645,784,85127,0,0,340,0,0,0,0,0,0,0,0,0,0,1967,0,0,0,11801
M6,2016-05-23__bonirob_2016-05-23-10-42-16_1_frame62,2016-05-23,1251936,0.022053843007949287,0.022012307338394294,-4.1535669554993576e-05,964,1016,1203605,773,0,7,2349,955,26594,0,0,61,0,0,0,0,0,0,0,0,0,0,3077,191,0,91,14233
M6,2016-05-23__bonirob_2016-05-23-10-42-16_1_frame66,2016-05-23,1251936,0.06108778723513023,0.06183223423561588,0.0007444470004856485,1870,938,1171051,1870,442,0,0,938,75540,0,0,0,782,0,1313,0,0,0,0,0,0,0,0,0,0,0,0
M6,2016-05-23__bonirob_2016-05-23-10-42-16_1_frame69,2016-05-23,1251936,0.0,0.10001230094829129,0.10001230094829129,125209,0,1086369,3367,0,42,4102,0,0,0,0,0,0,0,0,0,0,0,0,0,0,0,6971,121842,0,87,29156
M6,2016-05-23__bonirob_2016-05-23-10-42-16_1_frame79,2016-05-23,1251936,0.07098925184673976,0.06855781765202056,-0.002431434194719209,3293,6337,1143613,3231,11,0,2991,4889,82537,0,0,1448,0,0,0,0,0,0,0,0,0,0,3387,62,0,14,9753
M6,2016-05-23__bonirob_2016-05-23-10-42-16_1_frame81,2016-05-23,1251936,0.09532436162870946,0.09570297523196074,0.0003786136032512821,4364,3890,1118219,4295,0,2,1913,1028,115450,0,0,2862,0,0,0,0,0,0,0,0,0,0,1885,69,0,4,6209
M6,2016-05-23__bonirob_2016-05-23-10-42-16_1_frame83,2016-05-23,1251936,0.0,0.11695406154947217,0.11695406154947217,146419,0,1082840,3202,0,0,3627,0,0,0,0,0,0,0,0,0,0,0,0,0,0,0,3084,143217,0,0,15966
M6,2016-05-23__bonirob_2016-05-23-10-42-16_1_frame88,2016-05-23,1251936,0.13025106714720242,0.13278554175293306,0.002534474605730641,4324,1151,1083708,4309,45,0,0,1151,161915,0,0,0,481,15,298,0,14,0,0,0,0,0,0,0,0,0,0
M6,2016-05-23__bonirob_2016-05-23-10-42-16_1_frame89,2016-05-23,1251936,0.09577007131354957,0.09595298801216676,0.00018291669861718318,2350,2121,1107398,2350,0,0,5415,1368,117777,0,0,753,0,0,0,0,0,0,0,0,0,0,1874,0,0,0,15001
M6,2016-05-23__bonirob_2016-05-23-10-42-16_1_frame94,2016-05-23,1251936,0.12082247015821895,0.1216292206630371,0.0008067505048181406,3508,2498,1072735,3508,0,22,5339,2498,148764,0,0,0,0,0,0,0,0,0,0,0,0,0,2405,0,0,0,16665
M6,2016-05-23__bonirob_2016-05-23-10-42-16_1_frame96,2016-05-23,1251936,0.09648815913912533,0.09779413644147944,0.0013059773023541138,2133,498,1122468,2133,923,0,178,498,120299,0,0,0,0,0,0,0,0,0,0,0,0,0,1241,0,2379,0,1817
M6,2016-05-23__bonirob_2016-05-23-10-42-16_1_frame104,2016-05-23,1251936,0.1289658576796258,0.13253712649847915,0.0035712688188533626,5569,1098,1079830,5569,962,0,25,1098,160359,0,0,0,0,0,0,0,0,0,0,0,0,0,805,0,3138,0,150
M6,2016-05-23__bonirob_2016-05-23-10-42-16_1_frame111,2016-05-23,1251936,0.05584390895381233,0.05706841244280858,0.001224503488996248,2859,1326,1165685,1881,0,0,1582,1326,68587,0,0,0,0,0,0,0,0,0,0,0,0,0,3368,978,0,7,8522
M6,2016-05-23__bonirob_2016-05-23-10-42-16_1_frame117,2016-05-23,1251936,0.07738494619533266,0.07817252639112543,0.000787580195792767,3500,2514,1132256,3500,0,0,3937,2514,94367,0,0,0,0,0,0,0,0,0,0,0,0,0,2648,0,0,0,12714
M6,2016-05-23__bonirob_2016-05-23-10-42-16_1_frame124,2016-05-23,1251936,0.10190297267591954,0.10518109551925978,0.0032781228433402393,5512,1408,1113261,5375,985,0,0,1408,126168,0,0,0,1168,137,3434,0,0,0,0,0,0,0,0,0,0,0,0
M6,2016-05-23__bonirob_2016-05-23-10-42-16_1_frame125,2016-05-23,1251936,0.0,0.12798497686782712,0.12798497686782712,160229,0,1069303,3706,0,0,3663,0,0,0,0,0,0,0,0,0,0,0,0,0,0,0,4848,156523,0,0,13893
M6,2016-05-23__bonirob_2016-05-23-10-42-16_1_frame126,2016-05-23,1251936,0.10595988932341589,0.10483283490529867,-0.0011270544181172237,5718,7129,1105991,4116,0,0,1990,2350,125526,0,0,4779,0,0,0,0,0,0,0,0,0,0,1664,1602,0,0,3918
M6,2016-05-23__bonirob_2016-05-23-10-42-16_1_frame132,2016-05-23,1251936,0.06132422104644327,0.06501051171944892,0.003686290673005653,5505,890,1162404,2669,833,0,0,890,75884,0,0,0,2076,2836,4344,0,0,0,0,0,0,0,0,0,0,0,0
M6,2016-05-23__bonirob_2016-05-23-10-42-16_1_frame135,2016-05-23,1251936,0.10391425759783247,0.0894718260358357,-0.014442431561996774,1632,19713,1112808,1632,0,0,1582,9194,110381,0,0,10519,0,0,0,0,0,0,0,0,0,0,1467,0,0,0,4353
M6,2016-05-23__bonirob_2016-05-23-10-42-16_1_frame137,2016-05-23,1251936,0.10763649260026072,0.11036426782199729,0.0027277752217365753,5077,1662,1109656,5077,513,0,4,1662,133092,0,0,0,731,0,1201,0,0,0,0,0,0,0,0,0,0,0,0
M6,2016-05-23__bonirob_2016-05-23-10-42-16_1_frame138,2016-05-23,1251936,0.10651822457378013,0.10999923318763899,0.0034810086138588603,5601,1243,1096275,2770,0,0,2627,1185,132111,0,0,58,0,0,0,0,0,0,0,0,0,0,1588,2831,0,0,12491
M6,2016-05-23__bonirob_2016-05-23-10-42-16_1_frame139,2016-05-23,1251936,0.05465055721698234,0.05920749942489073,0.004556942207908393,6451,746,1172456,3443,109,0,331,746,67673,0,0,0,0,0,0,0,0,0,0,0,0,0,1392,3008,1119,0,1659
M6,2016-05-23__bonirob_2016-05-23-10-42-16_1_frame140,2016-05-23,1251936,0.10496622830560029,0.10845522454821972,0.0034889962426194326,5520,1152,1109051,4801,1,2,626,1152,130259,0,0,0,0,0,0,0,0,0,0,0,0,0,1170,719,0,0,4155
M6,2016-05-23__bonirob_2016-05-23-10-42-16_1_frame150,2016-05-23,1251936,0.04495437466451959,0.04644886000562329,0.0014944853411036976,2405,534,1150596,2287,0,4,6474,534,55746,0,0,0,6058,118,3,12,30104,0,0,0,0,0,0,0,0,0,0
M6,2016-05-23__bonirob_2016-05-23-10-42-16_1_frame154,2016-05-23,1251936,0.09725736778876876,0.09932456611200573,0.002067198323236971,4059,1471,1123393,4058,735,0,0,1471,120289,0,0,0,270,1,1719,0,0,0,0,0,0,0,0,0,0,0,0
M6,2016-05-23__bonirob_2016-05-23-10-42-16_1_frame155,2016-05-23,1251936,0.12070185696393426,0.12578917772154488,0.005087320757610619,7690,1321,1087849,7358,783,0,0,1320,149790,1,0,0,912,332,3591,0,0,0,0,0,0,0,0,0,0,0,0
M6,2016-05-23__bonirob_2016-05-23-10-42-16_1_frame158,2016-05-23,1251936,0.1013765879405976,0.10621549344375432,0.004838905503156715,7023,965,1110678,3865,37,0,516,965,125952,0,0,0,0,0,0,0,0,0,0,0,0,0,1877,3158,180,0,4708
M6,2016-05-23__bonirob_2016-05-23-10-42-16_1_frame160,2016-05-23,1251936,0.09297520001022416,0.09565025688214095,0.002675056871916784,4364,1015,1121167,3828,653,0,318,1015,115384,0,0,0,0,0,0,0,0,0,0,0,0,0,2708,536,5958,0,369
M6,2016-05-23__bonirob_2016-05-23-10-42-16_1_frame164,2016-05-23,1251936,0.11251214119571608,0.11676395598497048,0.0042518147892544045,6121,798,1097126,6009,1123,0,0,764,140060,34,0,0,1348,112,5360,0,0,0,0,0,0,0,0,0,0,0,0
M6,2016-05-23__bonirob_2016-05-23-10-42-16_1_frame180,2016-05-23,1251936,0.0,0.10044922424149477,0.10044922424149477,125756,0,1102450,4821,0,0,3662,0,0,0,0,0,0,0,0,0,0,0,0,0,0,0,6527,120935,0,8,13533
M6,2016-05-23__bonirob_2016-05-23-10-42-16_1_frame185,2016-05-23,1251936,0.13341017432201008,0.13754696725711218,0.004136792935102107,6442,1263,1064377,6442,2173,0,0,833,165758,430,0,0,2293,0,9630,0,0,0,0,0,0,0,0,0,0,0,0
M6,2016-05-23__bonirob_2016-05-23-10-42-16_1_frame187,2016-05-23,1251936,0.1281806737724612,0.12852973314929836,0.0003490593768371575,4392,3955,1046447,4329,0,0,8466,1532,156519,0,2,2421,0,0,0,0,0,0,0,0,0,0,3935,63,0,0,28222
M6,2016-05-23__bonirob_2016-05-23-10-42-16_1_frame189,2016-05-23,1251936,0.09610315543286557,0.09725337397438846,0.0011502185415228905,4380,2940,1107410,4380,0,0,3239,1942,117375,0,0,998,0,0,0,0,0,0,0,0,0,0,2675,0,0,0,13917
M6,2016-05-23__bonirob_2016-05-23-10-42-16_1_frame193,2016-05-23,1251936,0.04533139074201876,0.04721886741814278,0.0018874766761240239,3269,906,1174928,2676,1926,0,10,906,55846,0,0,0,0,0,0,0,0,0,0,0,0,0,3442,593,11585,0,24
M6,2016-05-23__bonirob_2016-05-23-10-42-16_1_frame194,2016-05-23,1251936,0.0,0.0908872338522097,0.0908872338522097,113785,0,1067607,3583,0,0,9316,0,0,0,0,0,0,0,0,0,0,0,0,0,0,0,9336,110202,0,0,51892
M6,2016-05-23__bonirob_2016-05-23-10-42-16_1_frame200,2016-05-23,1251936,0.11818575390435294,0.12006524295171637,0.0018794890473634307,7199,4846,1071525,7023,5771,0,0,1649,143115,3197,0,0,3248,176,16232,0,0,0,0,0,0,0,0,0,0,0,0
M6,2016-05-23__bonirob_2016-05-23-10-42-16_1_frame204,2016-05-23,1251936,0.08560421618996499,0.08781758811952049,0.0022133719295555077,3735,964,1114190,3529,800,0,2570,928,106207,0,0,36,0,0,0,0,0,0,0,0,0,0,5178,206,3658,0,14634
M6,2016-05-23__bonirob_2016-05-23-10-42-16_1_frame217,2016-05-23,1251936,0.10415149017202158,0.09091998313012806,-0.01323150704189352,4200,20765,1116172,4200,26,0,1147,6735,109626,399,0,13631,0,0,0,0,0,0,0,0,0,0,0,0,0,0,0
M6,2016-05-23__bonirob_2016-05-23-10-42-16_1_frame218,2016-05-23,1251936,0.1297502428239143,0.1370197837589142,0.007269540934999874,10286,1185,1058311,8319,1976,0,220,913,161254,272,0,0,0,0,0,0,0,0,0,0,0,0,4045,1967,12266,0,2393
M6,2016-05-23__bonirob_2016-05-23-10-42-16_1_frame219,2016-05-23,1251936,0.0,0.0650560412033842,0.0650560412033842,81446,0,1113787,2567,0,49,6850,0,0,0,0,0,0,0,0,0,0,0,0,0,0,0,8634,78879,0,7,41163
M6,2016-05-23__bonirob_2016-05-23-10-42-16_1_frame230,2016-05-23,1251936,0.10265540730516576,0.09580681440584822,-0.006848592899317538,3766,12340,1103912,3681,3,0,1267,3478,116178,28,33,8801,0,0,0,0,0,0,0,0,0,0,3413,85,4,166,10887
M6,2016-05-23__bonirob_2016-05-23-10-42-16_1_frame231,2016-05-23,1251936,0.049282870689875524,0.051965915190552874,0.0026830445006773493,4008,649,1142945,1347,0,0,6868,649,61050,0,0,0,0,0,0,0,0,0,0,0,0,0,5552,2661,0,10,30854
M6,2016-05-23__bonirob_2016-05-23-10-42-16_1_frame232,2016-05-23,1251936,0.0,0.06699224241494772,0.06699224241494772,83870,0,1112234,1999,0,0,9211,0,0,0,0,0,0,0,0,0,0,0,0,0,0,0,5837,81871,0,0,40784
M6,2016-05-23__bonirob_2016-05-23-10-42-16_1_frame240,2016-05-23,1251936,0.12234650972573678,0.12531710886179484,0.002970599136058058,4796,1077,1081724,4711,0,0,1807,1077,152093,0,0,0,0,0,0,0,0,0,0,0,0,0,2524,85,0,0,7915
M6,2016-05-23__bonirob_2016-05-23-10-42-16_1_frame253,2016-05-23,1251936,0.09275154640492805,0.09457911586534774,0.0018275694604196896,3636,1348,1113717,3203,0,0,2510,1252,114771,0,0,96,0,0,0,0,0,0,0,0,0,0,3032,433,0,0,12922
M6,2016-05-23__bonirob_2016-05-23-10-42-16_1_frame254,2016-05-23,1251936,0.030652525368708945,0.031228433402346444,0.000575908033637499,1275,554,1195003,1224,1479,0,21,554,37821,0,0,0,0,0,0,0,0,0,0,0,0,0,2877,51,12831,0,75
M6,2016-05-23__bonirob_2016-05-23-10-42-16_1_frame261,2016-05-23,1251936,0.06713921478414232,0.0671943294225903,5.5114638447970044e-05,1116,1047,1107361,1116,0,0,8007,1047,83007,0,0,0,0,0,0,0,0,0,0,0,0,0,8408,0,0,0,42990
M6,2016-05-23__bonirob_2016-05-23-10-42-16_1_frame266,2016-05-23,1251936,0.0605614024998083,0.0621932750555939,0.0016318725557855976,2727,684,1162612,2727,0,2,924,684,75135,0,0,0,0,0,0,0,0,0,0,0,0,0,3536,0,0,31,6285
M6,2016-05-23__bonirob_2016-05-23-10-42-16_1_frame274,2016-05-23,1251936,0.0,0.12613584080975385,0.12613584080975385,157914,0,1048837,2900,0,0,5042,0,0,0,0,0,0,0,0,0,0,0,0,0,0,0,5854,155014,0,0,34289
M6,2016-05-23__bonirob_2016-05-23-10-42-16_1_frame277,2016-05-23,1251936,0.10582090458298188,0.10734813920200394,0.0015272346190220581,4898,2986,1082325,4181,0,0,5932,2526,129495,0,0,460,0,0,0,0,0,0,0,0,0,0,3543,717,0,0,22757
M6,2016-05-23__bonirob_2016-05-23-10-42-16_1_frame280,2016-05-23,1251936,0.0,0.053727986095135856,0.053727986095135856,67264,0,1165704,1570,0,0,2158,0,0,0,0,0,0,0,0,0,0,0,0,0,0,0,3972,65694,0,0,12838
M6,2016-05-23__bonirob_2016-05-23-10-42-16_1_frame281,2016-05-23,1251936,0.020298960969250823,0.020524212100299057,0.000225251131048234,813,531,1182138,805,1,25,3289,269,24882,0,0,262,0,0,0,0,0,0,0,0,0,0,11415,8,52,52,28738
M6,2016-05-23__bonirob_2016-05-23-10-42-16_1_frame286,2016-05-23,1251936,0.04950332924366741,0.049909100784704646,0.00040577154103723506,1130,622,1167631,1130,0,0,2558,622,61353,0,0,0,0,0,0,0,0,0,0,0,0,0,3394,0,0,0,15248
M6,2016-05-23__bonirob_2016-05-23-10-42-16_1_frame292,2016-05-23,1251936,0.056625099046596634,0.05248031848273394,-0.004144780563862693,1838,7027,1155135,1838,0,1,3305,3220,63864,0,0,3807,0,0,0,0,0,0,0,0,0,0,3710,0,0,23,17033
M6,2016-05-23__bonirob_2016-05-23-10-42-16_1_frame293,2016-05-23,1251936,0.0,0.0715324106024589,0.0715324106024589,89554,0,1118437,3085,0,0,4444,0,0,0,0,0,0,0,0,0,0,0,0,0,0,0,8161,86469,0,0,31340
M6,2016-05-23__bonirob_2016-05-23-10-42-16_1_frame294,2016-05-23,1251936,0.0,0.08693176008997265,0.08693176008997265,108833,0,1091924,2619,0,0,4102,0,0,0,0,0,0,0,0,0,0,0,0,0,0,0,11026,106214,0,0,36051
M6,2016-05-23__bonirob_2016-05-23-10-42-16_1_frame295,2016-05-23,1251936,0.0012013393655905733,0.002420251514454413,0.0012189121488638398,1569,43,1232902,97,780,0,399,43,1461,0,0,0,0,0,0,0,0,0,0,0,0,0,4434,1472,6510,0,3838
M6,2016-05-23__bonirob_2016-05-23-10-42-16_1_frame304,2016-05-23,1251936,0.0,0.02323281701301025,0.02323281701301025,29086,0,1128159,1474,0,12,8340,0,0,0,0,0,0,0,0,0,0,0,0,0,0,0,18264,27612,0,14,68061
M6,2016-05-23__bonirob_2016-05-23-10-47-22_2_frame7,2016-05-23,1251936,0.0,0.06991890959282264,0.06991890959282264,87534,0,1101016,2027,0,0,4514,0,0,0,0,0,0,0,0,0,0,0,0,0,0,0,15109,85507,0,57,43706
M6,2016-05-23__bonirob_2016-05-23-10-47-22_2_frame15,2016-05-23,1251936,0.03906349845359507,0.040418999054264756,0.0013555006006696832,2540,843,1162401,1881,0,0,4463,843,48062,0,0,0,0,0,0,0,0,0,0,0,0,0,4476,659,0,0,29151
M6,2016-05-23__bonirob_2016-05-23-10-47-22_2_frame24,2016-05-23,1251936,0.038956464228203355,0.0399381438028781,0.0009816795746747445,1645,416,1192318,1645,735,0,0,416,48355,0,0,0,2422,0,6045,0,0,0,0,0,0,0,0,0,0,0,0
M6,2016-05-23__bonirob_2016-05-23-10-47-22_2_frame26,2016-05-23,1251936,0.02906138971960228,0.029416839199447896,0.00035544947984561537,1436,991,1196435,1436,11,0,1892,991,35392,0,0,0,0,0,0,0,0,0,0,0,0,0,3571,0,143,2,12063
M6,2016-05-23__bonirob_2016-05-23-10-47-22_2_frame43,2016-05-23,1251936,0.04726439690207806,0.04885393502543261,0.0015895381233545502,2939,949,1106634,2769,0,0,10107,949,58223,0,0,0,0,0,0,0,0,0,0,0,0,0,6332,170,0,0,66752
M6,2016-05-23__bonirob_2016-05-23-10-47-22_2_frame44,2016-05-23,1251936,0.017989737494568413,0.018415478107507093,0.0004257406129386798,1207,674,1203634,551,0,23,1845,674,21848,0,0,0,0,0,0,0,0,0,0,0,0,0,3432,656,162,793,18318
M6,2016-05-23__bonirob_2016-05-23-10-47-22_2_frame47,2016-05-23,1251936,0.0035608849014646116,0.0034953863456278914,-6.549855583672017e-05,183,265,1240046,105,261,0,221,265,4193,0,0,0,0,0,0,0,0,0,0,0,0,0,2181,78,2226,0,2360
M6,2016-05-23__bonirob_2016-05-23-10-47-22_2_frame67,2016-05-23,1251936,0.03489555376632671,0.035186303453211665,0.00029074968688495156,1076,712,1199973,1076,2,0,809,712,42975,0,0,0,0,0,0,0,0,0,0,0,0,0,1501,0,189,2,4697
M6,2016-05-23__bonirob_2016-05-23-10-47-22_2_frame68,2016-05-23,1251936,0.09191444291081972,0.09448166679446873,0.0025672238836490086,3727,513,1131995,3727,418,0,0,513,114558,0,0,0,189,0,536,0,0,0,0,0,0,0,0,0,0,0,0
M6,2016-05-23__bonirob_2016-05-23-10-47-22_2_frame69,2016-05-23,1251936,0.07101161720726938,0.07177363699102829,0.0007620197837589077,1844,890,1159431,1844,221,0,0,890,88012,0,0,0,436,0,1102,0,0,0,0,0,0,0,0,0,0,0,0
M6,2016-05-23__bonirob_2016-05-23-10-47-22_2_frame70,2016-05-23,1251936,0.011953486440201416,0.011848049740561818,-0.00010543669963959841,613,745,1234107,613,220,0,0,745,14220,0,0,0,314,0,1717,0,0,0,0,0,0,0,0,0,0,0,0
M6,2016-05-23__bonirob_2016-05-23-10-47-22_2_frame78,2016-05-23,1251936,0.12079850727193722,0.12504473072105923,0.004246223449122011,6560,1244,1093789,6560,262,0,0,1244,149988,0,0,0,22,0,71,0,0,0,0,0,0,0,0,0,0,0,0
M6,2016-05-23__bonirob_2016-05-23-10-47-22_2_frame82,2016-05-23,1251936,0.0820145758249623,0.08389725992382997,0.0018826840988676735,3921,1564,1141934,3921,275,0,8,1564,101113,0,0,0,0,0,0,0,0,0,0,0,0,0,689,0,2318,0,114
M6,2016-05-23__bonirob_2016-05-23-10-47-22_2_frame86,2016-05-23,1251936,0.08359852260818444,0.08578154154844976,0.002183018940265319,3420,687,1139713,3420,688,0,0,687,103973,0,0,0,0,0,0,0,0,0,0,0,0,0,818,0,2637,0,0
M6,2016-05-23__bonirob_2016-05-23-10-47-22_2_frame89,2016-05-23,1251936,0.039648192878869205,0.04004757431689799,0.0003993814380287841,1139,639,1198513,1139,179,0,0,639,48998,0,0,0,312,0,2156,0,0,0,0,0,0,0,0,0,0,0,0
M6,2016-05-23__bonirob_2016-05-23-10-47-22_2_frame91,2016-05-23,1251936,0.10940655113360427,0.11092659688674182,0.00152004575313755,3429,1526,1108751,3429,0,0,552,1526,135444,0,0,0,0,0,0,0,0,0,0,0,0,0,552,0,0,1,1681
M6,2016-05-23__bonirob_2016-05-23-10-47-22_2_frame95,2016-05-23,1251936,0.03011336042737009,0.03068048206937096,0.0005671216420008694,1099,389,1212321,1099,129,0,0,389,37311,0,0,0,116,0,571,0,0,0,0,0,0,0,0,0,0,0,0
M6,2016-05-23__bonirob_2016-05-23-10-47-22_2_frame99,2016-05-23,1251936,0.03225803874958464,0.0325280206016921,0.0002699818521074565,1440,1102,1208436,1440,239,0,0,1002,39283,100,0,0,0,0,0,0,0,0,0,0,0,0,914,0,482,0,40
M6,2016-05-23__bonirob_2016-05-23-10-47-22_2_frame102,2016-05-23,1251936,0.07179520358868186,0.07323297676558546,0.0014377731769036062,2281,481,1158653,2281,212,0,41,481,89402,0,0,0,0,0,0,0,0,0,0,0,0,0,238,0,516,0,112
M6,2016-05-23__bonirob_2016-05-23-10-47-22_2_frame104,2016-05-23,1251936,0.13316814917056463,0.13681530046264345,0.0036471512920788207,5407,841,1078486,5407,140,0,0,841,165877,0,0,0,131,0,1054,0,0,0,0,0,0,0,0,0,0,0,0
M6,2016-05-23__bonirob_2016-05-23-10-47-22_2_frame115,2016-05-23,1251936,0.08926255016230862,0.09088643508933364,0.0016238849270250183,3081,1048,1132128,3081,0,1,513,1048,110703,0,0,0,0,0,0,0,0,0,0,0,0,0,1196,0,0,6,3260
M6,2016-05-23__bonirob_2016-05-23-10-47-22_2_frame133,2016-05-23,1251936,0.09597774966132454,0.09729331211819134,0.0013155624568668006,2762,1115,1120354,2762,0,0,1479,1115,119043,0,0,0,0,0,0,0,0,0,0,0,0,0,1999,0,0,0,5184
M6,2016-05-23__bonirob_2016-05-23-10-47-22_2_frame139,2016-05-23,1251936,0.05693741533113514,0.05724094522403701,0.00030352989290187427,1495,1115,1174073,1495,456,0,0,1115,70167,0,0,0,0,0,0,0,0,0,0,0,0,0,1096,0,3534,0,0
M6,2016-05-23__bonirob_2016-05-23-10-47-22_2_frame140,2016-05-23,1251936,0.10579534417094803,0.11082275771285433,0.005027413541906292,7199,905,1108251,7199,147,0,104,905,131544,0,0,0,0,0,0,0,0,0,0,0,0,0,1315,0,1975,0,496
M6,2016-05-23__bonirob_2016-05-23-10-47-22_2_frame143,2016-05-23,1251936,0.013084534672698924,0.013343333844541574,0.00025879917184265,567,243,1221169,567,1261,0,0,243,16138,0,0,0,1416,0,11142,0,0,0,0,0,0,0,0,0,0,0,0
M6,2016-05-23__bonirob_2016-05-23-10-47-22_2_frame144,2016-05-23,1251936,0.0430269598445927,0.04404777880019426,0.0010208189556015629,1813,535,1194150,1813,329,0,0,535,53332,0,0,0,585,0,1192,0,0,0,0,0,0,0,0,0,0,0,0
M6,2016-05-23__bonirob_2016-05-23-10-47-22_2_frame146,2016-05-23,1251936,0.030918513406436112,0.031432117935741126,0.0005136045293050139,1370,727,1205425,1370,551,0,0,578,37981,149,0,0,858,0,5024,0,0,0,0,0,0,0,0,0,0,0,0
M6,2016-05-23__bonirob_2016-05-23-10-47-22_2_frame157,2016-05-23,1251936,0.07187827492779184,0.07340950336119419,0.0015312284334023513,2863,946,1157479,2863,418,0,0,946,89041,0,0,0,196,0,993,0,0,0,0,0,0,0,0,0,0,0,0
M6,2016-05-23__bonirob_2016-05-23-10-47-22_2_frame163,2016-05-23,1251936,0.100979602791197,0.10186063824348848,0.0008810354522914843,3170,2067,1119710,3170,675,0,0,2067,124353,0,0,0,363,0,1598,0,0,0,0,0,0,0,0,0,0,0,0
M6,2016-05-23__bonirob_2016-05-23-10-47-22_2_frame175,2016-05-23,1251936,0.06760010096362754,0.06861213352759246,0.0010120325639649264,2290,1023,1154998,2290,0,0,1008,1023,83608,0,0,0,0,0,0,0,0,0,0,0,0,0,2256,0,0,0,6753
M6,2016-05-23__bonirob_2016-05-23-10-47-22_2_frame190,2016-05-23,1251936,0.06455202182859188,0.06665276819262327,0.002100746364031389,3200,570,1158352,3200,1232,0,0,570,80245,0,0,0,1256,0,7081,0,0,0,0,0,0,0,0,0,0,0,0
M6,2016-05-23__bonirob_2016-05-23-10-47-22_2_frame191,2016-05-23,1251936,0.08511856836132198,0.0687750811543082,-0.01634348720701377,3253,23714,1140200,3253,1772,0,148,3748,82849,19473,0,493,0,0,0,0,0,0,0,0,0,0,0,0,0,0,0
M6,2016-05-23__bonirob_2016-05-23-10-47-22_2_frame200,2016-05-23,1251936,0.11429497993507655,0.11728395061728394,0.0029889706822073953,4568,826,1099302,4545,4,0,269,826,142264,0,0,0,0,0,0,0,0,0,0,0,0,0,1452,23,185,0,3066
M6,2016-05-23__bonirob_2016-05-23-10-47-22_2_frame206,2016-05-23,1251936,0.11996140377782889,0.1232307402295325,0.0032693364517036028,4944,851,1089063,4944,721,0,0,851,149333,0,0,0,3245,0,3779,0,0,0,0,0,0,0,0,0,0,0,0
M6,2016-05-23__bonirob_2016-05-23-10-47-22_2_frame207,2016-05-23,1251936,0.1913244766505636,0.13834333384454156,-0.052981142806022036,3487,69816,1007458,3487,707,0,758,10111,169710,25961,0,33744,0,0,0,0,0,0,0,0,0,0,0,0,0,0,0
M6,2016-05-23__bonirob_2016-05-23-10-47-22_2_frame209,2016-05-23,1251936,0.04953128594432942,0.05111762901617974,0.0015863430718503213,2419,433,1184126,2419,351,0,0,433,61577,0,0,0,908,0,2122,0,0,0,0,0,0,0,0,0,0,0,0
M6,2016-05-23__bonirob_2016-05-23-10-47-22_2_frame215,2016-05-23,1251936,0.07918056514071006,0.08196025994939038,0.0027796948086803164,4412,932,1143198,4412,710,0,0,932,98197,0,0,0,1036,0,3451,0,0,0,0,0,0,0,0,0,0,0,0
M6,2016-05-23__bonirob_2016-05-23-10-47-22_2_frame218,2016-05-23,1251936,0.10149160979474989,0.10371137182731385,0.0022197620325639655,3834,1055,1116261,3834,757,0,0,1055,126006,0,0,0,999,0,3024,0,0,0,0,0,0,0,0,0,0,0,0
M6,2016-05-23__bonirob_2016-05-23-10-47-22_2_frame220,2016-05-23,1251936,0.11497792219410577,0.11746846484165324,0.0024905426475474723,4156,1038,1101968,4156,209,0,0,1038,142907,0,0,0,316,0,1342,0,0,0,0,0,0,0,0,0,0,0,0
M6,2016-05-23__bonirob_2016-05-23-10-47-22_2_frame221,2016-05-23,1251936,0.06406317894844465,0.06546021521866932,0.0013970362702246664,2507,758,1166577,2471,235,0,0,758,79445,0,0,0,407,36,2007,0,0,0,0,0,0,0,0,0,0,0,0
M6,2016-05-23__bonirob_2016-05-23-10-47-22_2_frame231,2016-05-23,1251936,0.08330537663267132,0.08538455639904916,0.0020791797663778366,3484,881,1143248,3484,504,0,0,881,103412,0,0,0,76,0,331,0,0,0,0,0,0,0,0,0,0,0,0
M6,2016-05-23__bonirob_2016-05-23-10-47-22_2_frame236,2016-05-23,1251936,0.029236318789458884,0.03009658640697288,0.0008602676175139962,1801,724,1210086,1693,478,0,0,724,35878,0,0,0,0,0,0,0,0,0,0,0,0,0,594,108,2375,0,0
M6,2016-05-23__bonirob_2016-05-23-10-47-22_2_frame238,2016-05-23,1251936,0.050766173350714414,0.05146988344452112,0.0007037100938067087,1984,1103,1183379,1984,386,0,0,1103,62453,0,0,0,539,0,2092,0,0,0,0,0,0,0,0,0,0,0,0
M6,2016-05-23__bonirob_2016-05-23-10-47-22_2_frame239,2016-05-23,1251936,0.07477139406487232,0.07642483321831148,0.0016534391534391568,2767,697,1153462,2767,283,0,0,697,92912,0,0,0,492,0,1323,0,0,0,0,0,0,0,0,0,0,0,0
M6,2016-05-23__bonirob_2016-05-23-10-47-22_2_frame244,2016-05-23,1251936,0.0763058175497789,0.07900643483372952,0.0027006172839506154,3850,469,1150078,3850,322,0,0,469,95061,0,0,0,619,0,1537,0,0,0,0,0,0,0,0,0,0,0,0
M6,2016-05-23__bonirob_2016-05-23-10-47-22_2_frame248,2016-05-23,1251936,0.06750824323288092,0.06906662960406922,0.0015583863711882973,3385,1434,1163520,3385,306,0,0,928,83082,506,0,0,24,0,185,0,0,0,0,0,0,0,0,0,0,0,0
M6,2016-05-23__bonirob_2016-05-23-10-47-22_2_frame254,2016-05-23,1251936,0.02295484753214222,0.02321284794110881,0.00025800040896659104,1361,1038,1219220,1278,351,0,0,1038,27700,0,0,0,457,83,1809,0,0,0,0,0,0,0,0,0,0,0,0
M6,2016-05-23__bonirob_2016-05-23-10-47-22_2_frame256,2016-05-23,1251936,0.08818342151675485,0.08949738644786955,0.0013139649311147,2990,1345,1137212,2990,162,0,0,1328,109055,17,0,0,349,0,823,0,0,0,0,0,0,0,0,0,0,0,0
M6,2016-05-23__bonirob_2016-05-23-10-47-22_2_frame259,2016-05-23,1251936,0.055483666896710374,0.056301600081793315,0.0008179331850829419,1849,825,1175107,1826,238,0,68,825,68637,0,0,0,0,0,0,0,0,0,0,0,0,0,1110,23,3136,0,966
M6,2016-05-23__bonirob_2016-05-23-10-47-22_2_frame268,2016-05-23,1251936,0.09541062801932366,0.09645061728395062,0.0010399892646269504,3077,1775,1120708,3077,0,0,1976,1683,117673,0,0,92,0,0,0,0,0,0,0,0,0,0,1002,0,0,0,5725
M6,2016-05-23__bonirob_2016-05-23-10-47-22_2_frame269,2016-05-23,1251936,0.1103171408123099,0.11429178488357232,0.003974644071262426,6113,1137,1047629,6113,0,0,6074,1137,136973,0,0,0,0,0,0,0,0,0,0,0,0,0,11357,0,0,0,42653
M6,2016-05-23__bonirob_2016-05-23-10-47-22_2_frame285,2016-05-23,1251936,0.1246613245405516,0.1260240140071058,0.0013626894665542122,3764,2058,1091295,3764,55,0,0,2058,154010,0,0,0,292,0,462,0,0,0,0,0,0,0,0,0,0,0,0
M6,2016-05-23__bonirob_2016-05-23-10-47-22_2_frame289,2016-05-23,1251936,0.08033078368223295,0.08215835314265266,0.0018275694604197035,3369,1081,1145705,3369,386,0,0,1081,99488,0,0,0,0,0,0,0,0,0,0,0,0,0,350,0,1557,0,0
M6,2016-05-23__bonirob_2016-05-23-10-47-22_2_frame297,2016-05-23,1251936,0.10444783119903893,0.10585684891240447,0.0014090177133655457,2786,1022,1108133,2786,0,0,2195,1022,129740,0,0,0,0,0,0,0,0,0,0,0,0,0,1396,0,0,0,6664
M6,2016-05-23__bonirob_2016-05-23-10-47-22_2_frame300,2016-05-23,1251936,0.15316198272116147,0.15788267131866165,0.004720688597500189,6679,769,1051876,6679,237,0,0,769,190980,0,0,0,360,0,1035,0,0,0,0,0,0,0,0,0,0,0,0
M6,2016-05-23__bonirob_2016-05-23-10-47-22_2_frame304,2016-05-23,1251936,0.13288219206093602,0.13441901183447078,0.0015368197735347588,4913,2989,1076800,4913,758,0,0,2205,163371,784,0,0,524,0,2581,0,0,0,0,0,0,0,0,0,0,0,0
M6,2016-05-23__bonirob_2016-05-23-10-52-28_3_frame1,2016-05-23,1251936,0.08665618689773279,0.0877984178104951,0.0011422309127623181,3528,2098,1137804,3528,378,0,0,2098,106390,0,0,0,426,0,1312,0,0,0,0,0,0,0,0,0,0,0,0
M6,2016-05-23__bonirob_2016-05-23-10-52-28_3_frame6,2016-05-23,1251936,0.07393269304501189,0.0741411701556629,0.0002084771106510147,2656,2395,1156535,2656,0,0,0,2395,90164,0,0,0,132,0,54,0,0,0,0,0,0,0,0,0,0,0,0
M6,2016-05-23__bonirob_2016-05-23-10-52-28_3_frame8,2016-05-23,1251936,0.03627501725327812,0.036437964879993866,0.00016294762671574536,1052,848,1200830,1052,226,0,0,848,44566,0,0,0,0,0,0,0,0,0,0,0,0,0,925,0,3489,0,0
M6,2016-05-23__bonirob_2016-05-23-10-52-28_3_frame15,2016-05-23,1251936,0.12283615136876007,0.12293280167676303,9.665030800296015e-05,2851,2730,1086406,2851,0,1,456,2730,151053,0,0,0,0,0,0,0,0,0,0,0,0,0,2325,0,0,6,6108
M6,2016-05-23__bonirob_2016-05-23-10-52-28_3_frame19,2016-05-23,1251936,0.0954513649260026,0.09596976203256397,0.0005183971065613607,4237,3588,1117495,4237,468,0,217,2036,115911,1552,0,0,0,0,0,0,0,0,0,0,0,0,2640,0,5010,0,2370
M6,2016-05-23__bonirob_2016-05-23-10-52-28_3_frame26,2016-05-23,1251936,0.11774483679676917,0.11980484625412162,0.002060009457352449,3407,828,1091867,3407,0,0,1384,828,146581,0,0,0,0,0,0,0,0,0,0,0,0,0,864,0,0,0,7005
M6,2016-05-23__bonirob_2016-05-23-10-52-28_3_frame29,2016-05-23,1251936,0.11506738363622422,0.11674798072744932,0.0016805970912251028,3603,1499,1093981,3603,0,0,880,1499,142558,0,0,0,0,0,0,0,0,0,0,0,0,0,2176,0,0,0,7239
M6,2016-05-23__bonirob_2016-05-23-10-52-28_3_frame32,2016-05-23,1251936,0.07685297011987834,0.07957355647573039,0.0027205863558520532,4356,950,1150003,4356,198,0,0,950,95265,0,0,0,476,0,688,0,0,0,0,0,0,0,0,0,0,0,0
M6,2016-05-23__bonirob_2016-05-23-10-52-28_3_frame34,2016-05-23,1251936,0.015595845155023899,0.015434495054060271,-0.00016135010096362742,303,505,1197798,303,0,1,2784,505,19020,0,0,0,0,0,0,0,0,0,0,0,0,0,6807,0,0,6,24712
M6,2016-05-23__bonirob_2016-05-23-10-52-28_3_frame36,2016-05-23,1251936,0.04878683894384377,0.049878747795414465,0.0010919088515706915,1990,623,1151319,1990,0,3,3545,623,60455,0,0,0,0,0,0,0,0,0,0,0,0,0,4608,0,0,15,29378
M6,2016-05-23__bonirob_2016-05-23-10-52-28_3_frame48,2016-05-23,1251936,0.0,0.06595544820182501,0.06595544820182501,82572,0,1145889,2148,0,0,3011,0,0,0,0,0,0,0,0,0,0,0,0,0,0,0,2886,80424,0,0,17578
M6,2016-05-23__bonirob_2016-05-23-10-52-28_3_frame65,2016-05-23,1251936,0.058596445824706696,0.06182105155535107,0.0032246057306443768,4838,801,1168918,3806,441,0,0,801,72558,0,0,0,0,0,0,0,0,0,0,0,0,0,1287,1032,3093,0,0
M6,2016-05-23__bonirob_2016-05-23-10-52-28_3_frame67,2016-05-23,1251936,0.010932667484599852,0.011580464177082535,0.0006477966924826831,1012,201,1228878,1012,1183,0,0,201,13486,0,0,0,0,0,0,0,0,0,0,0,0,0,2001,0,5175,0,0
M6,2016-05-23__bonirob_2016-05-23-10-52-28_3_frame73,2016-05-23,1251936,0.004879642409835646,0.00527503003348414,0.0003953876236484936,627,132,1234891,627,815,0,115,132,5977,0,0,0,0,0,0,0,0,0,0,0,0,0,3054,0,5546,0,779
M6,2016-05-23__bonirob_2016-05-23-10-52-28_3_frame83,2016-05-23,1251936,0.0323698655522327,0.03371098842113335,0.001341122868900646,2294,615,1182150,1813,322,0,1490,615,39910,0,0,0,0,0,0,0,0,0,0,0,0,0,10463,481,2961,0,11731
M6,2016-05-23__bonirob_2016-05-23-10-52-28_3_frame85,2016-05-23,1251936,0.014669280218797128,0.015453665363085654,0.0007843851442885259,1203,221,1216349,1203,2617,0,0,221,18144,0,0,0,0,0,0,0,0,0,0,0,0,0,2606,0,10796,0,0
M6,2016-05-23__bonirob_2016-05-23-10-52-28_3_frame89,2016-05-23,1251936,0.0,0.053665682590803364,0.053665682590803364,67186,0,1067405,2261,0,0,10782,0,0,0,0,0,0,0,0,0,0,0,0,0,0,0,13670,64925,0,0,92893
M6,2016-05-23__bonirob_2016-05-23-10-52-28_3_frame96,2016-05-23,1251936,0.03585167292896761,0.03681098714311275,0.000959314214145135,1931,730,1045935,1905,1245,0,9604,730,44154,0,0,0,0,0,0,0,0,0,0,0,0,0,18589,26,9511,0,120237
M6,2016-05-23__bonirob_2016-05-23-10-52-28_3_frame101,2016-05-23,1251936,0.0,0.02767873118114664,0.02767873118114664,34652,0,716001,2200,63584,0,0,0,0,0,0,0,7864,32452,429835,0,0,0,0,0,0,0,0,0,0,0,0
M6,2016-05-23__bonirob_2016-05-23-10-52-28_3_frame103,2016-05-23,1251936,0.0009752894716662832,0.005280621373616542,0.004305331901950259,6611,1221,947628,234,44666,0,0,68,0,1153,0,0,10372,6377,241438,0,0,0,0,0,0,0,0,0,0,0,0
M6,2016-05-23__bonirob_2016-05-23-10-52-28_3_frame105,2016-05-23,1251936,0.01660148761598037,0.015574278557370345,-0.0010272090586100242,1484,2770,1074690,1484,26931,0,0,1053,18014,1717,0,0,16374,0,111673,0,0,0,0,0,0,0,0,0,0,0,0
M6,2016-05-23__bonirob_2016-05-23-10-52-28_3_frame119,2016-05-23,1251936,0.0217487155892953,0.02306188175753393,0.0013131661682386324,1921,277,1153102,1921,11901,0,0,277,26951,0,0,0,7726,0,50058,0,0,0,0,0,0,0,0,0,0,0,0
M6,2016-05-23__bonirob_2016-05-23-10-52-28_3_frame120,2016-05-23,1251936,0.02734804335045881,0.02821629859673338,0.0008682552462745685,1738,651,1168319,1735,10610,0,0,615,33587,36,0,0,5627,3,31404,0,0,0,0,0,0,0,0,0,0,0,0
M6,2016-05-23__bonirob_2016-05-23-10-52-28_3_frame123,2016-05-23,1251936,0.007003552897272704,0.007316667944687268,0.00031311504741456456,806,414,1168974,757,15629,0,0,414,8354,0,0,0,6662,49,51097,0,0,0,0,0,0,0,0,0,0,0,0
M6,2016-05-23__bonirob_2016-05-23-10-52-28_3_frame124,2016-05-23,1251936,0.04318671241980421,0.04229289676149579,-0.0008938156583084139,5008,6127,1133648,3312,9548,0,32,928,47940,5199,0,0,7902,1696,39749,0,1982,0,0,0,0,0,0,0,0,0,0
M6,2016-05-23__bonirob_2016-05-23-10-52-28_3_frame126,2016-05-23,1251936,0.013618907036781433,0.01614219896224727,0.002523291925465838,3723,564,1135500,1360,13918,0,0,347,16486,217,0,0,10467,2363,71278,0,0,0,0,0,0,0,0,0,0,0,0
M6,2016-05-23__bonirob_2016-05-23-10-52-28_3_frame129,2016-05-23,1251936,0.01901295273879815,0.03506968407330726,0.01605673133450911,20492,390,1178993,2233,3587,0,8,390,23413,0,0,0,9688,18259,15254,0,111,0,0,0,0,0,0,0,0,0,0
M6,2016-05-23__bonirob_2016-05-23-10-52-28_3_frame134,2016-05-23,1251936,0.014198010121923165,0.02503083224701582,0.010832822125092656,14968,1406,1143663,3499,14913,0,0,906,16369,500,0,0,22628,11469,37989,0,0,0,0,0,0,0,0,0,0,0,0
M6,2016-05-23__bonirob_2016-05-23-10-52-28_3_frame138,2016-05-23,1251936,0.030813076706796512,0.03243855915957365,0.0016254824527771397,3132,1097,1191402,2971,5806,0,0,839,37479,258,0,0,3400,161,9620,0,0,0,0,0,0,0,0,0,0,0,0
M6,2016-05-23__bonirob_2016-05-23-10-52-28_3_frame142,2016-05-23,1251936,0.034008128211026764,0.03605216241085806,0.0020440341998312975,3106,547,1181159,3096,9436,0,0,547,42029,0,0,0,5242,10,10417,0,0,0,0,0,0,0,0,0,0,0,0
M6,2016-05-23__bonirob_2016-05-23-10-52-28_3_frame145,2016-05-23,1251936,0.0,0.019951499118165784,0.019951499118165784,24978,0,1080713,2770,43230,0,0,0,0,0,0,0,21146,22208,81869,0,0,0,0,0,0,0,0,0,0,0,0
M6,2016-05-23__bonirob_2016-05-23-10-52-28_3_frame150,2016-05-23,1251936,0.007674513713161056,0.00801079288398129,0.0003362791708202339,977,556,1210044,975,8177,0,0,544,9052,12,0,0,3054,2,20076,0,0,0,0,0,0,0,0,0,0,0,0
M6,2016-05-23__bonirob_2016-05-23-10-52-28_3_frame171,2016-05-23,1251936,0.015092624543107634,0.045691632799120724,0.03059900825601309,40498,2190,1139462,2636,3985,0,0,610,16705,1580,0,0,11885,37862,37211,0,0,0,0,0,0,0,0,0,0,0,0
M6,2016-05-23__bonirob_2016-05-23-10-52-28_3_frame175,2016-05-23,1251936,0.0021310993533215756,0.02837684993482095,0.026245750581499375,33426,568,1140758,2577,6987,0,0,215,2100,353,0,0,16262,30849,51835,0,0,0,0,0,0,0,0,0,0,0,0
M6,2016-05-23__bonirob_2016-05-23-10-52-28_3_frame254,2016-05-23,1251936,0.0034658321192137615,0.008966113283746134,0.005500281164532372,7046,160,1212921,987,2654,0,0,160,4179,0,0,0,2875,6059,22101,0,0,0,0,0,0,0,0,0,0,0,0
M6,2016-05-23__bonirob_2016-05-23-10-52-28_3_frame257,2016-05-23,1251936,0.007851040308769777,0.010056424609564706,0.0022053843007949284,2962,201,1232743,1051,1291,0,0,201,9628,0,0,0,1924,1911,3187,0,0,0,0,0,0,0,0,0,0,0,0
M6,2016-05-23__bonirob_2016-05-23-10-52-28_3_frame263,2016-05-23,1251936,0.019129572118702552,0.020265412928456406,0.0011358408097538533,1813,391,1204771,1813,3119,0,0,391,23558,0,0,0,5019,0,13163,0,102,0,0,0,0,0,0,0,0,0,0
M6,2016-05-23__bonirob_2016-05-23-10-52-28_3_frame279,2016-05-23,1251936,0.05069348592899318,0.052744708994709,0.0020512230657158195,3043,475,1166050,3043,2183,0,0,475,62990,0,0,0,2609,0,14586,0,0,0,0,0,0,0,0,0,0,0,0
M6,2016-05-23__bonirob_2016-05-23-10-52-28_3_frame283,2016-05-23,1251936,0.014996772997980728,0.015662941236612733,0.0006661682386320047,1341,507,1221486,1341,1908,0,0,507,18268,0,0,0,1934,0,6492,0,0,0,0,0,0,0,0,0,0,0,0
M6,2016-05-23__bonirob_2016-05-23-10-52-28_3_frame285,2016-05-23,1251936,0.010280078214860823,0.010963020473890039,0.0006829422590292154,1375,520,1216026,1375,4660,0,0,520,12350,0,0,0,2081,0,14924,0,0,0,0,0,0,0,0,0,0,0,0
M6,2016-05-23__bonirob_2016-05-23-10-52-28_3_frame289,2016-05-23,1251936,0.009969359456074432,0.010720995322444598,0.0007516358663701653,1790,849,1229618,1790,1952,0,0,502,11632,347,0,0,2689,0,3406,0,0,0,0,0,0,0,0,0,0,0,0
M6,2016-05-23__bonirob_2016-05-23-10-52-28_3_frame292,2016-05-23,1251936,0.0037286251054366995,0.003873999948879176,0.00014537484344247665,305,123,1238974,305,2264,0,0,123,4545,0,0,0,1991,0,3734,0,0,0,0,0,0,0,0,0,0,0,0
M6,2016-05-23__bonirob_2016-05-23-10-57-33_4_frame4,2016-05-23,1251936,0.03591477519617616,0.03878872402423127,0.0028739488280551118,4248,650,1200105,4091,969,0,0,265,44313,385,0,0,153,157,1498,0,0,0,0,0,0,0,0,0,0,0,0
M6,2016-05-23__bonirob_2016-05-23-10-57-33_4_frame6,2016-05-23,1251936,0.012546168494236128,0.014120530122945582,0.001574361628709454,2132,161,1222527,1990,2956,0,0,152,15546,9,0,0,905,142,7709,0,0,0,0,0,0,0,0,0,0,0,0
M6,2016-05-23__bonirob_2016-05-23-10-57-33_4_frame7,2016-05-23,1251936,0.024289580298034404,0.029213953428929275,0.004924373130894871,7478,1313,1206829,2481,1769,0,0,162,29096,1151,0,0,1014,4997,4437,0,0,0,0,0,0,0,0,0,0,0,0
M6,2016-05-23__bonirob_2016-05-23-10-57-33_4_frame11,2016-05-23,1251936,0.025383885438233264,0.02782650231321729,0.0024426168749840244,3352,294,1210131,3352,1899,0,0,294,31485,0,0,0,1641,0,3134,0,0,0,0,0,0,0,0,0,0,0,0
M6,2016-05-23__bonirob_2016-05-23-10-57-33_4_frame25,2016-05-23,1251936,0.02383508422155765,0.026021298213327198,0.0021862139917695478,3125,388,1184925,1826,4075,0,0,384,29452,4,0,0,2686,1299,27285,0,0,0,0,0,0,0,0,0,0,0,0
M6,2016-05-23__bonirob_2016-05-23-10-57-33_4_frame26,2016-05-23,1251936,0.020489865296628582,0.021790251258850292,0.0013003859622217097,2154,526,1209632,1860,2999,0,0,526,25126,0,0,0,1872,294,9627,0,0,0,0,0,0,0,0,0,0,0,0
M6,2016-05-23__bonirob_2016-05-23-10-57-33_4_frame28,2016-05-23,1251936,0.01536979526109961,0.024691358024691357,0.009321562763591747,12221,551,1196650,1543,3656,0,0,550,18691,1,0,0,2835,10678,17332,0,0,0,0,0,0,0,0,0,0,0,0
M6,2016-05-23__bonirob_2016-05-23-10-57-33_4_frame30,2016-05-23,1251936,0.02540545203588682,0.026238561715614856,0.0008331096797280363,1679,636,1199404,1679,3755,0,0,636,31170,0,0,0,2442,0,12850,0,0,0,0,0,0,0,0,0,0,0,0
M6,2016-05-23__bonirob_2016-05-23-10-57-33_4_frame31,2016-05-23,1251936,0.005768665490887713,0.0061528704342714005,0.0003842049433836871,623,142,1223863,623,3754,0,0,142,7080,0,0,0,2554,0,13920,0,0,0,0,0,0,0,0,0,0,0,0
M6,2016-05-23__bonirob_2016-05-23-10-57-33_4_frame38,2016-05-23,1251936,0.023044308974260665,0.02357308999821077,0.0005287810239501048,1192,530,1214181,1192,832,0,0,530,28320,0,0,0,1436,0,5445,0,0,0,0,0,0,0,0,0,0,0,0
M6,2016-05-23__bonirob_2016-05-23-10-57-33_4_frame39,2016-05-23,1251936,0.029920858574240216,0.0312236408250901,0.0013027822508498849,2110,479,1204679,2093,1149,0,0,479,36980,0,0,0,1576,17,4963,0,0,0,0,0,0,0,0,0,0,0,0
M6,2016-05-23__bonirob_2016-05-23-10-57-33_4_frame57,2016-05-23,1251936,0.0071193735143010506,0.00692287784679089,-0.00019649566751016052,288,534,1230463,288,1881,0,0,454,8379,80,0,0,1622,0,8769,0,0,0,0,0,0,0,0,0,0,0,0
M6,2016-05-23__bonirob_2016-05-23-10-57-33_4_frame59,2016-05-23,1251936,0.03743881476369399,0.038632166500523986,0.001193351736829995,2278,784,1195322,1686,1184,0,0,784,46087,0,0,0,1025,592,5256,0,0,0,0,0,0,0,0,0,0,0,0
M6,2016-05-23__bonirob_2016-05-23-10-57-33_4_frame64,2016-05-23,1251936,0.0263751501674207,0.06465985481685965,0.03828470464943895,48201,271,1121449,2988,1013,0,2445,271,32749,0,0,0,10252,45213,15834,0,19722,0,0,0,0,0,0,0,0,0,0
M6,2016-05-23__bonirob_2016-05-23-10-57-33_4_frame66,2016-05-23,1251936,0.030445645783810035,0.03134505278225085,0.000899406998440818,1505,379,1160087,1505,1586,0,739,379,37737,0,0,0,4485,0,38789,0,6629,0,0,0,0,0,0,0,0,0,0
M6,2016-05-23__bonirob_2016-05-23-10-57-33_4_frame71,2016-05-23,1251936,0.046329045574214654,0.04735305958132045,0.0010240140071057988,2062,780,1184151,2062,1762,0,11,780,57221,0,0,0,2077,0,3859,0,13,0,0,0,0,0,0,0,0,0,0
M6,2016-05-23__bonirob_2016-05-23-10-57-33_4_frame72,2016-05-23,1251936,0.034219800373182015,0.03507767170206784,0.0008578713288858245,1634,560,1186571,1634,3512,0,62,533,42281,27,0,0,4892,0,12332,0,92,0,0,0,0,0,0,0,0,0,0
M6,2016-05-23__bonirob_2016-05-23-10-57-33_4_frame74,2016-05-23,1251936,0.0,0.03295056616312655,0.03295056616312655,41252,0,1141418,2046,7134,0,0,0,0,0,0,0,8292,39206,53840,0,0,0,0,0,0,0,0,0,0,0,0
M6,2016-05-23__bonirob_2016-05-23-10-57-33_4_frame75,2016-05-23,1251936,0.02384147432456611,0.05201943230324873,0.028177957978682618,35496,219,1133652,3152,3644,0,0,219,29629,0,0,0,2306,32344,46990,0,0,0,0,0,0,0,0,0,0,0,0
M6,2016-05-23__bonirob_2016-05-23-10-57-33_4_frame78,2016-05-23,1251936,0.03382840656391381,0.03497063747667612,0.0011422309127623112,1910,480,1201522,1910,682,0,0,480,41871,0,0,0,990,0,4481,0,0,0,0,0,0,0,0,0,0,0,0
M6,2016-05-23__bonirob_2016-05-23-10-57-33_4_frame85,2016-05-23,1251936,0.05659075224292615,0.054946898243999696,-0.0016438539989264561,1913,3971,1177726,1913,171,0,0,2055,66877,1916,0,0,444,0,834,0,0,0,0,0,0,0,0,0,0,0,0
M6,2016-05-23__bonirob_2016-05-23-10-57-33_4_frame90,2016-05-23,1251936,0.060623706004140784,0.06099752703013572,0.0003738210259949387,2507,2039,1170901,2507,583,0,0,1459,73858,580,0,0,627,0,1421,0,0,0,0,0,0,0,0,0,0,0,0
M6,2016-05-23__bonirob_2016-05-23-10-57-33_4_frame91,2016-05-23,1251936,0.07971973008204893,0.08203853871124403,0.0023188086291951043,3642,739,1147665,3642,60,0,0,671,99065,68,0,0,302,0,463,0,0,0,0,0,0,0,0,0,0,0,0
M6,2016-05-23__bonirob_2016-05-23-10-57-33_4_frame94,2016-05-23,1251936,0.04239354088387905,0.04279931242491629,0.000405771541037242,1299,791,1197401,1299,162,0,0,791,52283,0,0,0,0,0,0,0,0,0,0,0,0,0,0,0,0,0,0
M6,2016-05-23__bonirob_2016-05-23-10-57-33_4_frame95,2016-05-23,1251936,0.07420507118574751,0.07655343404135674,0.002348362855609229,3504,564,1155043,3504,161,0,0,564,92336,0,0,0,90,0,238,0,0,0,0,0,0,0,0,0,0,0,0
M6,2016-05-23__bonirob_2016-05-23-10-57-33_4_frame96,2016-05-23,1251936,0.10251562380185568,0.10444862996191498,0.0019330061600593001,3215,795,1119439,3215,167,0,0,795,127548,0,0,0,344,0,428,0,0,0,0,0,0,0,0,0,0,0,0
M6,2016-05-23__bonirob_2016-05-23-10-57-33_4_frame101,2016-05-23,1251936,0.01913116964445467,0.019568891700534212,0.0004377220560795418,1066,518,1224542,1066,262,0,0,518,23433,0,0,0,563,0,1552,0,0,0,0,0,0,0,0,0,0,0,0
M6,2016-05-23__bonirob_2016-05-23-10-57-33_4_frame115,2016-05-23,1251936,0.053533886716253865,0.054222420315415486,0.0006885335991616212,1454,592,1180896,1454,207,0,0,592,66429,0,0,0,823,0,1535,0,0,0,0,0,0,0,0,0,0,0,0
M6,2016-05-23__bonirob_2016-05-23-10-57-33_4_frame116,2016-05-23,1251936,0.02842317818163229,0.029281848273394168,0.0008586700917618782,1524,449,1205054,1524,986,0,0,449,35135,0,0,0,1453,0,7335,0,0,0,0,0,0,0,0,0,0,0,0
M6,2016-05-23__bonirob_2016-05-23-10-57-33_4_frame126,2016-05-23,1251936,0.10611964189862741,0.10795759527643585,0.0018379533778084406,3300,999,1109397,3300,462,0,0,975,131856,24,0,0,1378,0,4544,0,0,0,0,0,0,0,0,0,0,0,0
M6,2016-05-23__bonirob_2016-05-23-10-57-33_4_frame135,2016-05-23,1251936,0.01623166040436572,0.016206898755207935,-2.47616491577847e-05,879,910,1230033,879,187,0,0,910,19411,0,0,0,193,0,323,0,0,0,0,0,0,0,0,0,0,0,0
M6,2016-05-23__bonirob_2016-05-23-10-57-33_4_frame139,2016-05-23,1251936,0.05149464509367891,0.05298593538327838,0.0014912902895994687,2677,810,1182893,2316,168,0,0,810,63658,0,0,0,567,361,1163,0,0,0,0,0,0,0,0,0,0,0,0
M6,2016-05-23__bonirob_2016-05-23-10-57-33_4_frame140,2016-05-23,1251936,0.06567108861794853,0.06733890550315672,0.001667816885208187,2912,824,1165148,2912,150,0,0,824,81392,0,0,0,447,0,1063,0,0,0,0,0,0,0,0,0,0,0,0
M6,2016-05-23__bonirob_2016-05-23-10-57-33_4_frame141,2016-05-23,1251936,0.04205486542443064,0.04311003118370268,0.0010551657592720379,2067,746,1193860,2062,312,0,0,746,51904,0,0,0,875,5,2172,0,0,0,0,0,0,0,0,0,0,0,0
M6,2016-05-23__bonirob_2016-05-23-10-57-33_4_frame148,2016-05-23,1251936,0.019397956445057894,0.019747814584771105,0.00034985813971321125,1013,575,1223038,1013,463,0,0,575,23710,0,0,0,801,0,2336,0,0,0,0,0,0,0,0,0,0,0,0
M6,2016-05-23__bonirob_2016-05-23-10-57-33_4_frame150,2016-05-23,1251936,0.06401844822738542,0.06562795542264141,0.001609507195255988,2708,693,1168828,2708,62,0,0,693,79454,0,0,0,60,0,131,0,0,0,0,0,0,0,0,0,0,0,0
M6,2016-05-23__bonirob_2016-05-23-10-57-33_4_frame168,2016-05-23,1251936,0.021003469825933593,0.021500300334841398,0.000496830508907805,1208,586,1222113,1208,228,0,0,586,25709,0,0,0,725,0,1367,0,0,0,0,0,0,0,0,0,0,0,0
M6,2016-05-23__bonirob_2016-05-23-10-57-33_4_frame175,2016-05-23,1251936,0.016774819160084862,0.01717100554660941,0.00039618638652454824,951,455,1228311,951,90,0,0,455,20546,0,0,0,396,0,1187,0,0,0,0,0,0,0,0,0,0,0,0
M6,2016-05-23__bonirob_2016-05-23-10-57-33_4_frame179,2016-05-23,1251936,0.015911356491066637,0.016387419165196943,0.00047606267413030645,1001,405,1228333,1001,337,0,0,405,19515,0,0,0,948,0,1397,0,0,0,0,0,0,0,0,0,0,0,0
M6,2016-05-23__bonirob_2016-05-23-10-57-33_4_frame183,2016-05-23,1251936,0.026704240472356415,0.027591666027656364,0.0008874255552999491,1821,710,1211958,1695,481,0,0,590,32722,120,0,0,980,126,3264,0,0,0,0,0,0,0,0,0,0,0,0
M6,2016-05-23__bonirob_2016-05-23-10-57-33_4_frame189,2016-05-23,1251936,0.02541503719039951,0.026529311402499808,0.0011142742121002976,1918,523,1211726,1691,867,0,0,523,31295,0,0,0,1559,227,4048,0,0,0,0,0,0,0,0,0,0,0,0
M6,2016-05-23__bonirob_2016-05-23-10-57-33_4_frame198,2016-05-23,1251936,0.012380025816016153,0.012773815913912532,0.00039379009789637827,1138,645,1232751,932,333,0,0,645,14854,0,0,0,506,206,1709,0,0,0,0,0,0,0,0,0,0,0,0
M6,2016-05-23__bonirob_2016-05-23-10-57-33_4_frame203,2016-05-23,1251936,0.0320575492676942,0.032984114203920965,0.0009265649362267675,1713,553,1208503,1713,283,0,0,553,39581,0,0,0,476,0,827,0,0,0,0,0,0,0,0,0,0,0,0
M6,2016-05-23__bonirob_2016-05-23-10-57-33_4_frame211,2016-05-23,1251936,0.03379565728599545,0.03472861232523068,0.0009329550392352323,1727,559,1206355,1727,245,0,0,559,41751,0,0,0,288,0,1011,0,0,0,0,0,0,0,0,0,0,0,0
M6,2016-05-23__bonirob_2016-05-23-10-57-33_4_frame218,2016-05-23,1251936,0.034540903049357155,0.03366306264856989,-0.0008778404007872623,1652,2751,1203272,1652,518,0,0,996,40492,1755,0,0,729,0,2522,0,0,0,0,0,0,0,0,0,0,0,0
M6,2016-05-23__bonirob_2016-05-23-10-57-33_4_frame220,2016-05-23,1251936,0.012515016742069882,0.012861679830278864,0.0003466630882089823,726,292,1229646,726,932,0,0,292,15376,0,0,0,1407,0,3557,0,0,0,0,0,0,0,0,0,0,0,0
M6,2016-05-23__bonirob_2016-05-23-10-57-33_4_frame225,2016-05-23,1251936,0.04148854254530583,0.04235440150295223,0.0008658589576463968,2132,1048,1196843,2132,234,0,0,1029,50893,19,0,0,335,0,451,0,0,0,0,0,0,0,0,0,0,0,0
M6,2016-05-23__bonirob_2016-05-23-10-57-33_4_frame231,2016-05-23,1251936,0.0722760588400685,0.07451339365590573,0.0022373348158372247,3311,510,1154754,3311,221,0,0,510,89975,0,0,0,931,0,2234,0,0,0,0,0,0,0,0,0,0,0,0
M6,2016-05-23__bonirob_2016-05-23-10-57-33_4_frame248,2016-05-23,1251936,0.08445559517419421,0.08613778979117144,0.0016821946169772312,3495,1389,1141081,3495,396,0,0,846,104344,543,0,0,389,0,842,0,0,0,0,0,0,0,0,0,0,0,0
M6,2016-05-23__bonirob_2016-05-23-10-57-33_4_frame253,2016-05-23,1251936,0.087672213276078,0.09054376581550494,0.002871552539426933,4409,814,1135177,4389,460,0,0,814,108946,0,0,0,783,20,1347,0,0,0,0,0,0,0,0,0,0,0,0
M6,2016-05-23__bonirob_2016-05-23-10-57-33_4_frame254,2016-05-23,1251936,0.08625041535669555,0.08814348337295197,0.0018930680162564245,3292,922,1138519,3292,375,0,0,922,107058,0,0,0,500,0,1270,0,0,0,0,0,0,0,0,0,0,0,0
M6,2016-05-23__bonirob_2016-05-23-10-57-33_4_frame259,2016-05-23,1251936,0.0955719781202873,0.09774061932878358,0.0021686412084962886,3556,841,1125924,3556,397,0,0,841,118809,0,0,0,834,0,1575,0,0,0,0,0,0,0,0,0,0,0,0
M6,2016-05-23__bonirob_2016-05-23-10-57-33_4_frame264,2016-05-23,1251936,0.057050839659535314,0.05877456994606753,0.0017237302865322143,2615,457,1176542,2615,189,0,0,457,70967,0,0,0,264,0,902,0,0,0,0,0,0,0,0,0,0,0,0
M6,2016-05-23__bonirob_2016-05-23-10-57-33_4_frame270,2016-05-23,1251936,0.016645419574163534,0.016655004728676225,9.585154512690292e-06,562,550,1227218,562,234,0,0,550,20289,0,0,0,984,0,2099,0,0,0,0,0,0,0,0,0,0,0,0
M6,2016-05-23__bonirob_2016-05-23-10-57-33_4_frame273,2016-05-23,1251936,0.061781912174424254,0.06273563504843697,0.0009537228740127204,2938,1744,1169555,2938,431,0,0,516,75603,1228,0,0,392,0,1273,0,0,0,0,0,0,0,0,0,0,0,0
M6,2016-05-23__bonirob_2016-05-23-10-57-33_4_frame278,2016-05-23,1251936,0.04727238453083864,0.04796650947013266,0.0006941249392940219,1290,421,1189273,1290,578,0,0,421,58761,0,0,0,558,0,1055,0,0,0,0,0,0,0,0,0,0,0,0
M6,2016-05-23__bonirob_2016-05-23-10-57-33_4_frame279,2016-05-23,1251936,0.04063786008230453,0.0415963755335736,0.0009585154512690708,1624,424,1195864,1624,645,0,0,424,50452,0,0,0,847,0,2080,0,0,0,0,0,0,0,0,0,0,0,0
M6,2016-05-23__bonirob_2016-05-23-10-57-33_4_frame283,2016-05-23,1251936,0.03055507629782992,0.030490376504869257,-6.46997929606638e-05,1271,1352,1210204,1271,275,0,0,1352,36901,0,0,0,374,0,1559,0,0,0,0,0,0,0,0,0,0,0,0
M6,2016-05-23__bonirob_2016-05-23-10-57-33_4_frame303,2016-05-23,1251936,0.019774173759681005,0.02023825499067045,0.00046408123098944445,950,369,1225125,950,285,0,0,369,24387,0,0,0,323,0,497,0,0,0,0,0,0,0,0,0,0,0,0
M6,2016-05-23__bonirob_2016-05-23-11-02-39_5_frame9,2016-05-23,1251936,0.034302072949415945,0.035175120772946857,0.0008730478235309119,1520,427,1206214,1520,288,0,0,427,42517,0,0,0,278,0,692,0,0,0,0,0,0,0,0,0,0,0,0
M6,2016-05-23__bonirob_2016-05-23-11-02-39_5_frame15,2016-05-23,1251936,0.024803184827339418,0.0252025662653682,0.00039938143802878065,933,433,1217567,933,185,0,0,433,30619,0,0,0,373,0,1826,0,0,0,0,0,0,0,0,0,0,0,0
M6,2016-05-23__bonirob_2016-05-23-11-02-39_5_frame20,2016-05-23,1251936,0.0034818073767349128,0.0036958758275183394,0.00021406845078342663,544,276,1245258,409,196,0,0,276,4083,0,0,0,726,135,853,0,0,0,0,0,0,0,0,0,0,0,0
M6,2016-05-23__bonirob_2016-05-23-11-02-39_5_frame29,2016-05-23,1251936,0.02954863507399739,0.030176462694578635,0.0006278276205812436,1423,637,1211173,1423,361,0,0,637,36356,0,0,0,351,0,1635,0,0,0,0,0,0,0,0,0,0,0,0
M6,2016-05-23__bonirob_2016-05-23-11-02-39_5_frame30,2016-05-23,1251936,0.034544098100861384,0.035438712522045855,0.0008946144211844712,1786,666,1206458,1786,58,0,0,666,42581,0,0,0,89,0,298,0,0,0,0,0,0,0,0,0,0,0,0
M6,2016-05-23__bonirob_2016-05-23-11-02-39_5_frame31,2016-05-23,1251936,0.020161573754568923,0.020555363852465303,0.00039379009789638,1070,577,1225094,1070,163,0,0,577,24664,0,0,0,29,0,339,0,0,0,0,0,0,0,0,0,0,0,0
M6,2016-05-23__bonirob_2016-05-23-11-02-39_5_frame34,2016-05-23,1251936,0.10510681057178642,0.10771636888786647,0.002609558316080049,3862,595,1116182,3862,83,0,0,595,130992,0,0,0,53,0,169,0,0,0,0,0,0,0,0,0,0,0,0
M6,2016-05-23__bonirob_2016-05-23-11-02-39_5_frame37,2016-05-23,1251936,0.023398959691230223,0.023810322572399865,0.00041136288116964265,1278,763,1220432,1278,179,0,0,763,28531,0,0,0,111,0,642,0,0,0,0,0,0,0,0,0,0,0,0
M6,2016-05-23__bonirob_2016-05-23-11-02-39_5_frame60,2016-05-23,1251936,0.02788481200316949,0.028777030135725787,0.000892218132556296,1459,342,1215468,1459,99,0,0,342,34568,0,0,0,0,0,0,0,0,0,0,0,0,0,0,0,0,0,0
M6,2016-05-23__bonirob_2016-05-23-11-02-39_5_frame62,2016-05-23,1251936,0.03996530174066406,0.040708151215397594,0.000742849474733534,1802,872,1199390,1802,66,0,0,872,49162,0,0,0,136,0,508,0,0,0,0,0,0,0,0,0,0,0,0
M6,2016-05-23__bonirob_2016-05-23-11-02-39_5_frame69,2016-05-23,1251936,0.04594484063083097,0.04657186948853616,0.0006270288577051863,1926,1141,1191232,1926,173,0,0,1141,56379,0,0,0,137,0,948,0,0,0,0,0,0,0,0,0,0,0,0
M6,2016-05-23__bonirob_2016-05-23-11-02-39_5_frame80,2016-05-23,1251936,0.03864734299516908,0.03917931907062342,0.0005319760754543407,1389,723,1192420,1389,2,0,361,723,47661,0,0,0,1234,0,244,0,7902,0,0,0,0,0,0,0,0,0,0
M6,2016-05-23__bonirob_2016-05-23-11-02-39_5_frame84,2016-05-23,1251936,0.03942453927357309,0.040449352043554945,0.001024812769981856,1698,415,1200103,1698,88,0,0,415,48942,0,0,0,267,0,423,0,0,0,0,0,0,0,0,0,0,0,0
M6,2016-05-23__bonirob_2016-05-23-11-02-39_5_frame89,2016-05-23,1251936,0.012942354880760678,0.01342640518365156,0.00048405030289088227,1130,524,1232862,677,116,0,0,524,15679,0,0,0,479,453,1146,0,0,0,0,0,0,0,0,0,0,0,0
M6,2016-05-23__bonirob_2016-05-23-11-02-39_5_frame90,2016-05-23,1251936,0.022445236817217492,0.022762345679012346,0.0003171088617948542,1031,634,1220016,1031,366,0,0,634,27466,0,0,0,431,0,1992,0,0,0,0,0,0,0,0,0,0,0,0
M6,2016-05-23__bonirob_2016-05-23-11-02-39_5_frame93,2016-05-23,1251936,0.025572393476982848,0.026401509342330598,0.0008291158653477501,1454,416,1217990,1454,31,0,0,416,31599,0,0,0,306,0,140,0,0,0,0,0,0,0,0,0,0,0,0
M6,2016-05-23__bonirob_2016-05-23-11-02-39_5_frame105,2016-05-23,1251936,0.02494536461927766,0.025297619047619048,0.00035225442834138643,1034,593,1216954,1034,252,0,0,593,30637,0,0,0,471,0,1995,0,0,0,0,0,0,0,0,0,0,0,0
M6,2016-05-23__bonirob_2016-05-23-11-02-39_5_frame108,2016-05-23,1251936,0.010564437798737315,0.010629936354574036,6.549855583672104e-05,458,376,1237203,458,99,0,0,376,12850,0,0,0,322,0,628,0,0,0,0,0,0,0,0,0,0,0,0
M6,2016-05-23__bonirob_2016-05-23-11-02-39_5_frame112,2016-05-23,1251936,0.03502495335224804,0.035839691485826754,0.0008147381335787129,1542,522,1204570,1542,253,0,0,522,43327,0,0,0,542,0,1180,0,0,0,0,0,0,0,0,0,0,0,0
M6,2016-05-23__bonirob_2016-05-23-11-02-39_5_frame116,2016-05-23,1251936,0.04093979244945428,0.04191747820974874,0.0009776857602944583,1757,533,1196481,1757,139,0,0,533,50721,0,0,0,387,0,1918,0,0,0,0,0,0,0,0,0,0,0,0
M6,2016-05-23__bonirob_2016-05-23-11-02-39_5_frame117,2016-05-23,1251936,0.03138658845180584,0.031753220611916266,0.0003666321601104236,1223,764,1209801,1223,153,0,0,764,38530,0,0,0,274,0,1191,0,0,0,0,0,0,0,0,0,0,0,0
M6,2016-05-23__bonirob_2016-05-23-11-02-39_5_frame131,2016-05-23,1251936,0.05337653042967053,0.05496127597576873,0.0015847455460982,2880,896,1180524,2880,269,0,0,896,65928,0,0,0,205,0,1234,0,0,0,0,0,0,0,0,0,0,0,0
M6,2016-05-23__bonirob_2016-05-23-11-02-39_5_frame144,2016-05-23,1251936,0.02105379188712522,0.021451575799401885,0.0003977839122766662,944,446,1221102,944,415,0,0,446,25912,0,0,0,534,0,2583,0,0,0,0,0,0,0,0,0,0,0,0
M6,2016-05-23__bonirob_2016-05-23-11-02-39_5_frame149,2016-05-23,1251936,0.008205691025739335,0.01676203895406794,0.008556347928328604,10838,126,1228042,853,574,0,0,126,10147,0,0,0,697,9985,1512,0,0,0,0,0,0,0,0,0,0,0,0
M6,2016-05-23__bonirob_2016-05-23-11-02-39_5_frame155,2016-05-23,1251936,0.03915216113283746,0.039982874523937326,0.0008307133910998646,1628,588,1199801,1628,282,0,0,588,48428,0,0,0,463,0,746,0,0,0,0,0,0,0,0,0,0,0,0
M6,2016-05-23__bonirob_2016-05-23-11-02-39_5_frame164,2016-05-23,1251936,0.011927127265291517,0.012310533445799146,0.000383406180507629,659,179,1233822,659,209,0,0,179,14753,0,0,0,615,0,1699,0,0,0,0,0,0,0,0,0,0,0,0
M6,2016-05-23__bonirob_2016-05-23-11-02-39_5_frame169,2016-05-23,1251936,0.040589934309741074,0.04118661017815607,0.0005966758684149975,1276,529,1194049,1276,547,0,0,529,50287,0,0,0,792,0,4456,0,0,0,0,0,0,0,0,0,0,0,0
M6,2016-05-23__bonirob_2016-05-23-11-02-39_5_frame177,2016-05-23,1251936,0.03831505763872914,0.03888856938373846,0.0005735117450093238,1835,1117,1198618,1835,182,0,0,1117,46851,0,0,0,853,0,2480,0,0,0,0,0,0,0,0,0,0,0,0
M6,2016-05-23__bonirob_2016-05-23-11-02-39_5_frame184,2016-05-23,1251936,0.02705010479768934,0.02779694808680316,0.0007468432891138202,1552,617,1214163,1364,230,0,0,617,33248,0,0,0,581,188,1545,0,0,0,0,0,0,0,0,0,0,0,0
M6,2016-05-23__bonirob_2016-05-23-11-02-39_5_frame187,2016-05-23,1251936,0.024788008332694324,0.022907720522454822,-0.0018802878102395018,1003,3357,1209315,1003,974,0,0,765,27676,2592,0,0,1951,0,7660,0,0,0,0,0,0,0,0,0,0,0,0
M6,2016-05-23__bonirob_2016-05-23-11-02-39_5_frame189,2016-05-23,1251936,0.014800277330470566,0.014656500012780207,-0.00014377731769035958,420,600,1223224,420,1310,0,0,600,17929,0,0,0,1720,0,6733,0,0,0,0,0,0,0,0,0,0,0,0
M6,2016-05-23__bonirob_2016-05-23-11-02-39_5_frame192,2016-05-23,1251936,0.015734031132581858,0.015810712368683384,7.66812361015258e-05,578,482,1226929,578,536,0,0,482,19216,0,0,0,757,0,3438,0,0,0,0,0,0,0,0,0,0,0,0
M6,2016-05-23__bonirob_2016-05-23-11-02-39_5_frame193,2016-05-23,1251936,0.017821997290596324,0.018048047184520615,0.00022604989392429123,792,509,1223798,792,677,0,0,509,21803,0,0,0,816,0,3541,0,0,0,0,0,0,0,0,0,0,0,0
M6,2016-05-23__bonirob_2016-05-23-11-02-39_5_frame199,2016-05-23,1251936,0.03230117194489175,0.03393863584080976,0.0016374638959180052,2564,514,1198437,1150,699,0,0,514,39925,0,0,0,1636,1414,8161,0,0,0,0,0,0,0,0,0,0,0,0
M6,2016-05-23__bonirob_2016-05-23-11-02-39_5_frame202,2016-05-23,1251936,0.03096803670475168,0.030501559185134065,-0.00046647751961761616,1565,2149,1203996,1565,1155,0,0,807,36621,1342,0,0,1055,0,5395,0,0,0,0,0,0,0,0,0,0,0,0
M6,2016-05-23__bonirob_2016-05-23-11-02-39_5_frame203,2016-05-23,1251936,0.0053117731257827875,0.0055146588963014085,0.000202885770518621,664,410,1238626,664,1007,0,0,410,6240,0,0,0,1006,0,3983,0,0,0,0,0,0,0,0,0,0,0,0
M6,2016-05-23__bonirob_2016-05-23-11-02-39_5_frame204,2016-05-23,1251936,0.019903573345602332,0.019895585716841756,-7.987628760575821e-06,661,671,1213020,661,2087,0,0,671,24247,0,0,0,2087,0,9163,0,0,0,0,0,0,0,0,0,0,0,0
M6,2016-05-23__bonirob_2016-05-23-11-02-39_5_frame215,2016-05-23,1251936,0.04561335403726708,0.04695926948342407,0.0013459154461569894,2408,723,1186136,2408,1193,0,0,723,56382,0,0,0,1126,0,3968,0,0,0,0,0,0,0,0,0,0,0,0
M6,2016-05-23__bonirob_2016-05-23-11-02-39_5_frame216,2016-05-23,1251936,0.005239884466937607,0.005316565703039133,7.66812361015258e-05,333,237,1240129,333,286,0,0,237,6323,0,0,0,920,0,3708,0,0,0,0,0,0,0,0,0,0,0,0
M6,2016-05-23__bonirob_2016-05-23-11-02-39_5_frame223,2016-05-23,1251936,0.02576809038161695,0.02672500830713391,0.0009569179255169598,1888,690,1214570,1888,825,0,0,690,31570,0,0,0,421,0,1972,0,0,0,0,0,0,0,0,0,0,0,0
M6,2016-05-23__bonirob_2016-05-23-11-02-39_5_frame233,2016-05-23,1251936,0.02602449326483143,0.02706528129233443,0.0010407880275030007,1979,676,1208830,1979,778,0,0,676,31905,0,0,0,1563,0,6205,0,0,0,0,0,0,0,0,0,0,0,0
M6,2016-05-23__bonirob_2016-05-23-11-02-39_5_frame243,2016-05-23,1251936,0.014189223730286532,0.015134160212662628,0.000944936482376096,1498,315,1229095,1498,498,0,0,315,17449,0,0,0,959,0,2122,0,0,0,0,0,0,0,0,0,0,0,0
M6,2016-05-23__bonirob_2016-05-23-11-02-39_5_frame246,2016-05-23,1251936,0.018683063670986377,0.020249437670935254,0.0015663739999488765,2196,235,1223898,1792,796,0,0,235,23155,0,0,0,520,404,1136,0,0,0,0,0,0,0,0,0,0,0,0
M6,2016-05-23__bonirob_2016-05-23-11-02-39_5_frame253,2016-05-23,1251936,0.016439338752140684,0.017452968841857732,0.0010136300897170478,1549,280,1229084,1549,248,0,0,280,20301,0,0,0,77,0,397,0,0,0,0,0,0,0,0,0,0,0,0
M6,2016-05-23__bonirob_2016-05-23-11-02-39_5_frame254,2016-05-23,1251936,0.008573121948725813,0.010375130997111674,0.0018020090483858615,2577,321,1237251,1079,365,0,0,321,10412,0,0,0,345,1498,665,0,0,0,0,0,0,0,0,0,0,0,0
M6,2016-05-23__bonirob_2016-05-23-11-02-39_5_frame255,2016-05-23,1251936,0.0033076770697543644,0.0043588490146461165,0.0010511719448917521,1430,114,1242400,190,527,0,0,114,4027,0,0,0,856,1240,2582,0,0,0,0,0,0,0,0,0,0,0,0
M6,2016-05-23__bonirob_2016-05-23-11-02-39_5_frame257,2016-05-23,1251936,0.008390205250108631,0.008677759885489354,0.0002875546353807226,595,235,1239396,595,305,0,0,235,10269,0,0,0,311,0,825,0,0,0,0,0,0,0,0,0,0,0,0
M6,2016-05-23__bonirob_2016-05-23-11-02-39_5_frame264,2016-05-23,1251936,0.028948764154078165,0.029784270122434373,0.000835505968356208,1652,606,1210601,1652,346,0,0,606,35636,0,0,0,378,0,2717,0,0,0,0,0,0,0,0,0,0,0,0
M6,2016-05-23__bonirob_2016-05-23-11-02-39_5_frame265,2016-05-23,1251936,0.01807600388518263,0.018505738312501598,0.00042973442731896946,1143,605,1220982,1143,984,0,0,539,22025,66,0,0,1550,0,4647,0,0,0,0,0,0,0,0,0,0,0,0
M6,2016-05-23__bonirob_2016-05-23-11-02-39_5_frame266,2016-05-23,1251936,0.04472672724484319,0.04597519362012115,0.0012484663752779651,2130,567,1192264,2130,554,0,0,567,55428,0,0,0,216,0,777,0,0,0,0,0,0,0,0,0,0,0,0
M6,2016-05-23__bonirob_2016-05-23-11-02-39_5_frame271,2016-05-23,1251936,0.0346567236663855,0.03607133271988344,0.0014146090534979394,2168,397,1203836,2152,352,0,0,397,42991,0,0,0,506,16,1686,0,0,0,0,0,0,0,0,0,0,0,0
M6,2016-05-23__bonirob_2016-05-23-11-02-39_5_frame272,2016-05-23,1251936,0.07048363494619533,0.07261233801088873,0.002128703064693399,3443,778,1159636,3443,212,0,0,778,87463,0,0,0,70,0,334,0,0,0,0,0,0,0,0,0,0,0,0
M6,2016-05-23__bonirob_2016-05-23-11-02-39_5_frame273,2016-05-23,1251936,0.049711007591442376,0.05069268716611712,0.0009816795746747445,2431,1202,1186922,2431,222,0,0,457,61033,745,0,0,101,0,25,0,0,0,0,0,0,0,0,0,0,0,0
M6,2016-05-23__bonirob_2016-05-23-11-02-39_5_frame277,2016-05-23,1251936,0.037165637860082305,0.03856507041893515,0.001399432558852845,2466,714,1198994,2163,457,0,0,714,45815,0,0,0,595,303,2895,0,0,0,0,0,0,0,0,0,0,0,0
M6,2016-05-23__bonirob_2016-05-23-11-02-39_5_frame278,2016-05-23,1251936,0.025264869769700687,0.025704189351532347,0.00043931958183165976,1371,821,1214751,1371,494,0,0,780,30809,41,0,0,595,0,3095,0,0,0,0,0,0,0,0,0,0,0,0
M6,2016-05-23__bonirob_2016-05-23-11-02-39_5_frame282,2016-05-23,1251936,0.018184635636326458,0.018615967589397542,0.00043133195307108393,758,218,1226503,758,338,0,0,218,22548,0,0,0,414,0,1157,0,0,0,0,0,0,0,0,0,0,0,0
M6,2016-05-23__bonirob_2016-05-23-11-02-39_5_frame284,2016-05-23,1251936,0.01994990159241367,0.020329313958541012,0.00037941236612734283,1481,1006,1223005,1481,520,0,0,360,23970,646,0,0,306,0,1648,0,0,0,0,0,0,0,0,0,0,0,0
M6,2016-05-23__bonirob_2016-05-23-11-02-39_5_frame292,2016-05-23,1251936,0.03423417810495105,0.035517790046775556,0.0012836119418245043,2001,394,1200421,1993,861,0,0,394,42465,0,0,0,1075,8,4719,0,0,0,0,0,0,0,0,0,0,0,0
M6,2016-05-23__bonirob_2016-05-23-11-02-39_5_frame293,2016-05-23,1251936,0.025288832655982415,0.025903880070546736,0.0006150474145643209,1374,604,1216640,1344,412,0,0,604,31056,0,0,0,600,30,1250,0,0,0,0,0,0,0,0,0,0,0,0
M6,2016-05-23__bonirob_2016-05-23-11-02-39_5_frame294,2016-05-23,1251936,0.015837071543593283,0.016075102880658436,0.00023803133706515323,756,458,1227031,742,695,0,0,458,19369,0,0,0,696,14,2931,0,0,0,0,0,0,0,0,0,0,0,0
M6,2016-05-23__bonirob_2016-05-23-11-07-45_6_frame3,2016-05-23,1251936,0.018561651713825626,0.018664692124837054,0.00010304041101142844,760,631,1220185,760,10,0,359,631,22607,0,0,0,2465,0,548,0,4371,0,0,0,0,0,0,0,0,0,0
M6,2016-05-23__bonirob_2016-05-23-11-07-45_6_frame4,2016-05-23,1251936,0.07049721391508831,0.07179360606292974,0.001296392147841427,2276,653,1160262,2276,254,0,0,653,87605,0,0,0,143,0,743,0,0,0,0,0,0,0,0,0,0,0,0
M6,2016-05-23__bonirob_2016-05-23-11-07-45_6_frame17,2016-05-23,1251936,0.03038813485673389,0.031794756281471256,0.001406621424737367,2278,517,1203058,2278,809,0,0,517,37527,0,0,0,1703,0,6044,0,0,0,0,0,0,0,0,0,0,0,0
M6,2016-05-23__bonirob_2016-05-23-11-07-45_6_frame27,2016-05-23,1251936,0.05710116172072694,0.058632390154129285,0.0015312284334023443,2616,699,1176317,2494,235,0,0,699,70788,0,0,0,634,122,647,0,0,0,0,0,0,0,0,0,0,0,0
M6,2016-05-23__bonirob_2016-05-23-11-07-45_6_frame34,2016-05-23,1251936,0.06923916238529765,0.07095969762032564,0.0017205352350279923,2650,496,1159191,2501,730,0,0,496,86187,0,0,0,381,149,2301,0,0,0,0,0,0,0,0,0,0,0,0
M6,2016-05-23__bonirob_2016-05-23-11-07-45_6_frame38,2016-05-23,1251936,0.040957365232727555,0.04255489098484268,0.0015975257521151226,2454,454,1195822,2073,435,0,0,454,50822,0,0,0,415,381,1534,0,0,0,0,0,0,0,0,0,0,0,0
M6,2016-05-23__bonirob_2016-05-23-11-07-45_6_frame41,2016-05-23,1251936,0.025914263987935487,0.02633920583799811,0.0004249418500626226,1591,1059,1213082,1591,667,0,0,840,31384,219,0,0,1316,0,2837,0,0,0,0,0,0,0,0,0,0,0,0
M6,2016-05-23__bonirob_2016-05-23-11-07-45_6_frame51,2016-05-23,1251936,0.0357070968484012,0.036987513738721466,0.0012804168903202684,2011,408,1203383,2011,298,0,0,408,44295,0,0,0,478,0,1063,0,0,0,0,0,0,0,0,0,0,0,0
M6,2016-05-23__bonirob_2016-05-23-11-07-45_6_frame52,2016-05-23,1251936,0.029142064770084092,0.0297818738338062,0.000639809063722109,1511,710,1210432,1508,738,0,0,710,35774,0,0,0,764,3,2007,0,0,0,0,0,0,0,0,0,0,0,0
M6,2016-05-23__bonirob_2016-05-23-11-07-45_6_frame61,2016-05-23,1251936,0.03105350433248984,0.03179315875571914,0.0007396544232293016,1569,643,1210008,1569,359,0,0,643,38234,0,0,0,292,0,831,0,0,0,0,0,0,0,0,0,0,0,0
M6,2016-05-23__bonirob_2016-05-23-11-07-45_6_frame63,2016-05-23,1251936,0.024541989366868595,0.024240855762594892,-0.00030113360427370256,1594,1971,1211220,1520,596,0,122,406,28754,1565,0,0,1631,74,4486,0,1562,0,0,0,0,0,0,0,0,0,0
M6,2016-05-23__bonirob_2016-05-23-11-07-45_6_frame68,2016-05-23,1251936,0.03396339748996754,0.03438354676277382,0.00042014927280627917,1185,659,1207578,1185,111,0,0,659,41861,0,0,0,360,0,182,0,0,0,0,0,0,0,0,0,0,0,0
M6,2016-05-23__bonirob_2016-05-23-11-07-45_6_frame70,2016-05-23,1251936,0.06192089691485827,0.06256070597858038,0.000639809063722109,1609,808,1171187,1609,213,0,0,808,76713,0,0,0,490,0,916,0,0,0,0,0,0,0,0,0,0,0,0
M6,2016-05-23__bonirob_2016-05-23-11-07-45_6_frame75,2016-05-23,1251936,0.019647170462387852,0.02020231066124786,0.0005551401988600074,1189,494,1223767,1189,345,0,0,494,24103,0,0,0,569,0,1469,0,0,0,0,0,0,0,0,0,0,0,0
M6,2016-05-23__bonirob_2016-05-23-11-07-45_6_frame99,2016-05-23,1251936,0.03736772486772487,0.038157701352145794,0.0007899764844209248,1586,597,1203106,1586,123,0,0,597,46185,0,0,0,129,0,210,0,0,0,0,0,0,0,0,0,0,0,0
M6,2016-05-23__bonirob_2016-05-23-11-07-45_6_frame104,2016-05-23,1251936,0.02701975180839915,0.028201122102088284,0.001181370293689133,2162,683,1214377,2021,225,0,0,683,33144,0,0,0,344,141,1001,0,0,0,0,0,0,0,0,0,0,0,0
M6,2016-05-23__bonirob_2016-05-23-11-07-45_6_frame108,2016-05-23,1251936,0.052665631469979296,0.053335793522991594,0.0006701620530122979,2091,1252,1183517,2091,55,0,0,1252,64682,0,0,0,187,0,152,0,0,0,0,0,0,0,0,0,0,0,0
M6,2016-05-23__bonirob_2016-05-23-11-07-45_6_frame109,2016-05-23,1251936,0.051454706949876035,0.05277426322112312,0.0013195562712470868,2397,745,1184840,2397,65,0,0,745,63673,0,0,0,41,0,175,0,0,0,0,0,0,0,0,0,0,0,0
M6,2016-05-23__bonirob_2016-05-23-11-07-45_6_frame115,2016-05-23,1251936,0.04173056769675127,0.042097199856861695,0.0003666321601104236,1411,952,1197250,1411,153,0,0,952,51292,0,0,0,333,0,545,0,0,0,0,0,0,0,0,0,0,0,0
M6,2016-05-23__bonirob_2016-05-23-11-07-45_6_frame122,2016-05-23,1251936,0.05644857245098791,0.05779209160851673,0.0013435191575288177,2417,735,1178375,2417,37,0,0,735,69935,0,0,0,196,0,241,0,0,0,0,0,0,0,0,0,0,0,0
M6,2016-05-23__bonirob_2016-05-23-11-07-45_6_frame127,2016-05-23,1251936,0.0788674500932955,0.08042903151598804,0.00156158142269254,2976,1021,1148541,2586,246,0,0,1021,97716,0,0,0,662,390,774,0,0,0,0,0,0,0,0,0,0,0,0
M6,2016-05-23__bonirob_2016-05-23-11-07-45_6_frame131,2016-05-23,1251936,0.06560798635073997,0.06763285024154589,0.002024863890805917,3407,872,1164973,3407,281,0,0,872,81265,0,0,0,405,0,733,0,0,0,0,0,0,0,0,0,0,0,0
M6,2016-05-23__bonirob_2016-05-23-11-07-45_6_frame133,2016-05-23,1251936,0.07422264396902079,0.07516917797714899,0.0009465340081282053,1892,707,1156545,1892,123,0,0,707,92215,0,0,0,222,0,232,0,0,0,0,0,0,0,0,0,0,0,0
M6,2016-05-23__bonirob_2016-05-23-11-07-45_6_frame135,2016-05-23,1251936,0.06716158014467193,0.06941489021803031,0.0022533100733583833,3443,622,1164118,3443,16,0,0,622,83460,0,0,0,167,0,110,0,0,0,0,0,0,0,0,0,0,0,0
M6,2016-05-23__bonirob_2016-05-23-11-07-45_6_frame138,2016-05-23,1251936,0.06176114433964675,0.06277237814073564,0.001011233801088883,2305,1039,1171792,2305,231,0,0,1039,76282,0,0,0,78,0,209,0,0,0,0,0,0,0,0,0,0,0,0
M6,2016-05-23__bonirob_2016-05-23-11-07-45_6_frame141,2016-05-23,1251936,0.056079544002249314,0.05669858523119393,0.000619041228944614,2390,1615,1176106,2390,354,0,0,1356,68593,259,0,0,736,0,2142,0,0,0,0,0,0,0,0,0,0,0,0
M6,2016-05-23__bonirob_2016-05-23-11-07-45_6_frame146,2016-05-23,1251936,0.027184296960867008,0.027644384377476166,0.0004600874166091583,1272,696,1215835,1272,55,0,0,649,33337,47,0,0,285,0,456,0,0,0,0,0,0,0,0,0,0,0,0
M6,2016-05-23__bonirob_2016-05-23-11-07-45_6_frame149,2016-05-23,1251936,0.04171379367635406,0.04261959077780334,0.0009057971014492794,1999,865,1196488,1999,325,0,0,865,51358,0,0,0,345,0,556,0,0,0,0,0,0,0,0,0,0,0,0
M6,2016-05-23__bonirob_2016-05-23-11-07-45_6_frame156,2016-05-23,1251936,0.07919015029522276,0.08204972139150883,0.0028595710962860676,4215,635,1147576,4215,145,0,0,635,98506,0,0,0,397,0,462,0,0,0,0,0,0,0,0,0,0,0,0
M6,2016-05-23__bonirob_2016-05-23-11-07-45_6_frame162,2016-05-23,1251936,0.07268502543260998,0.07446626664621833,0.001781241213608356,3115,885,1157086,3115,203,0,0,885,90112,0,0,0,160,0,375,0,0,0,0,0,0,0,0,0,0,0,0
M6,2016-05-23__bonirob_2016-05-23-11-07-45_6_frame166,2016-05-23,1251936,0.036660819722413925,0.037004287759118674,0.0003434680367047499,1403,973,1193626,1403,0,0,1947,973,44924,0,0,0,1629,0,0,0,7434,0,0,0,0,0,0,0,0,0,0
M6,2016-05-23__bonirob_2016-05-23-11-07-45_6_frame175,2016-05-23,1251936,0.05969714106791402,0.06134179382971654,0.0016446527618025203,2772,713,1172818,2772,219,0,0,713,74024,0,0,0,305,0,1085,0,0,0,0,0,0,0,0,0,0,0,0
M6,2016-05-23__bonirob_2016-05-23-11-07-45_6_frame176,2016-05-23,1251936,0.054340637221072005,0.055911803798277225,0.00157116657720522,2728,761,1178722,2728,188,0,0,761,67270,0,0,0,533,0,1734,0,0,0,0,0,0,0,0,0,0,0,0
M6,2016-05-23__bonirob_2016-05-23-11-07-45_6_frame201,2016-05-23,1251936,0.07384243284001737,0.07558772972420315,0.0017452968841857736,2835,650,1152197,2835,587,0,0,650,91796,0,0,0,1500,0,2371,0,0,0,0,0,0,0,0,0,0,0,0
M6,2016-05-23__bonirob_2016-05-23-11-07-45_6_frame208,2016-05-23,1251936,0.04311482376095903,0.043665171382562686,0.0005503476216036571,2006,1317,1195235,1962,136,0,0,1317,52660,0,0,0,230,44,352,0,0,0,0,0,0,0,0,0,0,0,0
M6,2016-05-23__bonirob_2016-05-23-11-07-45_6_frame210,2016-05-23,1251936,0.080941837282417,0.08259128262147586,0.0016494453390588637,2824,759,1144933,2824,424,0,0,759,100575,0,0,0,704,0,1717,0,0,0,0,0,0,0,0,0,0,0,0
M6,2016-05-23__bonirob_2016-05-23-11-07-45_6_frame212,2016-05-23,1251936,0.06360229276895944,0.06555367047516807,0.0019513777062086235,2932,489,1168441,2932,73,0,0,489,79137,0,0,0,636,0,228,0,0,0,0,0,0,0,0,0,0,0,0
M6,2016-05-23__bonirob_2016-05-23-11-07-45_6_frame215,2016-05-23,1251936,0.09721583211921377,0.09915283209365335,0.0019369999744395794,3114,689,1126354,3114,335,0,0,689,121019,0,0,0,74,0,351,0,0,0,0,0,0,0,0,0,0,0,0
M6,2016-05-23__bonirob_2016-05-23-11-07-45_6_frame218,2016-05-23,1251936,0.07372820974874116,0.07598631239935588,0.0022581026506147267,3501,674,1154399,3501,329,0,0,674,91629,0,0,0,446,0,958,0,0,0,0,0,0,0,0,0,0,0,0
M6,2016-05-23__bonirob_2016-05-23-11-07-45_6_frame220,2016-05-23,1251936,0.05241481992689722,0.05377830815632748,0.0013634882294302625,2361,654,1182591,2288,49,0,0,654,64966,0,0,0,486,73,829,0,0,0,0,0,0,0,0,0,0,0,0
M6,2016-05-23__bonirob_2016-05-23-11-07-45_6_frame224,2016-05-23,1251936,0.09370127546456049,0.09623894512179536,0.00253766965723487,3868,691,1130261,3868,162,0,0,691,116617,0,0,0,191,0,146,0,0,0,0,0,0,0,0,0,0,0,0
M6,2016-05-23__bonirob_2016-05-23-11-07-45_6_frame227,2016-05-23,1251936,0.05661791018071211,0.05774895841320962,0.00113104823249751,2077,661,1177060,2077,765,0,0,661,70221,0,0,0,243,0,909,0,0,0,0,0,0,0,0,0,0,0,0
M6,2016-05-23__bonirob_2016-05-23-11-07-45_6_frame228,2016-05-23,1251936,0.040078726069064236,0.040638658845180586,0.0005599327761163508,1062,361,1199219,1062,154,0,0,361,49815,0,0,0,442,0,883,0,0,0,0,0,0,0,0,0,0,0,0
M6,2016-05-23__bonirob_2016-05-23-11-07-45_6_frame231,2016-05-23,1251936,0.07211630626485699,0.07320821511642768,0.0010919088515706915,2184,817,1158944,2184,45,0,0,817,89468,0,0,0,53,0,425,0,0,0,0,0,0,0,0,0,0,0,0
M6,2016-05-23__bonirob_2016-05-23-11-07-45_6_frame238,2016-05-23,1251936,0.038538711244025255,0.039285554533139075,0.0007468432891138202,2028,1093,1199548,1933,760,0,0,795,47155,298,0,0,395,95,957,0,0,0,0,0,0,0,0,0,0,0,0
M6,2016-05-23__bonirob_2016-05-23-11-07-45_6_frame252,2016-05-23,1251936,0.02756770314137464,0.028083703959307826,0.0005160008179331856,1225,579,1215225,1225,102,0,0,579,33934,0,0,0,254,0,617,0,0,0,0,0,0,0,0,0,0,0,0
M6,2016-05-23__bonirob_2016-05-23-11-07-45_6_frame254,2016-05-23,1251936,0.023839876798813997,0.024100273496408763,0.0002603966975947662,745,419,1218435,745,313,0,0,419,29427,0,0,0,755,0,1842,0,0,0,0,0,0,0,0,0,0,0,0
M6,2016-05-23__bonirob_2016-05-23-11-07-45_6_frame259,2016-05-23,1251936,0.10254278173964164,0.10318658461774403,0.0006438028781023952,3557,2751,1119989,3557,13,0,0,2751,125626,0,0,0,0,0,0,0,0,0,0,0,0,0,0,0,0,0,0
M6,2016-05-23__bonirob_2016-05-23-11-07-45_6_frame263,2016-05-23,1251936,0.018605583672008794,0.018749360989699156,0.0001437773176903613,948,768,1225674,948,221,0,0,768,22525,0,0,0,411,0,1389,0,0,0,0,0,0,0,0,0,0,0,0
M6,2016-05-23__bonirob_2016-05-23-11-07-45_6_frame278,2016-05-23,1251936,0.03907867494824017,0.039661771847762185,0.0005830968995220176,1465,735,1200149,1465,287,0,0,735,48189,0,0,0,563,0,548,0,0,0,0,0,0,0,0,0,0,0,0
M6,2016-05-23__bonirob_2016-05-23-11-07-45_6_frame280,2016-05-23,1251936,0.03098800577665312,0.031074272167267335,8.626639061421609e-05,1018,910,1198472,1018,1986,0,0,910,37885,0,0,0,658,0,11007,0,0,0,0,0,0,0,0,0,0,0,0
M6,2016-05-23__bonirob_2016-05-23-11-07-45_6_frame284,2016-05-23,1251936,0.05467691639189224,0.05602602688955346,0.0013491104976612184,2373,684,1180398,2373,94,0,0,684,67768,0,0,0,108,0,511,0,0,0,0,0,0,0,0,0,0,0,0
M6,2016-05-23__bonirob_2016-05-23-11-07-45_6_frame288,2016-05-23,1251936,0.06447134677811006,0.06597222222222222,0.0015008754441121624,2594,715,1167892,2594,106,0,0,715,79999,0,0,0,66,0,564,0,0,0,0,0,0,0,0,0,0,0,0
M6,2016-05-23__bonirob_2016-05-23-11-07-45_6_frame289,2016-05-23,1251936,0.0380842151675485,0.03897164072284845,0.0008874255552999491,2029,918,1199473,2000,381,0,0,918,46761,0,0,0,478,29,1896,0,0,0,0,0,0,0,0,0,0,0,0
M6,2016-05-23__bonirob_2016-05-23-11-07-45_6_frame297,2016-05-23,1251936,0.04224417222605628,0.04310443984357028,0.0008602676175139962,1714,637,1194772,1714,306,0,0,637,52250,0,0,0,797,0,1460,0,0,0,0,0,0,0,0,0,0,0,0
M6,2016-05-23__bonirob_2016-05-23-11-07-45_6_frame306,2016-05-23,1251936,0.011073249750785982,0.0111331569664903,5.9907215704316924e-05,414,339,1235209,414,282,0,0,339,13524,0,0,0,353,0,1815,0,0,0,0,0,0,0,0,0,0,0,0
M6,2016-05-23__bonirob_2016-05-23-11-12-51_7_frame4,2016-05-23,1251936,0.023129776601998824,0.023618619482146053,0.0004888428801472292,931,319,1220047,931,305,0,0,319,28638,0,0,0,360,0,1336,0,0,0,0,0,0,0,0,0,0,0,0
M6,2016-05-23__bonirob_2016-05-23-11-12-51_7_frame5,2016-05-23,1251936,0.05198588426245431,0.05305462899061933,0.0010687447281650178,1918,580,1182602,1918,308,0,0,580,64503,0,0,0,337,0,1688,0,0,0,0,0,0,0,0,0,0,0,0
M6,2016-05-23__bonirob_2016-05-23-11-12-51_7_frame10,2016-05-23,1251936,0.03835259949390384,0.03924242133783196,0.0008898218439281208,1714,600,1198976,1714,443,0,0,600,47415,0,0,0,756,0,2032,0,0,0,0,0,0,0,0,0,0,0,0
M6,2016-05-23__bonirob_2016-05-23-11-12-51_7_frame13,2016-05-23,1251936,0.0017061575032589526,0.0018794890473634435,0.00017333154410449094,282,65,1245558,86,1132,0,0,65,2071,0,0,0,329,196,2499,0,0,0,0,0,0,0,0,0,0,0,0
M6,2016-05-23__bonirob_2016-05-23-11-12-51_7_frame14,2016-05-23,1251936,0.06667113973877259,0.06768636735424174,0.0010152276154691553,1914,643,1165169,1914,290,0,0,643,82825,0,0,0,354,0,741,0,0,0,0,0,0,0,0,0,0,0,0
M6,2016-05-23__bonirob_2016-05-23-11-12-51_7_frame19,2016-05-23,1251936,0.03419184367252,0.03473420366536308,0.0005423599928430847,1271,592,1203007,1271,659,0,0,592,42214,0,0,0,745,0,3448,0,0,0,0,0,0,0,0,0,0,0,0
M6,2016-05-23__bonirob_2016-05-23-11-12-51_7_frame20,2016-05-23,1251936,0.08571923804411727,0.08729839225008307,0.0015791542059657993,2827,850,1140900,2827,50,0,0,850,106465,0,0,0,259,0,585,0,0,0,0,0,0,0,0,0,0,0,0
M6,2016-05-23__bonirob_2016-05-23-11-12-51_7_frame27,2016-05-23,1251936,0.048096707818930044,0.048852337499680494,0.0007556296807504498,1809,863,1188566,1809,151,0,0,863,59351,0,0,0,311,0,885,0,0,0,0,0,0,0,0,0,0,0,0
M6,2016-05-23__bonirob_2016-05-23-11-12-51_7_frame29,2016-05-23,1251936,0.022735986504102447,0.02277113207064898,3.5145566546532225e-05,422,378,1219541,422,230,0,0,378,28086,0,0,0,1124,0,2155,0,0,0,0,0,0,0,0,0,0,0,0
M6,2016-05-23__bonirob_2016-05-23-11-12-51_7_frame31,2016-05-23,1251936,0.00427897272704036,0.005107289829512052,0.000828317102471692,1412,375,1242451,651,771,0,0,375,4982,0,0,0,609,761,1336,0,0,0,0,0,0,0,0,0,0,0,0
M6,2016-05-23__bonirob_2016-05-23-11-12-51_7_frame39,2016-05-23,1251936,0.0640639777113207,0.06572300820489227,0.0016590304935715644,2591,514,1167800,2591,86,0,0,514,79690,0,0,0,309,0,946,0,0,0,0,0,0,0,0,0,0,0,0
M6,2016-05-23__bonirob_2016-05-23-11-12-51_7_frame41,2016-05-23,1251936,0.033955409861206966,0.036042577256345375,0.002087167395138409,3240,627,1205177,1502,194,0,0,627,41883,0,0,0,454,1738,361,0,0,0,0,0,0,0,0,0,0,0,0
M6,2016-05-23__bonirob_2016-05-23-11-12-51_7_frame43,2016-05-23,1251936,0.052108893745367174,0.05320799146282238,0.0010990977174552066,2083,707,1182669,2083,313,0,0,707,64530,0,0,0,415,0,1219,0,0,0,0,0,0,0,0,0,0,0,0
M6,2016-05-23__bonirob_2016-05-23-11-12-51_7_frame64,2016-05-23,1251936,0.1060876913835851,0.10802149630652046,0.0019338049229353504,3204,783,1110012,3204,2,0,1078,783,132032,0,0,0,1222,0,45,0,3558,0,0,0,0,0,0,0,0,0,0
M6,2016-05-23__bonirob_2016-05-23-11-12-51_7_frame71,2016-05-23,1251936,0.08259367891010404,0.08424392301203895,0.001650244101934914,2902,836,1141462,2902,531,0,0,836,102566,0,0,0,1074,0,2565,0,0,0,0,0,0,0,0,0,0,0,0
M6,2016-05-23__bonirob_2016-05-23-11-12-51_7_frame75,2016-05-23,1251936,0.002832413158500115,0.0028939178999565474,6.150474145643226e-05,244,167,1240713,244,639,0,0,167,3379,0,0,0,3843,0,2951,0,0,0,0,0,0,0,0,0,0,0,0
M6,2016-05-23__bonirob_2016-05-23-11-12-51_7_frame77,2016-05-23,1251936,0.008353462157809985,0.008585103391866676,0.00023164123405669187,525,235,1232739,525,841,0,0,235,10223,0,0,0,1811,0,5562,0,0,0,0,0,0,0,0,0,0,0,0
M6,2016-05-23__bonirob_2016-05-23-11-12-51_7_frame87,2016-05-23,1251936,0.03103034020908417,0.03136901566853258,0.0003386754594484065,1006,582,1205061,1006,13,0,451,582,38266,0,0,0,1847,0,465,11,4234,0,0,0,0,0,0,0,0,0,0
M6,2016-05-23__bonirob_2016-05-23-11-12-51_7_frame93,2016-05-23,1251936,0.03674628735015208,0.03908666257700074,0.0023403752268486566,4483,1553,1197084,1478,100,0,92,1553,44451,0,0,0,2394,3005,548,0,1231,0,0,0,0,0,0,0,0,0,0
M6,2016-05-23__bonirob_2016-05-23-11-12-51_7_frame95,2016-05-23,1251936,0.030527119597167907,0.031396972369194594,0.0008698527720266865,1502,413,1196151,1502,1503,0,0,413,37805,0,0,0,3284,0,11278,0,0,0,0,0,0,0,0,0,0,0,0
M6,2016-05-23__bonirob_2016-05-23-11-12-51_7_frame96,2016-05-23,1251936,0.014365750325895254,0.014555855890396954,0.00019010556450170003,565,327,1230804,565,652,0,0,327,17658,0,0,0,1280,0,650,0,0,0,0,0,0,0,0,0,0,0,0
M6,2016-05-23__bonirob_2016-05-23-11-12-51_7_frame97,2016-05-23,1251936,0.031170123712394245,0.032171772358970424,0.0010016486465761788,1616,362,1209381,1616,110,0,0,362,38661,0,0,0,1119,0,687,0,0,0,0,0,0,0,0,0,0,0,0
M6,2016-05-23__bonirob_2016-05-23-11-12-51_7_frame101,2016-05-23,1251936,0.039016371443907676,0.039148167318457175,0.00013179587454949931,1169,1004,1199825,1169,154,0,0,1004,47842,0,0,0,376,0,1566,0,0,0,0,0,0,0,0,0,0,0,0
M6,2016-05-23__bonirob_2016-05-23-11-12-51_7_frame107,2016-05-23,1251936,0.027384786442757457,0.02754134396646474,0.000156557523707284,1211,1015,1214046,1195,165,0,0,1015,33269,0,0,0,1594,16,636,0,0,0,0,0,0,0,0,0,0,0,0
M6,2016-05-23__bonirob_2016-05-23-11-12-51_7_frame109,2016-05-23,1251936,0.0334577805894231,0.03410637604478184,0.0006485954553587386,1427,615,1204812,1358,533,0,0,615,41272,0,0,0,1474,69,1803,0,0,0,0,0,0,0,0,0,0,0,0
M6,2016-05-23__bonirob_2016-05-23-11-12-51_7_frame111,2016-05-23,1251936,0.03649387828131789,0.037361334764716404,0.0008674564833985113,1549,463,1201751,1010,256,0,0,463,45225,0,0,0,1564,539,1128,0,0,0,0,0,0,0,0,0,0,0,0
M6,2016-05-23__bonirob_2016-05-23-11-12-51_7_frame116,2016-05-23,1251936,0.03902675536129643,0.040466126063952154,0.0014393707026557276,2315,513,1197471,2315,66,0,0,513,48346,0,0,0,3030,0,195,0,0,0,0,0,0,0,0,0,0,0,0
M6,2016-05-23__bonirob_2016-05-23-11-12-51_7_frame119,2016-05-23,1251936,0.013106101270352478,0.01384895074508601,0.0007428494747335323,1184,254,1231404,880,107,0,0,254,16154,0,0,0,2166,304,667,0,0,0,0,0,0,0,0,0,0,0,0
M6,2016-05-23__bonirob_2016-05-23-11-12-51_7_frame137,2016-05-23,1251936,0.0018523311095774864,0.0017325166781688522,-0.00011981443140863428,201,351,1249110,201,65,0,0,351,1968,0,0,0,152,0,89,0,0,0,0,0,0,0,0,0,0,0,0
M6,2016-05-23__bonirob_2016-05-23-11-12-51_7_frame190,2016-05-23,1251936,0.03310312987245354,0.03287867750428137,-0.0002244523681721733,1808,2089,1204937,1808,413,0,0,1357,39354,732,0,0,1638,0,1697,0,0,0,0,0,0,0,0,0,0,0,0
M7,2016-05-23__bonirob_2016-05-23-10-37-10_0_frame23,2016-05-23,1251936,0.05600685658052808,0.06286263834573014,0.00685578176520206,11303,2720,1064458,4532,3157,0,4355,2608,67397,80,0,32,0,0,0,0,0,10649,374,979,0,1207,40566,6397,14518,0,30627
M7,2016-05-23__bonirob_2016-05-23-10-37-10_0_frame28,2016-05-23,1251936,0.04947377501725328,0.047973698336017175,-0.0015000766812361052,3512,5390,1149981,3507,4243,0,906,5297,56548,93,0,0,0,0,0,0,0,0,0,0,0,0,18272,5,7899,0,5185
M7,2016-05-23__bonirob_2016-05-23-10-37-10_0_frame30,2016-05-23,1251936,0.011623597372389643,0.012538180865475552,0.000914583493085909,2615,1470,1223521,2387,384,0,135,1470,13082,0,0,0,0,0,0,0,0,0,0,0,0,0,9041,228,1189,0,499
M7,2016-05-23__bonirob_2016-05-23-10-37-10_0_frame31,2016-05-23,1251936,0.018276493367073078,0.01842985583927613,0.0001533624722030516,1852,1660,1203609,1761,721,0,14,1652,21221,8,0,0,0,0,0,0,0,198,0,60,0,0,16908,91,5134,0,559
M7,2016-05-23__bonirob_2016-05-23-10-37-10_0_frame35,2016-05-23,1251936,0.02303552258262403,0.02554922935357718,0.0025137067709531495,4995,1848,1195202,1469,820,0,73,1848,26991,0,0,0,0,0,0,0,0,0,0,0,0,0,13737,3526,7280,0,990
M7,2016-05-23__bonirob_2016-05-23-10-37-10_0_frame44,2016-05-23,1251936,0.02813322725762339,0.030225187230018147,0.002091959972394756,4459,1840,1094186,3268,6370,0,12370,900,33381,443,0,497,0,0,0,0,0,2290,0,782,0,960,19963,1191,40069,0,35266
M7,2016-05-23__bonirob_2016-05-23-10-37-10_0_frame47,2016-05-23,1251936,0.02487667101193671,0.02638154027042916,0.0015048692584924486,3323,1439,1194869,2944,636,0,387,1439,29705,0,0,0,0,0,0,0,0,216,0,0,0,0,13279,379,2276,0,5806
M7,2016-05-23__bonirob_2016-05-23-10-37-10_0_frame50,2016-05-23,1251936,0.004718292308872019,0.004312520767834778,-0.00040577154103724113,199,707,1243808,199,1367,0,0,707,5200,0,0,0,0,0,0,0,0,0,0,0,0,0,530,0,125,0,0
M7,2016-05-23__bonirob_2016-05-23-10-37-10_0_frame52,2016-05-23,1251936,0.022215991871788972,0.022256728778467908,4.073690667893634e-05,2001,1950,1220749,2001,504,0,0,1950,25863,0,0,0,0,0,0,0,0,352,0,517,0,0,0,0,0,0,0
M7,2016-05-23__bonirob_2016-05-23-10-37-10_0_frame55,2016-05-23,1251936,0.014465595685402448,0.013761885591595736,-0.0007037100938067122,876,1757,1231933,876,206,0,1,1749,16353,8,0,0,0,0,0,0,0,0,0,0,0,0,483,0,327,0,0
M7,2016-05-23__bonirob_2016-05-23-10-37-10_0_frame60,2016-05-23,1251936,0.026052449965493444,0.026753763770671984,0.0007013138051785404,2368,1490,1210108,1990,639,0,13,1490,31126,0,0,0,0,0,0,0,0,959,0,302,0,0,3003,378,1760,0,168
M7,2016-05-23__bonirob_2016-05-23-10-37-10_0_frame93,2016-05-23,1251936,0.001304379776601999,0.001304379776601999,0.0,123,123,1231383,123,2279,0,94,117,1510,6,0,0,0,0,0,0,0,3094,0,2199,0,0,6892,0,3653,0,586
M7,2016-05-23__bonirob_2016-05-23-10-37-10_0_frame96,2016-05-23,1251936,0.006273483628556092,0.007073844030365769,0.0008003604018096766,1480,478,1214708,704,1772,0,455,478,7376,0,0,0,0,0,0,0,0,2997,0,2111,0,2,9849,776,8096,0,2612
M7,2016-05-23__bonirob_2016-05-23-10-37-10_0_frame97,2016-05-23,1251936,0.0017772473992280755,0.0017444981213097155,-3.2749277918360086e-05,175,216,1205322,161,3323,0,107,216,2009,0,0,0,0,0,0,0,0,3109,14,2582,0,380,16698,0,17340,0,675
M7,2016-05-23__bonirob_2016-05-23-10-37-10_0_frame102,2016-05-23,1251936,0.029696406206068043,0.02973554558699486,3.91393809268184e-05,1516,1467,1168588,1516,3951,0,265,1467,35711,0,0,0,0,0,0,0,0,12309,0,20423,0,316,4911,0,1278,0,1201
M7,2016-05-23__bonirob_2016-05-23-10-37-10_0_frame103,2016-05-23,1251936,0.01924858778723513,0.018929881399688164,-0.0003187063875469652,2476,2875,1186353,1611,2010,0,1207,1969,21223,629,0,277,0,0,0,0,0,2693,0,1070,0,608,19242,865,5056,0,7123
M7,2016-05-23__bonirob_2016-05-23-10-37-10_0_frame113,2016-05-23,1251936,0.014313830738951512,0.014527100426858881,0.00021326968790736853,1828,1561,1206059,1806,2412,0,216,1561,16359,0,0,0,0,0,0,0,0,5276,22,3214,0,0,10388,0,3293,0,1330
M7,2016-05-23__bonirob_2016-05-23-10-37-10_0_frame114,2016-05-23,1251936,0.012049337985328323,0.013166008486056795,0.0011166705007284727,2718,1320,1205088,1725,4355,0,975,1194,13765,126,0,0,0,0,0,0,0,4522,993,2021,0,0,8823,0,5875,0,2474
M7,2016-05-23__bonirob_2016-05-23-10-37-10_0_frame117,2016-05-23,1251936,0.0008506824630013036,0.003507367788768755,0.0026566853257674514,3533,207,1218704,465,4891,0,207,207,858,0,0,0,0,0,0,0,0,1662,3068,621,0,0,13972,0,6732,0,549
M7,2016-05-23__bonirob_2016-05-23-10-37-10_0_frame125,2016-05-23,1251936,0.023097027324080463,0.025010064412238325,0.0019130370881578623,3081,686,1169224,2610,3241,0,1629,682,28230,4,0,0,0,0,0,0,0,3282,0,337,0,0,20252,471,14585,0,7389
M7,2016-05-23__bonirob_2016-05-23-10-37-10_0_frame128,2016-05-23,1251936,0.023093832272576234,0.02478641080694221,0.0016925785343659752,3505,1386,1166018,2272,1505,0,1041,1386,27526,0,0,0,0,0,0,0,0,2658,0,211,0,1487,31635,1233,8179,0,6785
M7,2016-05-23__bonirob_2016-05-23-10-37-10_0_frame132,2016-05-23,1251936,0.04296625386601232,0.04383131406078266,0.0008650601947703396,2274,1191,1180297,2274,826,0,806,1191,52600,0,0,0,0,0,0,0,0,2574,0,24,0,130,4620,0,2793,0,3801
M7,2016-05-23__bonirob_2016-05-23-10-37-10_0_frame139,2016-05-23,1251936,0.02433590854484574,0.02546056667433479,0.0011246581294890486,2500,1092,1193131,2441,1437,0,657,1092,29375,0,0,0,0,0,0,0,0,4900,59,1726,0,1222,8106,0,4849,0,2941
M7,2016-05-23__bonirob_2016-05-23-10-37-10_0_frame143,2016-05-23,1251936,0.04456777343250773,0.046092611762901615,0.0015248383303938864,3464,1555,1174539,3464,927,0,468,1555,54241,0,0,0,0,0,0,0,0,2738,0,2381,0,10,8017,0,1817,0,1779
M7,2016-05-23__bonirob_2016-05-23-10-37-10_0_frame145,2016-05-23,1251936,0.019604037267080744,0.020540986120696266,0.000936948853615522,2180,1007,1197675,1873,1670,0,153,1007,23536,0,0,0,0,0,0,0,0,553,124,265,0,0,11953,183,11646,0,1298
M7,2016-05-23__bonirob_2016-05-23-10-37-10_0_frame150,2016-05-23,1251936,0.06277956700662014,0.06444179255169594,0.0016622255450757933,5029,2948,1156848,4336,329,0,377,2948,75648,0,0,0,0,0,0,0,0,3530,693,352,0,401,3199,0,1433,0,1842
M7,2016-05-23__bonirob_2016-05-23-10-37-10_0_frame151,2016-05-23,1251936,0.06416302430795184,0.06347608823454234,-0.0006869360734094998,3581,4441,1157336,3581,477,0,186,4441,75887,0,0,0,0,0,0,0,0,3905,0,739,0,242,3751,0,835,0,556
M7,2016-05-23__bonirob_2016-05-23-10-37-10_0_frame152,2016-05-23,1251936,0.056748907292385554,0.057927082534570455,0.0011781752421849007,4474,2999,1170297,4474,130,0,133,2999,68047,0,0,0,0,0,0,0,0,0,0,0,0,0,3080,0,1754,0,1022
M7,2016-05-23__bonirob_2016-05-23-10-37-10_0_frame156,2016-05-23,1251936,0.028161982721161466,0.026907126242875036,-0.00125485647828643,1315,2886,1205692,1315,1187,0,356,2886,32371,0,0,0,0,0,0,0,0,1455,0,889,0,0,3470,0,1740,0,575
M7,2016-05-23__bonirob_2016-05-23-10-37-10_0_frame161,2016-05-23,1251936,0.010181830381105744,0.010099557804871815,-8.227257623392818e-05,1099,1202,1203298,1095,2363,0,975,1202,11545,0,0,0,0,0,0,0,0,607,4,267,0,0,14613,0,9506,0,6461
M7,2016-05-23__bonirob_2016-05-23-10-37-10_0_frame169,2016-05-23,1251936,0.05118792014927281,0.052981142806022036,0.0017932226567492285,3915,1670,1156326,3915,1676,27,1407,1670,62414,0,0,0,0,0,0,0,0,1430,0,109,12,596,13511,0,3480,0,5363
M7,2016-05-23__bonirob_2016-05-23-10-37-10_0_frame180,2016-05-23,1251936,0.07668443115303018,0.08024052347723845,0.003556092324208268,7488,3036,1122572,7093,661,0,2368,3036,92968,0,0,0,0,0,0,0,0,2350,104,327,16,1877,7707,291,2067,0,8499
M7,2016-05-23__bonirob_2016-05-23-10-37-10_0_frame182,2016-05-23,1251936,0.03931111494517291,0.044415209723180735,0.005104094778007821,7913,1523,1111478,3599,6246,0,502,1379,47692,144,0,0,0,0,0,0,0,3979,3893,37442,0,0,12023,421,20215,0,2923
M7,2016-05-23__bonirob_2016-05-23-10-37-10_0_frame197,2016-05-23,1251936,0.0,0.0010783298826777088,0.0010783298826777088,1350,0,1246024,158,668,0,0,0,0,0,0,0,0,0,0,0,0,1436,1192,716,0,0,802,0,887,0,53
M7,2016-05-23__bonirob_2016-05-23-10-37-10_0_frame205,2016-05-23,1251936,0.03353765687702886,0.03389710017125476,0.00035944329422590154,3153,2703,1185075,2752,2225,0,427,2365,39284,260,0,78,0,0,0,0,0,471,0,129,0,0,9322,401,7234,0,1913
M7,2016-05-23__bonirob_2016-05-23-10-37-10_0_frame209,2016-05-23,1251936,0.05423759681006058,0.056130664826317,0.0018930680162564176,3794,1424,1165272,3631,814,0,581,1424,66478,0,0,0,0,0,0,0,0,559,163,25,0,222,5183,0,5376,0,2208
M7,2016-05-23__bonirob_2016-05-23-10-37-10_0_frame210,2016-05-23,1251936,0.03593953684533395,0.05794305779209161,0.022003520946757657,28940,1393,1149814,9496,884,0,1139,1380,43601,0,0,13,0,0,0,0,0,1808,1761,38,0,1074,8474,17683,8378,0,6393
M7,2016-05-23__bonirob_2016-05-23-10-37-10_0_frame214,2016-05-23,1251936,0.012057325614088898,0.012370440661503463,0.00031311504741456456,911,519,1226741,796,460,0,371,519,14576,0,0,0,0,0,0,0,0,4816,115,1668,0,110,896,0,76,0,792
M7,2016-05-23__bonirob_2016-05-23-10-37-10_0_frame215,2016-05-23,1251936,0.020675977046749994,0.020898033126293996,0.00022205607954400158,1723,1445,1216849,1723,1261,0,68,1445,24440,0,0,0,0,0,0,0,0,2127,0,798,0,0,1341,0,1692,0,192
M7,2016-05-23__bonirob_2016-05-23-10-37-10_0_frame220,2016-05-23,1251936,0.03284512946348695,0.03395221480970273,0.001107085346215779,2441,1055,1200881,1911,469,0,241,1055,40065,0,0,0,0,0,0,0,0,828,530,98,4,39,3869,0,1172,0,774
M7,2016-05-23__bonirob_2016-05-23-10-37-10_0_frame223,2016-05-23,1251936,0.07636891981698744,0.08025649873475961,0.0038875789177721665,8009,3142,1146643,7196,124,0,0,3142,92467,0,0,0,0,0,0,0,0,895,813,656,0,0,0,0,0,0,0
M7,2016-05-23__bonirob_2016-05-23-10-37-10_0_frame232,2016-05-23,1251936,0.06822313600695243,0.06870638754696726,0.0004832515400148285,4690,4085,1155725,4315,947,0,0,4085,81326,0,0,0,0,0,0,0,0,1537,375,1121,0,0,672,0,1833,0,0
M7,2016-05-23__bonirob_2016-05-23-10-37-10_0_frame234,2016-05-23,1251936,0.06772950054954886,0.06929507578662168,0.0015655752370728193,5332,3372,1143637,5317,1893,0,1042,3368,81421,4,0,0,0,0,0,0,0,3473,15,723,0,406,4522,0,3584,0,2531
M7,2016-05-23__bonirob_2016-05-23-10-37-10_0_frame239,2016-05-23,1251936,0.01315163075428776,0.017944208010633133,0.004792577256345373,7129,1129,1224933,1390,824,0,0,795,15336,334,0,0,0,0,0,0,0,1722,5739,863,0,0,0,0,0,0,0
M7,2016-05-23__bonirob_2016-05-23-10-37-10_0_frame242,2016-05-23,1251936,0.037803050635176236,0.03852113846075199,0.0007180878255757528,2044,1145,1196952,1942,1157,0,0,1145,46182,0,0,0,0,0,0,0,0,2462,102,1994,0,0,0,0,0,0,0
M7,2016-05-23__bonirob_2016-05-23-10-37-10_0_frame246,2016-05-23,1251936,0.09077061447230529,0.09463343174091966,0.0038628172686143714,7838,3002,1126999,6305,199,0,0,3002,110637,0,0,0,0,0,0,0,0,2233,0,463,0,0,565,1533,0,0,0
M7,2016-05-23__bonirob_2016-05-23-10-37-10_0_frame253,2016-05-23,1251936,0.050581659126345116,0.0519691102420571,0.0013874511157119865,3781,2044,1179432,3383,906,0,164,2044,61281,0,0,0,0,0,0,0,0,1964,398,741,0,1,760,0,705,0,157
M7,2016-05-23__bonirob_2016-05-23-10-37-10_0_frame256,2016-05-23,1251936,0.08441326074176315,0.0873654883316719,0.0029522275899087486,6509,2813,1127582,6509,767,0,757,2813,102867,0,0,0,0,0,0,0,0,1438,0,81,0,479,4662,0,1544,0,2437
M7,2016-05-23__bonirob_2016-05-23-10-37-10_0_frame257,2016-05-23,1251936,0.05492213659484191,0.05619057204202132,0.0012684354471794099,3729,2141,1173882,3729,728,0,108,2141,66618,0,0,0,0,0,0,0,0,1313,0,689,0,118,1687,0,653,0,270
M7,2016-05-23__bonirob_2016-05-23-10-37-10_0_frame258,2016-05-23,1251936,0.053157669401630754,0.05631677657643841,0.0031591071748076557,5558,1603,1174412,5305,649,0,0,1603,64947,0,0,0,0,0,0,0,0,2152,253,1964,0,0,543,0,108,0,0
M7,2016-05-23__bonirob_2016-05-23-10-37-10_0_frame261,2016-05-23,1251936,0.07521950003834062,0.07893614370063645,0.003716643662295835,7064,2411,1146024,7064,1194,0,0,2411,91759,0,0,0,0,0,0,0,0,1452,0,2032,0,0,0,0,0,0,0
M7,2016-05-23__bonirob_2016-05-23-10-37-10_0_frame269,2016-05-23,1251936,0.05744782480893592,0.05786238274160979,0.0004145579326738716,3164,2645,1171110,3164,980,0,0,2645,69276,0,0,0,0,0,0,0,0,1952,0,2207,0,0,529,0,73,0,0
M7,2016-05-23__bonirob_2016-05-23-10-37-10_0_frame276,2016-05-23,1251936,0.07116657720522455,0.07264908110318738,0.0014825038979628252,4617,2761,1154921,4419,556,0,0,2761,86335,0,0,0,0,0,0,0,0,1735,198,625,0,7,211,0,132,0,36
M7,2016-05-23__bonirob_2016-05-23-10-37-10_0_frame283,2016-05-23,1251936,0.05168794570968484,0.05558990235922603,0.0039019566495411898,7554,2669,1139328,6336,15940,0,1295,2669,62041,0,0,0,0,0,0,0,0,9082,0,10720,0,2479,828,1218,0,0,0
M7,2016-05-23__bonirob_2016-05-23-10-37-10_0_frame288,2016-05-23,1251936,0.038601813511233804,0.04006674462592337,0.001464931114689566,3914,2080,1196128,3914,186,0,115,2080,46247,0,0,0,0,0,0,0,0,1110,0,217,0,29,1379,0,294,0,237
M7,2016-05-23__bonirob_2016-05-23-10-37-10_0_frame301,2016-05-23,1251936,0.018877961812744423,0.01915992510799274,0.0002819632952483185,2130,1777,1176324,1840,4048,0,2138,1777,21857,0,0,0,0,0,0,0,0,1835,0,144,0,515,13991,290,16581,0,10596
M7,2016-05-23__bonirob_2016-05-23-10-37-10_0_frame304,2016-05-23,1251936,0.02194601001968152,0.02118798405030289,-0.0007580259693786284,1914,2863,1221201,1914,375,0,0,1470,24612,1393,0,0,0,0,0,0,0,485,0,486,0,0,0,0,0,0,0
M7,2016-05-23__bonirob_2016-05-23-10-42-16_1_frame1,2016-05-23,1251936,0.07258438131022672,0.07173449761010148,-0.0008498837001252452,2034,3098,1091826,1767,670,2,1250,3098,87773,0,0,0,0,0,0,0,0,0,0,0,0,0,23333,267,18512,3,23435
M7,2016-05-23__bonirob_2016-05-23-10-42-16_1_frame17,2016-05-23,1251936,0.06228673031209263,0.06723906014364951,0.004952329831556884,7644,1444,1148842,1813,214,5,274,1444,76535,0,0,0,0,0,0,0,0,0,0,0,0,0,4282,5831,9247,5,3444
M7,2016-05-23__bonirob_2016-05-23-10-42-16_1_frame21,2016-05-23,1251936,0.04761505380466733,0.04232005469928175,-0.005294999105385577,775,7404,1191395,775,129,0,26,4472,52207,2906,0,26,0,0,0,0,0,0,0,0,0,0,0,0,0,0,0
M7,2016-05-23__bonirob_2016-05-23-10-42-16_1_frame27,2016-05-23,1251936,0.07143176648007565,0.07069291081972241,-0.0007388556603532409,1445,2370,1154508,1378,220,0,172,2370,87058,0,0,0,0,0,0,0,0,0,0,0,0,0,2495,67,2472,0,1196
M7,2016-05-23__bonirob_2016-05-23-10-42-16_1_frame28,2016-05-23,1251936,0.06659925107992741,0.06518703831505764,-0.0014122127648697747,1073,2841,1163084,1073,423,0,0,2677,80537,164,0,0,1475,0,2503,0,0,0,0,0,0,0,0,0,0,0,0
M7,2016-05-23__bonirob_2016-05-23-10-42-16_1_frame30,2016-05-23,1251936,0.08099455563223679,0.08090189913861412,-9.265649362266704e-05,2229,2345,1135494,1404,220,0,247,2345,99055,0,0,0,0,0,0,0,0,0,0,0,0,0,4519,825,4982,0,2845
M7,2016-05-23__bonirob_2016-05-23-10-42-16_1_frame39,2016-05-23,1251936,0.0417281714081231,0.040611500907394626,-0.0011166705007284727,676,2074,1182279,676,495,0,283,2048,50167,25,0,1,0,0,0,0,0,0,0,0,0,0,6085,0,7657,0,2220
M7,2016-05-23__bonirob_2016-05-23-10-42-16_1_frame48,2016-05-23,1251936,0.060513476727244844,0.05974586560335353,-0.0007676111238913153,1306,2267,1156314,1306,526,0,379,2267,73492,0,0,0,0,0,0,0,0,0,0,0,0,0,6710,0,7340,1,3601
M7,2016-05-23__bonirob_2016-05-23-10-42-16_1_frame49,2016-05-23,1251936,0.051084080975385325,0.049655892952994406,-0.0014281880223909194,1828,3616,1183807,1351,132,0,13,2489,60338,1124,0,3,1332,477,757,0,113,0,0,0,0,0,0,0,0,0,0
M7,2016-05-23__bonirob_2016-05-23-10-42-16_1_frame53,2016-05-23,1251936,0.0,0.25504338879942745,0.25504338879942745,319298,0,708647,31103,6220,499,768,0,0,0,0,0,29516,288195,130241,36418,20329,0,0,0,0,0,0,0,0,0,0
M7,2016-05-23__bonirob_2016-05-23-10-42-16_1_frame54,2016-05-23,1251936,0.027587672213276078,0.25205761316872427,0.2244699409554482,281064,42,757066,13621,5093,437,544,42,34496,0,0,0,25277,267443,92824,43788,11305,0,0,0,0,0,0,0,0,0,0
M7,2016-05-23__bonirob_2016-05-23-10-42-16_1_frame58,2016-05-23,1251936,0.06889409682284078,0.06999399330317205,0.0010998964803312639,2891,1514,1148405,2891,282,0,339,1319,84737,179,0,16,0,0,0,0,0,0,0,0,0,0,3368,0,6414,0,3986
M7,2016-05-23__bonirob_2016-05-23-10-42-16_1_frame62,2016-05-23,1251936,0.022053843007949287,0.021120887968714055,-0.0009329550392352323,406,1574,1205435,406,778,0,115,1466,26036,108,0,0,0,0,0,0,0,0,0,0,0,0,4711,0,11923,0,958
M7,2016-05-23__bonirob_2016-05-23-10-42-16_1_frame66,2016-05-23,1251936,0.06108778723513023,0.060227519617616236,-0.0008602676175139962,802,1879,1172269,802,292,0,0,1879,74599,0,0,0,906,0,1189,0,0,0,0,0,0,0,0,0,0,0,0
M7,2016-05-23__bonirob_2016-05-23-10-42-16_1_frame69,2016-05-23,1251936,0.0,0.10138856938373847,0.10138856938373847,126932,0,1088662,3237,1036,26,919,0,0,0,0,0,0,0,0,0,0,0,0,0,0,0,10433,123695,14153,23,9752
M7,2016-05-23__bonirob_2016-05-23-10-42-16_1_frame79,2016-05-23,1251936,0.07098925184673976,0.06899394218234797,-0.0019953096643917922,2639,5137,1146126,2609,544,0,567,5042,83737,95,0,0,0,0,0,0,0,0,0,0,0,0,4583,30,6116,0,2487
M7,2016-05-23__bonirob_2016-05-23-10-42-16_1_frame81,2016-05-23,1251936,0.09532436162870946,0.09574371213863968,0.00041935050993022194,4273,3748,1120223,3568,228,0,410,1731,115592,1237,0,780,0,0,0,0,0,0,0,0,0,0,2707,705,2252,0,2503
M7,2016-05-23__bonirob_2016-05-23-10-42-16_1_frame83,2016-05-23,1251936,0.0,0.11870335224803824,0.11870335224803824,148609,0,1084781,3315,549,0,1024,0,0,0,0,0,0,0,0,0,0,0,0,0,0,0,4557,145294,6633,0,5783
M7,2016-05-23__bonirob_2016-05-23-10-42-16_1_frame88,2016-05-23,1251936,0.13025106714720242,0.13217368938987298,0.001922622242670563,3528,1121,1084474,3494,94,0,0,1121,161945,0,0,0,374,34,400,0,0,0,0,0,0,0,0,0,0,0,0
M7,2016-05-23__bonirob_2016-05-23-10-42-16_1_frame89,2016-05-23,1251936,0.09577007131354957,0.09710160902793753,0.0013315377143879592,2690,1023,1110008,2690,678,0,1787,1023,118875,0,0,0,0,0,0,0,0,0,0,0,0,0,3471,0,5764,0,7640
M7,2016-05-23__bonirob_2016-05-23-10-42-16_1_frame94,2016-05-23,1251936,0.12082247015821895,0.12195112210208829,0.0011286519438693382,3534,2121,1075163,3479,553,10,2399,2121,149141,0,0,0,0,0,0,0,0,0,0,0,0,0,3975,55,5451,2,9587
M7,2016-05-23__bonirob_2016-05-23-10-42-16_1_frame96,2016-05-23,1251936,0.09648815913912533,0.09699137975104159,0.0005032206119162663,1627,997,1123098,1533,592,0,479,997,119800,0,0,0,0,0,0,0,0,0,0,0,0,0,1262,94,2550,0,1531
M7,2016-05-23__bonirob_2016-05-23-10-42-16_1_frame104,2016-05-23,1251936,0.1289658576796258,0.1321864695958899,0.0032206119162641045,4836,804,1080709,4836,640,0,201,804,160653,0,0,0,0,0,0,0,0,0,0,0,0,0,730,0,2642,0,721
M7,2016-05-23__bonirob_2016-05-23-10-42-16_1_frame111,2016-05-23,1251936,0.05584390895381233,0.055887042149119444,4.3133195307111516e-05,1915,1861,1167472,977,273,0,426,1861,68052,0,0,0,0,0,0,0,0,0,0,0,0,0,4960,938,3366,3,3608
M7,2016-05-23__bonirob_2016-05-23-10-42-16_1_frame117,2016-05-23,1251936,0.07738494619533266,0.07668123610152595,-0.0007037100938067087,2379,3260,1135753,2328,763,0,849,3227,93621,33,0,0,0,0,0,0,0,0,0,0,0,0,4177,51,6976,0,4158
M7,2016-05-23__bonirob_2016-05-23-10-42-16_1_frame124,2016-05-23,1251936,0.10190297267591954,0.10368341512665184,0.0017804424507323058,3987,1758,1114833,3722,1066,0,0,1758,125818,0,0,0,829,265,3645,0,0,0,0,0,0,0,0,0,0,0,0
M7,2016-05-23__bonirob_2016-05-23-10-42-16_1_frame125,2016-05-23,1251936,0.0,0.13240373309817755,0.13240373309817755,165761,0,1070189,4760,691,0,1032,0,0,0,0,0,0,0,0,0,0,0,0,0,0,0,4263,161001,5537,0,4463
M7,2016-05-23__bonirob_2016-05-23-10-42-16_1_frame126,2016-05-23,1251936,0.10595988932341589,0.10674986580783682,0.0007899764844209317,5495,4506,1107316,3700,657,0,424,3048,128149,1115,0,343,0,0,0,0,0,0,0,0,0,0,1807,1795,1775,10,1797
M7,2016-05-23__bonirob_2016-05-23-10-42-16_1_frame132,2016-05-23,1251936,0.06132422104644327,0.06097995424686246,-0.0003442667995808141,1225,1656,1164060,1225,419,0,202,1656,75118,0,0,0,2582,0,5060,0,1614,0,0,0,0,0,0,0,0,0,0
M7,2016-05-23__bonirob_2016-05-23-10-42-16_1_frame135,2016-05-23,1251936,0.10391425759783247,0.09948351992434118,-0.0044307376734912945,2748,8295,1112592,2713,376,0,341,6212,121799,1917,0,166,0,0,0,0,0,0,0,0,0,0,1579,35,3112,0,1094
M7,2016-05-23__bonirob_2016-05-23-10-42-16_1_frame137,2016-05-23,1251936,0.10763649260026072,0.1087811198016512,0.001144627201390483,3817,2384,1111050,3817,383,0,0,2384,132370,0,0,0,777,0,1155,0,0,0,0,0,0,0,0,0,0,0,0
M7,2016-05-23__bonirob_2016-05-23-10-42-16_1_frame138,2016-05-23,1251936,0.10651822457378013,0.11117980471845205,0.004661580144671926,6847,1011,1097545,2936,236,0,955,1011,132343,0,0,0,0,0,0,0,0,0,0,0,0,0,2728,3911,3582,0,6689
M7,2016-05-23__bonirob_2016-05-23-10-42-16_1_frame139,2016-05-23,1251936,0.05465055721698234,0.0579526429466043,0.0033020857296219633,5306,1172,1174107,2043,131,0,58,1172,67247,0,0,0,0,0,0,0,0,0,0,0,0,0,1871,3263,1468,0,576
M7,2016-05-23__bonirob_2016-05-23-10-42-16_1_frame140,2016-05-23,1251936,0.10496622830560029,0.10892250083071339,0.003956272525113103,6254,1301,1109589,4564,160,0,168,1301,130110,0,0,0,0,0,0,0,0,0,0,0,0,0,1402,1690,2160,0,792
M7,2016-05-23__bonirob_2016-05-23-10-42-16_1_frame150,2016-05-23,1251936,0.04495437466451959,0.045444815070418934,0.0004904404058993436,1528,914,1155357,1467,1119,0,1418,914,55366,0,0,0,10742,61,17083,0,8409,0,0,0,0,0,0,0,0,0,0
M7,2016-05-23__bonirob_2016-05-23-10-42-16_1_frame154,2016-05-23,1251936,0.09725736778876876,0.09752016077499169,0.00026279298622293445,2126,1797,1125469,2123,594,0,0,1797,119963,0,0,0,342,3,1645,0,0,0,0,0,0,0,0,0,0,0,0
M7,2016-05-23__bonirob_2016-05-23-10-42-16_1_frame155,2016-05-23,1251936,0.12070185696393426,0.12629399585921325,0.005592138895278986,8139,1138,1087813,7270,907,0,0,1138,149973,0,0,0,764,869,3202,0,0,0,0,0,0,0,0,0,0,0,0
M7,2016-05-23__bonirob_2016-05-23-10-42-16_1_frame158,2016-05-23,1251936,0.1013765879405976,0.10529132479615572,0.0039147368555581125,6148,1247,1111494,2789,798,0,15,1247,125670,0,0,0,0,0,0,0,0,0,0,0,0,0,1578,3359,4420,0,566
M7,2016-05-23__bonirob_2016-05-23-10-42-16_1_frame160,2016-05-23,1251936,0.09297520001022416,0.09449844081486594,0.001523240804641779,3262,1355,1122588,2760,546,0,72,1355,115044,0,0,0,0,0,0,0,0,0,0,0,0,0,2573,502,6124,0,372
M7,2016-05-23__bonirob_2016-05-23-10-42-16_1_frame164,2016-05-23,1251936,0.11251214119571608,0.1168446310354523,0.00433248983973622,6255,831,1097761,5289,1208,0,0,831,140027,0,0,0,1026,966,4828,0,0,0,0,0,0,0,0,0,0,0,0
M7,2016-05-23__bonirob_2016-05-23-10-42-16_1_frame180,2016-05-23,1251936,0.0,0.1047457697518084,0.1047457697518084,131135,0,1104248,5418,627,0,640,0,0,0,0,0,0,0,0,0,0,0,0,0,0,0,6034,125717,4660,0,4592
M7,2016-05-23__bonirob_2016-05-23-10-42-16_1_frame185,2016-05-23,1251936,0.13341017432201008,0.13785289343864224,0.00444271911663216,6533,971,1064427,5756,2809,0,0,970,166050,1,0,0,1657,777,9489,0,0,0,0,0,0,0,0,0,0,0,0
M7,2016-05-23__bonirob_2016-05-23-10-42-16_1_frame187,2016-05-23,1251936,0.1281806737724612,0.13171440073613985,0.0035337269636786517,5535,1111,1048873,5149,1190,0,4030,1021,159363,41,0,49,0,0,0,0,0,0,0,0,0,0,5707,386,8546,0,17581
M7,2016-05-23__bonirob_2016-05-23-10-42-16_1_frame189,2016-05-23,1251936,0.09610315543286557,0.10095963371929556,0.004856478286429988,7612,1532,1105797,7485,672,0,1075,1532,118783,0,0,0,0,0,0,0,0,0,0,0,0,0,3846,127,6571,0,6048
M7,2016-05-23__bonirob_2016-05-23-10-42-16_1_frame193,2016-05-23,1251936,0.04533139074201876,0.04608063031976076,0.0007492395777419988,2416,1478,1176315,1681,1544,0,0,1478,55274,0,0,0,0,0,0,0,0,0,0,0,0,0,3588,735,11321,0,0
M7,2016-05-23__bonirob_2016-05-23-10-42-16_1_frame194,2016-05-23,1251936,0.0,0.1116742389387317,0.1116742389387317,139809,0,1070127,5415,1721,0,3243,0,0,0,0,0,0,0,0,0,0,0,0,0,0,0,9390,134394,15968,6,11672
M7,2016-05-23__bonirob_2016-05-23-10-42-16_1_frame200,2016-05-23,1251936,0.11818575390435294,0.12254300539324695,0.004357251488894001,7243,1788,1071963,6746,5586,0,24,1596,146173,192,0,0,2443,497,16593,0,123,0,0,0,0,0,0,0,0,0,0
M7,2016-05-23__bonirob_2016-05-23-10-42-16_1_frame204,2016-05-23,1251936,0.08560421618996499,0.08778084502722183,0.002176628837256847,3684,959,1115042,3031,1565,0,1451,959,106212,0,0,0,0,0,0,0,0,0,0,0,0,0,5088,653,9306,0,8629
M7,2016-05-23__bonirob_2016-05-23-10-42-16_1_frame217,2016-05-23,1251936,0.10415149017202158,0.09418772205607955,-0.009963768115942032,4686,17160,1115543,4686,977,0,339,6133,113231,8694,0,2333,0,0,0,0,0,0,0,0,0,0,0,0,0,0,0
M7,2016-05-23__bonirob_2016-05-23-10-42-16_1_frame218,2016-05-23,1251936,0.1297502428239143,0.13837688188533598,0.008626639061421665,11755,955,1057769,8796,1298,2,961,887,161484,68,0,0,0,0,0,0,0,0,0,0,0,0,3669,2959,8086,5,5952
M7,2016-05-23__bonirob_2016-05-23-10-42-16_1_frame219,2016-05-23,1251936,0.0,0.06669510262505432,0.06669510262505432,83498,0,1117652,2780,552,0,2269,0,0,0,0,0,0,0,0,0,0,0,0,0,0,0,11702,80718,14554,0,21709
M7,2016-05-23__bonirob_2016-05-23-10-42-16_1_frame230,2016-05-23,1251936,0.10265540730516576,0.09984216445569102,-0.002813242849474734,2660,6182,1105342,2548,536,2,435,4554,122336,336,0,1292,0,0,0,0,0,0,0,0,0,0,3817,112,3654,1115,5857
M7,2016-05-23__bonirob_2016-05-23-10-42-16_1_frame231,2016-05-23,1251936,0.049282870689875524,0.05345480919152417,0.004171938501648646,6151,928,1147638,1060,794,0,1668,928,60771,0,0,0,0,0,0,0,0,0,0,0,0,0,8933,5091,10771,0,14282
M7,2016-05-23__bonirob_2016-05-23-10-42-16_1_frame232,2016-05-23,1251936,0.0,0.0707176724688802,0.0707176724688802,88534,0,1116580,2736,1231,0,2897,0,0,0,0,0,0,0,0,0,0,0,0,0,0,0,9423,85798,17741,0,15530
M7,2016-05-23__bonirob_2016-05-23-10-42-16_1_frame240,2016-05-23,1251936,0.12234650972573678,0.12623728369501316,0.0038907739692763815,6115,1244,1081283,5857,417,0,685,1244,151926,0,0,0,0,0,0,0,0,0,0,0,0,0,2957,258,1971,0,5338
M7,2016-05-23__bonirob_2016-05-23-10-42-16_1_frame253,2016-05-23,1251936,0.09275154640492805,0.09371006185619712,0.0009585154512690708,2802,1602,1115610,2382,599,0,839,1590,114517,12,0,0,0,0,0,0,0,0,0,0,0,0,4192,420,3980,0,7795
M7,2016-05-23__bonirob_2016-05-23-10-42-16_1_frame254,2016-05-23,1251936,0.030652525368708945,0.03006783094343481,-0.0005846944252741355,598,1330,1196469,356,902,0,0,1330,37045,0,0,0,0,0,0,0,0,0,0,0,0,0,3481,242,12111,0,0
M7,2016-05-23__bonirob_2016-05-23-10-42-16_1_frame261,2016-05-23,1251936,0.06713921478414232,0.06863529765099813,0.0014960828668558052,2632,759,1111559,1559,961,0,2405,759,83295,0,0,0,0,0,0,0,0,0,0,0,0,0,13089,1073,15552,0,21684
M7,2016-05-23__bonirob_2016-05-23-10-42-16_1_frame266,2016-05-23,1251936,0.0605614024998083,0.0608361769291721,0.0002747744293637999,1666,1322,1164206,1666,279,0,114,1322,74497,0,0,0,0,0,0,0,0,0,0,0,0,0,4085,0,4441,0,1326
M7,2016-05-23__bonirob_2016-05-23-10-42-16_1_frame274,2016-05-23,1251936,0.0,0.1375333882882192,0.1375333882882192,172183,0,1049878,4525,1118,0,1258,0,0,0,0,0,0,0,0,0,0,0,0,0,0,0,6801,167658,11534,0,9164
M7,2016-05-23__bonirob_2016-05-23-10-42-16_1_frame277,2016-05-23,1251936,0.10582090458298188,0.10864053753546507,0.002819632952483192,5540,2010,1086073,3766,698,0,1901,2010,130471,0,0,0,0,0,0,0,0,0,0,0,0,0,6491,1774,7548,0,11204
M7,2016-05-23__bonirob_2016-05-23-10-42-16_1_frame280,2016-05-23,1251936,0.0,0.05677047389003911,0.05677047389003911,71073,0,1167900,1155,146,0,231,0,0,0,0,0,0,0,0,0,0,0,0,0,0,0,6735,69918,2988,3,2860
M7,2016-05-23__bonirob_2016-05-23-10-42-16_1_frame281,2016-05-23,1251936,0.020298960969250823,0.02043155560667638,0.00013259463742555655,603,437,1184871,503,560,0,324,437,24976,0,0,0,0,0,0,0,0,0,0,0,0,0,17095,100,12665,0,10405
M7,2016-05-23__bonirob_2016-05-23-10-42-16_1_frame286,2016-05-23,1251936,0.04950332924366741,0.04953368223295759,3.0352989290181875e-05,1206,1168,1169657,800,270,0,592,1168,60807,0,0,0,0,0,0,0,0,0,0,0,0,0,5583,406,5929,0,6724
M7,2016-05-23__bonirob_2016-05-23-10-42-16_1_frame292,2016-05-23,1251936,0.056625099046596634,0.056004460291899906,-0.0006206387546967285,2346,3123,1157371,2085,101,1,721,2631,67768,380,0,112,0,0,0,0,0,0,0,0,0,0,6584,261,4116,95,9710
M7,2016-05-23__bonirob_2016-05-23-10-42-16_1_frame293,2016-05-23,1251936,0.0,0.07109948112363572,0.07109948112363572,89012,0,1123225,1911,121,0,709,0,0,0,0,0,0,0,0,0,0,0,0,0,0,0,15291,87101,7570,0,16008
M7,2016-05-23__bonirob_2016-05-23-10-42-16_1_frame294,2016-05-23,1251936,0.0,0.09122590931165811,0.09122590931165811,114209,0,1094261,2576,1017,0,791,0,0,0,0,0,0,0,0,0,0,0,0,0,0,0,14060,111633,20150,0,7448
M7,2016-05-23__bonirob_2016-05-23-10-42-16_1_frame295,2016-05-23,1251936,0.0012013393655905733,0.001107085346215781,-9.425401937479235e-05,1,119,1233448,1,622,0,107,119,1385,0,0,0,0,0,0,0,0,0,0,0,0,0,6158,0,9698,0,398
M7,2016-05-23__bonirob_2016-05-23-10-42-16_1_frame304,2016-05-23,1251936,0.0,0.022365360529611737,0.022365360529611737,28000,0,1133933,790,1546,0,1716,0,0,0,0,0,0,0,0,0,0,0,0,0,0,0,26083,27210,42468,0,18190
M7,2016-05-23__bonirob_2016-05-23-10-47-22_2_frame7,2016-05-23,1251936,0.0,0.07731146001073537,0.07731146001073537,96789,0,1104341,1857,761,0,598,0,0,0,0,0,0,0,0,0,0,0,0,0,0,0,17823,94932,22445,3,9176
M7,2016-05-23__bonirob_2016-05-23-10-47-22_2_frame15,2016-05-23,1251936,0.03906349845359507,0.0387184328911382,-0.0003450655624568713,877,1309,1166283,795,1010,0,657,1309,47596,0,0,0,0,0,0,0,0,0,0,0,0,0,7566,82,19625,0,7013
M7,2016-05-23__bonirob_2016-05-23-10-47-22_2_frame24,2016-05-23,1251936,0.038956464228203355,0.03863056897477187,-0.0003258952534314838,650,1058,1193605,647,446,0,0,1058,47713,0,0,0,2963,3,5501,0,0,0,0,0,0,0,0,0,0,0,0
M7,2016-05-23__bonirob_2016-05-23-10-47-22_2_frame26,2016-05-23,1251936,0.02906138971960228,0.028430367047516805,-0.000631022672085476,613,1403,1198611,613,227,0,323,1403,34980,0,0,0,0,0,0,0,0,0,0,0,0,0,5920,0,5345,5,4509
M7,2016-05-23__bonirob_2016-05-23-10-47-22_2_frame43,2016-05-23,1251936,0.04726439690207806,0.047874651739386036,0.0006102548373079775,2113,1349,1112868,1947,3550,0,1145,1349,57823,0,0,0,0,0,0,0,0,0,0,0,0,0,16160,166,48880,0,8048
M7,2016-05-23__bonirob_2016-05-23-10-47-22_2_frame44,2016-05-23,1251936,0.017989737494568413,0.01736430616261534,-0.0006254313319530719,299,1082,1205154,299,479,0,121,1082,21440,0,0,0,0,0,0,0,0,0,0,0,0,0,5384,0,16974,0,1003
M7,2016-05-23__bonirob_2016-05-23-10-47-22_2_frame47,2016-05-23,1251936,0.0035608849014646116,0.003213423050379572,-0.00034746185108503955,7,442,1240370,7,230,0,26,442,4016,0,0,0,0,0,0,0,0,0,0,0,0,0,2990,0,3514,0,341
M7,2016-05-23__bonirob_2016-05-23-10-47-22_2_frame67,2016-05-23,1251936,0.03489555376632671,0.03427012243437364,-0.0006254313319530719,458,1241,1201174,458,121,0,107,1241,42446,0,0,0,0,0,0,0,0,0,0,0,0,0,2650,0,2914,0,825
M7,2016-05-23__bonirob_2016-05-23-10-47-22_2_frame68,2016-05-23,1251936,0.09191444291081972,0.09237133527592464,0.00045689236510491893,2002,1430,1133677,2002,461,0,0,1430,113641,0,0,0,170,0,555,0,0,0,0,0,0,0,0,0,0,0,0
M7,2016-05-23__bonirob_2016-05-23-10-47-22_2_frame69,2016-05-23,1251936,0.07101161720726938,0.0713838407075122,0.00037222350024282425,1728,1262,1159655,1728,113,0,0,1262,87640,0,0,0,503,0,1035,0,0,0,0,0,0,0,0,0,0,0,0
M7,2016-05-23__bonirob_2016-05-23-10-47-22_2_frame70,2016-05-23,1251936,0.011953486440201416,0.010820041919075735,-0.0011334445211256816,162,1581,1234621,162,157,0,0,1581,13384,0,0,0,404,0,1627,0,0,0,0,0,0,0,0,0,0,0,0
M7,2016-05-23__bonirob_2016-05-23-10-47-22_2_frame78,2016-05-23,1251936,0.12079850727193722,0.12396240702400123,0.003163899752064006,5356,1395,1094982,5356,273,0,0,1395,149837,0,0,0,7,0,86,0,0,0,0,0,0,0,0,0,0,0,0
M7,2016-05-23__bonirob_2016-05-23-10-47-22_2_frame82,2016-05-23,1251936,0.0820145758249623,0.08225100963627534,0.00023643381131303876,2650,2354,1143217,2650,271,0,0,2354,100323,0,0,0,0,0,0,0,0,0,0,0,0,0,802,0,2319,0,0
M7,2016-05-23__bonirob_2016-05-23-10-47-22_2_frame86,2016-05-23,1251936,0.08359852260818444,0.08378862817268615,0.00019010556450170524,1638,1400,1141740,1638,443,0,0,1400,103260,0,0,0,0,0,0,0,0,0,0,0,0,0,859,0,2596,0,0
M7,2016-05-23__bonirob_2016-05-23-10-47-22_2_frame89,2016-05-23,1251936,0.039648192878869205,0.03886380773458068,-0.0007843851442885241,465,1447,1199262,465,104,0,0,1447,48190,0,0,0,432,0,2036,0,0,0,0,0,0,0,0,0,0,0,0
M7,2016-05-23__bonirob_2016-05-23-10-47-22_2_frame91,2016-05-23,1251936,0.10940655113360427,0.11037704802801421,0.0009704968944099363,2832,1617,1109656,2832,98,2,144,1617,135353,0,0,0,0,0,0,0,0,0,0,0,0,0,829,0,601,1,803
M7,2016-05-23__bonirob_2016-05-23-10-47-22_2_frame95,2016-05-23,1251936,0.03011336042737009,0.0294487897144902,-0.0006645707128798903,278,1110,1213190,278,81,0,0,1110,36590,0,0,0,121,0,566,0,0,0,0,0,0,0,0,0,0,0,0
M7,2016-05-23__bonirob_2016-05-23-10-47-22_2_frame99,2016-05-23,1251936,0.03225803874958464,0.03148243999693275,-0.0007755987526518876,613,1584,1209348,613,154,0,0,1520,38801,64,0,0,0,0,0,0,0,0,0,0,0,0,978,0,458,0,0
M7,2016-05-23__bonirob_2016-05-23-10-47-22_2_frame102,2016-05-23,1251936,0.07179520358868186,0.07225608976816707,0.00046088617948521204,1523,946,1159167,1523,497,0,0,946,88937,0,0,0,0,0,0,0,0,0,0,0,0,0,144,0,722,0,0
M7,2016-05-23__bonirob_2016-05-23-10-47-22_2_frame104,2016-05-23,1251936,0.13316814917056463,0.13721867571505253,0.004050526544487898,6181,1110,1077723,6181,129,0,0,1110,165608,0,0,0,116,0,1069,0,0,0,0,0,0,0,0,0,0,0,0
M7,2016-05-23__bonirob_2016-05-23-10-47-22_2_frame115,2016-05-23,1251936,0.08926255016230862,0.08905966439179,-0.000202885770518621,1622,1876,1133896,1622,129,0,76,1876,109875,0,0,0,0,0,0,0,0,0,0,0,0,0,1791,0,1136,0,1535
M7,2016-05-23__bonirob_2016-05-23-10-47-22_2_frame133,2016-05-23,1251936,0.09597774966132454,0.09674296449658769,0.0007652148352631505,2367,1409,1122299,1752,121,0,423,1409,118749,0,0,0,0,0,0,0,0,0,0,0,0,0,2616,615,912,5,3035
M7,2016-05-23__bonirob_2016-05-23-10-47-22_2_frame139,2016-05-23,1251936,0.05693741533113514,0.0559669184367252,-0.0009704968944099363,729,1944,1174856,729,439,0,0,1944,69338,0,0,0,0,0,0,0,0,0,0,0,0,0,1089,0,3541,0,0
M7,2016-05-23__bonirob_2016-05-23-10-47-22_2_frame140,2016-05-23,1251936,0.10579534417094803,0.10847279733149298,0.0026774531605449486,4774,1422,1110687,4774,36,6,198,1422,131027,0,0,0,0,0,0,0,0,0,0,0,0,0,1072,0,531,41,2142
M7,2016-05-23__bonirob_2016-05-23-10-47-22_2_frame143,2016-05-23,1251936,0.013084534672698924,0.012246632415714541,-0.0008379022569843832,59,1108,1222450,59,488,0,0,1108,15273,0,0,0,1965,0,10593,0,0,0,0,0,0,0,0,0,0,0,0
M7,2016-05-23__bonirob_2016-05-23-10-47-22_2_frame144,2016-05-23,1251936,0.0430269598445927,0.042866408506505124,-0.00016055133808757366,876,1077,1195201,876,215,0,0,1077,52790,0,0,0,588,0,1189,0,0,0,0,0,0,0,0,0,0,0,0
M7,2016-05-23__bonirob_2016-05-23-10-47-22_2_frame146,2016-05-23,1251936,0.030918513406436112,0.029881719193313398,-0.0010367942131227145,401,1699,1206665,401,280,0,0,1445,37009,254,0,0,1255,0,4627,0,0,0,0,0,0,0,0,0,0,0,0
M7,2016-05-23__bonirob_2016-05-23-10-47-22_2_frame157,2016-05-23,1251936,0.07187827492779184,0.07126003246172329,-0.0006182424660685498,1138,1912,1159222,1138,400,0,0,1912,88075,0,0,0,243,0,946,0,0,0,0,0,0,0,0,0,0,0,0
M7,2016-05-23__bonirob_2016-05-23-10-47-22_2_frame163,2016-05-23,1251936,0.100979602791197,0.10142211742453289,0.0004425146333358887,2785,2231,1120055,2785,715,0,0,2231,124189,0,0,0,276,0,1685,0,0,0,0,0,0,0,0,0,0,0,0
M7,2016-05-23__bonirob_2016-05-23-10-47-22_2_frame175,2016-05-23,1251936,0.06760010096362754,0.06670149272806278,-0.0008986082355647573,952,2077,1156979,952,212,0,153,2077,82554,0,0,0,0,0,0,0,0,0,0,0,0,0,3499,0,3051,2,2457
M7,2016-05-23__bonirob_2016-05-23-10-47-22_2_frame190,2016-05-23,1251936,0.06455202182859188,0.06530285893208598,0.0007508371034941064,1965,1025,1159582,1965,1237,0,0,1025,79790,0,0,0,1086,0,7251,0,0,0,0,0,0,0,0,0,0,0,0
M7,2016-05-23__bonirob_2016-05-23-10-47-22_2_frame191,2016-05-23,1251936,0.08511856836132198,0.06459515502389898,-0.020523413337422997,1421,27115,1142753,1421,1004,14,181,5168,79448,20754,6,1187,0,0,0,0,0,0,0,0,0,0,0,0,0,0,0
M7,2016-05-23__bonirob_2016-05-23-10-47-22_2_frame200,2016-05-23,1251936,0.11429497993507655,0.11598276589218619,0.0016877859571096387,3215,1102,1100740,3215,118,0,47,1102,141988,0,0,0,0,0,0,0,0,0,0,0,0,0,1556,0,2116,0,1054
M7,2016-05-23__bonirob_2016-05-23-10-47-22_2_frame206,2016-05-23,1251936,0.11996140377782889,0.12221231756255911,0.0022509137847302185,3702,884,1089432,3702,1594,0,0,884,149300,0,0,0,1013,0,6011,0,0,0,0,0,0,0,0,0,0,0,0
M7,2016-05-23__bonirob_2016-05-23-10-47-22_2_frame207,2016-05-23,1251936,0.1913244766505636,0.10708215116427677,-0.08424232548628682,3241,108707,1006353,3241,2814,2,0,8803,130819,99628,212,64,0,0,0,0,0,0,0,0,0,0,0,0,0,0,0
M7,2016-05-23__bonirob_2016-05-23-10-47-22_2_frame209,2016-05-23,1251936,0.04953128594432942,0.04916864759859929,-0.0003626383457301305,1063,1517,1185508,1063,325,0,0,1517,60493,0,0,0,963,0,2067,0,0,0,0,0,0,0,0,0,0,0,0
M7,2016-05-23__bonirob_2016-05-23-10-47-22_2_frame215,2016-05-23,1251936,0.07918056514071006,0.07956157503258952,0.00038100989187946077,2194,1717,1145523,2192,605,0,0,1717,97412,0,0,0,989,2,3496,0,0,0,0,0,0,0,0,0,0,0,0
M7,2016-05-23__bonirob_2016-05-23-10-47-22_2_frame218,2016-05-23,1251936,0.10149160979474989,0.10296932111545638,0.0014777113207064957,3197,1347,1116650,3197,1005,0,0,1347,125714,0,0,0,697,0,3326,0,0,0,0,0,0,0,0,0,0,0,0
M7,2016-05-23__bonirob_2016-05-23-10-47-22_2_frame220,2016-05-23,1251936,0.11497792219410577,0.11664414155356184,0.0016662193594560726,3159,1073,1102792,3159,382,0,0,1073,142872,0,0,0,201,0,1457,0,0,0,0,0,0,0,0,0,0,0,0
M7,2016-05-23__bonirob_2016-05-23-10-47-22_2_frame221,2016-05-23,1251936,0.06406317894844465,0.06415343915343916,9.026020499450227e-05,1619,1506,1167910,1208,165,0,0,1506,78697,0,0,0,582,411,1457,0,0,0,0,0,0,0,0,0,0,0,0
M7,2016-05-23__bonirob_2016-05-23-10-47-22_2_frame231,2016-05-23,1251936,0.08330537663267132,0.08371274569946068,0.00040736906678935647,1962,1452,1144878,1962,396,0,0,1452,102841,0,0,0,158,0,249,0,0,0,0,0,0,0,0,0,0,0,0
M7,2016-05-23__bonirob_2016-05-23-10-47-22_2_frame236,2016-05-23,1251936,0.029236318789458884,0.028266620657925005,-0.000969698131533879,556,1770,1211568,441,247,0,1,1770,34832,0,0,0,0,0,0,0,0,0,0,0,0,0,678,115,2237,0,47
M7,2016-05-23__bonirob_2016-05-23-10-47-22_2_frame238,2016-05-23,1251936,0.050766173350714414,0.05017668634818393,-0.0005894870025304824,1111,1849,1184378,1111,260,0,0,1849,61707,0,0,0,658,0,1973,0,0,0,0,0,0,0,0,0,0,0,0
M7,2016-05-23__bonirob_2016-05-23-10-47-22_2_frame239,2016-05-23,1251936,0.07477139406487232,0.07518834828617438,0.00041695422130205717,1638,1116,1154542,1638,332,0,0,1116,92493,0,0,0,441,0,1374,0,0,0,0,0,0,0,0,0,0,0,0
M7,2016-05-23__bonirob_2016-05-23-10-47-22_2_frame244,2016-05-23,1251936,0.0763058175497789,0.07696799197403062,0.0006621744242517186,2063,1234,1151913,2063,274,0,0,1234,94296,0,0,0,536,0,1620,0,0,0,0,0,0,0,0,0,0,0,0
M7,2016-05-23__bonirob_2016-05-23-10-47-22_2_frame248,2016-05-23,1251936,0.06750824323288092,0.06732452777138767,-0.00018371546149324736,1638,1868,1165397,1638,176,0,0,1774,82648,94,0,0,44,0,165,0,0,0,0,0,0,0,0,0,0,0,0
M7,2016-05-23__bonirob_2016-05-23-10-47-22_2_frame254,2016-05-23,1251936,0.02295484753214222,0.021609730848861284,-0.0013451166832809357,276,1960,1220262,276,311,0,0,1960,26778,0,0,0,544,0,1805,0,0,0,0,0,0,0,0,0,0,0,0
M7,2016-05-23__bonirob_2016-05-23-10-47-22_2_frame256,2016-05-23,1251936,0.08818342151675485,0.08800050481813766,-0.00018291669861718318,1814,2043,1138476,1814,74,0,0,2025,108357,18,0,0,401,0,771,0,0,0,0,0,0,0,0,0,0,0,0
M7,2016-05-23__bonirob_2016-05-23-10-47-22_2_frame259,2016-05-23,1251936,0.055483666896710374,0.05663308667535721,0.0011494197786468333,3092,1653,1176067,913,259,0,0,1653,67809,0,0,0,0,0,0,0,0,0,0,0,0,0,1152,2179,1904,0,0
M7,2016-05-23__bonirob_2016-05-23-10-47-22_2_frame268,2016-05-23,1251936,0.09541062801932366,0.09580361935434399,0.00039299133502032624,2415,1923,1122811,2415,111,0,424,1923,117525,0,0,0,0,0,0,0,0,0,0,0,0,0,2690,0,1498,0,2539
M7,2016-05-23__bonirob_2016-05-23-10-47-22_2_frame269,2016-05-23,1251936,0.1103171408123099,0.11347065664698515,0.003153515834675255,4942,994,1052659,4942,1198,2,1015,994,137116,0,0,0,0,0,0,0,0,0,0,0,0,0,17117,0,13161,2,23730
M7,2016-05-23__bonirob_2016-05-23-10-47-22_2_frame285,2016-05-23,1251936,0.1246613245405516,0.12593455256498734,0.0012732280244357463,3146,1552,1091857,3146,111,0,0,1552,154516,0,0,0,217,0,537,0,0,0,0,0,0,0,0,0,0,0,0
M7,2016-05-23__bonirob_2016-05-23-10-47-22_2_frame289,2016-05-23,1251936,0.08033078368223295,0.08052248677248677,0.0001917030902538197,2053,1813,1147190,2053,217,0,0,1813,98756,0,0,0,0,0,0,0,0,0,0,0,0,0,463,0,1444,0,0
M7,2016-05-23__bonirob_2016-05-23-10-47-22_2_frame297,2016-05-23,1251936,0.10444783119903893,0.10522902129182322,0.0007811900927842952,2551,1573,1110059,2206,566,0,283,1573,129189,0,0,0,0,0,0,0,0,0,0,0,0,0,2407,345,3867,0,1441
M7,2016-05-23__bonirob_2016-05-23-10-47-22_2_frame300,2016-05-23,1251936,0.15316198272116147,0.15778522224778263,0.0046232395266211646,6708,920,1051644,6708,440,0,0,920,190829,0,0,0,192,0,1203,0,0,0,0,0,0,0,0,0,0,0,0
M7,2016-05-23__bonirob_2016-05-23-10-47-22_2_frame304,2016-05-23,1251936,0.13288219206093602,0.1361802839761777,0.003298091915241691,5361,1232,1077689,4273,509,0,0,1232,165128,0,0,0,550,1088,1467,0,0,0,0,0,0,0,0,0,0,0,0
M7,2016-05-23__bonirob_2016-05-23-10-52-28_3_frame1,2016-05-23,1251936,0.08665618689773279,0.08625041535669555,-0.000405771541037242,2242,2750,1139261,2242,207,0,0,2750,105738,0,0,0,559,0,1179,0,0,0,0,0,0,0,0,0,0,0,0
M7,2016-05-23__bonirob_2016-05-23-10-52-28_3_frame6,2016-05-23,1251936,0.07393269304501189,0.0718223615264678,-0.0021103315185440896,1171,3813,1158020,1171,0,0,0,3813,88746,0,0,0,155,0,31,0,0,0,0,0,0,0,0,0,0,0,0
M7,2016-05-23__bonirob_2016-05-23-10-52-28_3_frame8,2016-05-23,1251936,0.03627501725327812,0.03496424737366766,-0.0013107698796104572,332,1973,1201716,332,60,0,0,1973,43441,0,0,0,0,0,0,0,0,0,0,0,0,0,1332,0,3082,0,0
M7,2016-05-23__bonirob_2016-05-23-10-52-28_3_frame15,2016-05-23,1251936,0.12283615136876007,0.12341844950540602,0.0005822981366459534,3718,2989,1087244,2309,47,0,114,2987,150794,2,0,0,0,0,0,0,0,0,0,0,0,0,2932,1409,581,0,3517
M7,2016-05-23__bonirob_2016-05-23-10-52-28_3_frame19,2016-05-23,1251936,0.0954513649260026,0.09541462183370396,-3.6743092298646696e-05,2776,2822,1119278,2624,248,0,267,2766,116677,56,0,0,0,0,0,0,0,0,0,0,0,0,2647,152,3961,0,3260
M7,2016-05-23__bonirob_2016-05-23-10-52-28_3_frame26,2016-05-23,1251936,0.11774483679676917,0.11853161822968586,0.0007867814329166889,2288,1303,1094038,2288,59,0,273,1303,146106,0,0,0,0,0,0,0,0,0,0,0,0,0,1940,0,2168,0,3761
M7,2016-05-23__bonirob_2016-05-23-10-52-28_3_frame29,2016-05-23,1251936,0.11506738363622422,0.11589889579020014,0.0008315121539759218,2898,1857,1095363,2750,91,5,255,1857,142200,0,0,0,0,0,0,0,0,0,0,0,0,0,3279,148,2288,5,3695
M7,2016-05-23__bonirob_2016-05-23-10-52-28_3_frame32,2016-05-23,1251936,0.07685297011987834,0.07656301919586944,-0.00028995092400889433,1656,2019,1152755,1656,146,0,0,2019,94196,0,0,0,487,0,677,0,0,0,0,0,0,0,0,0,0,0,0
M7,2016-05-23__bonirob_2016-05-23-10-52-28_3_frame34,2016-05-23,1251936,0.015595845155023899,0.015115788666513304,-0.00048005648851059436,184,785,1199920,184,322,0,460,770,18740,15,0,0,0,0,0,0,0,0,0,0,0,0,11775,0,7467,0,12283
M7,2016-05-23__bonirob_2016-05-23-10-52-28_3_frame36,2016-05-23,1251936,0.04878683894384377,0.04922935357717966,0.0004425146333358887,1582,1028,1154658,1582,177,0,440,1028,60050,0,0,0,0,0,0,0,0,0,0,0,0,0,9996,0,13774,0,10231
M7,2016-05-23__bonirob_2016-05-23-10-52-28_3_frame48,2016-05-23,1251936,0.0,0.06503127955422641,0.06503127955422641,81415,0,1148948,1401,376,0,323,0,0,0,0,0,0,0,0,0,0,0,0,0,0,0,5339,80014,10472,0,5063
M7,2016-05-23__bonirob_2016-05-23-10-52-28_3_frame65,2016-05-23,1251936,0.058596445824706696,0.058349628096004906,-0.00024681772870178975,1558,1867,1171753,1262,149,0,1,1867,71492,0,0,0,0,0,0,0,0,0,0,0,0,0,2162,296,2954,0,0
M7,2016-05-23__bonirob_2016-05-23-10-52-28_3_frame67,2016-05-23,1251936,0.010932667484599852,0.010560443984357027,-0.00037222350024282425,289,755,1230583,289,201,0,0,755,12932,0,0,0,0,0,0,0,0,0,0,0,0,0,2865,0,4272,0,39
M7,2016-05-23__bonirob_2016-05-23-10-52-28_3_frame73,2016-05-23,1251936,0.004879642409835646,0.0047813945760805665,-9.824783375507982e-05,261,384,1235791,261,374,0,22,384,5725,0,0,0,0,0,0,0,0,0,0,0,0,0,4005,0,5195,0,179
M7,2016-05-23__bonirob_2016-05-23-10-52-28_3_frame83,2016-05-23,1251936,0.0323698655522327,0.03153755463538072,-0.0008323109168519791,548,1590,1184589,548,138,4,496,1590,38935,0,0,0,0,0,0,0,0,0,0,0,0,0,14086,0,2579,10,8961
M7,2016-05-23__bonirob_2016-05-23-10-52-28_3_frame85,2016-05-23,1251936,0.014669280218797128,0.01465170743552386,-1.7572783273267847e-05,508,530,1218893,508,768,0,0,530,17835,0,0,0,0,0,0,0,0,0,0,0,0,0,4616,0,8771,0,15
M7,2016-05-23__bonirob_2016-05-23-10-52-28_3_frame89,2016-05-23,1251936,0.0,0.053505930015591854,0.053505930015591854,66986,0,1070706,2073,1851,2,5816,0,0,0,0,0,0,0,0,0,0,0,0,0,0,0,16845,64913,31351,10,58369
M7,2016-05-23__bonirob_2016-05-23-10-52-28_3_frame96,2016-05-23,1251936,0.03585167292896761,0.03671194054648161,0.0008602676175139962,1766,689,1044277,1766,10734,0,1912,689,44195,0,0,0,0,0,0,0,0,0,0,0,0,0,17392,0,120297,0,10674
M7,2016-05-23__bonirob_2016-05-23-10-52-28_3_frame101,2016-05-23,1251936,0.0,0.032410602458911635,0.032410602458911635,40576,0,701611,3019,71525,18,5612,0,0,0,0,0,8821,37557,417783,625,5365,0,0,0,0,0,0,0,0,0,0
M7,2016-05-23__bonirob_2016-05-23-10-52-28_3_frame103,2016-05-23,1251936,0.0009752894716662832,0.0461645004217468,0.045189210950080515,56663,89,951235,3771,36103,0,1419,64,1132,25,0,0,12960,52892,189745,0,2590,0,0,0,0,0,0,0,0,0,0
M7,2016-05-23__bonirob_2016-05-23-10-52-28_3_frame105,2016-05-23,1251936,0.01660148761598037,0.015309089282519233,-0.0012923983334611356,981,2599,1082194,981,19930,0,0,1305,18185,1294,0,0,18212,0,109835,0,0,0,0,0,0,0,0,0,0,0,0
M7,2016-05-23__bonirob_2016-05-23-10-52-28_3_frame119,2016-05-23,1251936,0.0217487155892953,0.022445236817217492,0.0006965212279221936,1310,438,1156617,1310,8997,0,0,438,26790,0,0,0,8322,0,49462,0,0,0,0,0,0,0,0,0,0,0,0
M7,2016-05-23__bonirob_2016-05-23-10-52-28_3_frame120,2016-05-23,1251936,0.02734804335045881,0.027074067683971064,-0.00027397566648774616,877,1220,1172322,848,7494,0,0,1217,33018,3,0,0,6930,29,30075,0,0,0,0,0,0,0,0,0,0,0,0
M7,2016-05-23__bonirob_2016-05-23-10-52-28_3_frame123,2016-05-23,1251936,0.007003552897272704,0.006839806507680904,-0.0001637463895918,476,681,1175742,464,9154,0,0,610,8087,71,0,0,9360,12,48436,0,0,0,0,0,0,0,0,0,0,0,0
M7,2016-05-23__bonirob_2016-05-23-10-52-28_3_frame124,2016-05-23,1251936,0.04318671241980421,0.049746951920864965,0.006560239501060758,9745,1532,1136775,3136,6629,0,0,1407,52535,125,0,0,7135,6609,37537,0,48,0,0,0,0,0,0,0,0,0,0
M7,2016-05-23__bonirob_2016-05-23-10-52-28_3_frame126,2016-05-23,1251936,0.013618907036781433,0.013312980855251387,-0.00030592618153004597,581,964,1138448,581,11749,0,0,607,16086,357,0,0,11532,0,72576,0,0,0,0,0,0,0,0,0,0,0,0
M7,2016-05-23__bonirob_2016-05-23-10-52-28_3_frame129,2016-05-23,1251936,0.01901295273879815,0.03321335914934949,0.014200406410551338,18985,1207,1182189,947,1649,0,36,1107,22596,100,0,0,12135,18038,12976,0,163,0,0,0,0,0,0,0,0,0,0
M7,2016-05-23__bonirob_2016-05-23-10-52-28_3_frame134,2016-05-23,1251936,0.014198010121923165,0.01811514326610945,0.003917133144186286,6736,1832,1150483,902,10690,0,0,1038,15943,794,0,0,24001,5834,42251,0,0,0,0,0,0,0,0,0,0,0,0
M7,2016-05-23__bonirob_2016-05-23-10-52-28_3_frame138,2016-05-23,1251936,0.030813076706796512,0.030698054852644225,-0.00011502185415228697,1667,1811,1197156,1666,1357,0,0,1487,36765,324,0,0,6083,1,7097,0,0,0,0,0,0,0,0,0,0,0,0
M7,2016-05-23__bonirob_2016-05-23-10-52-28_3_frame142,2016-05-23,1251936,0.034008128211026764,0.03493788819875776,0.0009297599877309964,2031,867,1185068,2031,6592,0,0,813,41709,54,0,0,5771,0,9898,0,0,0,0,0,0,0,0,0,0,0,0
M7,2016-05-23__bonirob_2016-05-23-10-52-28_3_frame145,2016-05-23,1251936,0.0,0.01365565012908008,0.01365565012908008,17096,0,1073583,1666,51464,0,0,0,0,0,0,0,15112,15430,94681,0,0,0,0,0,0,0,0,0,0,0,0
M7,2016-05-23__bonirob_2016-05-23-10-52-28_3_frame150,2016-05-23,1251936,0.007674513713161056,0.007171293101244792,-0.0005032206119162646,442,1072,1213995,442,4759,0,0,664,8536,408,0,0,3466,0,19666,0,0,0,0,0,0,0,0,0,0,0,0
M7,2016-05-23__bonirob_2016-05-23-10-52-28_3_frame171,2016-05-23,1251936,0.015092624543107634,0.04983561460010735,0.03474299005699972,45454,1958,1142608,1579,1896,0,0,1093,16937,865,0,0,15688,43875,27395,0,0,0,0,0,0,0,0,0,0,0,0
M7,2016-05-23__bonirob_2016-05-23-10-52-28_3_frame175,2016-05-23,1251936,0.0021310993533215756,0.024771234312297115,0.02264013495897554,29680,1336,1144458,1219,4628,0,17,266,1332,1070,0,0,22722,28461,47712,0,51,0,0,0,0,0,0,0,0,0,0
M7,2016-05-23__bonirob_2016-05-23-10-52-28_3_frame254,2016-05-23,1251936,0.0034658321192137615,0.0030816271758300744,-0.0003842049433836871,61,542,1215588,61,901,0,12,542,3797,0,0,0,5904,0,25115,0,16,0,0,0,0,0,0,0,0,0,0
M7,2016-05-23__bonirob_2016-05-23-10-52-28_3_frame257,2016-05-23,1251936,0.007851040308769777,0.00883591493494875,0.0009848746261789734,2036,803,1234685,231,169,0,0,803,9026,0,0,0,3753,1805,1464,0,0,0,0,0,0,0,0,0,0,0,0
M7,2016-05-23__bonirob_2016-05-23-10-52-28_3_frame263,2016-05-23,1251936,0.019129572118702552,0.018659899547580707,-0.0004696725711218451,497,1085,1207923,497,1239,0,44,1085,22864,0,0,0,6186,0,11975,0,123,0,0,0,0,0,0,0,0,0,0
M7,2016-05-23__bonirob_2016-05-23-10-52-28_3_frame279,2016-05-23,1251936,0.05069348592899318,0.05042430283976178,-0.0002691830892313993,1115,1452,1168771,1115,1390,0,0,1452,62013,0,0,0,3555,0,13640,0,0,0,0,0,0,0,0,0,0,0,0
M7,2016-05-23__bonirob_2016-05-23-10-52-28_3_frame283,2016-05-23,1251936,0.014996772997980728,0.014352171357002275,-0.0006446016409784525,403,1210,1223841,403,473,0,18,1210,17565,0,0,0,3569,0,4764,0,93,0,0,0,0,0,0,0,0,0,0
M7,2016-05-23__bonirob_2016-05-23-10-52-28_3_frame285,2016-05-23,1251936,0.010280078214860823,0.009388658845180585,-0.0008914193696802387,304,1420,1220926,304,831,0,0,1307,11450,113,0,0,5250,0,11752,0,3,0,0,0,0,0,0,0,0,0,0
M7,2016-05-23__bonirob_2016-05-23-10-52-28_3_frame289,2016-05-23,1251936,0.009969359456074432,0.0090364044168392,-0.0009329550392352323,549,1717,1232392,549,419,0,0,1295,10764,422,0,0,3732,0,2363,0,0,0,0,0,0,0,0,0,0,0,0
M7,2016-05-23__bonirob_2016-05-23-10-52-28_3_frame292,2016-05-23,1251936,0.0037286251054366995,0.003551299746951921,-0.00017732535848477863,100,322,1241179,100,264,0,0,322,4346,0,0,0,3794,0,1931,0,0,0,0,0,0,0,0,0,0,0,0
M7,2016-05-23__bonirob_2016-05-23-10-57-33_4_frame4,2016-05-23,1251936,0.03591477519617616,0.037245514147688064,0.001330738951511902,2616,950,1202119,2546,500,0,0,599,44013,351,0,0,318,70,1420,0,0,0,0,0,0,0,0,0,0,0,0
M7,2016-05-23__bonirob_2016-05-23-10-57-33_4_frame6,2016-05-23,1251936,0.012546168494236128,0.013011847250977687,0.0004656787567415589,1093,510,1224510,1093,1870,0,0,343,15197,167,0,0,1246,0,7510,0,0,0,0,0,0,0,0,0,0,0,0
M7,2016-05-23__bonirob_2016-05-23-10-57-33_4_frame7,2016-05-23,1251936,0.024289580298034404,0.027883214477417376,0.003593634179382972,4906,407,1207997,1655,1427,0,0,303,30002,104,0,0,1310,3251,5887,0,0,0,0,0,0,0,0,0,0,0,0
M7,2016-05-23__bonirob_2016-05-23-10-57-33_4_frame11,2016-05-23,1251936,0.025383885438233264,0.026582828515195663,0.0011989430769623992,2041,540,1212070,2041,1271,0,0,538,31239,2,0,0,1735,0,3040,0,0,0,0,0,0,0,0,0,0,0,0
M7,2016-05-23__bonirob_2016-05-23-10-57-33_4_frame25,2016-05-23,1251936,0.02383508422155765,0.02351078649387828,-0.0003242977276793693,599,1005,1188247,599,1980,0,0,1005,28835,0,0,0,3813,0,27457,0,0,0,0,0,0,0,0,0,0,0,0
M7,2016-05-23__bonirob_2016-05-23-10-57-33_4_frame26,2016-05-23,1251936,0.020489865296628582,0.019802130460343022,-0.0006877348362855605,765,1626,1213011,515,965,0,0,1626,24026,0,0,0,3220,250,8323,0,0,0,0,0,0,0,0,0,0,0,0
M7,2016-05-23__bonirob_2016-05-23-10-57-33_4_frame28,2016-05-23,1251936,0.01536979526109961,0.02311539887022979,0.0077456036091301805,10846,1149,1199813,484,1552,0,0,1149,18093,0,0,0,4533,10362,15950,0,0,0,0,0,0,0,0,0,0,0,0
M7,2016-05-23__bonirob_2016-05-23-10-57-33_4_frame30,2016-05-23,1251936,0.02540545203588682,0.0246849679216829,-0.000720484114203921,565,1467,1203155,565,959,0,159,1467,30339,0,0,0,4978,0,9897,0,417,0,0,0,0,0,0,0,0,0,0
M7,2016-05-23__bonirob_2016-05-23-10-57-33_4_frame31,2016-05-23,1251936,0.005768665490887713,0.005451556629092861,-0.00031710886179485247,110,507,1226965,110,1165,0,0,507,6715,0,0,0,5452,0,11022,0,0,0,0,0,0,0,0,0,0,0,0
M7,2016-05-23__bonirob_2016-05-23-10-57-33_4_frame38,2016-05-23,1251936,0.023044308974260665,0.022090586100247937,-0.0009537228740127274,297,1491,1215552,297,356,0,0,1491,27359,0,0,0,2037,0,4844,0,0,0,0,0,0,0,0,0,0,0,0
M7,2016-05-23__bonirob_2016-05-23-10-57-33_4_frame39,2016-05-23,1251936,0.029920858574240216,0.02925788538711244,-0.0006629731871277758,660,1490,1206906,660,355,0,0,1484,35969,6,0,0,2358,0,4198,0,0,0,0,0,0,0,0,0,0,0,0
M7,2016-05-23__bonirob_2016-05-23-10-57-33_4_frame57,2016-05-23,1251936,0.0071193735143010506,0.006410870843237993,-0.0007085026710630573,79,966,1232300,79,247,0,6,966,7947,0,0,0,4057,0,6185,0,149,0,0,0,0,0,0,0,0,0,0
M7,2016-05-23__bonirob_2016-05-23-10-57-33_4_frame59,2016-05-23,1251936,0.03743881476369399,0.036444354983002324,-0.0009944597806916672,654,1899,1197306,504,382,0,0,1899,44972,0,0,0,1909,150,4814,0,0,0,0,0,0,0,0,0,0,0,0
M7,2016-05-23__bonirob_2016-05-23-10-57-33_4_frame64,2016-05-23,1251936,0.0263751501674207,0.06518304450067736,0.038807894333256654,49056,471,1124048,1841,898,0,1108,471,32549,0,0,0,12751,47215,24046,410,6599,0,0,0,0,0,0,0,0,0,0
M7,2016-05-23__bonirob_2016-05-23-10-57-33_4_frame66,2016-05-23,1251936,0.030445645783810035,0.03337550801318917,0.0029298622293791356,4416,748,1161922,757,1183,0,55,748,37368,0,0,0,4925,3659,41246,0,73,0,0,0,0,0,0,0,0,0,0
M7,2016-05-23__bonirob_2016-05-23-10-57-33_4_frame71,2016-05-23,1251936,0.046329045574214654,0.04531861053600184,-0.0010104350382128119,806,2071,1186608,806,304,0,268,2071,55930,0,0,0,3243,0,2379,0,327,0,0,0,0,0,0,0,0,0,0
M7,2016-05-23__bonirob_2016-05-23-10-57-33_4_frame72,2016-05-23,1251936,0.034219800373182015,0.033500115021854154,-0.0007196853513278603,748,1649,1190043,748,718,0,270,1614,41192,8,0,27,7789,0,7924,0,1603,0,0,0,0,0,0,0,0,0,0
M7,2016-05-23__bonirob_2016-05-23-10-57-33_4_frame74,2016-05-23,1251936,0.0,0.03484443294225903,0.03484443294225903,43623,0,1146053,1067,3400,0,78,0,0,0,0,0,13688,42556,44664,0,430,0,0,0,0,0,0,0,0,0,0
M7,2016-05-23__bonirob_2016-05-23-10-57-33_4_frame75,2016-05-23,1251936,0.02384147432456611,0.07180239245456636,0.04796091813000025,60675,631,1137525,1909,1013,0,1,488,29217,143,0,0,4536,58766,18295,0,43,0,0,0,0,0,0,0,0,0,0
M7,2016-05-23__bonirob_2016-05-23-10-57-33_4_frame78,2016-05-23,1251936,0.03382840656391381,0.03287228740127291,-0.0009561191626408991,585,1782,1203224,585,305,0,0,1782,40569,0,0,0,1350,0,4121,0,0,0,0,0,0,0,0,0,0,0,0
M7,2016-05-23__bonirob_2016-05-23-10-57-33_4_frame85,2016-05-23,1251936,0.05659075224292615,0.05308817703141375,-0.0035025752115124056,622,5007,1179014,622,161,0,13,3767,65841,1187,0,53,379,0,899,0,0,0,0,0,0,0,0,0,0,0,0
M7,2016-05-23__bonirob_2016-05-23-10-57-33_4_frame90,2016-05-23,1251936,0.060623706004140784,0.059434348081691075,-0.001189357922449709,1041,2530,1172765,1041,185,0,0,2512,73367,18,0,0,948,0,1100,0,0,0,0,0,0,0,0,0,0,0,0
M7,2016-05-23__bonirob_2016-05-23-10-57-33_4_frame91,2016-05-23,1251936,0.07971973008204893,0.07989785420340977,0.00017812412136083977,1975,1752,1149355,1975,37,0,0,1752,98052,0,0,0,289,0,476,0,0,0,0,0,0,0,0,0,0,0,0
M7,2016-05-23__bonirob_2016-05-23-10-57-33_4_frame94,2016-05-23,1251936,0.04239354088387905,0.04086390997622882,-0.0015296309076502299,398,2313,1198424,398,40,0,0,2313,50761,0,0,0,0,0,0,0,0,0,0,0,0,0,0,0,0,0,0
M7,2016-05-23__bonirob_2016-05-23-10-57-33_4_frame95,2016-05-23,1251936,0.07420507118574751,0.07407647036270225,-0.00012860082304526343,1611,1772,1157015,1611,82,0,0,1772,91128,0,0,0,146,0,182,0,0,0,0,0,0,0,0,0,0,0,0
M7,2016-05-23__bonirob_2016-05-23-10-57-33_4_frame96,2016-05-23,1251936,0.10251562380185568,0.103394262965519,0.0008786391636633195,2265,1165,1120381,2265,175,0,0,1165,127178,0,0,0,352,0,420,0,0,0,0,0,0,0,0,0,0,0,0
M7,2016-05-23__bonirob_2016-05-23-10-57-33_4_frame101,2016-05-23,1251936,0.01913116964445467,0.018003316463461393,-0.0011278531809932775,283,1695,1225487,283,100,0,0,1376,22256,319,0,0,1010,0,1105,0,0,0,0,0,0,0,0,0,0,0,0
M7,2016-05-23__bonirob_2016-05-23-10-57-33_4_frame115,2016-05-23,1251936,0.053533886716253865,0.052806213736165425,-0.0007276729800884396,558,1469,1181909,558,90,0,0,1469,65552,0,0,0,908,0,1450,0,0,0,0,0,0,0,0,0,0,0,0
M7,2016-05-23__bonirob_2016-05-23-10-57-33_4_frame116,2016-05-23,1251936,0.02842317818163229,0.02748143675076042,-0.0009417414308718688,432,1611,1206976,432,156,0,0,1611,33973,0,0,0,2558,0,6230,0,0,0,0,0,0,0,0,0,0,0,0
M7,2016-05-23__bonirob_2016-05-23-10-57-33_4_frame126,2016-05-23,1251936,0.10611964189862741,0.1072171420903305,0.0010975001917030852,2630,1256,1110069,2396,694,0,0,1256,131599,0,0,0,962,234,4726,0,0,0,0,0,0,0,0,0,0,0,0
M7,2016-05-23__bonirob_2016-05-23-10-57-33_4_frame135,2016-05-23,1251936,0.01623166040436572,0.014912104133118626,-0.0013195562712470937,214,1866,1230848,214,37,0,0,1866,18455,0,0,0,375,0,141,0,0,0,0,0,0,0,0,0,0,0,0
M7,2016-05-23__bonirob_2016-05-23-10-57-33_4_frame139,2016-05-23,1251936,0.05149464509367891,0.051120025304807915,-0.00037461978887099595,1331,1800,1184259,996,122,0,0,1800,62668,0,0,0,552,335,1204,0,0,0,0,0,0,0,0,0,0,0,0
M7,2016-05-23__bonirob_2016-05-23-10-57-33_4_frame140,2016-05-23,1251936,0.06567108861794853,0.0647604989392429,-0.0009105896787056228,1466,2606,1166625,1466,119,0,0,2606,79610,0,0,0,452,0,1058,0,0,0,0,0,0,0,0,0,0,0,0
M7,2016-05-23__bonirob_2016-05-23-10-57-33_4_frame141,2016-05-23,1251936,0.04205486542443064,0.0409941083250262,-0.0010607570994044385,811,2139,1195393,768,73,0,0,2139,50511,0,0,0,1381,43,1628,0,0,0,0,0,0,0,0,0,0,0,0
M7,2016-05-23__bonirob_2016-05-23-10-57-33_4_frame148,2016-05-23,1251936,0.019397956445057894,0.018426660787771897,-0.000971295657285997,298,1514,1224072,298,144,0,0,1496,22771,18,0,0,1369,0,1768,0,0,0,0,0,0,0,0,0,0,0,0
M7,2016-05-23__bonirob_2016-05-23-10-57-33_4_frame150,2016-05-23,1251936,0.06401844822738542,0.06354637936763541,-0.00047206885975001334,1079,1670,1170503,1079,16,0,0,1670,78477,0,0,0,93,0,98,0,0,0,0,0,0,0,0,0,0,0,0
M7,2016-05-23__bonirob_2016-05-23-10-57-33_4_frame168,2016-05-23,1251936,0.021003469825933593,0.019822898295120517,-0.0011805715308130758,243,1721,1223220,243,86,0,0,1721,24574,0,0,0,1026,0,1066,0,0,0,0,0,0,0,0,0,0,0,0
M7,2016-05-23__bonirob_2016-05-23-10-57-33_4_frame175,2016-05-23,1251936,0.016774819160084862,0.015944105768984997,-0.0008307133910998646,280,1320,1229057,280,15,0,0,1320,19681,0,0,0,536,0,1047,0,0,0,0,0,0,0,0,0,0,0,0
M7,2016-05-23__bonirob_2016-05-23-10-57-33_4_frame179,2016-05-23,1251936,0.015911356491066637,0.015092624543107634,-0.0008187319479590026,255,1280,1229305,255,111,0,0,1280,18640,0,0,0,1476,0,869,0,0,0,0,0,0,0,0,0,0,0,0
M7,2016-05-23__bonirob_2016-05-23-10-57-33_4_frame183,2016-05-23,1251936,0.026704240472356415,0.025763297804360607,-0.0009409426679958081,571,1749,1213394,571,169,0,0,1749,31683,0,0,0,1424,0,2946,0,0,0,0,0,0,0,0,0,0,0,0
M7,2016-05-23__bonirob_2016-05-23-10-57-33_4_frame189,2016-05-23,1251936,0.02541503719039951,0.024409394729443038,-0.001005642460956472,459,1718,1213461,459,364,0,0,1718,30100,0,0,0,2410,0,3424,0,0,0,0,0,0,0,0,0,0,0,0
M7,2016-05-23__bonirob_2016-05-23-10-57-33_4_frame198,2016-05-23,1251936,0.012380025816016153,0.010842407279605348,-0.0015376185364108057,152,2077,1233752,151,113,0,0,1998,13422,79,0,0,978,1,1442,0,0,0,0,0,0,0,0,0,0,0,0
M7,2016-05-23__bonirob_2016-05-23-10-57-33_4_frame203,2016-05-23,1251936,0.0320575492676942,0.03098800577665312,-0.0010695434910410785,445,1784,1209972,445,82,0,0,1784,38350,0,0,0,593,0,710,0,0,0,0,0,0,0,0,0,0,0,0
M7,2016-05-23__bonirob_2016-05-23-10-57-33_4_frame211,2016-05-23,1251936,0.03379565728599545,0.032706144723052936,-0.0010895125629425129,583,1947,1207660,583,84,0,0,1947,40363,0,0,0,378,0,921,0,0,0,0,0,0,0,0,0,0,0,0
M7,2016-05-23__bonirob_2016-05-23-10-57-33_4_frame218,2016-05-23,1251936,0.034540903049357155,0.032068731947959,-0.002472171101398156,676,3771,1204615,676,151,0,0,1692,39472,2079,0,0,887,0,2364,0,0,0,0,0,0,0,0,0,0,0,0
M7,2016-05-23__bonirob_2016-05-23-10-57-33_4_frame220,2016-05-23,1251936,0.012515016742069882,0.011720247680392608,-0.0007947690616772734,145,1140,1230832,145,327,0,0,1140,14528,0,0,0,1955,0,3009,0,0,0,0,0,0,0,0,0,0,0,0
M7,2016-05-23__bonirob_2016-05-23-10-57-33_4_frame225,2016-05-23,1251936,0.04148854254530583,0.040586739258236845,-0.0009018032870689863,617,1746,1198524,617,68,0,0,1746,50195,0,0,0,499,0,287,0,0,0,0,0,0,0,0,0,0,0,0
M7,2016-05-23__bonirob_2016-05-23-10-57-33_4_frame231,2016-05-23,1251936,0.0722760588400685,0.07235034378754185,7.428494747334369e-05,1439,1346,1156661,1439,186,0,0,1346,89139,0,0,0,916,0,2249,0,0,0,0,0,0,0,0,0,0,0,0
M7,2016-05-23__bonirob_2016-05-23-10-57-33_4_frame248,2016-05-23,1251936,0.08445559517419421,0.08456742197684226,0.00011182680264805456,1920,1780,1142806,1920,246,0,0,1780,103953,0,0,0,337,0,894,0,0,0,0,0,0,0,0,0,0,0,0
M7,2016-05-23__bonirob_2016-05-23-10-57-33_4_frame253,2016-05-23,1251936,0.087672213276078,0.08862114357283439,0.000948930296756384,2930,1742,1136618,2887,521,0,0,1742,108018,0,0,0,701,43,1406,0,0,0,0,0,0,0,0,0,0,0,0
M7,2016-05-23__bonirob_2016-05-23-10-57-33_4_frame254,2016-05-23,1251936,0.08625041535669555,0.0862719819543491,2.156659765355229e-05,1701,1674,1140246,1701,239,0,0,1674,106306,0,0,0,724,0,1046,0,0,0,0,0,0,0,0,0,0,0,0
M7,2016-05-23__bonirob_2016-05-23-10-57-33_4_frame259,2016-05-23,1251936,0.0955719781202873,0.0961478861539248,0.0005759080336375094,2162,1441,1127330,2162,385,0,0,1441,118209,0,0,0,812,0,1597,0,0,0,0,0,0,0,0,0,0,0,0
M7,2016-05-23__bonirob_2016-05-23-10-57-33_4_frame264,2016-05-23,1251936,0.057050839659535314,0.056561996779388085,-0.0004888428801472292,976,1588,1178201,976,169,0,0,1588,69836,0,0,0,285,0,881,0,0,0,0,0,0,0,0,0,0,0,0
M7,2016-05-23__bonirob_2016-05-23-10-57-33_4_frame270,2016-05-23,1251936,0.016645419574163534,0.015633387010198604,-0.0010120325639649298,111,1378,1227781,111,122,0,0,1378,19461,0,0,0,1071,0,2012,0,0,0,0,0,0,0,0,0,0,0,0
M7,2016-05-23__bonirob_2016-05-23-10-57-33_4_frame273,2016-05-23,1251936,0.061781912174424254,0.062130971551261405,0.00034905937683715055,1558,1121,1171195,1558,171,0,0,1013,76226,108,0,0,560,0,1105,0,0,0,0,0,0,0,0,0,0,0,0
M7,2016-05-23__bonirob_2016-05-23-10-57-33_4_frame278,2016-05-23,1251936,0.04727238453083864,0.046819485980114,-0.0004528985507246397,535,1102,1190406,535,200,0,0,1102,58080,0,0,0,830,0,783,0,0,0,0,0,0,0,0,0,0,0,0
M7,2016-05-23__bonirob_2016-05-23-10-57-33_4_frame279,2016-05-23,1251936,0.04063786008230453,0.0401226580272474,-0.0005152020550571318,631,1276,1197157,631,345,0,0,1276,49600,0,0,0,947,0,1980,0,0,0,0,0,0,0,0,0,0,0,0
M7,2016-05-23__bonirob_2016-05-23-10-57-33_4_frame283,2016-05-23,1251936,0.03055507629782992,0.029166826419241877,-0.0013882498785880437,548,2286,1211066,548,136,0,0,2286,35967,0,0,0,489,0,1444,0,0,0,0,0,0,0,0,0,0,0,0
M7,2016-05-23__bonirob_2016-05-23-10-57-33_4_frame303,2016-05-23,1251936,0.019774173759681005,0.018622357692406003,-0.0011518160672750015,182,1624,1226138,182,40,0,0,1624,23132,0,0,0,466,0,354,0,0,0,0,0,0,0,0,0,0,0,0
M7,2016-05-23__bonirob_2016-05-23-11-02-39_5_frame9,2016-05-23,1251936,0.034302072949415945,0.03326048615903689,-0.001041586790379058,350,1654,1207577,350,95,0,0,1654,41290,0,0,0,377,0,593,0,0,0,0,0,0,0,0,0,0,0,0
M7,2016-05-23__bonirob_2016-05-23-11-02-39_5_frame15,2016-05-23,1251936,0.024803184827339418,0.023868632262352068,-0.0009345525649873503,152,1322,1218428,152,105,0,0,1322,29730,0,0,0,501,0,1698,0,0,0,0,0,0,0,0,0,0,0,0
M7,2016-05-23__bonirob_2016-05-23-11-02-39_5_frame20,2016-05-23,1251936,0.0034818073767349128,0.0031103826393681466,-0.00037142473736676614,58,523,1245774,58,31,0,0,523,3836,0,0,0,1008,0,706,0,0,0,0,0,0,0,0,0,0,0,0
M7,2016-05-23__bonirob_2016-05-23-11-02-39_5_frame29,2016-05-23,1251936,0.02954863507399739,0.02859890601436495,-0.0009497290596324412,400,1589,1212361,400,196,0,0,1589,35404,0,0,0,544,0,1442,0,0,0,0,0,0,0,0,0,0,0,0
M7,2016-05-23__bonirob_2016-05-23-11-02-39_5_frame30,2016-05-23,1251936,0.034544098100861384,0.033591173989724714,-0.0009529241111366701,691,1884,1207605,691,6,0,0,1884,41363,0,0,0,174,0,213,0,0,0,0,0,0,0,0,0,0,0,0
M7,2016-05-23__bonirob_2016-05-23-11-02-39_5_frame31,2016-05-23,1251936,0.020161573754568923,0.019089633974899677,-0.0010719397796692468,292,1634,1226016,292,19,0,0,1634,23607,0,0,0,161,0,207,0,0,0,0,0,0,0,0,0,0,0,0
M7,2016-05-23__bonirob_2016-05-23-11-02-39_5_frame34,2016-05-23,1251936,0.10510681057178642,0.10638323364772641,0.0012764230759399892,2685,1087,1117355,2685,87,0,0,1087,130500,0,0,0,54,0,168,0,0,0,0,0,0,0,0,0,0,0,0
M7,2016-05-23__bonirob_2016-05-23-11-02-39_5_frame37,2016-05-23,1251936,0.023398959691230223,0.022170462387853692,-0.0012284973033765308,416,1954,1221399,416,74,0,0,1954,27340,0,0,0,265,0,488,0,0,0,0,0,0,0,0,0,0,0,0
M7,2016-05-23__bonirob_2016-05-23-11-02-39_5_frame60,2016-05-23,1251936,0.02788481200316949,0.02680967717199601,-0.0010751348311734792,328,1674,1216696,328,2,0,0,1674,33236,0,0,0,0,0,0,0,0,0,0,0,0,0,0,0,0,0,0
M7,2016-05-23__bonirob_2016-05-23-11-02-39_5_frame62,2016-05-23,1251936,0.03996530174066406,0.039211269585665724,-0.0007540321549983353,684,1628,1200490,684,84,0,0,1628,48406,0,0,0,138,0,506,0,0,0,0,0,0,0,0,0,0,0,0
M7,2016-05-23__bonirob_2016-05-23-11-02-39_5_frame69,2016-05-23,1251936,0.04594484063083097,0.04441600848605679,-0.0015288321447741796,656,2570,1192614,656,61,0,0,2570,54950,0,0,0,258,0,827,0,0,0,0,0,0,0,0,0,0,0,0
M7,2016-05-23__bonirob_2016-05-23-11-02-39_5_frame80,2016-05-23,1251936,0.03864734299516908,0.0374611801242236,-0.00118616287094548,427,1912,1193485,427,234,0,26,1912,46472,0,0,0,1497,0,7005,0,878,0,0,0,0,0,0,0,0,0,0
M7,2016-05-23__bonirob_2016-05-23-11-02-39_5_frame84,2016-05-23,1251936,0.03942453927357309,0.03896285433121182,-0.0004616849423612693,677,1255,1201172,677,40,0,0,1255,48102,0,0,0,349,0,341,0,0,0,0,0,0,0,0,0,0,0,0
M7,2016-05-23__bonirob_2016-05-23-11-02-39_5_frame89,2016-05-23,1251936,0.012942354880760678,0.012078892211742452,-0.0008634626690182251,148,1229,1233489,148,18,0,0,1229,14974,0,0,0,807,0,1271,0,0,0,0,0,0,0,0,0,0,0,0
M7,2016-05-23__bonirob_2016-05-23-11-02-39_5_frame90,2016-05-23,1251936,0.022445236817217492,0.020985897042660327,-0.0014593397745571654,211,2038,1221073,211,129,0,0,2038,26062,0,0,0,819,0,1604,0,0,0,0,0,0,0,0,0,0,0,0
M7,2016-05-23__bonirob_2016-05-23-11-02-39_5_frame93,2016-05-23,1251936,0.025572393476982848,0.0245795312220433,-0.0009928622549395492,282,1525,1219193,282,0,0,0,1525,30490,0,0,0,415,0,31,0,0,0,0,0,0,0,0,0,0,0,0
M7,2016-05-23__bonirob_2016-05-23-11-02-39_5_frame105,2016-05-23,1251936,0.02494536461927766,0.023712873501520845,-0.001232491117756817,365,1908,1217898,256,86,0,0,1908,29322,0,0,0,805,109,1552,0,0,0,0,0,0,0,0,0,0,0,0
M7,2016-05-23__bonirob_2016-05-23-11-02-39_5_frame108,2016-05-23,1251936,0.010564437798737315,0.009743309562150141,-0.0008211282365871743,87,1115,1237663,87,10,0,0,1115,12111,0,0,0,559,0,391,0,0,0,0,0,0,0,0,0,0,0,0
M7,2016-05-23__bonirob_2016-05-23-11-02-39_5_frame112,2016-05-23,1251936,0.03502495335224804,0.033692616874984024,-0.0013323364772640164,328,1996,1205930,328,107,0,0,1996,41853,0,0,0,742,0,980,0,0,0,0,0,0,0,0,0,0,0,0
M7,2016-05-23__bonirob_2016-05-23-11-02-39_5_frame116,2016-05-23,1251936,0.04093979244945428,0.03988063287580196,-0.001059159573652324,483,1809,1197867,483,27,0,0,1809,49445,0,0,0,786,0,1519,0,0,0,0,0,0,0,0,0,0,0,0
M7,2016-05-23__bonirob_2016-05-23-11-02-39_5_frame117,2016-05-23,1251936,0.03138658845180584,0.03015329857117297,-0.0012332898806328742,293,1837,1210770,293,114,0,0,1837,37457,0,0,0,344,0,1121,0,0,0,0,0,0,0,0,0,0,0,0
M7,2016-05-23__bonirob_2016-05-23-11-02-39_5_frame131,2016-05-23,1251936,0.05337653042967053,0.0523756805459704,-0.001000849883700125,1166,2419,1182396,1166,111,0,0,2419,64405,0,0,0,366,0,1073,0,0,0,0,0,0,0,0,0,0,0,0
M7,2016-05-23__bonirob_2016-05-23-11-02-39_5_frame144,2016-05-23,1251936,0.02105379188712522,0.020275796845845157,-0.0007779950412800628,307,1281,1222005,307,149,0,0,1281,25077,0,0,0,880,0,2237,0,0,0,0,0,0,0,0,0,0,0,0
M7,2016-05-23__bonirob_2016-05-23-11-02-39_5_frame149,2016-05-23,1251936,0.008205691025739335,0.009482912864555377,0.0012772218388160412,2246,647,1229137,64,268,0,0,647,9626,0,0,0,1998,2182,8014,0,0,0,0,0,0,0,0,0,0,0,0
M7,2016-05-23__bonirob_2016-05-23-11-02-39_5_frame155,2016-05-23,1251936,0.03915216113283746,0.037698412698412696,-0.0014537484344247648,335,2155,1201255,335,121,0,0,2155,46861,0,0,0,519,0,690,0,0,0,0,0,0,0,0,0,0,0,0
M7,2016-05-23__bonirob_2016-05-23-11-02-39_5_frame164,2016-05-23,1251936,0.011927127265291517,0.011435888096516116,-0.0004912391687754009,164,779,1234433,164,93,0,0,779,14153,0,0,0,881,0,1433,0,0,0,0,0,0,0,0,0,0,0,0
M7,2016-05-23__bonirob_2016-05-23-11-02-39_5_frame169,2016-05-23,1251936,0.040589934309741074,0.03994772895739079,-0.0006422053523502808,462,1266,1195145,462,265,0,0,1266,49550,0,0,0,1097,0,4139,0,12,0,0,0,0,0,0,0,0,0,0
M7,2016-05-23__bonirob_2016-05-23-11-02-39_5_frame177,2016-05-23,1251936,0.03831505763872914,0.03667280116555479,-0.0016422564731743486,547,2603,1199985,547,103,0,0,2603,45365,0,0,0,1066,0,2267,0,0,0,0,0,0,0,0,0,0,0,0
M7,2016-05-23__bonirob_2016-05-23-11-02-39_5_frame184,2016-05-23,1251936,0.02705010479768934,0.026575639649311148,-0.000474465148378192,732,1326,1215065,639,53,0,0,1326,32539,0,0,0,859,93,1362,0,0,0,0,0,0,0,0,0,0,0,0
M7,2016-05-23__bonirob_2016-05-23-11-02-39_5_frame187,2016-05-23,1251936,0.024788008332694324,0.02293168340873655,-0.0018563249239577743,158,2482,1210859,158,275,0,0,1766,28551,716,0,0,2776,0,6835,0,0,0,0,0,0,0,0,0,0,0,0
M7,2016-05-23__bonirob_2016-05-23-11-02-39_5_frame189,2016-05-23,1251936,0.014800277330470566,0.013703575901643535,-0.0010967014288270314,52,1425,1224395,52,507,0,0,1425,17104,0,0,0,2463,0,5990,0,0,0,0,0,0,0,0,0,0,0,0
M7,2016-05-23__bonirob_2016-05-23-11-02-39_5_frame192,2016-05-23,1251936,0.015734031132581858,0.014650109909771745,-0.0010839212228101122,105,1462,1227793,105,145,0,0,1462,18236,0,0,0,1201,0,2994,0,0,0,0,0,0,0,0,0,0,0,0
M7,2016-05-23__bonirob_2016-05-23-11-02-39_5_frame193,2016-05-23,1251936,0.017821997290596324,0.016773221634332744,-0.00104877565626358,177,1490,1224833,177,257,0,0,1490,20822,0,0,0,1363,0,2994,0,0,0,0,0,0,0,0,0,0,0,0
M7,2016-05-23__bonirob_2016-05-23-11-02-39_5_frame199,2016-05-23,1251936,0.03230117194489175,0.03261508575518238,0.00031391381029062526,1776,1383,1199533,354,399,0,0,1383,39056,0,0,0,2110,1422,7679,0,0,0,0,0,0,0,0,0,0,0,0
M7,2016-05-23__bonirob_2016-05-23-11-02-39_5_frame202,2016-05-23,1251936,0.03096803670475168,0.029390480024537997,-0.0015775566802136848,478,2453,1205921,478,317,0,0,2444,36317,9,0,0,1970,0,4480,0,0,0,0,0,0,0,0,0,0,0,0
M7,2016-05-23__bonirob_2016-05-23-11-02-39_5_frame203,2016-05-23,1251936,0.0053117731257827875,0.004551350867775988,-0.0007604222580067993,67,1019,1239991,67,239,0,0,1019,5631,0,0,0,1694,0,3295,0,0,0,0,0,0,0,0,0,0,0,0
M7,2016-05-23__bonirob_2016-05-23-11-02-39_5_frame204,2016-05-23,1251936,0.019903573345602332,0.018762939958592132,-0.0011406333870102002,85,1513,1215054,85,629,0,0,1513,23405,0,0,0,2943,0,8307,0,0,0,0,0,0,0,0,0,0,0,0
M7,2016-05-23__bonirob_2016-05-23-11-02-39_5_frame215,2016-05-23,1251936,0.04561335403726708,0.043862465812948906,-0.0017508882243181742,488,2680,1188859,488,390,0,0,2680,54425,0,0,0,1995,0,3099,0,0,0,0,0,0,0,0,0,0,0,0
M7,2016-05-23__bonirob_2016-05-23-11-02-39_5_frame216,2016-05-23,1251936,0.005239884466937607,0.004784589627584796,-0.00045529483935281053,49,619,1240588,49,111,0,0,619,5941,0,0,0,1417,0,3211,0,0,0,0,0,0,0,0,0,0,0,0
M7,2016-05-23__bonirob_2016-05-23-11-02-39_5_frame223,2016-05-23,1251936,0.02576809038161695,0.02443255885284871,-0.001335531528768242,501,2173,1216374,501,408,0,0,2173,30087,0,0,0,879,0,1514,0,0,0,0,0,0,0,0,0,0,0,0
M7,2016-05-23__bonirob_2016-05-23-11-02-39_5_frame233,2016-05-23,1251936,0.02602449326483143,0.025485328323492575,-0.0005391649413388558,939,1614,1210273,939,372,0,3,1614,30967,0,0,0,2108,0,5660,0,0,0,0,0,0,0,0,0,0,0,0
M7,2016-05-23__bonirob_2016-05-23-11-02-39_5_frame243,2016-05-23,1251936,0.014189223730286532,0.013689198169874498,-0.0005000255604120339,375,1001,1230651,375,65,0,0,1001,16763,0,0,0,1442,0,1639,0,0,0,0,0,0,0,0,0,0,0,0
M7,2016-05-23__bonirob_2016-05-23-11-02-39_5_frame246,2016-05-23,1251936,0.018683063670986377,0.01857682820847072,-0.00010623546251565738,634,767,1225725,634,127,0,0,767,22623,0,0,0,824,0,1236,0,0,0,0,0,0,0,0,0,0,0,0
M7,2016-05-23__bonirob_2016-05-23-11-02-39_5_frame253,2016-05-23,1251936,0.016439338752140684,0.01629316514582215,-0.00014617360631853302,598,781,1230125,598,158,0,0,781,19800,0,0,0,119,0,355,0,0,0,0,0,0,0,0,0,0,0,0
M7,2016-05-23__bonirob_2016-05-23-11-02-39_5_frame254,2016-05-23,1251936,0.008573121948725813,0.008301542570866242,-0.000271579377859571,293,633,1238208,293,194,0,0,633,10100,0,0,0,427,0,2081,0,0,0,0,0,0,0,0,0,0,0,0
M7,2016-05-23__bonirob_2016-05-23-11-02-39_5_frame255,2016-05-23,1251936,0.0033076770697543644,0.003244574802545817,-6.310226720854717e-05,180,259,1242921,23,173,0,0,259,3882,0,0,0,1074,157,3447,0,0,0,0,0,0,0,0,0,0,0,0
M7,2016-05-23__bonirob_2016-05-23-11-02-39_5_frame257,2016-05-23,1251936,0.008390205250108631,0.008142588758530788,-0.0002476164915778435,200,510,1240062,200,34,0,0,510,9994,0,0,0,562,0,574,0,0,0,0,0,0,0,0,0,0,0,0
M7,2016-05-23__bonirob_2016-05-23-11-02-39_5_frame264,2016-05-23,1251936,0.028948764154078165,0.027614830151062034,-0.001333934003016131,428,2098,1212058,428,113,0,0,2098,34144,0,0,0,735,0,2360,0,0,0,0,0,0,0,0,0,0,0,0
M7,2016-05-23__bonirob_2016-05-23-11-02-39_5_frame265,2016-05-23,1251936,0.01807600388518263,0.017271649668992663,-0.0008043542161899654,334,1341,1222403,334,372,0,0,1341,21289,0,0,0,2123,0,4074,0,0,0,0,0,0,0,0,0,0,0,0
M7,2016-05-23__bonirob_2016-05-23-11-02-39_5_frame266,2016-05-23,1251936,0.04472672724484319,0.043963908698208216,-0.0007628185466349718,732,1687,1194164,732,52,0,0,1687,54308,0,0,0,288,0,705,0,0,0,0,0,0,0,0,0,0,0,0
M7,2016-05-23__bonirob_2016-05-23-11-02-39_5_frame271,2016-05-23,1251936,0.0346567236663855,0.03364708739104874,-0.0010096362753367616,418,1682,1205770,418,152,0,0,1682,41706,0,0,0,803,0,1405,0,0,0,0,0,0,0,0,0,0,0,0
M7,2016-05-23__bonirob_2016-05-23-11-02-39_5_frame272,2016-05-23,1251936,0.07048363494619533,0.07041494133885438,-6.869360734094998e-05,1618,1704,1161567,1618,106,0,0,1704,86537,0,0,0,134,0,270,0,0,0,0,0,0,0,0,0,0,0,0
M7,2016-05-23__bonirob_2016-05-23-11-02-39_5_frame273,2016-05-23,1251936,0.049711007591442376,0.048797222861232524,-0.0009137847302098517,922,2066,1188551,922,102,0,0,1357,60169,709,0,0,126,0,0,0,0,0,0,0,0,0,0,0,0,0,0
M7,2016-05-23__bonirob_2016-05-23-11-02-39_5_frame277,2016-05-23,1251936,0.037165637860082305,0.03606334509112287,-0.0011022927689594356,839,2219,1200925,573,116,0,0,2219,44310,0,0,0,974,266,2553,0,0,0,0,0,0,0,0,0,0,0,0
M7,2016-05-23__bonirob_2016-05-23-11-02-39_5_frame278,2016-05-23,1251936,0.025264869769700687,0.02375361040819978,-0.0015112593615009065,272,2164,1216120,272,224,0,0,2154,29466,10,0,0,993,0,2697,0,0,0,0,0,0,0,0,0,0,0,0
M7,2016-05-23__bonirob_2016-05-23-11-02-39_5_frame282,2016-05-23,1251936,0.018184635636326458,0.017510479768933874,-0.000674155867392584,217,1061,1227258,217,124,0,0,1061,21705,0,0,0,635,0,936,0,0,0,0,0,0,0,0,0,0,0,0
M7,2016-05-23__bonirob_2016-05-23-11-02-39_5_frame284,2016-05-23,1251936,0.01994990159241367,0.019429906960100198,-0.0005199946323134717,765,1416,1224463,462,81,0,0,1414,23560,2,0,0,553,303,1098,0,0,0,0,0,0,0,0,0,0,0,0
M7,2016-05-23__bonirob_2016-05-23-11-02-39_5_frame292,2016-05-23,1251936,0.03423417810495105,0.03344340285765406,-0.000790775247296989,616,1606,1202130,616,529,0,0,1606,41253,0,0,0,1479,0,4323,0,0,0,0,0,0,0,0,0,0,0,0
M7,2016-05-23__bonirob_2016-05-23-11-02-39_5_frame293,2016-05-23,1251936,0.025288832655982415,0.024048353909465022,-0.0012404787465173928,273,1826,1218048,264,84,0,0,1826,29834,0,0,0,843,9,1028,0,0,0,0,0,0,0,0,0,0,0,0
M7,2016-05-23__bonirob_2016-05-23-11-02-39_5_frame294,2016-05-23,1251936,0.015837071543593283,0.014936865782276411,-0.0009002057613168718,129,1256,1228130,129,209,0,0,1256,18571,0,0,0,1214,0,2427,0,0,0,0,0,0,0,0,0,0,0,0
M7,2016-05-23__bonirob_2016-05-23-11-07-45_6_frame3,2016-05-23,1251936,0.018561651713825626,0.017745316054494798,-0.0008163356593308274,273,1295,1220909,273,131,0,1,1295,21943,0,0,0,3077,0,4186,0,121,0,0,0,0,0,0,0,0,0,0
M7,2016-05-23__bonirob_2016-05-23-11-07-45_6_frame4,2016-05-23,1251936,0.07049721391508831,0.07031429721647113,-0.00018291669861718318,1169,1398,1161446,1169,177,0,0,1398,86860,0,0,0,130,0,756,0,0,0,0,0,0,0,0,0,0,0,0
M7,2016-05-23__bonirob_2016-05-23-11-07-45_6_frame17,2016-05-23,1251936,0.03038813485673389,0.02973314929836669,-0.0006549855583672,913,1733,1204961,913,213,0,58,1733,36311,0,0,0,2376,0,4318,0,1053,0,0,0,0,0,0,0,0,0,0
M7,2016-05-23__bonirob_2016-05-23-11-07-45_6_frame27,2016-05-23,1251936,0.05710116172072694,0.0565164672954528,-0.000584694425274139,1130,1862,1177937,1018,91,0,0,1862,69625,0,0,0,834,112,457,0,0,0,0,0,0,0,0,0,0,0,0
M7,2016-05-23__bonirob_2016-05-23-11-07-45_6_frame34,2016-05-23,1251936,0.06923916238529765,0.06982625309919996,0.0005870907139023107,1831,1096,1160703,1266,453,0,0,1096,85587,0,0,0,544,565,1722,0,0,0,0,0,0,0,0,0,0,0,0
M7,2016-05-23__bonirob_2016-05-23-11-07-45_6_frame38,2016-05-23,1251936,0.040957365232727555,0.04020413184060527,-0.000753233392122285,832,1775,1197656,497,177,0,0,1775,49501,0,0,0,733,335,1262,0,0,0,0,0,0,0,0,0,0,0,0
M7,2016-05-23__bonirob_2016-05-23-11-07-45_6_frame41,2016-05-23,1251936,0.025914263987935487,0.024342298647854203,-0.0015719653400812841,391,2359,1214738,391,210,0,1,2197,30084,162,0,0,1902,0,2251,0,0,0,0,0,0,0,0,0,0,0,0
M7,2016-05-23__bonirob_2016-05-23-11-07-45_6_frame51,2016-05-23,1251936,0.0357070968484012,0.03463276078010378,-0.0010743360682974185,500,1845,1205048,500,144,0,0,1845,42858,0,0,0,692,0,849,0,0,0,0,0,0,0,0,0,0,0,0
M7,2016-05-23__bonirob_2016-05-23-11-07-45_6_frame52,2016-05-23,1251936,0.029142064770084092,0.02807491756767119,-0.0010671472024129033,512,1848,1211927,512,239,0,0,1848,34636,0,0,0,1073,0,1701,0,0,0,0,0,0,0,0,0,0,0,0
M7,2016-05-23__bonirob_2016-05-23-11-07-45_6_frame61,2016-05-23,1251936,0.03105350433248984,0.030242760013291414,-0.0008107443191984268,577,1592,1211232,577,127,0,0,1592,37285,0,0,0,399,0,724,0,0,0,0,0,0,0,0,0,0,0,0
M7,2016-05-23__bonirob_2016-05-23-11-07-45_6_frame63,2016-05-23,1251936,0.024541989366868595,0.023868632262352068,-0.0006733571045165268,818,1661,1212680,458,309,0,11,1086,29064,575,0,0,2362,360,4971,0,60,0,0,0,0,0,0,0,0,0,0
M7,2016-05-23__bonirob_2016-05-23-11-07-45_6_frame68,2016-05-23,1251936,0.03396339748996754,0.03295056616312655,-0.0010128313268409905,388,1656,1208481,388,5,0,0,1656,40864,0,0,0,439,0,103,0,0,0,0,0,0,0,0,0,0,0,0
M7,2016-05-23__bonirob_2016-05-23-11-07-45_6_frame70,2016-05-23,1251936,0.06192089691485827,0.06066364414794367,-0.0012572527669146016,579,2153,1172290,579,140,0,0,2150,75368,3,0,0,578,0,828,0,0,0,0,0,0,0,0,0,0,0,0
M7,2016-05-23__bonirob_2016-05-23-11-07-45_6_frame75,2016-05-23,1251936,0.019647170462387852,0.018405892952994402,-0.00124127750939345,231,1785,1224951,231,119,0,0,1785,22812,0,0,0,860,0,1178,0,0,0,0,0,0,0,0,0,0,0,0
M7,2016-05-23__bonirob_2016-05-23-11-07-45_6_frame99,2016-05-23,1251936,0.03736772486772487,0.036176769419523046,-0.0011909554482018234,392,1883,1204413,392,10,0,0,1883,44899,0,0,0,277,0,62,0,0,0,0,0,0,0,0,0,0,0,0
M7,2016-05-23__bonirob_2016-05-23-11-07-45_6_frame104,2016-05-23,1251936,0.02701975180839915,0.02587113079262838,-0.0011486210157707726,630,2068,1215936,606,81,0,0,2068,31759,0,0,0,621,24,841,0,0,0,0,0,0,0,0,0,0,0,0
M7,2016-05-23__bonirob_2016-05-23-11-07-45_6_frame108,2016-05-23,1251936,0.052665631469979296,0.05119510901515732,-0.0014705224548219736,578,2419,1185063,578,22,0,0,2419,63515,0,0,0,288,0,51,0,0,0,0,0,0,0,0,0,0,0,0
M7,2016-05-23__bonirob_2016-05-23-11-07-45_6_frame109,2016-05-23,1251936,0.051454706949876035,0.05030289088260103,-0.001151816067275005,694,2136,1186577,694,31,0,0,2136,62282,0,0,0,65,0,151,0,0,0,0,0,0,0,0,0,0,0,0
M7,2016-05-23__bonirob_2016-05-23-11-07-45_6_frame115,2016-05-23,1251936,0.04173056769675127,0.04018176648007566,-0.0015488012166756104,305,2244,1198460,305,49,0,0,2244,50000,0,0,0,601,0,277,0,0,0,0,0,0,0,0,0,0,0,0
M7,2016-05-23__bonirob_2016-05-23-11-07-45_6_frame122,2016-05-23,1251936,0.05644857245098791,0.05483666896710375,-0.0016119034838841598,707,2725,1180102,707,20,0,0,2725,67945,0,0,0,256,0,181,0,0,0,0,0,0,0,0,0,0,0,0
M7,2016-05-23__bonirob_2016-05-23-11-07-45_6_frame127,2016-05-23,1251936,0.0788674500932955,0.07869571607494313,-0.000171734018352368,1635,1850,1149868,1337,168,0,0,1850,96887,0,0,0,706,298,822,0,0,0,0,0,0,0,0,0,0,0,0
M7,2016-05-23__bonirob_2016-05-23-11-07-45_6_frame131,2016-05-23,1251936,0.06560798635073997,0.06498175625591085,-0.0006262300948291222,1341,2125,1167159,1341,161,0,0,2125,80012,0,0,0,554,0,584,0,0,0,0,0,0,0,0,0,0,0,0
M7,2016-05-23__bonirob_2016-05-23-11-07-45_6_frame133,2016-05-23,1251936,0.07422264396902079,0.07351733634946195,-0.000705307619558837,819,1702,1157685,819,56,0,0,1702,91220,0,0,0,362,0,92,0,0,0,0,0,0,0,0,0,0,0,0
M7,2016-05-23__bonirob_2016-05-23-11-07-45_6_frame135,2016-05-23,1251936,0.06716158014467193,0.06663279912072183,-0.0005287810239500979,1303,1965,1166266,1303,8,0,0,1965,82117,0,0,0,203,0,74,0,0,0,0,0,0,0,0,0,0,0,0
M7,2016-05-23__bonirob_2016-05-23-11-07-45_6_frame138,2016-05-23,1251936,0.06176114433964675,0.0606572540449352,-0.00110389029471155,809,2191,1173472,809,47,0,0,2191,75130,0,0,0,173,0,114,0,0,0,0,0,0,0,0,0,0,0,0
M7,2016-05-23__bonirob_2016-05-23-11-07-45_6_frame141,2016-05-23,1251936,0.056079544002249314,0.05423679804718452,-0.001842745955064791,842,3149,1177914,842,94,0,0,3104,67059,45,0,0,976,0,1902,0,0,0,0,0,0,0,0,0,0,0,0
M7,2016-05-23__bonirob_2016-05-23-11-07-45_6_frame146,2016-05-23,1251936,0.027184296960867008,0.025918257802315773,-0.0012660391585512347,517,2102,1216635,517,10,0,0,2084,31931,18,0,0,416,0,325,0,0,0,0,0,0,0,0,0,0,0,0
M7,2016-05-23__bonirob_2016-05-23-11-07-45_6_frame149,2016-05-23,1251936,0.04171379367635406,0.040026806482120494,-0.0016869871942335676,440,2552,1198326,440,46,0,0,2552,49671,0,0,0,477,0,424,0,0,0,0,0,0,0,0,0,0,0,0
M7,2016-05-23__bonirob_2016-05-23-11-07-45_6_frame156,2016-05-23,1251936,0.07919015029522276,0.07914302328553537,-4.712700968739769e-05,1747,1806,1150066,1747,123,0,0,1806,97335,0,0,0,443,0,416,0,0,0,0,0,0,0,0,0,0,0,0
M7,2016-05-23__bonirob_2016-05-23-11-07-45_6_frame162,2016-05-23,1251936,0.07268502543260998,0.07157714132351814,-0.0011078841090918362,930,2317,1159272,930,202,0,0,2317,88680,0,0,0,169,0,366,0,0,0,0,0,0,0,0,0,0,0,0
M7,2016-05-23__bonirob_2016-05-23-11-07-45_6_frame166,2016-05-23,1251936,0.036660819722413925,0.03539637808961481,-0.0012644416327991168,477,2060,1195952,477,528,0,19,2060,43837,0,0,0,3194,0,5534,0,335,0,0,0,0,0,0,0,0,0,0
M7,2016-05-23__bonirob_2016-05-23-11-07-45_6_frame175,2016-05-23,1251936,0.05969714106791402,0.05870587633872658,-0.0009912647291874382,1004,2245,1174709,1004,96,0,0,2245,72492,0,0,0,451,0,939,0,0,0,0,0,0,0,0,0,0,0,0
M7,2016-05-23__bonirob_2016-05-23-11-07-45_6_frame176,2016-05-23,1251936,0.054340637221072005,0.05326310610127035,-0.0010775311198016543,947,2296,1180604,947,87,0,0,2296,65735,0,0,0,645,0,1622,0,0,0,0,0,0,0,0,0,0,0,0
M7,2016-05-23__bonirob_2016-05-23-11-07-45_6_frame201,2016-05-23,1251936,0.07384243284001737,0.07387358459218363,3.115175216625299e-05,1437,1398,1153758,1437,424,0,0,1398,91048,0,0,0,1676,0,2188,0,7,0,0,0,0,0,0,0,0,0,0
M7,2016-05-23__bonirob_2016-05-23-11-07-45_6_frame208,2016-05-23,1251936,0.04311482376095903,0.041512505431587556,-0.001602318329371473,706,2712,1196609,699,25,0,0,2712,51265,0,0,0,397,7,222,0,0,0,0,0,0,0,0,0,0,0,0
M7,2016-05-23__bonirob_2016-05-23-11-07-45_6_frame210,2016-05-23,1251936,0.080941837282417,0.08120862408302022,0.00026678680060322757,1784,1450,1146211,1784,186,0,0,1450,99884,0,0,0,831,0,1590,0,0,0,0,0,0,0,0,0,0,0,0
M7,2016-05-23__bonirob_2016-05-23-11-07-45_6_frame212,2016-05-23,1251936,0.06360229276895944,0.06359670142882703,-5.591340132407585e-06,1487,1494,1169923,1487,36,0,0,1494,78132,0,0,0,691,0,173,0,0,0,0,0,0,0,0,0,0,0,0
M7,2016-05-23__bonirob_2016-05-23-11-07-45_6_frame215,2016-05-23,1251936,0.09721583211921377,0.09790995705850779,0.0006941249392940219,1965,1096,1127663,1965,175,0,0,1096,120612,0,0,0,124,0,301,0,0,0,0,0,0,0,0,0,0,0,0
M7,2016-05-23__bonirob_2016-05-23-11-07-45_6_frame218,2016-05-23,1251936,0.07372820974874116,0.07354209799861974,-0.00018611175012141212,1475,1708,1156536,1475,218,0,0,1708,90595,0,0,0,566,0,838,0,0,0,0,0,0,0,0,0,0,0,0
M7,2016-05-23__bonirob_2016-05-23-11-07-45_6_frame220,2016-05-23,1251936,0.05241481992689722,0.05189083148020346,-0.0005239884466937614,1270,1926,1183924,1000,4,0,0,1926,63694,0,0,0,697,270,421,0,0,0,0,0,0,0,0,0,0,0,0
M7,2016-05-23__bonirob_2016-05-23-11-07-45_6_frame224,2016-05-23,1251936,0.09370127546456049,0.09394330061600593,0.00024202515144544634,2084,1781,1132158,2084,49,0,0,1781,115527,0,0,0,181,0,156,0,0,0,0,0,0,0,0,0,0,0,0
M7,2016-05-23__bonirob_2016-05-23-11-07-45_6_frame227,2016-05-23,1251936,0.05661791018071211,0.055818348541778494,-0.0007995616389336185,816,1817,1178722,816,364,0,0,1817,69065,0,0,0,290,0,862,0,0,0,0,0,0,0,0,0,0,0,0
M7,2016-05-23__bonirob_2016-05-23-11-07-45_6_frame228,2016-05-23,1251936,0.040078726069064236,0.039065894742223245,-0.0010128313268409905,208,1476,1200188,208,39,0,0,1476,48700,0,0,0,602,0,723,0,0,0,0,0,0,0,0,0,0,0,0
M7,2016-05-23__bonirob_2016-05-23-11-07-45_6_frame231,2016-05-23,1251936,0.07211630626485699,0.07202285100835826,-9.345525649873121e-05,1336,1453,1159823,1336,14,0,0,1453,88832,0,0,0,110,0,368,0,0,0,0,0,0,0,0,0,0,0,0
M7,2016-05-23__bonirob_2016-05-23-11-07-45_6_frame238,2016-05-23,1251936,0.038538711244025255,0.037080170232344146,-0.0014585410116811082,511,2337,1201519,483,239,0,0,2104,45911,233,0,0,587,28,832,0,0,0,0,0,0,0,0,0,0,0,0
M7,2016-05-23__bonirob_2016-05-23-11-07-45_6_frame252,2016-05-23,1251936,0.02756770314137464,0.02657484088643509,-0.0009928622549395492,406,1649,1216141,406,5,0,0,1649,32864,0,0,0,398,0,473,0,0,0,0,0,0,0,0,0,0,0,0
M7,2016-05-23__bonirob_2016-05-23-11-07-45_6_frame254,2016-05-23,1251936,0.023839876798813997,0.023136166705007285,-0.0007037100938067122,169,1050,1219253,169,71,0,0,1050,28796,0,0,0,1074,0,1523,0,0,0,0,0,0,0,0,0,0,0,0
M7,2016-05-23__bonirob_2016-05-23-11-07-45_6_frame259,2016-05-23,1251936,0.10254278173964164,0.1015291516499246,-0.0010136300897170408,2145,3414,1121397,2145,17,0,0,3414,124963,0,0,0,0,0,0,0,0,0,0,0,0,0,0,0,0,0,0
M7,2016-05-23__bonirob_2016-05-23-11-07-45_6_frame263,2016-05-23,1251936,0.018605583672008794,0.01751127853180993,-0.0010943051401988632,239,1609,1226486,239,118,0,0,1609,21684,0,0,0,540,0,1260,0,0,0,0,0,0,0,0,0,0,0,0
M7,2016-05-23__bonirob_2016-05-23-11-07-45_6_frame278,2016-05-23,1251936,0.03907867494824017,0.038003540117066685,-0.0010751348311734826,408,1754,1201317,408,176,0,0,1754,47170,0,0,0,590,0,521,0,0,0,0,0,0,0,0,0,0,0,0
M7,2016-05-23__bonirob_2016-05-23-11-07-45_6_frame280,2016-05-23,1251936,0.03098800577665312,0.029627712598727093,-0.0013602931779260266,279,1982,1199967,279,1230,0,0,1936,36813,46,0,0,1018,0,10647,0,0,0,0,0,0,0,0,0,0,0,0
M7,2016-05-23__bonirob_2016-05-23-11-07-45_6_frame284,2016-05-23,1251936,0.05467691639189224,0.05405308258569128,-0.0006238338062009574,1131,1912,1181706,1131,28,0,0,1912,66540,0,0,0,176,0,443,0,0,0,0,0,0,0,0,0,0,0,0
M7,2016-05-23__bonirob_2016-05-23-11-07-45_6_frame288,2016-05-23,1251936,0.06447134677811006,0.06450489481890448,3.3548040794417755e-05,1402,1360,1169155,1402,35,0,0,1360,79354,0,0,0,177,0,453,0,0,0,0,0,0,0,0,0,0,0,0
M7,2016-05-23__bonirob_2016-05-23-11-07-45_6_frame289,2016-05-23,1251936,0.0380842151675485,0.03685092528691562,-0.0012332898806328776,515,2059,1201207,515,132,0,0,2059,45620,0,0,0,772,0,1631,0,0,0,0,0,0,0,0,0,0,0,0
M7,2016-05-23__bonirob_2016-05-23-11-07-45_6_frame297,2016-05-23,1251936,0.04224417222605628,0.041424641515221225,-0.0008195307108350564,664,1690,1195933,664,195,0,0,1690,51197,0,0,0,928,0,1329,0,0,0,0,0,0,0,0,0,0,0,0
M7,2016-05-23__bonirob_2016-05-23-11-07-45_6_frame306,2016-05-23,1251936,0.011073249750785982,0.01028087697773688,-0.0007923727730491017,61,1053,1235769,61,75,0,0,1053,12810,0,0,0,655,0,1513,0,0,0,0,0,0,0,0,0,0,0,0
M7,2016-05-23__bonirob_2016-05-23-11-12-51_7_frame4,2016-05-23,1251936,0.023129776601998824,0.022091384863123995,-0.001038391738874829,127,1427,1221063,127,93,0,0,1427,27530,0,0,0,562,0,1134,0,0,0,0,0,0,0,0,0,0,0,0
M7,2016-05-23__bonirob_2016-05-23-11-12-51_7_frame5,2016-05-23,1251936,0.05198588426245431,0.05146668839301689,-0.000519195869437418,828,1478,1183771,828,229,0,0,1478,63605,0,0,0,524,0,1501,0,0,0,0,0,0,0,0,0,0,0,0
M7,2016-05-23__bonirob_2016-05-23-11-12-51_7_frame10,2016-05-23,1251936,0.03835259949390384,0.03735973723896429,-0.0009928622549395527,361,1604,1200543,361,229,0,0,1604,46411,0,0,0,935,0,1853,0,0,0,0,0,0,0,0,0,0,0,0
M7,2016-05-23__bonirob_2016-05-23-11-12-51_7_frame13,2016-05-23,1251936,0.0017061575032589526,0.0015224420417657132,-0.00018371546149323933,20,250,1246423,20,322,0,11,250,1886,0,0,0,809,0,2168,0,47,0,0,0,0,0,0,0,0,0,0
M7,2016-05-23__bonirob_2016-05-23-11-12-51_7_frame14,2016-05-23,1251936,0.06667113973877259,0.06614475500345066,-0.0005263847353219331,771,1430,1166542,771,60,0,0,1430,82038,0,0,0,283,0,812,0,0,0,0,0,0,0,0,0,0,0,0
M7,2016-05-23__bonirob_2016-05-23-11-12-51_7_frame19,2016-05-23,1251936,0.03419184367252,0.03371657976126575,-0.0004752639112542492,506,1101,1204150,506,281,0,0,1101,41705,0,0,0,1130,0,3063,0,0,0,0,0,0,0,0,0,0,0,0
M7,2016-05-23__bonirob_2016-05-23-11-12-51_7_frame20,2016-05-23,1251936,0.08571923804411727,0.08520403598906014,-0.0005152020550571318,1273,1918,1142478,1273,26,0,0,1918,105397,0,0,0,269,0,575,0,0,0,0,0,0,0,0,0,0,0,0
M7,2016-05-23__bonirob_2016-05-23-11-12-51_7_frame27,2016-05-23,1251936,0.048096707818930044,0.04669408020857296,-0.0014026276103570809,514,2270,1189980,514,32,0,0,2270,57944,0,0,0,470,0,726,0,0,0,0,0,0,0,0,0,0,0,0
M7,2016-05-23__bonirob_2016-05-23-11-12-51_7_frame29,2016-05-23,1251936,0.022735986504102447,0.022160078470464945,-0.0005759080336375025,103,824,1219953,103,137,0,0,824,27640,0,0,0,1522,0,1757,0,0,0,0,0,0,0,0,0,0,0,0
M7,2016-05-23__bonirob_2016-05-23-11-12-51_7_frame31,2016-05-23,1251936,0.00427897272704036,0.0019761393553664086,-0.0023028333716739514,17,2900,1243528,17,328,0,0,1101,2457,1799,0,0,1083,0,1623,0,0,0,0,0,0,0,0,0,0,0,0
M7,2016-05-23__bonirob_2016-05-23-11-12-51_7_frame39,2016-05-23,1251936,0.0640639777113207,0.06392579173376275,-0.00013818597755795026,1422,1595,1168976,1422,79,0,0,1595,78609,0,0,0,372,0,883,0,0,0,0,0,0,0,0,0,0,0,0
M7,2016-05-23__bonirob_2016-05-23-11-12-51_7_frame41,2016-05-23,1251936,0.033955409861206966,0.03246332080873144,-0.001492089052475526,291,2159,1206494,291,88,0,0,2159,40351,0,0,0,640,0,1913,0,0,0,0,0,0,0,0,0,0,0,0
M7,2016-05-23__bonirob_2016-05-23-11-12-51_7_frame43,2016-05-23,1251936,0.052108893745367174,0.05115517087135445,-0.0009537228740127274,604,1798,1184396,604,65,0,0,1798,63439,0,0,0,558,0,1076,0,0,0,0,0,0,0,0,0,0,0,0
M7,2016-05-23__bonirob_2016-05-23-11-12-51_7_frame64,2016-05-23,1251936,0.1060876913835851,0.10634968560693199,0.00026199422334688416,1678,1350,1111939,1678,317,0,362,1350,131465,0,0,0,1658,0,1985,0,1182,0,0,0,0,0,0,0,0,0,0
M7,2016-05-23__bonirob_2016-05-23-11-12-51_7_frame71,2016-05-23,1251936,0.08259367891010404,0.08267435396058584,8.067505048180157e-05,1786,1685,1142771,1786,338,0,0,1685,101717,0,0,0,1367,0,2272,0,0,0,0,0,0,0,0,0,0,0,0
M7,2016-05-23__bonirob_2016-05-23-11-12-51_7_frame75,2016-05-23,1251936,0.002832413158500115,0.0024681772870178667,-0.0003642358714822484,72,528,1241388,72,136,0,0,528,3018,0,0,0,4858,0,1936,0,0,0,0,0,0,0,0,0,0,0,0
M7,2016-05-23__bonirob_2016-05-23-11-12-51_7_frame77,2016-05-23,1251936,0.008353462157809985,0.007713653094087876,-0.0006398090637221082,103,904,1233538,103,464,0,0,904,9554,0,0,0,2476,0,4897,0,0,0,0,0,0,0,0,0,0,0,0
M7,2016-05-23__bonirob_2016-05-23-11-12-51_7_frame87,2016-05-23,1251936,0.03103034020908417,0.029892901873578202,-0.0011374383355059678,309,1733,1206023,309,178,0,21,1733,37115,0,0,0,2293,0,4033,0,231,0,0,0,0,0,0,0,0,0,0
M7,2016-05-23__bonirob_2016-05-23-11-12-51_7_frame93,2016-05-23,1251936,0.03674628735015208,0.03540196942974721,-0.001344317920404875,502,2185,1198042,502,70,0,140,2185,43819,0,0,0,3122,0,1630,0,2426,0,0,0,0,0,0,0,0,0,0
M7,2016-05-23__bonirob_2016-05-23-11-12-51_7_frame95,2016-05-23,1251936,0.030527119597167907,0.029554226414129796,-0.0009728931830381114,307,1525,1198532,307,202,0,115,1525,36693,0,0,0,6018,0,7548,0,996,0,0,0,0,0,0,0,0,0,0
M7,2016-05-23__bonirob_2016-05-23-11-12-51_7_frame96,2016-05-23,1251936,0.014365750325895254,0.013805018786902845,-0.0005607315389924081,132,834,1231785,132,104,0,0,834,17151,0,0,0,1690,0,240,0,0,0,0,0,0,0,0,0,0,0,0
M7,2016-05-23__bonirob_2016-05-23-11-12-51_7_frame97,2016-05-23,1251936,0.031170123712394245,0.030626166193799043,-0.0005439575185952027,614,1295,1210474,614,19,0,0,1295,37728,0,0,0,1512,0,294,0,0,0,0,0,0,0,0,0,0,0,0
M7,2016-05-23__bonirob_2016-05-23-11-12-51_7_frame101,2016-05-23,1251936,0.039016371443907676,0.03744760115533063,-0.0015687702885770483,299,2263,1200778,299,71,0,0,2263,46583,0,0,0,598,0,1344,0,0,0,0,0,0,0,0,0,0,0,0
M7,2016-05-23__bonirob_2016-05-23-11-12-51_7_frame107,2016-05-23,1251936,0.027384786442757457,0.025851161720726937,-0.0015336247220305195,329,2249,1215034,329,43,0,0,2220,32035,29,0,0,1983,0,263,0,0,0,0,0,0,0,0,0,0,0,0
M7,2016-05-23__bonirob_2016-05-23-11-12-51_7_frame109,2016-05-23,1251936,0.0334577805894231,0.03322454182961429,-0.00023323875980880981,636,928,1205894,598,211,0,0,928,40959,0,0,0,1688,38,1620,0,0,0,0,0,0,0,0,0,0,0,0
M7,2016-05-23__bonirob_2016-05-23-11-12-51_7_frame111,2016-05-23,1251936,0.03649387828131789,0.03607612529713979,-0.00041775298417810053,808,1331,1202690,298,29,0,0,1331,44357,0,0,0,2227,510,494,0,0,0,0,0,0,0,0,0,0,0,0
M7,2016-05-23__bonirob_2016-05-23-11-12-51_7_frame116,2016-05-23,1251936,0.03902675536129643,0.03815690258926974,-0.0008698527720266899,741,1830,1199107,741,4,0,0,1830,47029,0,0,0,3186,0,39,0,0,0,0,0,0,0,0,0,0,0,0
M7,2016-05-23__bonirob_2016-05-23-11-12-51_7_frame119,2016-05-23,1251936,0.013106101270352478,0.012622849730337653,-0.00048325154001482504,299,904,1232256,122,13,0,0,904,15504,0,0,0,2644,177,316,0,0,0,0,0,0,0,0,0,0,0,0
M7,2016-05-23__bonirob_2016-05-23-11-12-51_7_frame137,2016-05-23,1251936,0.0018523311095774864,0.001377067198323237,-0.00047526391125424943,86,681,1249275,86,15,0,0,648,1638,33,0,0,153,0,88,0,0,0,0,0,0,0,0,0,0,0,0
M7,2016-05-23__bonirob_2016-05-23-11-12-51_7_frame190,2016-05-23,1251936,0.03310312987245354,0.031124594228458962,-0.00197853564399458,493,2970,1206566,493,20,0,79,2834,38473,136,0,0,2517,0,662,0,156,0,0,0,0,0,0,0,0,0,0
