model_id,image_id,acquisition_date,N_valid,reference_crop_fraction,predicted_crop_fraction,signed_error,crop_FP,crop_FN,true_soil_pred_soil,true_soil_pred_crop,true_soil_pred_weed,true_soil_pred_dicot,true_soil_pred_grass,true_crop_pred_soil,true_crop_pred_crop,true_crop_pred_weed,true_crop_pred_dicot,true_crop_pred_grass,true_weed_pred_soil,true_weed_pred_crop,true_weed_pred_weed,true_weed_pred_dicot,true_weed_pred_grass,true_dicot_pred_soil,true_dicot_pred_crop,true_dicot_pred_weed,true_dicot_pred_dicot,true_dicot_pred_grass,true_grass_pred_soil,true_grass_pred_crop,true_grass_pred_weed,true_grass_pred_dicot,true_grass_pred_grass
M1,2016-04-29__1461926009_604845562,2016-04-29,1251936,0.0008227257623392889,0.0,-0.0008227257623392889,0,1030,1250761,0,145,0,0,395,0,635,0,0,0,0,0,0,0,0,0,0,0,0,0,0,0,0,0
M1,2016-04-29__1461926010_604880009,2016-04-29,1251936,0.002239731104465404,0.0,-0.002239731104465404,0,2804,1248929,0,113,0,0,1652,0,1008,0,144,90,0,0,0,0,0,0,0,0,0,0,0,0,0,0
M1,2016-04-29__1461926011_604916128,2016-04-29,1251936,0.001242076272269509,0.0,-0.001242076272269509,0,1555,1250170,0,80,0,6,783,0,678,0,94,125,0,0,0,0,0,0,0,0,0,0,0,0,0,0
M1,2016-04-29__1461926012_604949024,2016-04-29,1251936,0.0007436482376095903,0.0,-0.0007436482376095903,0,931,1250882,0,120,0,3,372,0,504,0,55,0,0,0,0,0,0,0,0,0,0,0,0,0,0,0
M1,2016-04-29__1461926013_604998609,2016-04-29,1251936,0.0010152276154691614,0.0,-0.0010152276154691614,0,1271,1250607,0,39,0,19,686,0,222,0,363,0,0,0,0,0,0,0,0,0,0,0,0,0,0,0
M1,2016-04-29__1461926014_604941733,2016-04-29,1251936,0.0011933517368299977,0.0,-0.0011933517368299977,0,1494,1250365,0,47,0,30,595,0,556,0,343,0,0,0,0,0,0,0,0,0,0,0,0,0,0,0
M1,2016-04-29__1461926015_604903443,2016-04-29,1251936,0.0004081678296654142,0.0,-0.0004081678296654142,0,511,1251423,0,2,0,0,195,0,316,0,0,0,0,0,0,0,0,0,0,0,0,0,0,0,0,0
M1,2016-04-29__1461926016_604995266,2016-04-29,1251936,0.0009880696776832043,0.0,-0.0009880696776832043,0,1237,1250569,0,130,0,0,369,0,868,0,0,0,0,0,0,0,0,0,0,0,0,0,0,0,0,0
M1,2016-04-29__1461926017_604989736,2016-04-29,1251936,0.0006789484446489278,0.0,-0.0006789484446489278,0,850,1250958,0,128,0,0,305,0,545,0,0,0,0,0,0,0,0,0,0,0,0,0,0,0,0,0
M1,2016-04-29__1461926018_604951803,2016-04-29,1251936,0.0003961863865245508,0.0,-0.0003961863865245508,0,496,1251392,0,48,0,0,218,0,278,0,0,0,0,0,0,0,0,0,0,0,0,0,0,0,0,0
M1,2016-04-29__1461926019_604966069,2016-04-29,1251936,0.0008139393707026557,0.0,-0.0008139393707026557,0,1019,1250778,0,139,0,0,414,0,605,0,0,0,0,0,0,0,0,0,0,0,0,0,0,0,0,0
M1,2016-04-29__1461926020_605042418,2016-04-29,1251936,0.0005767067965135598,0.0,-0.0005767067965135598,0,722,1251005,0,209,0,0,228,0,494,0,0,0,0,0,0,0,0,0,0,0,0,0,0,0,0,0
M1,2016-04-29__1461926021_605059526,2016-04-29,1251936,0.00013099711167344018,0.0,-0.00013099711167344018,0,164,1251768,0,4,0,0,116,0,48,0,0,0,0,0,0,0,0,0,0,0,0,0,0,0,0,0
M1,2016-04-29__1461926022_605017021,2016-04-29,1251936,0.0009968560693198374,0.0,-0.0009968560693198374,0,1248,1250408,0,207,0,0,390,0,858,0,0,73,0,0,0,0,0,0,0,0,0,0,0,0,0,0
M1,2016-04-29__1461926023_605086787,2016-04-29,1251936,0.0008291158653477494,0.0,-0.0008291158653477494,0,1038,1250724,0,174,0,0,448,0,590,0,0,0,0,0,0,0,0,0,0,0,0,0,0,0,0,0
M1,2016-04-29__1461926024_605119811,2016-04-29,1251936,0.00037382102599493904,0.0,-0.00037382102599493904,0,468,1251387,0,81,0,0,72,0,396,0,0,0,0,0,0,0,0,0,0,0,0,0,0,0,0,0
M1,2016-04-29__1461926025_605079649,2016-04-29,1251936,0.0012764230759399842,0.0,-0.0012764230759399842,0,1598,1250132,0,101,0,0,508,0,1090,0,0,105,0,0,0,0,0,0,0,0,0,0,0,0,0,0
M1,2016-04-29__1461926026_605127035,2016-04-29,1251936,0.0009760882345423408,0.0,-0.0009760882345423408,0,1222,1250506,0,208,0,0,243,0,979,0,0,0,0,0,0,0,0,0,0,0,0,0,0,0,0,0
M1,2016-04-29__1461926027_605095658,2016-04-29,1251936,0.0005607315389924085,0.0,-0.0005607315389924085,0,702,1251197,0,37,0,0,160,0,542,0,0,0,0,0,0,0,0,0,0,0,0,0,0,0,0,0
M1,2016-04-29__1461926028_605081452,2016-04-29,1251936,0.000572712982133272,0.0,-0.000572712982133272,0,717,1250970,0,249,0,0,78,0,639,0,0,0,0,0,0,0,0,0,0,0,0,0,0,0,0,0
M1,2016-05-02__bonirob_2016-05-02-12-21-51_1_frame0,2016-05-02,1251936,0.0005423599928430846,0.0,-0.0005423599928430846,0,679,1251238,0,19,0,0,307,0,372,0,0,0,0,0,0,0,0,0,0,0,0,0,0,0,0,0
M1,2016-05-02__bonirob_2016-05-02-12-21-51_1_frame1,2016-05-02,1251936,0.0009065958643253329,0.0,-0.0009065958643253329,0,1135,1250426,0,5,0,0,1012,0,123,0,0,357,0,0,0,13,0,0,0,0,0,0,0,0,0,0
M1,2016-05-02__bonirob_2016-05-02-12-21-51_1_frame2,2016-05-02,1251936,0.0009489302967563837,0.0,-0.0009489302967563837,0,1188,1250503,0,1,0,0,822,0,326,0,40,244,0,0,0,0,0,0,0,0,0,0,0,0,0,0
M1,2016-05-02__bonirob_2016-05-02-12-21-51_1_frame3,2016-05-02,1251936,0.0010567632850241545,0.0,-0.0010567632850241545,0,1323,1250490,0,11,0,1,983,0,228,0,112,82,0,29,0,0,0,0,0,0,0,0,0,0,0,0
M1,2016-05-02__bonirob_2016-05-02-12-21-51_1_frame4,2016-05-02,1251936,0.0006086573115558622,0.0,-0.0006086573115558622,0,762,1251165,0,9,0,0,546,0,216,0,0,0,0,0,0,0,0,0,0,0,0,0,0,0,0,0
M1,2016-05-02__bonirob_2016-05-02-12-21-51_1_frame5,2016-05-02,1251936,0.0009369488536155202,0.0,-0.0009369488536155202,0,1173,1250612,0,1,0,0,570,0,499,0,104,150,0,0,0,0,0,0,0,0,0,0,0,0,0,0
M1,2016-05-02__bonirob_2016-05-02-12-21-51_1_frame6,2016-05-02,1251936,0.0006501929811108555,0.0,-0.0006501929811108555,0,814,1250640,0,17,0,5,406,0,352,0,56,260,0,200,0,0,0,0,0,0,0,0,0,0,0,0
M1,2016-05-02__bonirob_2016-05-02-12-21-51_1_frame7,2016-05-02,1251936,0.0006182424660685531,0.0,-0.0006182424660685531,0,774,1250942,0,14,0,0,481,0,292,0,1,174,0,32,0,0,0,0,0,0,0,0,0,0,0,0
M1,2016-05-02__bonirob_2016-05-02-12-21-51_1_frame8,2016-05-02,1251936,0.0003826074176315722,0.0,-0.0003826074176315722,0,479,1251443,0,14,0,0,186,0,293,0,0,0,0,0,0,0,0,0,0,0,0,0,0,0,0,0
M1,2016-05-02__bonirob_2016-05-02-12-21-51_1_frame9,2016-05-02,1251936,0.0009265649362267719,0.0,-0.0009265649362267719,0,1160,1250776,0,0,0,0,648,0,400,0,112,0,0,0,0,0,0,0,0,0,0,0,0,0,0,0
M1,2016-05-02__bonirob_2016-05-02-12-21-51_1_frame10,2016-05-02,1251936,0.0009409426679958081,0.0,-0.0009409426679958081,0,1178,1250461,0,50,0,3,492,0,501,0,185,143,0,101,0,0,0,0,0,0,0,0,0,0,0,0
M1,2016-05-02__bonirob_2016-05-02-12-21-51_1_frame11,2016-05-02,1251936,0.0009800820489226287,0.0,-0.0009800820489226287,0,1227,1249758,0,39,0,75,832,0,127,0,268,680,0,0,0,157,0,0,0,0,0,0,0,0,0,0
M1,2016-05-02__bonirob_2016-05-02-12-21-51_1_frame12,2016-05-02,1251936,0.0006685645272601794,0.0,-0.0006685645272601794,0,837,1250964,0,17,0,0,480,0,347,0,10,118,0,0,0,0,0,0,0,0,0,0,0,0,0,0
M1,2016-05-02__bonirob_2016-05-02-12-21-51_1_frame13,2016-05-02,1251936,0.0003682296858625361,0.0,-0.0003682296858625361,0,461,1251323,0,31,0,0,79,0,382,0,0,121,0,0,0,0,0,0,0,0,0,0,0,0,0,0
M1,2016-05-02__bonirob_2016-05-02-12-21-51_1_frame14,2016-05-02,1251936,0.0008179331850829435,0.0,-0.0008179331850829435,0,1024,1250829,0,83,0,0,372,0,652,0,0,0,0,0,0,0,0,0,0,0,0,0,0,0,0,0
M1,2016-05-02__bonirob_2016-05-02-12-21-51_1_frame15,2016-05-02,1251936,0.001107085346215781,0.0,-0.001107085346215781,0,1386,1250286,0,3,0,0,1179,0,130,0,77,68,0,193,0,0,0,0,0,0,0,0,0,0,0,0
M1,2016-05-02__bonirob_2016-05-02-12-21-51_1_frame16,2016-05-02,1251936,0.0009329550392352324,0.0,-0.0009329550392352324,0,1168,1250289,0,0,0,0,866,0,60,0,242,436,0,0,0,43,0,0,0,0,0,0,0,0,0,0
M1,2016-05-02__bonirob_2016-05-02-12-21-51_1_frame17,2016-05-02,1251936,0.000631022672085474,0.0,-0.000631022672085474,0,790,1251010,0,0,0,3,462,0,309,0,19,133,0,0,0,0,0,0,0,0,0,0,0,0,0,0
M1,2016-05-02__bonirob_2016-05-02-12-21-51_1_frame18,2016-05-02,1251936,0.0006909298877897912,0.0,-0.0006909298877897912,0,865,1250485,0,1,0,1,477,0,329,0,59,356,0,228,0,0,0,0,0,0,0,0,0,0,0,0
M1,2016-05-02__bonirob_2016-05-02-12-21-51_1_frame19,2016-05-02,1251936,0.0008179331850829435,0.0,-0.0008179331850829435,0,1024,1250855,0,56,0,1,509,0,351,0,164,0,0,0,0,0,0,0,0,0,0,0,0,0,0,0
M1,2016-05-04__bonirob_2016-05-04-10-05-47_1_frame0,2016-05-04,1251936,0.00024681772870178666,3.993814380287811e-06,-0.00024282391432149886,5,309,1250724,0,285,0,0,200,0,109,0,0,291,5,322,0,0,0,0,0,0,0,0,0,0,0,0
M1,2016-05-04__bonirob_2016-05-04-10-05-47_1_frame1,2016-05-04,1251936,0.0008035554533139074,7.98762876057562e-07,-0.0008027566904378499,1,1006,1250747,1,182,0,0,365,0,641,0,0,0,0,0,0,0,0,0,0,0,0,0,0,0,0,0
M1,2016-05-04__bonirob_2016-05-04-10-05-47_1_frame2,2016-05-04,1251936,0.0005359698898346241,2.396288628172686e-06,-0.0005335736012064515,3,671,1250838,3,69,0,0,375,0,296,0,0,207,0,148,0,0,0,0,0,0,0,0,0,0,0,0
M1,2016-05-04__bonirob_2016-05-04-10-05-47_1_frame3,2016-05-04,1251936,0.0006677657643841218,1.1182680264805868e-05,-0.000656583084119316,14,836,1250789,14,183,0,0,495,0,341,0,0,104,0,10,0,0,0,0,0,0,0,0,0,0,0,0
M1,2016-05-04__bonirob_2016-05-04-10-05-47_1_frame4,2016-05-04,1251936,0.0009297599877310022,6.390103008460496e-06,-0.0009233698847225417,8,1164,1250664,8,96,0,4,481,0,613,0,70,0,0,0,0,0,0,0,0,0,0,0,0,0,0,0
M1,2016-05-04__bonirob_2016-05-04-10-05-47_1_frame5,2016-05-04,1251936,0.001570367814329167,0.0,-0.001570367814329167,0,1966,1249458,0,239,0,0,901,0,1065,0,0,171,0,102,0,0,0,0,0,0,0,0,0,0,0,0
M1,2016-05-04__bonirob_2016-05-04-10-05-47_1_frame6,2016-05-04,1251936,0.0013139649311146896,0.00017812412136083633,-0.0011358408097538533,0,1422,1250052,0,172,0,0,738,223,684,0,0,39,0,28,0,0,0,0,0,0,0,0,0,0,0,0
M1,2016-05-04__bonirob_2016-05-04-10-05-47_1_frame7,2016-05-04,1251936,0.0014841014237149503,8.546762773815914e-05,-0.0013986337959767912,0,1751,1249983,0,95,0,0,968,107,461,0,322,0,0,0,0,0,0,0,0,0,0,0,0,0,0,0
M1,2016-05-04__bonirob_2016-05-04-10-05-47_1_frame8,2016-05-04,1251936,0.0013570981264217979,0.0,-0.0013570981264217979,0,1699,1250191,0,46,0,0,1214,0,70,0,415,0,0,0,0,0,0,0,0,0,0,0,0,0,0,0
M1,2016-05-04__bonirob_2016-05-04-10-05-47_1_frame9,2016-05-04,1251936,0.0012908008077090203,0.00010383917388748306,-0.0011869616338215372,5,1491,1250110,5,77,0,0,1080,125,410,0,1,93,0,35,0,0,0,0,0,0,0,0,0,0,0,0
M1,2016-05-04__bonirob_2016-05-04-10-05-47_1_frame10,2016-05-04,1251936,0.0011014940060833781,8.62663906142167e-05,-0.0010152276154691614,8,1279,1249023,8,175,0,10,644,100,410,0,225,623,0,303,0,415,0,0,0,0,0,0,0,0,0,0
M1,2016-05-04__bonirob_2016-05-04-10-05-47_1_frame11,2016-05-04,1251936,0.0011230606037369321,0.0,-0.0011230606037369321,0,1406,1250278,0,69,0,105,558,0,339,0,509,71,0,7,0,0,0,0,0,0,0,0,0,0,0,0
M1,2016-05-04__bonirob_2016-05-04-10-05-47_1_frame12,2016-05-04,1251936,0.0013435191575288195,7.98762876057562e-07,-0.0013427203946527618,1,1682,1250010,1,72,0,57,891,0,74,0,717,114,0,0,0,0,0,0,0,0,0,0,0,0,0,0
M1,2016-05-04__bonirob_2016-05-04-10-05-47_1_frame13,2016-05-04,1251936,0.0014529496715487054,0.00027876824374408913,-0.0011741814278046162,0,1470,1249914,0,203,0,0,1102,349,368,0,0,0,0,0,0,0,0,0,0,0,0,0,0,0,0,0
M1,2016-05-04__bonirob_2016-05-04-10-05-47_1_frame14,2016-05-04,1251936,0.0013419216317767043,3.4346803670475166e-05,-0.0013075748281062291,0,1637,1249605,0,290,0,3,822,43,815,0,0,173,0,185,0,0,0,0,0,0,0,0,0,0,0,0
M1,2016-05-04__bonirob_2016-05-04-10-05-47_1_frame15,2016-05-04,1251936,0.001107085346215781,0.0,-0.001107085346215781,0,1386,1250195,0,158,0,3,724,0,493,0,169,49,0,145,0,0,0,0,0,0,0,0,0,0,0,0
M1,2016-05-04__bonirob_2016-05-04-10-05-47_1_frame16,2016-05-04,1251936,0.0014249929708866906,0.00017173401835237585,-0.0012532589525343148,0,1569,1249843,0,239,0,0,982,215,587,0,0,70,0,0,0,0,0,0,0,0,0,0,0,0,0,0
M1,2016-05-04__bonirob_2016-05-04-10-05-47_1_frame17,2016-05-04,1251936,0.0003650346343583059,0.0,-0.0003650346343583059,0,457,1250710,0,100,0,0,290,0,167,0,0,241,0,428,0,0,0,0,0,0,0,0,0,0,0,0
M1,2016-05-04__bonirob_2016-05-04-10-05-47_1_frame18,2016-05-04,1251936,0.0013155624568668047,3.913938092682054e-05,-0.0012764230759399842,7,1605,1249848,7,210,0,43,1014,42,371,0,220,75,0,106,0,0,0,0,0,0,0,0,0,0,0,0
M1,2016-05-04__bonirob_2016-05-04-10-05-47_1_frame19,2016-05-04,1251936,0.0007252766914602664,7.188865884518058e-06,-0.0007180878255757483,0,899,1250820,0,93,0,5,657,9,218,0,24,96,0,0,0,14,0,0,0,0,0,0,0,0,0,0
M1,2016-05-06__bonirob_2016-05-06-11-21-29_10_frame2,2016-05-06,1251936,0.002724580170232344,0.0011422309127623138,-0.0015823492574700304,1,1982,1247845,1,628,0,51,1106,1429,876,0,0,0,0,0,0,0,0,0,0,0,0,0,0,0,0,0
M1,2016-05-06__bonirob_2016-05-06-11-21-29_10_frame3,2016-05-06,1251936,0.0024394218234797945,7.98762876057562e-07,-0.002438623060603737,0,3053,1247509,0,1020,0,0,930,1,2123,0,0,353,0,0,0,0,0,0,0,0,0,0,0,0,0,0
M1,2016-05-06__bonirob_2016-05-06-11-21-29_10_frame4,2016-05-06,1251936,0.002567223883649004,0.0004337282416992562,-0.002133495641949748,4,2675,1248241,4,394,0,0,1077,539,1598,0,0,62,0,21,0,0,0,0,0,0,0,0,0,0,0,0
M1,2016-05-06__bonirob_2016-05-06-11-21-29_10_frame5,2016-05-06,1251936,0.0011238593666129898,0.0,-0.0011238593666129898,0,1407,1249808,0,720,0,1,541,0,866,0,0,0,0,0,0,0,0,0,0,0,0,0,0,0,0,0
M1,2016-05-06__bonirob_2016-05-06-11-21-29_10_frame6,2016-05-06,1251936,0.0026311249137336095,0.000824323288091404,-0.0018068016256422054,6,2268,1248143,6,493,0,0,956,1026,1312,0,0,0,0,0,0,0,0,0,0,0,0,0,0,0,0,0
M1,2016-05-06__bonirob_2016-05-06-11-21-29_10_frame7,2016-05-06,1251936,0.0015168507016333104,0.0003123162845385068,-0.0012045344170948037,0,1508,1249004,0,428,0,0,772,391,736,0,0,430,0,175,0,0,0,0,0,0,0,0,0,0,0,0
M1,2016-05-06__bonirob_2016-05-06-11-21-29_10_frame8,2016-05-06,1251936,0.0034226989239066535,0.002146275847966669,-0.0012764230759399844,24,1622,1246301,24,379,0,0,1278,2663,344,0,0,916,0,31,0,0,0,0,0,0,0,0,0,0,0,0
M1,2016-05-06__bonirob_2016-05-06-11-21-29_10_frame9,2016-05-06,1251936,0.0021766288372568566,0.0014162065792500576,-0.000760422258006799,2,954,1247385,2,1669,0,0,954,1771,0,0,0,96,0,59,0,0,0,0,0,0,0,0,0,0,0,0
M1,2016-05-06__bonirob_2016-05-06-11-21-29_10_frame10,2016-05-06,1251936,0.0023403752268486566,0.0008810354522914909,-0.0014593397745571658,0,1827,1248356,0,570,0,10,894,1103,933,0,0,70,0,0,0,0,0,0,0,0,0,0,0,0,0,0
M1,2016-05-06__bonirob_2016-05-06-11-21-29_10_frame11,2016-05-06,1251936,0.0012396799836413364,0.0,-0.0012396799836413364,0,1552,1249340,0,814,0,0,338,0,1214,0,0,208,0,22,0,0,0,0,0,0,0,0,0,0,0,0
M1,2016-05-06__bonirob_2016-05-06-11-21-29_10_frame12,2016-05-06,1251936,0.002816437900978964,0.0006973199907982517,-0.0021191179101807123,50,2703,1247474,50,730,0,0,1510,823,1105,0,88,156,0,0,0,0,0,0,0,0,0,0,0,0,0,0
M1,2016-05-06__bonirob_2016-05-06-11-21-29_10_frame13,2016-05-06,1251936,0.0018571236868338318,7.508371034941083e-05,-0.001782039976484421,0,2231,1247558,0,1463,0,0,821,94,1410,0,0,586,0,4,0,0,0,0,0,0,0,0,0,0,0,0
M1,2016-05-06__bonirob_2016-05-06-11-21-29_10_frame14,2016-05-06,1251936,0.002511310482324975,0.0011829678194412495,-0.0013283426628837257,48,1711,1247647,48,1097,0,0,1064,1433,647,0,0,0,0,0,0,0,0,0,0,0,0,0,0,0,0,0
M1,2016-05-06__bonirob_2016-05-06-11-21-29_10_frame15,2016-05-06,1251936,0.0018898729647521919,0.0003626383457301332,-0.0015272346190220586,0,1912,1248176,0,1280,0,0,781,454,1131,0,0,4,0,110,0,0,0,0,0,0,0,0,0,0,0,0
M1,2016-05-06__bonirob_2016-05-06-11-21-29_10_frame16,2016-05-06,1251936,0.0019401950259438183,0.00011182680264805869,-0.0018283682232957596,0,2289,1248209,0,1231,0,0,445,140,1844,0,0,67,0,0,0,0,0,0,0,0,0,0,0,0,0,0
M1,2016-05-06__bonirob_2016-05-06-11-21-29_10_frame17,2016-05-06,1251936,0.0016758045139687653,0.0,-0.0016758045139687653,0,2098,1247929,0,1682,0,0,394,0,1704,0,0,223,0,4,0,0,0,0,0,0,0,0,0,0,0,0
M1,2016-05-06__bonirob_2016-05-06-11-21-29_10_frame18,2016-05-06,1251936,0.0025264869769700687,0.0006302239092094165,-0.0018962630677606522,4,2378,1245432,4,3111,0,0,862,785,1516,0,0,147,0,79,0,0,0,0,0,0,0,0,0,0,0,0
M1,2016-05-06__bonirob_2016-05-06-11-21-29_10_frame19,2016-05-06,1251936,0.0011621999846637527,0.0,-0.0011621999846637527,0,1455,1248696,0,1565,0,0,333,0,1122,0,0,220,0,0,0,0,0,0,0,0,0,0,0,0,0,0
M1,2016-05-06__bonirob_2016-05-06-11-21-29_10_frame20,2016-05-06,1251936,0.003299689440993789,0.0012452713237737392,-0.0020544181172200498,11,2583,1246268,11,1310,0,0,1248,1548,1335,0,0,216,0,0,0,0,0,0,0,0,0,0,0,0,0,0
M1,2016-05-06__bonirob_2016-05-06-11-21-29_10_frame21,2016-05-06,1251936,0.0018563249239577741,0.00022205607954400226,-0.001634268844413772,0,2046,1248834,0,778,0,0,692,278,1354,0,0,0,0,0,0,0,0,0,0,0,0,0,0,0,0,0
M1,2016-05-09__bonirob_2016-05-09-10-49-56_6_frame2,2016-05-09,1251936,0.006150474145643228,0.003242178513917644,-0.0029082956317255837,101,3742,1240183,101,195,0,146,1477,3958,2227,0,38,1895,0,235,0,1481,0,0,0,0,0,0,0,0,0,0
M1,2016-05-09__bonirob_2016-05-09-10-49-56_6_frame3,2016-05-09,1251936,0.006378121565319633,0.005044187562303504,-0.0013339340030161283,110,1780,1242310,110,448,0,34,1612,6205,168,0,0,684,0,0,0,365,0,0,0,0,0,0,0,0,0,0
M1,2016-05-09__bonirob_2016-05-09-10-49-56_6_frame4,2016-05-09,1251936,0.007060265061472791,0.005329345909056054,-0.0017309191524167373,171,2338,1241971,171,464,0,0,1555,6501,783,0,0,99,0,392,0,0,0,0,0,0,0,0,0,0,0,0
M1,2016-05-09__bonirob_2016-05-09-10-49-56_6_frame5,2016-05-09,1251936,0.006926072898295121,0.005505073741788717,-0.0014209991565064034,117,1896,1241233,117,726,0,0,1826,6775,70,0,0,1126,0,47,0,16,0,0,0,0,0,0,0,0,0,0
M1,2016-05-09__bonirob_2016-05-09-10-49-56_6_frame6,2016-05-09,1251936,0.005177580962605117,0.0028148403752268486,-0.0023627405873782687,74,3032,1242066,74,412,0,73,1664,3450,1316,0,52,1685,0,473,0,671,0,0,0,0,0,0,0,0,0,0
M1,2016-05-09__bonirob_2016-05-09-10-49-56_6_frame7,2016-05-09,1251936,0.0063038366178462795,0.004602471691843672,-0.0017013649260026074,95,2225,1243460,95,108,0,0,1913,5667,312,0,0,369,0,12,0,0,0,0,0,0,0,0,0,0,0,0
M1,2016-05-09__bonirob_2016-05-09-10-49-56_6_frame8,2016-05-09,1251936,0.0036655228382281523,0.00012540577154103723,-0.003540117066687115,0,4432,1244588,0,260,0,166,1247,157,2352,0,833,1407,0,370,0,556,0,0,0,0,0,0,0,0,0,0
M1,2016-05-09__bonirob_2016-05-09-10-49-56_6_frame9,2016-05-09,1251936,0.004685543030953659,0.0020775822406257187,-0.0026079607903279406,32,3297,1243643,32,572,0,0,1566,2569,1679,0,52,837,0,986,0,0,0,0,0,0,0,0,0,0,0,0
M1,2016-05-09__bonirob_2016-05-09-10-49-56_6_frame10,2016-05-09,1251936,0.002288455639904915,0.0003770160774991693,-0.0019114395624057457,0,2393,1248113,0,115,0,24,1167,472,1226,0,0,665,0,120,0,34,0,0,0,0,0,0,0,0,0,0
M1,2016-05-09__bonirob_2016-05-09-10-49-56_6_frame11,2016-05-09,1251936,0.005414813536794213,0.003528934386422309,-0.0018858791503719042,83,2444,1243022,83,103,0,38,1560,4335,884,0,0,1218,0,173,0,520,0,0,0,0,0,0,0,0,0,0
M1,2016-05-09__bonirob_2016-05-09-10-49-56_6_frame12,2016-05-09,1251936,0.004493041177823787,0.002775700994300028,-0.0017173401835237586,50,2200,1245800,50,213,0,6,1440,3425,760,0,0,173,0,69,0,0,0,0,0,0,0,0,0,0,0,0
M1,2016-05-09__bonirob_2016-05-09-10-49-56_6_frame13,2016-05-09,1251936,0.004524192929990032,0.0019873220356312143,-0.0025368708943588176,9,3185,1242507,9,43,0,196,1817,2479,1368,0,0,1351,0,0,0,2166,0,0,0,0,0,0,0,0,0,0
M1,2016-05-09__bonirob_2016-05-09-10-49-56_6_frame14,2016-05-09,1251936,0.0040353500498428035,1.4377731769036117e-05,-0.004020972318073767,0,5034,1232431,0,87,0,397,1531,18,2090,0,1413,3526,0,374,0,10069,0,0,0,0,0,0,0,0,0,0
M1,2016-05-09__bonirob_2016-05-09-10-49-56_6_frame15,2016-05-09,1251936,0.005711953326687626,0.002887527796948087,-0.0028244255297395393,41,3577,1243999,41,193,0,0,1949,3574,1628,0,0,489,0,63,0,0,0,0,0,0,0,0,0,0,0,0
M1,2016-05-09__bonirob_2016-05-09-10-49-56_6_frame16,2016-05-09,1251936,0.006085774352682565,0.005003450655624569,-0.001082323697057996,133,1488,1242648,133,75,0,0,1072,6131,416,0,0,1345,0,116,0,0,0,0,0,0,0,0,0,0,0,0
M1,2016-05-09__bonirob_2016-05-09-10-49-56_6_frame17,2016-05-09,1251936,0.006692834138486313,0.005071345500089462,-0.001621488638396851,61,2091,1241468,61,1019,0,0,1816,6288,275,0,0,698,0,306,0,5,0,0,0,0,0,0,0,0,0,0
M1,2016-05-09__bonirob_2016-05-09-10-49-56_6_frame18,2016-05-09,1251936,0.004070495616389336,0.002759725736778877,-0.001310769879610459,69,1710,1246209,69,91,0,0,1558,3386,152,0,0,377,0,94,0,0,0,0,0,0,0,0,0,0,0,0
M1,2016-05-09__bonirob_2016-05-09-10-49-56_6_frame19,2016-05-09,1251936,0.0063126230094829126,0.004929964471027273,-0.0013826585384556396,64,1795,1242640,64,567,0,0,1795,6108,0,0,0,209,0,553,0,0,0,0,0,0,0,0,0,0,0,0
M1,2016-05-09__bonirob_2016-05-09-10-49-56_6_frame20,2016-05-09,1251936,0.0020927587352708127,0.0002420251514454413,-0.0018507335838253713,0,2317,1248846,0,19,0,0,1073,303,1233,0,11,437,0,14,0,0,0,0,0,0,0,0,0,0,0,0
M1,2016-05-09__bonirob_2016-05-09-10-49-56_6_frame21,2016-05-09,1251936,0.0030856209902103623,0.000726075454336324,-0.0023595455358740385,2,2956,1247325,2,30,0,0,1183,907,1773,0,0,707,0,9,0,0,0,0,0,0,0,0,0,0,0,0
M1,2016-05-11__bonirob_2016-05-11-10-36-32_5_frame2,2016-05-11,1251936,0.008571524422973698,0.007698476599442783,-0.0008730478235309154,207,1300,1240611,207,226,0,0,1210,9431,90,0,0,71,0,90,0,0,0,0,0,0,0,0,0,0,0,0
M1,2016-05-11__bonirob_2016-05-11-10-36-32_5_frame3,2016-05-11,1251936,0.008070700099685607,0.007379770211895816,-0.0006909298877897912,286,1151,1241334,286,212,0,0,1133,8953,18,0,0,0,0,0,0,0,0,0,0,0,0,0,0,0,0,0
M1,2016-05-11__bonirob_2016-05-11-10-36-32_5_frame4,2016-05-11,1251936,0.007236791657081512,0.005863718273138563,-0.0013730733839429484,215,1934,1241522,215,587,0,8,1659,7126,31,0,244,206,0,287,0,51,0,0,0,0,0,0,0,0,0,0
M1,2016-05-11__bonirob_2016-05-11-10-36-32_5_frame5,2016-05-11,1251936,0.006408474554609821,0.004941945914168137,-0.001466528640441684,98,1934,1242885,98,569,0,0,1596,6089,334,0,4,325,0,36,0,0,0,0,0,0,0,0,0,0,0,0
M1,2016-05-11__bonirob_2016-05-11-10-36-32_5_frame6,2016-05-11,1251936,0.009390256370932699,0.010069204815581627,0.0006789484446489275,1375,525,1238374,1375,296,0,0,525,11231,0,0,0,125,0,10,0,0,0,0,0,0,0,0,0,0,0,0
M1,2016-05-11__bonirob_2016-05-11-10-36-32_5_frame7,2016-05-11,1251936,0.010087576361730952,0.009932616363775784,-0.0001549599979551678,721,915,1238266,721,189,0,0,915,11714,0,0,0,0,0,131,0,0,0,0,0,0,0,0,0,0,0,0
M1,2016-05-11__bonirob_2016-05-11-10-36-32_5_frame8,2016-05-11,1251936,0.0072136275336758425,0.006543465480663548,-0.0006701620530122944,342,1181,1241362,342,411,0,0,1181,7850,0,0,0,675,0,115,0,0,0,0,0,0,0,0,0,0,0,0
M1,2016-05-11__bonirob_2016-05-11-10-36-32_5_frame9,2016-05-11,1251936,0.0063509636275336755,0.005908448994197787,-0.0004425146333358887,493,1047,1242464,493,71,0,93,1001,6904,0,0,46,347,0,33,0,484,0,0,0,0,0,0,0,0,0,0
M1,2016-05-11__bonirob_2016-05-11-10-36-32_5_frame10,2016-05-11,1251936,0.01043184316131176,0.010304839864018608,-0.00012700329729315243,548,707,1238141,548,95,0,0,707,12353,0,0,0,17,0,75,0,0,0,0,0,0,0,0,0,0,0,0
M1,2016-05-11__bonirob_2016-05-11-10-36-32_5_frame11,2016-05-11,1251936,0.010645911612095186,0.009911848528998287,-0.0007340630830968992,1234,2153,1235261,1234,436,0,44,1473,11175,635,0,45,312,0,1120,0,201,0,0,0,0,0,0,0,0,0,0
M1,2016-05-11__bonirob_2016-05-11-10-36-32_5_frame12,2016-05-11,1251936,0.015160519387572527,0.015111794852133017,-4.872453543951043e-05,1216,1277,1230999,1216,468,0,2,1277,17703,0,0,0,187,0,84,0,0,0,0,0,0,0,0,0,0,0,0
M1,2016-05-11__bonirob_2016-05-11-10-36-32_5_frame13,2016-05-11,1251936,0.009163407714132352,0.009569978018045652,0.00040657030391329924,920,411,1239403,920,141,0,0,411,11061,0,0,0,0,0,0,0,0,0,0,0,0,0,0,0,0,0,0
M1,2016-05-11__bonirob_2016-05-11-10-36-32_5_frame14,2016-05-11,1251936,0.011268946655420085,0.01133284768550469,6.390103008460483e-05,941,861,1232702,941,35,0,679,861,13247,0,0,0,766,0,32,0,2673,0,0,0,0,0,0,0,0,0,0
M1,2016-05-11__bonirob_2016-05-11-10-36-32_5_frame15,2016-05-11,1251936,0.006298245277713877,0.006191211052322163,-0.00010703422539171375,570,704,1240893,570,121,0,164,704,7181,0,0,0,697,0,0,0,1606,0,0,0,0,0,0,0,0,0,0
M1,2016-05-11__bonirob_2016-05-11-10-36-32_5_frame16,2016-05-11,1251936,0.011812105411139228,0.011515764384121873,-0.0002963410270173557,700,1071,1236288,700,160,0,0,1071,13717,0,0,0,0,0,0,0,0,0,0,0,0,0,0,0,0,0,0
M1,2016-05-11__bonirob_2016-05-11-10-36-32_5_frame17,2016-05-11,1251936,0.00662493929402142,0.006121718682105155,-0.0005032206119162646,163,793,1242374,163,128,0,41,793,7501,0,0,0,658,0,237,0,41,0,0,0,0,0,0,0,0,0,0
M1,2016-05-11__bonirob_2016-05-11-10-36-32_5_frame18,2016-05-11,1251936,0.00860666998952023,0.007070648978861539,-0.0015360210106586912,286,2209,1240483,286,102,0,0,2172,8566,17,0,20,157,0,133,0,0,0,0,0,0,0,0,0,0,0,0
M1,2016-05-11__bonirob_2016-05-11-10-36-32_5_frame19,2016-05-11,1251936,0.009348720701377706,0.008507623392889093,-0.0008410973084886121,303,1356,1239079,303,385,0,0,1356,10348,0,0,0,444,0,21,0,0,0,0,0,0,0,0,0,0,0,0
M1,2016-05-11__bonirob_2016-05-11-10-36-32_5_frame20,2016-05-11,1251936,0.003496185108503949,0.0020520218285918768,-0.0014441632799120723,9,1817,1246107,9,1401,0,42,1594,2560,223,0,0,0,0,0,0,0,0,0,0,0,0,0,0,0,0,0
M1,2016-05-11__bonirob_2016-05-11-10-36-32_5_frame21,2016-05-11,1251936,0.005684795388901669,0.003919529432814457,-0.0017652659560872122,39,2249,1244669,39,111,0,0,1955,4868,294,0,0,0,0,0,0,0,0,0,0,0,0,0,0,0,0,0
M1,2016-05-13__bonirob_2016-05-13-11-50-19_2_frame0,2016-05-13,1251936,0.005416411062546329,0.00446907829154206,-0.0009473327710042686,29,1215,1243588,29,129,0,0,1215,5566,0,0,0,735,0,674,0,0,0,0,0,0,0,0,0,0,0,0
M1,2016-05-13__bonirob_2016-05-13-11-50-19_2_frame1,2016-05-13,1251936,0.013172398589065255,0.012192316540142627,-0.0009800820489226283,424,1651,1233463,424,17,0,0,1651,14840,0,0,0,1476,0,65,0,0,0,0,0,0,0,0,0,0,0,0
M1,2016-05-13__bonirob_2016-05-13-11-50-19_2_frame2,2016-05-13,1251936,0.01145745469416967,0.010610766045548654,-0.0008466886486210162,207,1267,1236437,200,16,0,0,1267,13077,0,0,0,526,7,406,0,0,0,0,0,0,0,0,0,0,0,0
M1,2016-05-13__bonirob_2016-05-13-11-50-19_2_frame3,2016-05-13,1251936,0.008390205250108631,0.007503578457684738,-0.0008866267924238936,245,1355,1238909,245,76,0,0,1329,9149,26,0,0,1065,0,1137,0,0,0,0,0,0,0,0,0,0,0,0
M1,2016-05-13__bonirob_2016-05-13-11-50-19_2_frame4,2016-05-13,1251936,0.010958227896633694,0.0102089883188917,-0.0007492395777419936,229,1167,1237226,229,4,0,0,1167,12552,0,0,0,715,0,43,0,0,0,0,0,0,0,0,0,0,0,0
M1,2016-05-13__bonirob_2016-05-13-11-50-19_2_frame5,2016-05-13,1251936,0.011196259233698847,0.010269694297472076,-0.000926564936226771,167,1327,1235752,167,190,0,0,1327,12690,0,0,0,523,0,1287,0,0,0,0,0,0,0,0,0,0,0,0
M1,2016-05-13__bonirob_2016-05-13-11-50-19_2_frame6,2016-05-13,1251936,0.0016638230708279017,0.00048325154001482504,-0.0011805715308130767,0,1478,1247433,0,151,0,2,1302,605,176,0,0,1795,0,472,0,0,0,0,0,0,0,0,0,0,0,0
M1,2016-05-13__bonirob_2016-05-13-11-50-19_2_frame7,2016-05-13,1251936,0.007358203614242262,0.006214375175727833,-0.0011438284385144291,129,1561,1240595,129,51,0,0,1561,7651,0,0,0,1532,0,417,0,0,0,0,0,0,0,0,0,0,0,0
M1,2016-05-13__bonirob_2016-05-13-11-50-19_2_frame8,2016-05-13,1251936,0.0050873207576106125,0.0029114906832298135,-0.002175830074380799,2,2726,1245007,2,0,0,0,1751,3643,975,0,0,558,0,0,0,0,0,0,0,0,0,0,0,0,0,0
M1,2016-05-13__bonirob_2016-05-13-11-50-19_2_frame9,2016-05-13,1251936,0.009434188329115866,0.008792781739641643,-0.0006414065894742235,148,951,1238570,148,36,0,1,951,10860,0,0,0,1130,0,230,0,10,0,0,0,0,0,0,0,0,0,0
M1,2016-05-13__bonirob_2016-05-13-11-50-19_2_frame10,2016-05-13,1251936,0.016710918130000255,0.016333902052501088,-0.00037701607749916766,592,1064,1227270,590,170,0,30,1064,19857,0,0,0,1953,2,958,0,42,0,0,0,0,0,0,0,0,0,0
M1,2016-05-13__bonirob_2016-05-13-11-50-19_2_frame11,2016-05-13,1251936,0.006786289394985047,0.00537327786723922,-0.0014130115277458275,126,1895,1240940,126,97,0,0,1784,6601,111,0,0,2143,0,134,0,0,0,0,0,0,0,0,0,0,0,0
M1,2016-05-13__bonirob_2016-05-13-11-50-19_2_frame12,2016-05-13,1251936,0.020456317255834165,0.01944428469186923,-0.0010120325639649333,967,2234,1222173,967,159,0,0,1996,23376,238,0,0,1367,0,1660,0,0,0,0,0,0,0,0,0,0,0,0
M1,2016-05-13__bonirob_2016-05-13-11-50-19_2_frame13,2016-05-13,1251936,0.008532385042046878,0.007363794954374664,-0.0011685900876722138,411,1874,1239505,411,31,0,0,1085,8808,789,0,0,1004,0,303,0,0,0,0,0,0,0,0,0,0,0,0
M1,2016-05-13__bonirob_2016-05-13-11-50-19_2_frame14,2016-05-13,1251936,0.008769617616235974,0.007546711652991847,-0.0012229059632441275,189,1720,1240391,189,11,0,0,1678,9259,42,0,0,366,0,0,0,0,0,0,0,0,0,0,0,0,0,0
M1,2016-05-13__bonirob_2016-05-13-11-50-19_2_frame15,2016-05-13,1251936,0.010665081921120569,0.009391055133808756,-0.0012740267873118123,252,1847,1236102,252,42,0,0,1847,11505,0,0,0,1745,0,443,0,0,0,0,0,0,0,0,0,0,0,0
M1,2016-05-13__bonirob_2016-05-13-11-50-19_2_frame16,2016-05-13,1251936,0.018384326355340846,0.017645470694987602,-0.0007388556603532444,613,1538,1225440,613,114,0,0,1538,21478,0,0,0,2187,0,566,0,0,0,0,0,0,0,0,0,0,0,0
M1,2016-05-13__bonirob_2016-05-13-11-50-19_2_frame17,2016-05-13,1251936,0.02439661452342612,0.024211301536180764,-0.0001853129872453549,873,1105,1220346,873,1,0,0,1105,29438,0,0,0,154,0,19,0,0,0,0,0,0,0,0,0,0,0,0
M1,2016-05-13__bonirob_2016-05-13-11-50-19_2_frame18,2016-05-13,1251936,0.003700668404774685,0.003045682846407484,-0.0006549855583672009,31,851,1244925,31,4,0,0,851,3782,0,0,0,1900,0,443,0,0,0,0,0,0,0,0,0,0,0,0
M1,2016-05-13__bonirob_2016-05-13-11-50-19_2_frame19,2016-05-13,1251936,0.022745571658615137,0.015289120210617796,-0.007456451447997342,695,10030,1218454,695,129,0,332,3153,18446,0,0,6877,1417,0,323,0,2110,0,0,0,0,0,0,0,0,0,0
M1,2016-05-18__bonirob_2016-05-18-10-59-09_4_frame2,2016-05-18,1251936,0.0316509789637809,0.03191536947575595,0.0002643905119750489,1407,1076,1208511,1407,3,0,50,1076,38549,0,0,0,1525,0,22,0,793,0,0,0,0,0,0,0,0,0,0
M1,2016-05-18__bonirob_2016-05-18-10-59-09_4_frame3,2016-05-18,1251936,0.043530979219385015,0.043821728906269966,0.00029074968688495156,1766,1402,1195509,1766,80,0,0,1402,53096,0,0,0,62,0,21,0,0,0,0,0,0,0,0,0,0,0,0
M1,2016-05-18__bonirob_2016-05-18-10-59-09_4_frame4,2016-05-18,1251936,0.027143560054188075,0.027006971602382232,-0.00013658845180584273,1241,1412,1216597,1241,0,0,0,1412,32570,0,0,0,116,0,0,0,0,0,0,0,0,0,0,0,0,0,0
M1,2016-05-18__bonirob_2016-05-18-10-59-09_4_frame5,2016-05-18,1251936,0.03711691332464279,0.038184859289931754,0.0010679459652889606,1750,413,1203163,1750,17,0,0,413,46055,0,0,0,370,0,168,0,0,0,0,0,0,0,0,0,0,0,0
M1,2016-05-18__bonirob_2016-05-18-10-59-09_4_frame6,2016-05-18,1251936,0.03193453978478133,0.03057504536973136,-0.0013594944150499694,1158,2860,1207384,1158,1,0,188,2163,37120,81,0,616,2133,0,0,0,1092,0,0,0,0,0,0,0,0,0,0
M1,2016-05-18__bonirob_2016-05-18-10-59-09_4_frame7,2016-05-18,1251936,0.038255949185900875,0.03886620402320885,0.0006102548373079775,1963,1199,1201783,1963,0,0,0,1199,46695,0,0,0,296,0,0,0,0,0,0,0,0,0,0,0,0,0,0
M1,2016-05-18__bonirob_2016-05-18-10-59-09_4_frame8,2016-05-18,1251936,0.03564958592132505,0.035993053958029805,0.00034346803670475684,1790,1360,1200587,1723,0,0,1230,1360,43271,0,0,0,788,67,0,0,2910,0,0,0,0,0,0,0,0,0,0
M1,2016-05-18__bonirob_2016-05-18-10-59-09_4_frame9,2016-05-18,1251936,0.04122654832195895,0.03960585844643816,-0.0016206898755207894,2383,4412,1194435,1477,0,0,484,2500,47201,0,0,1912,1677,906,31,0,1313,0,0,0,0,0,0,0,0,0,0
M1,2016-05-18__bonirob_2016-05-18-10-59-09_4_frame10,2016-05-18,1251936,0.02559475883751246,0.025625910589678707,3.115175216624605e-05,1196,1157,1214550,1196,0,0,601,1157,30886,0,0,0,695,0,0,0,2851,0,0,0,0,0,0,0,0,0,0
M1,2016-05-18__bonirob_2016-05-18-10-59-09_4_frame11,2016-05-18,1251936,0.037093749201237126,0.03749472816501802,0.00040097896378089165,2009,1507,1195821,2009,0,0,615,1507,44932,0,0,0,2036,0,8,0,5008,0,0,0,0,0,0,0,0,0,0
M1,2016-05-18__bonirob_2016-05-18-10-59-09_4_frame12,2016-05-18,1251936,0.028921606216292205,0.028529413644147943,-0.00039219257214426206,961,1452,1210466,961,0,0,98,1452,34756,0,0,0,2102,0,0,0,2101,0,0,0,0,0,0,0,0,0,0
M1,2016-05-18__bonirob_2016-05-18-10-59-09_4_frame13,2016-05-18,1251936,0.022455620734606243,0.022021093730030927,-0.00043452700457531634,980,1524,1222284,980,6,0,0,1524,26589,0,0,0,553,0,0,0,0,0,0,0,0,0,0,0,0,0,0
M1,2016-05-18__bonirob_2016-05-18-10-59-09_4_frame14,2016-05-18,1251936,0.03397697645886052,0.03388272243948572,-9.425401937479538e-05,1453,1571,1207547,1453,0,0,0,1571,40966,0,0,0,333,0,66,0,0,0,0,0,0,0,0,0,0,0,0
M1,2016-05-18__bonirob_2016-05-18-10-59-09_4_frame15,2016-05-18,1251936,0.03399534800500984,0.03389150883112236,-0.0001038391738874822,1676,1806,1207569,1676,15,0,0,1741,40754,65,0,0,53,0,63,0,0,0,0,0,0,0,0,0,0,0,0
M1,2016-05-18__bonirob_2016-05-18-10-59-09_4_frame16,2016-05-18,1251936,0.03369101934923191,0.0343875405771541,0.0006965212279221936,1762,890,1207746,1762,0,0,0,890,41289,0,0,0,249,0,0,0,0,0,0,0,0,0,0,0,0,0,0
M1,2016-05-18__bonirob_2016-05-18-10-59-09_4_frame17,2016-05-18,1251936,0.04001802009048386,0.04024966132454055,0.00023164123405669534,1804,1514,1199657,1804,241,0,4,1514,48586,0,0,0,66,0,0,0,64,0,0,0,0,0,0,0,0,0,0
M1,2016-05-18__bonirob_2016-05-18-10-59-09_4_frame18,2016-05-18,1251936,0.03988622421593436,0.03997648442092887,9.026020499450921e-05,2041,1928,1198441,2041,38,0,0,1928,48007,0,0,0,639,0,842,0,0,0,0,0,0,0,0,0,0,0,0
M1,2016-05-18__bonirob_2016-05-18-10-59-09_4_frame19,2016-05-18,1251936,0.034518537688827546,0.035024154589371984,0.000505616900544438,2098,1465,1199499,1770,1,0,268,1465,41750,0,0,0,2669,328,20,0,4166,0,0,0,0,0,0,0,0,0,0
M1,2016-05-18__bonirob_2016-05-18-10-59-09_4_frame20,2016-05-18,1251936,0.03432603583569767,0.03436597397950055,3.9938143802882575e-05,1546,1496,1207200,1546,0,0,1,1496,41478,0,0,0,161,0,0,0,54,0,0,0,0,0,0,0,0,0,0
M1,2016-05-18__bonirob_2016-05-18-10-59-09_4_frame21,2016-05-18,1251936,0.03576700406410551,0.0357015055082688,-6.54985558367141e-05,1252,1334,1201508,1252,26,0,224,1334,43444,0,0,0,1957,0,0,0,2191,0,0,0,0,0,0,0,0,0,0
M1,2016-05-27___2016-05-27-10-26-48_5_frame23,2016-05-27,1251936,0.03964100401298469,0.03911062546328247,-0.0005303785497022193,1323,1987,1200030,1323,45,0,0,1908,47641,79,0,0,910,0,0,0,0,0,0,0,0,0,0,0,0,0,0
M1,2016-05-27___2016-05-27-10-26-48_5_frame24,2016-05-27,1251936,0.027975072208163997,0.02826821818367712,0.00029314597551312327,1460,1093,1215122,1384,5,0,0,1093,33930,0,0,0,303,76,23,0,0,0,0,0,0,0,0,0,0,0,0
M1,2016-05-27___2016-05-27-10-26-48_5_frame25,2016-05-27,1251936,0.016089480612427473,0.015206048871507808,-0.0008834317409196647,659,1765,1229965,490,10,0,55,1730,18378,35,0,0,1046,169,58,0,0,0,0,0,0,0,0,0,0,0,0
M1,2016-05-27___2016-05-27-10-26-48_5_frame26,2016-05-27,1251936,0.036676794979935076,0.037479551670372924,0.0008027566904378475,1952,947,1201824,1952,177,0,13,947,44970,0,0,0,1182,0,871,0,0,0,0,0,0,0,0,0,0,0,0
M1,2016-05-27___2016-05-27-10-26-48_5_frame27,2016-05-27,1251936,0.06922398589065255,0.07102200112465813,0.0017980152340055788,3192,941,1161297,3192,14,0,81,941,85723,0,0,0,509,0,179,0,0,0,0,0,0,0,0,0,0,0,0
M1,2016-05-27___2016-05-27-10-26-48_5_frame28,2016-05-27,1251936,0.06601535541752933,0.06802584157656621,0.0020104861590368867,3380,863,1164939,3331,26,0,14,863,81784,0,0,0,723,49,207,0,0,0,0,0,0,0,0,0,0,0,0
M1,2016-05-27___2016-05-27-10-26-48_5_frame29,2016-05-27,1251936,0.08956368376658232,0.09018192623265087,0.0006182424660685498,3209,2435,1136154,3209,25,0,0,2435,109693,0,0,0,262,0,158,0,0,0,0,0,0,0,0,0,0,0,0
M1,2016-05-27___2016-05-27-10-26-48_5_frame30,2016-05-27,1251936,0.06041123507910948,0.06084096950642844,0.000429734427318966,2434,1896,1173063,2434,7,0,0,1896,73735,0,0,0,738,0,63,0,0,0,0,0,0,0,0,0,0,0,0
M1,2016-05-27___2016-05-27-10-26-48_5_frame31,2016-05-27,1251936,0.11599314980957492,0.12030487181453366,0.004311722004958732,6471,1073,1099291,6466,13,0,0,1073,144143,0,0,0,511,5,431,0,3,0,0,0,0,0,0,0,0,0,0
M1,2016-05-27___2016-05-27-10-26-48_5_frame32,2016-05-27,1251936,0.09584036244664264,0.09929900569997188,0.003458643253329244,5497,1167,1125419,5214,52,0,10,1120,118819,1,0,46,532,283,440,0,0,0,0,0,0,0,0,0,0,0,0
M1,2016-05-27___2016-05-27-10-26-48_5_frame33,2016-05-27,1251936,0.0950599711167344,0.0979435050993022,0.0028835339825677986,4991,1381,1126900,4991,15,0,0,1381,117628,0,0,0,754,0,248,0,19,0,0,0,0,0,0,0,0,0,0
M1,2016-05-27___2016-05-27-10-26-48_5_frame34,2016-05-27,1251936,0.08490769496204278,0.08709390895381233,0.0021862139917695478,4112,1375,1140181,4090,158,0,0,1370,104924,0,0,5,343,22,843,0,0,0,0,0,0,0,0,0,0,0,0
M1,2016-05-27___2016-05-27-10-26-48_5_frame35,2016-05-27,1251936,0.09278589320859852,0.09504719091071748,0.0022612977021189556,4069,1238,1130609,4069,88,0,0,1238,114924,0,0,0,338,0,670,0,0,0,0,0,0,0,0,0,0,0,0
M1,2016-05-27___2016-05-27-10-26-48_5_frame36,2016-05-27,1251936,0.07053715205889119,0.07285036934795389,0.0023132172890626967,3921,1025,1157756,3921,21,0,0,1025,87283,0,0,0,942,0,988,0,0,0,0,0,0,0,0,0,0,0,0
M1,2016-05-27___2016-05-27-10-26-48_5_frame37,2016-05-27,1251936,0.06262141195716076,0.06370213812846663,0.0010807261713058763,2402,1049,1169769,2402,43,0,7,1049,77349,0,0,0,875,0,254,0,188,0,0,0,0,0,0,0,0,0,0
M1,2016-05-27___2016-05-27-10-26-48_5_frame38,2016-05-27,1251936,0.06668072489328528,0.06747629271783862,0.0007955678245533393,2456,1460,1165296,2456,35,0,0,1460,82020,0,0,0,443,0,218,0,8,0,0,0,0,0,0,0,0,0,0
M1,2016-05-27___2016-05-27-10-26-48_5_frame39,2016-05-27,1251936,0.06581406717276282,0.06652336860670194,0.0007093014339391163,2049,1161,1166733,2049,12,0,34,1111,81234,50,0,0,507,0,171,0,35,0,0,0,0,0,0,0,0,0,0
M1,2016-05-27___2016-05-27-10-26-48_5_frame40,2016-05-27,1251936,0.09375878639163664,0.09412302226311887,0.000364235871482238,3124,2668,1129070,3098,47,0,1,2668,114712,0,0,0,1400,26,899,0,15,0,0,0,0,0,0,0,0,0,0
M1,2016-05-27___2016-05-27-10-26-48_5_frame41,2016-05-27,1251936,0.00556338343174092,0.004644007361398666,-0.0009193760703422541,130,1281,1243610,130,25,0,2,855,5684,426,0,0,1101,0,52,0,51,0,0,0,0,0,0,0,0,0,0
M1,2016-05-27___2016-05-27-10-26-48_5_frame42,2016-05-27,1251936,0.08761869616338215,0.0879469877054418,0.0003282915420596555,2555,2144,1138758,2548,4,0,0,2144,107549,0,0,0,853,7,36,0,37,0,0,0,0,0,0,0,0,0,0
M2,2016-04-29__1461926009_604845562,2016-04-29,1251936,0.0008227257623392889,0.00019010556450169976,-0.0006326201978375892,12,804,1250603,12,291,0,0,291,226,513,0,0,0,0,0,0,0,0,0,0,0,0,0,0,0,0,0
M2,2016-04-29__1461926010_604880009,2016-04-29,1251936,0.002239731104465404,0.0010527694706438668,-0.001186961633821537,391,1877,1247830,391,821,0,0,609,927,1268,0,0,90,0,0,0,0,0,0,0,0,0,0,0,0,0,0
M2,2016-04-29__1461926011_604916128,2016-04-29,1251936,0.001242076272269509,4.233443243105079e-05,-0.0011997418398384582,0,1502,1249666,0,590,0,0,321,53,1181,0,0,125,0,0,0,0,0,0,0,0,0,0,0,0,0,0
M2,2016-04-29__1461926012_604949024,2016-04-29,1251936,0.0007436482376095903,0.0,-0.0007436482376095903,0,931,1250631,0,374,0,0,163,0,768,0,0,0,0,0,0,0,0,0,0,0,0,0,0,0,0,0
M2,2016-04-29__1461926013_604998609,2016-04-29,1251936,0.0010152276154691614,0.0003897962835160903,-0.000625431331953071,61,844,1250248,61,356,0,0,161,427,683,0,0,0,0,0,0,0,0,0,0,0,0,0,0,0,0,0
M2,2016-04-29__1461926014_604941733,2016-04-29,1251936,0.0011933517368299977,0.00035065690258926973,-0.0008426948342407279,34,1089,1250195,34,213,0,0,245,405,844,0,0,0,0,0,0,0,0,0,0,0,0,0,0,0,0,0
M2,2016-04-29__1461926015_604903443,2016-04-29,1251936,0.0004081678296654142,0.0004369232932034864,2.875546353807223e-05,116,80,1250897,116,412,0,0,50,431,30,0,0,0,0,0,0,0,0,0,0,0,0,0,0,0,0,0
M2,2016-04-29__1461926016_604995266,2016-04-29,1251936,0.0009880696776832043,0.001274825550187869,0.00028675587250466474,448,89,1250173,448,78,0,0,70,1148,19,0,0,0,0,0,0,0,0,0,0,0,0,0,0,0,0,0
M2,2016-04-29__1461926017_604989736,2016-04-29,1251936,0.0006789484446489278,0.0006669670015080643,-1.1981443140863515e-05,214,229,1250770,214,102,0,0,78,621,151,0,0,0,0,0,0,0,0,0,0,0,0,0,0,0,0,0
M2,2016-04-29__1461926018_604951803,2016-04-29,1251936,0.0003961863865245508,0.0,-0.0003961863865245508,0,496,1251233,0,207,0,0,120,0,376,0,0,0,0,0,0,0,0,0,0,0,0,0,0,0,0,0
M2,2016-04-29__1461926019_604966069,2016-04-29,1251936,0.0008139393707026557,0.00046008741660915573,-0.0003538519540935,112,555,1250305,112,500,0,0,128,464,427,0,0,0,0,0,0,0,0,0,0,0,0,0,0,0,0,0
M2,2016-04-29__1461926020_605042418,2016-04-29,1251936,0.0005767067965135598,1.1182680264805868e-05,-0.000565524116248754,14,722,1250443,14,757,0,0,56,0,666,0,0,0,0,0,0,0,0,0,0,0,0,0,0,0,0,0
M2,2016-04-29__1461926021_605059526,2016-04-29,1251936,0.00013099711167344018,0.0,-0.00013099711167344018,0,164,1251708,0,64,0,0,56,0,108,0,0,0,0,0,0,0,0,0,0,0,0,0,0,0,0,0
M2,2016-04-29__1461926022_605017021,2016-04-29,1251936,0.0009968560693198374,0.00047925772563453724,-0.0005175983436853001,140,788,1250089,140,386,0,0,114,460,674,0,0,73,0,0,0,0,0,0,0,0,0,0,0,0,0,0
M2,2016-04-29__1461926023_605086787,2016-04-29,1251936,0.0008291158653477494,0.0002108733992791964,-0.000618242466068553,9,783,1250392,9,497,0,0,132,255,651,0,0,0,0,0,0,0,0,0,0,0,0,0,0,0,0,0
M2,2016-04-29__1461926024_605119811,2016-04-29,1251936,0.00037382102599493904,6.549855583672009e-05,-0.000308322470158219,0,386,1251285,0,183,0,0,74,82,312,0,0,0,0,0,0,0,0,0,0,0,0,0,0,0,0,0
M2,2016-04-29__1461926025_605079649,2016-04-29,1251936,0.0012764230759399842,0.0008810354522914909,-0.0003953876236484933,320,815,1249575,320,338,0,0,143,783,672,0,0,105,0,0,0,0,0,0,0,0,0,0,0,0,0,0
M2,2016-04-29__1461926026_605127035,2016-04-29,1251936,0.0009760882345423408,0.0012979896735935384,0.0003219014390511976,450,47,1250080,450,184,0,0,47,1175,0,0,0,0,0,0,0,0,0,0,0,0,0,0,0,0,0,0
M2,2016-04-29__1461926027_605095658,2016-04-29,1251936,0.0005607315389924085,0.0006230350433248984,6.230350433248993e-05,119,41,1251088,119,27,0,0,41,661,0,0,0,0,0,0,0,0,0,0,0,0,0,0,0,0,0,0
M2,2016-04-29__1461926028_605081452,2016-04-29,1251936,0.000572712982133272,0.0,-0.000572712982133272,0,717,1250740,0,479,0,0,11,0,706,0,0,0,0,0,0,0,0,0,0,0,0,0,0,0,0,0
M2,2016-05-02__bonirob_2016-05-02-12-21-51_1_frame0,2016-05-02,1251936,0.0005423599928430846,0.0,-0.0005423599928430846,0,679,1251151,0,106,0,0,174,0,505,0,0,0,0,0,0,0,0,0,0,0,0,0,0,0,0,0
M2,2016-05-02__bonirob_2016-05-02-12-21-51_1_frame1,2016-05-02,1251936,0.0009065958643253329,0.0008586700917618792,-4.7925772563453734e-05,98,158,1250214,98,119,0,0,158,977,0,0,0,53,0,317,0,0,0,0,0,0,0,0,0,0,0,0
M2,2016-05-02__bonirob_2016-05-02-12-21-51_1_frame2,2016-05-02,1251936,0.0009489302967563837,0.00017333154410449097,-0.0007755987526518928,14,985,1250364,14,126,0,0,219,203,766,0,0,137,0,107,0,0,0,0,0,0,0,0,0,0,0,0
M2,2016-05-02__bonirob_2016-05-02-12-21-51_1_frame3,2016-05-02,1251936,0.0010567632850241545,0.000766013598139202,-0.00029074968688495254,108,472,1250082,82,338,0,0,154,851,318,0,0,18,26,67,0,0,0,0,0,0,0,0,0,0,0,0
M2,2016-05-02__bonirob_2016-05-02-12-21-51_1_frame4,2016-05-02,1251936,0.0006086573115558622,0.0,-0.0006086573115558622,0,762,1251048,0,126,0,0,196,0,566,0,0,0,0,0,0,0,0,0,0,0,0,0,0,0,0,0
M2,2016-05-02__bonirob_2016-05-02-12-21-51_1_frame5,2016-05-02,1251936,0.0009369488536155202,1.3578968892978554e-05,-0.0009233698847225417,0,1156,1250085,0,528,0,0,149,17,1007,0,0,150,0,0,0,0,0,0,0,0,0,0,0,0,0,0
M2,2016-05-02__bonirob_2016-05-02-12-21-51_1_frame6,2016-05-02,1251936,0.0006501929811108555,0.0,-0.0006501929811108555,0,814,1250468,0,194,0,0,155,0,659,0,0,157,0,303,0,0,0,0,0,0,0,0,0,0,0,0
M2,2016-05-02__bonirob_2016-05-02-12-21-51_1_frame7,2016-05-02,1251936,0.0006182424660685531,0.0,-0.0006182424660685531,0,774,1250699,0,257,0,0,164,0,610,0,0,13,0,193,0,0,0,0,0,0,0,0,0,0,0,0
M2,2016-05-02__bonirob_2016-05-02-12-21-51_1_frame8,2016-05-02,1251936,0.0003826074176315722,0.0,-0.0003826074176315722,0,479,1251407,0,50,0,0,67,0,412,0,0,0,0,0,0,0,0,0,0,0,0,0,0,0,0,0
M2,2016-05-02__bonirob_2016-05-02-12-21-51_1_frame9,2016-05-02,1251936,0.0009265649362267719,0.0006422053523502799,-0.00028435958387649206,152,508,1250301,152,323,0,0,130,652,378,0,0,0,0,0,0,0,0,0,0,0,0,0,0,0,0,0
M2,2016-05-02__bonirob_2016-05-02-12-21-51_1_frame10,2016-05-02,1251936,0.0009409426679958081,0.0,-0.0009409426679958081,0,1178,1250202,0,312,0,0,190,0,988,0,0,86,0,158,0,0,0,0,0,0,0,0,0,0,0,0
M2,2016-05-02__bonirob_2016-05-02-12-21-51_1_frame11,2016-05-02,1251936,0.0009800820489226287,0.0006454004038545101,-0.0003346816450681186,92,511,1249678,92,102,0,0,236,716,275,0,0,644,0,193,0,0,0,0,0,0,0,0,0,0,0,0
M2,2016-05-02__bonirob_2016-05-02-12-21-51_1_frame12,2016-05-02,1251936,0.0006685645272601794,0.0,-0.0006685645272601794,0,837,1250800,0,181,0,0,59,0,778,0,0,118,0,0,0,0,0,0,0,0,0,0,0,0,0,0
M2,2016-05-02__bonirob_2016-05-02-12-21-51_1_frame13,2016-05-02,1251936,0.0003682296858625361,0.0,-0.0003682296858625361,0,461,1251274,0,80,0,0,57,0,404,0,0,121,0,0,0,0,0,0,0,0,0,0,0,0,0,0
M2,2016-05-02__bonirob_2016-05-02-12-21-51_1_frame14,2016-05-02,1251936,0.0008179331850829435,0.00032270020192725507,-0.0004952329831556884,48,668,1250621,48,243,0,0,56,356,612,0,0,0,0,0,0,0,0,0,0,0,0,0,0,0,0,0
M2,2016-05-02__bonirob_2016-05-02-12-21-51_1_frame15,2016-05-02,1251936,0.001107085346215781,0.0008674564833985124,-0.00023962886281726856,94,394,1250050,94,145,0,0,116,992,278,0,0,11,0,250,0,0,0,0,0,0,0,0,0,0,0,0
M2,2016-05-02__bonirob_2016-05-02-12-21-51_1_frame16,2016-05-02,1251936,0.0009329550392352324,0.000476062674130307,-0.00045689236510492543,21,593,1250249,21,14,0,5,280,575,313,0,0,296,0,156,0,27,0,0,0,0,0,0,0,0,0,0
M2,2016-05-02__bonirob_2016-05-02-12-21-51_1_frame17,2016-05-02,1251936,0.000631022672085474,0.0,-0.000631022672085474,0,790,1250866,0,147,0,0,63,0,727,0,0,88,0,45,0,0,0,0,0,0,0,0,0,0,0,0
M2,2016-05-02__bonirob_2016-05-02-12-21-51_1_frame18,2016-05-02,1251936,0.0006909298877897912,0.0,-0.0006909298877897912,0,865,1250280,0,207,0,0,102,0,763,0,0,200,0,384,0,0,0,0,0,0,0,0,0,0,0,0
M2,2016-05-02__bonirob_2016-05-02-12-21-51_1_frame19,2016-05-02,1251936,0.0008179331850829435,0.00046408123098944353,-0.0003538519540935,123,566,1250688,123,101,0,0,170,458,396,0,0,0,0,0,0,0,0,0,0,0,0,0,0,0,0,0
M2,2016-05-04__bonirob_2016-05-04-10-05-47_1_frame0,2016-05-04,1251936,0.00024681772870178666,0.0005008243232880914,0.0002540065945863047,627,309,1250808,37,164,0,0,212,0,97,0,0,28,590,0,0,0,0,0,0,0,0,0,0,0,0,0
M2,2016-05-04__bonirob_2016-05-04-10-05-47_1_frame1,2016-05-04,1251936,0.0008035554533139074,0.000412161644045702,-0.0003913938092682054,136,626,1250570,136,224,0,0,207,380,419,0,0,0,0,0,0,0,0,0,0,0,0,0,0,0,0,0
M2,2016-05-04__bonirob_2016-05-04-10-05-47_1_frame2,2016-05-04,1251936,0.0005359698898346241,0.0,-0.0005359698898346241,0,671,1250724,0,186,0,0,403,0,268,0,0,98,0,257,0,0,0,0,0,0,0,0,0,0,0,0
M2,2016-05-04__bonirob_2016-05-04-10-05-47_1_frame3,2016-05-04,1251936,0.0006677657643841218,0.0,-0.0006677657643841218,0,836,1250598,0,388,0,0,300,0,536,0,0,54,0,60,0,0,0,0,0,0,0,0,0,0,0,0
M2,2016-05-04__bonirob_2016-05-04-10-05-47_1_frame4,2016-05-04,1251936,0.0009297599877310022,0.0005056169005444367,-0.00042414308718656546,83,614,1250395,83,294,0,0,230,550,384,0,0,0,0,0,0,0,0,0,0,0,0,0,0,0,0,0
M2,2016-05-04__bonirob_2016-05-04-10-05-47_1_frame5,2016-05-04,1251936,0.001570367814329167,0.001533624722030519,-3.6743092298648e-05,209,255,1249166,209,322,0,0,246,1711,9,0,0,104,0,169,0,0,0,0,0,0,0,0,0,0,0,0
M2,2016-05-04__bonirob_2016-05-04-10-05-47_1_frame6,2016-05-04,1251936,0.0013139649311146896,0.0005383661784627968,-0.0007755987526518928,41,1012,1249986,41,197,0,0,205,633,807,0,0,66,0,1,0,0,0,0,0,0,0,0,0,0,0,0
M2,2016-05-04__bonirob_2016-05-04-10-05-47_1_frame7,2016-05-04,1251936,0.0014841014237149503,0.0015567888454361884,7.268742172123811e-05,203,112,1249807,203,68,0,0,112,1746,0,0,0,0,0,0,0,0,0,0,0,0,0,0,0,0,0,0
M2,2016-05-04__bonirob_2016-05-04-10-05-47_1_frame8,2016-05-04,1251936,0.0013570981264217979,0.0011997418398384582,-0.00015735628658333973,200,397,1249767,200,270,0,0,132,1302,265,0,0,0,0,0,0,0,0,0,0,0,0,0,0,0,0,0
M2,2016-05-04__bonirob_2016-05-04-10-05-47_1_frame9,2016-05-04,1251936,0.0012908008077090203,0.0013411228689006467,5.0322061191626416e-05,237,174,1249883,237,72,0,0,174,1442,0,0,0,63,0,65,0,0,0,0,0,0,0,0,0,0,0,0
M2,2016-05-04__bonirob_2016-05-04-10-05-47_1_frame10,2016-05-04,1251936,0.0011014940060833781,0.0010144288525931037,-8.706515349027441e-05,176,285,1248979,129,108,0,0,130,1094,155,0,0,563,47,731,0,0,0,0,0,0,0,0,0,0,0,0
M2,2016-05-04__bonirob_2016-05-04-10-05-47_1_frame11,2016-05-04,1251936,0.0011230606037369321,0.0004337282416992562,-0.000689332362037676,26,889,1250366,26,60,0,0,385,517,504,0,0,74,0,4,0,0,0,0,0,0,0,0,0,0,0,0
M2,2016-05-04__bonirob_2016-05-04-10-05-47_1_frame12,2016-05-04,1251936,0.0013435191575288195,0.0008195307108350586,-0.0005239884466937608,100,756,1249939,100,101,0,0,152,926,604,0,0,112,0,2,0,0,0,0,0,0,0,0,0,0,0,0
M2,2016-05-04__bonirob_2016-05-04-10-05-47_1_frame13,2016-05-04,1251936,0.0014529496715487054,0.0013483117347851648,-0.00010463793676354053,168,299,1249579,168,370,0,0,299,1520,0,0,0,0,0,0,0,0,0,0,0,0,0,0,0,0,0,0
M2,2016-05-04__bonirob_2016-05-04-10-05-47_1_frame14,2016-05-04,1251936,0.0013419216317767043,0.0012316923548807606,-0.00011022927689594377,240,378,1249273,240,385,0,0,280,1302,98,0,0,234,0,124,0,0,0,0,0,0,0,0,0,0,0,0
M2,2016-05-04__bonirob_2016-05-04-10-05-47_1_frame15,2016-05-04,1251936,0.001107085346215781,0.0007444470004856478,-0.0003626383457301331,121,575,1249934,121,301,0,0,184,811,391,0,0,0,0,194,0,0,0,0,0,0,0,0,0,0,0,0
M2,2016-05-04__bonirob_2016-05-04-10-05-47_1_frame16,2016-05-04,1251936,0.0014249929708866906,0.0015615814226925338,0.00013658845180584316,257,86,1249556,257,269,0,0,86,1698,0,0,0,70,0,0,0,0,0,0,0,0,0,0,0,0,0,0
M2,2016-05-04__bonirob_2016-05-04-10-05-47_1_frame17,2016-05-04,1251936,0.0003650346343583059,0.0,-0.0003650346343583059,0,457,1250547,0,263,0,0,298,0,159,0,0,62,0,607,0,0,0,0,0,0,0,0,0,0,0,0
M2,2016-05-04__bonirob_2016-05-04-10-05-47_1_frame18,2016-05-04,1251936,0.0013155624568668047,0.0013738721468190068,5.830968995220202e-05,323,250,1249572,323,213,0,0,250,1397,0,0,0,6,0,175,0,0,0,0,0,0,0,0,0,0,0,0
M2,2016-05-04__bonirob_2016-05-04-10-05-47_1_frame19,2016-05-04,1251936,0.0007252766914602664,0.0007420507118574752,1.677402039720877e-05,140,119,1250744,140,34,0,0,119,789,0,0,0,96,0,14,0,0,0,0,0,0,0,0,0,0,0,0
M2,2016-05-06__bonirob_2016-05-06-11-21-29_10_frame2,2016-05-06,1251936,0.002724580170232344,0.003080029650077959,0.00035544947984561493,655,210,1246892,655,978,0,0,210,3201,0,0,0,0,0,0,0,0,0,0,0,0,0,0,0,0,0,0
M2,2016-05-06__bonirob_2016-05-06-11-21-29_10_frame3,2016-05-06,1251936,0.0024394218234797945,0.002121514198808885,-0.0003179076246709097,403,801,1247458,403,668,0,0,127,2253,674,0,0,353,0,0,0,0,0,0,0,0,0,0,0,0,0,0
M2,2016-05-06__bonirob_2016-05-06-11-21-29_10_frame4,2016-05-06,1251936,0.002567223883649004,0.002838004498632518,0.00027078061498351375,582,243,1247386,582,671,0,0,239,2971,4,0,0,83,0,0,0,0,0,0,0,0,0,0,0,0,0,0
M2,2016-05-06__bonirob_2016-05-06-11-21-29_10_frame5,2016-05-06,1251936,0.0011238593666129898,0.0010927076144467448,-3.1151752166244965e-05,113,152,1250010,113,405,0,1,152,1255,0,0,0,0,0,0,0,0,0,0,0,0,0,0,0,0,0,0
M2,2016-05-06__bonirob_2016-05-06-11-21-29_10_frame6,2016-05-06,1251936,0.0026311249137336095,0.0032030391329908236,0.0005719142192572141,765,49,1247221,765,656,0,0,49,3245,0,0,0,0,0,0,0,0,0,0,0,0,0,0,0,0,0,0
M2,2016-05-06__bonirob_2016-05-06-11-21-29_10_frame7,2016-05-06,1251936,0.0015168507016333104,0.0016158972982644481,9.904659663113771e-05,219,95,1248638,219,575,0,0,95,1804,0,0,0,229,0,376,0,0,0,0,0,0,0,0,0,0,0,0
M2,2016-05-06__bonirob_2016-05-06-11-21-29_10_frame8,2016-05-06,1251936,0.0034226989239066535,0.003924322010070803,0.0005016230861641493,716,88,1244933,716,1055,0,0,88,4197,0,0,0,930,0,17,0,0,0,0,0,0,0,0,0,0,0,0
M2,2016-05-06__bonirob_2016-05-06-11-21-29_10_frame9,2016-05-06,1251936,0.0021766288372568566,0.0023739232676430744,0.00019729443038621775,400,153,1246887,400,1769,0,0,153,2572,0,0,0,65,0,90,0,0,0,0,0,0,0,0,0,0,0,0
M2,2016-05-06__bonirob_2016-05-06-11-21-29_10_frame10,2016-05-06,1251936,0.0023403752268486566,0.0027205863558520563,0.00038021112900339963,590,114,1247254,590,1092,0,0,114,2816,0,0,0,70,0,0,0,0,0,0,0,0,0,0,0,0,0,0
M2,2016-05-06__bonirob_2016-05-06-11-21-29_10_frame11,2016-05-06,1251936,0.0012396799836413364,0.0014345781253993814,0.00019489814175804496,276,32,1249316,276,562,0,0,32,1520,0,0,0,161,0,69,0,0,0,0,0,0,0,0,0,0,0,0
M2,2016-05-06__bonirob_2016-05-06-11-21-29_10_frame12,2016-05-06,1251936,0.002816437900978964,0.0030632556296807507,0.0002468177287017867,574,265,1247199,574,481,0,0,259,3261,6,0,0,156,0,0,0,0,0,0,0,0,0,0,0,0,0,0
M2,2016-05-06__bonirob_2016-05-06-11-21-29_10_frame13,2016-05-06,1251936,0.0018571236868338318,0.0021902078061498353,0.00033308411931600346,474,57,1247030,474,1517,0,0,57,2268,0,0,0,590,0,0,0,0,0,0,0,0,0,0,0,0,0,0
M2,2016-05-06__bonirob_2016-05-06-11-21-29_10_frame14,2016-05-06,1251936,0.002511310482324975,0.0029066981059734684,0.0003953876236484932,615,120,1247814,615,363,0,0,120,3024,0,0,0,0,0,0,0,0,0,0,0,0,0,0,0,0,0,0
M2,2016-05-06__bonirob_2016-05-06-11-21-29_10_frame15,2016-05-06,1251936,0.0018898729647521919,0.0020775822406257187,0.0001877092758735268,350,115,1247703,350,1403,0,0,115,2251,0,0,0,0,0,114,0,0,0,0,0,0,0,0,0,0,0,0
M2,2016-05-06__bonirob_2016-05-06-11-21-29_10_frame16,2016-05-06,1251936,0.0019401950259438183,0.002029656468062265,8.946144211844677e-05,331,219,1248001,331,1108,0,0,157,2210,62,0,0,67,0,0,0,0,0,0,0,0,0,0,0,0,0,0
M2,2016-05-06__bonirob_2016-05-06-11-21-29_10_frame17,2016-05-06,1251936,0.0016758045139687653,0.0020480280142115893,0.00037222350024282403,575,109,1248420,575,616,0,0,109,1989,0,0,0,217,0,10,0,0,0,0,0,0,0,0,0,0,0,0
M2,2016-05-06__bonirob_2016-05-06-11-21-29_10_frame18,2016-05-06,1251936,0.0025264869769700687,0.002903503054469238,0.0003770160774991694,543,71,1247426,543,578,0,0,71,3092,0,0,0,122,0,104,0,0,0,0,0,0,0,0,0,0,0,0
M2,2016-05-06__bonirob_2016-05-06-11-21-29_10_frame19,2016-05-06,1251936,0.0011621999846637527,0.0011661937990440406,3.993814380287911e-06,218,213,1249485,218,558,0,0,184,1242,29,0,0,220,0,0,0,0,0,0,0,0,0,0,0,0,0,0
M2,2016-05-06__bonirob_2016-05-06-11-21-29_10_frame20,2016-05-06,1251936,0.003299689440993789,0.003563281190092784,0.00026359174909899516,587,257,1245795,587,1207,0,0,257,3874,0,0,0,216,0,0,0,0,0,0,0,0,0,0,0,0,0,0
M2,2016-05-06__bonirob_2016-05-06-11-21-29_10_frame21,2016-05-06,1251936,0.0018563249239577741,0.0020432354369552437,0.00018691051299746957,387,153,1247725,387,1500,0,0,111,2171,42,0,0,0,0,0,0,0,0,0,0,0,0,0,0,0,0,0
M2,2016-05-09__bonirob_2016-05-09-10-49-56_6_frame2,2016-05-09,1251936,0.006150474145643228,0.007581058456662322,0.0014305843110190937,2018,227,1237800,1817,1008,0,0,227,7473,0,0,0,917,201,2493,0,0,0,0,0,0,0,0,0,0,0,0
M2,2016-05-09__bonirob_2016-05-09-10-49-56_6_frame3,2016-05-09,1251936,0.006378121565319633,0.0071792807300053675,0.0008011591646857347,1396,393,1241054,1396,452,0,0,393,7592,0,0,0,292,0,757,0,0,0,0,0,0,0,0,0,0,0,0
M2,2016-05-09__bonirob_2016-05-09-10-49-56_6_frame4,2016-05-09,1251936,0.007060265061472791,0.008339883188917005,0.0012796181274442138,1827,225,1239709,1827,1070,0,0,225,8614,0,0,0,39,0,452,0,0,0,0,0,0,0,0,0,0,0,0
M2,2016-05-09__bonirob_2016-05-09-10-49-56_6_frame5,2016-05-09,1251936,0.006926072898295121,0.00778793804156123,0.0008618651432661089,1396,317,1239578,1396,1102,0,0,317,8354,0,0,0,719,0,470,0,0,0,0,0,0,0,0,0,0,0,0
M2,2016-05-09__bonirob_2016-05-09-10-49-56_6_frame6,2016-05-09,1251936,0.005177580962605117,0.006324604452623776,0.001147023490018659,1574,138,1240275,1333,1017,0,0,138,6344,0,0,0,1089,241,1499,0,0,0,0,0,0,0,0,0,0,0,0
M2,2016-05-09__bonirob_2016-05-09-10-49-56_6_frame7,2016-05-09,1251936,0.0063038366178462795,0.007017131866165683,0.0007132952483194033,1225,332,1242340,1225,98,0,0,332,7560,0,0,0,361,0,20,0,0,0,0,0,0,0,0,0,0,0,0
M2,2016-05-09__bonirob_2016-05-09-10-49-56_6_frame8,2016-05-09,1251936,0.0036655228382281523,0.004640013547018378,0.0009744907087902255,1288,68,1242925,1288,801,0,0,68,4521,0,0,0,1043,0,1290,0,0,0,0,0,0,0,0,0,0,0,0
M2,2016-05-09__bonirob_2016-05-09-10-49-56_6_frame9,2016-05-09,1251936,0.004685543030953659,0.005449160340464688,0.0007636173095110291,1153,197,1241999,1153,1095,0,0,197,5669,0,0,0,652,0,1171,0,0,0,0,0,0,0,0,0,0,0,0
M2,2016-05-09__bonirob_2016-05-09-10-49-56_6_frame10,2016-05-09,1251936,0.002288455639904915,0.0025432609973672776,0.00025480535746236254,446,127,1247236,446,570,0,0,127,2738,0,0,0,533,0,286,0,0,0,0,0,0,0,0,0,0,0,0
M2,2016-05-09__bonirob_2016-05-09-10-49-56_6_frame11,2016-05-09,1251936,0.005414813536794213,0.006082579301178335,0.0006677657643841218,1095,259,1241273,1095,878,0,0,259,6520,0,0,0,701,0,1210,0,0,0,0,0,0,0,0,0,0,0,0
M2,2016-05-09__bonirob_2016-05-09-10-49-56_6_frame12,2016-05-09,1251936,0.004493041177823787,0.005292602816757406,0.0007995616389336194,1283,282,1244470,1283,316,0,0,282,5343,0,0,0,95,0,147,0,0,0,0,0,0,0,0,0,0,0,0
M2,2016-05-09__bonirob_2016-05-09-10-49-56_6_frame13,2016-05-09,1251936,0.004524192929990032,0.005328547146179996,0.0008043542161899645,1201,194,1240625,1201,929,0,0,194,5470,0,0,0,804,0,2713,0,0,0,0,0,0,0,0,0,0,0,0
M2,2016-05-09__bonirob_2016-05-09-10-49-56_6_frame14,2016-05-09,1251936,0.0040353500498428035,0.006671267540832759,0.002635917490989955,3418,118,1230733,1441,741,0,0,118,4934,0,0,0,2140,1977,9852,0,0,0,0,0,0,0,0,0,0,0,0
M2,2016-05-09__bonirob_2016-05-09-10-49-56_6_frame15,2016-05-09,1251936,0.005711953326687626,0.006620945479641132,0.0009089921529535057,1377,239,1242324,1377,532,0,0,239,6912,0,0,0,447,0,105,0,0,0,0,0,0,0,0,0,0,0,0
M2,2016-05-09__bonirob_2016-05-09-10-49-56_6_frame16,2016-05-09,1251936,0.006085774352682565,0.006868561971218976,0.0007827876185364114,1179,199,1241030,1179,647,0,0,199,7420,0,0,0,949,0,512,0,0,0,0,0,0,0,0,0,0,0,0
M2,2016-05-09__bonirob_2016-05-09-10-49-56_6_frame17,2016-05-09,1251936,0.006692834138486313,0.007255961966106893,0.0005631278276205806,1002,297,1240085,1002,1461,0,0,297,8082,0,0,0,468,0,541,0,0,0,0,0,0,0,0,0,0,0,0
M2,2016-05-09__bonirob_2016-05-09-10-49-56_6_frame18,2016-05-09,1251936,0.004070495616389336,0.004822131482759502,0.0007516358663701662,1140,199,1245101,1140,128,0,0,199,4897,0,0,0,230,0,241,0,0,0,0,0,0,0,0,0,0,0,0
M2,2016-05-09__bonirob_2016-05-09-10-49-56_6_frame19,2016-05-09,1251936,0.0063126230094829126,0.0069508345474529045,0.000638211537969992,1060,261,1240826,1060,1385,0,0,261,7642,0,0,0,171,0,591,0,0,0,0,0,0,0,0,0,0,0,0
M2,2016-05-09__bonirob_2016-05-09-10-49-56_6_frame20,2016-05-09,1251936,0.0020927587352708127,0.0023867034736599953,0.00029394473838918267,518,150,1247962,518,385,0,0,150,2470,0,0,0,434,0,17,0,0,0,0,0,0,0,0,0,0,0,0
M2,2016-05-09__bonirob_2016-05-09-10-49-56_6_frame21,2016-05-09,1251936,0.0030856209902103623,0.0035025752115124095,0.0004169542213020472,686,164,1246530,686,141,0,0,164,3699,0,0,0,710,0,6,0,0,0,0,0,0,0,0,0,0,0,0
M2,2016-05-11__bonirob_2016-05-11-10-36-32_5_frame2,2016-05-11,1251936,0.008571524422973698,0.009113085652940726,0.0005415612299670275,1142,464,1239113,1142,789,0,0,464,10267,0,0,0,25,0,136,0,0,0,0,0,0,0,0,0,0,0,0
M2,2016-05-11__bonirob_2016-05-11-10-36-32_5_frame3,2016-05-11,1251936,0.008070700099685607,0.008879846893131918,0.0008091467934463106,1352,339,1240064,1352,416,0,0,339,9765,0,0,0,0,0,0,0,0,0,0,0,0,0,0,0,0,0,0
M2,2016-05-11__bonirob_2016-05-11-10-36-32_5_frame4,2016-05-11,1251936,0.007236791657081512,0.0074987858804283925,0.0002619942233468807,820,492,1240620,820,892,0,0,492,8568,0,0,0,142,0,402,0,0,0,0,0,0,0,0,0,0,0,0
M2,2016-05-11__bonirob_2016-05-11-10-36-32_5_frame5,2016-05-11,1251936,0.006408474554609821,0.0072743335122562175,0.0008658589576463968,1351,267,1241582,1351,619,0,0,267,7756,0,0,0,309,0,52,0,0,0,0,0,0,0,0,0,0,0,0
M2,2016-05-11__bonirob_2016-05-11-10-36-32_5_frame6,2016-05-11,1251936,0.009390256370932699,0.010058022135316822,0.0006677657643841227,1169,333,1238421,1169,455,0,0,333,11423,0,0,0,82,0,53,0,0,0,0,0,0,0,0,0,0,0,0
M2,2016-05-11__bonirob_2016-05-11-10-36-32_5_frame7,2016-05-11,1251936,0.010087576361730952,0.01091030212407024,0.0008227257623392888,1441,411,1237000,1441,735,0,0,411,12218,0,0,0,2,0,129,0,0,0,0,0,0,0,0,0,0,0,0
M2,2016-05-11__bonirob_2016-05-11-10-36-32_5_frame8,2016-05-11,1251936,0.0072136275336758425,0.0077487986606344095,0.000535171126958567,1100,430,1240450,1100,565,0,0,430,8601,0,0,0,629,0,161,0,0,0,0,0,0,0,0,0,0,0,0
M2,2016-05-11__bonirob_2016-05-11-10-36-32_5_frame9,2016-05-11,1251936,0.0063509636275336755,0.006853385476573882,0.0005024218490402065,1098,469,1241565,1098,458,0,0,469,7482,0,0,0,93,0,771,0,0,0,0,0,0,0,0,0,0,0,0
M2,2016-05-11__bonirob_2016-05-11-10-36-32_5_frame10,2016-05-11,1251936,0.01043184316131176,0.010547663778340106,0.00011582061702834594,864,719,1237477,864,443,0,0,719,12341,0,0,0,1,0,91,0,0,0,0,0,0,0,0,0,0,0,0
M2,2016-05-11__bonirob_2016-05-11-10-36-32_5_frame11,2016-05-11,1251936,0.010645911612095186,0.012775413439664648,0.0021295018275694615,2951,285,1234058,2223,694,0,0,285,13043,0,0,0,49,728,856,0,0,0,0,0,0,0,0,0,0,0,0
M2,2016-05-11__bonirob_2016-05-11-10-36-32_5_frame12,2016-05-11,1251936,0.015160519387572527,0.015439287631316616,0.00027876824374408957,1398,1049,1230875,1398,412,0,0,1049,17931,0,0,0,78,0,193,0,0,0,0,0,0,0,0,0,0,0,0
M2,2016-05-11__bonirob_2016-05-11-10-36-32_5_frame13,2016-05-11,1251936,0.009163407714132352,0.009849545024665798,0.000686137310533446,1284,425,1238945,1284,235,0,0,425,11047,0,0,0,0,0,0,0,0,0,0,0,0,0,0,0,0,0,0
M2,2016-05-11__bonirob_2016-05-11-10-36-32_5_frame14,2016-05-11,1251936,0.011268946655420085,0.012962323952662117,0.0016933772972420325,2645,525,1231305,1565,1487,0,0,525,13583,0,0,0,338,1080,2053,0,0,0,0,0,0,0,0,0,0,0,0
M2,2016-05-11__bonirob_2016-05-11-10-36-32_5_frame15,2016-05-11,1251936,0.006298245277713877,0.007656142167011732,0.001357896889297855,2049,349,1240084,1260,404,0,0,349,7536,0,0,0,240,789,1274,0,0,0,0,0,0,0,0,0,0,0,0
M2,2016-05-11__bonirob_2016-05-11-10-36-32_5_frame16,2016-05-11,1251936,0.011812105411139228,0.012559747463129106,0.0007476420519898774,1537,601,1235580,1537,31,0,0,601,14187,0,0,0,0,0,0,0,0,0,0,0,0,0,0,0,0,0,0
M2,2016-05-11__bonirob_2016-05-11-10-36-32_5_frame17,2016-05-11,1251936,0.00662493929402142,0.007212828770799785,0.0005878894767783653,1012,276,1241111,1012,583,0,0,276,8018,0,0,0,400,0,536,0,0,0,0,0,0,0,0,0,0,0,0
M2,2016-05-11__bonirob_2016-05-11-10-36-32_5_frame18,2016-05-11,1251936,0.00860666998952023,0.009062763591749099,0.00045609360222886863,1417,846,1239082,1417,372,0,0,846,9929,0,0,0,84,0,206,0,0,0,0,0,0,0,0,0,0,0,0
M2,2016-05-11__bonirob_2016-05-11-10-36-32_5_frame19,2016-05-11,1251936,0.009348720701377706,0.009608318636096414,0.000259597934718709,966,641,1238164,966,637,0,0,641,11063,0,0,0,314,0,151,0,0,0,0,0,0,0,0,0,0,0,0
M2,2016-05-11__bonirob_2016-05-11-10-36-32_5_frame20,2016-05-11,1251936,0.003496185108503949,0.0036375661375661374,0.0001413810290621883,608,431,1244998,608,1953,0,0,175,3946,256,0,0,0,0,0,0,0,0,0,0,0,0,0,0,0,0,0
M2,2016-05-11__bonirob_2016-05-11-10-36-32_5_frame21,2016-05-11,1251936,0.005684795388901669,0.005766269202259541,8.147381335787181e-05,636,534,1243723,636,460,0,0,195,6583,339,0,0,0,0,0,0,0,0,0,0,0,0,0,0,0,0,0
M2,2016-05-13__bonirob_2016-05-13-11-50-19_2_frame0,2016-05-13,1251936,0.005416411062546329,0.006008294353704982,0.0005918832911586533,1023,282,1242460,1023,263,0,0,282,6499,0,0,0,643,0,766,0,0,0,0,0,0,0,0,0,0,0,0
M2,2016-05-13__bonirob_2016-05-13-11-50-19_2_frame1,2016-05-13,1251936,0.013172398589065255,0.01408857960790328,0.0009161810188380252,1667,520,1232070,1667,167,0,0,520,15971,0,0,0,1355,0,186,0,0,0,0,0,0,0,0,0,0,0,0
M2,2016-05-13__bonirob_2016-05-13-11-50-19_2_frame2,2016-05-13,1251936,0.01145745469416967,0.011935114894052093,0.00047766019988242266,969,371,1235606,969,78,0,0,371,13973,0,0,0,413,0,526,0,0,0,0,0,0,0,0,0,0,0,0
M2,2016-05-13__bonirob_2016-05-13-11-50-19_2_frame3,2016-05-13,1251936,0.008390205250108631,0.009566782966541421,0.0011765777164327897,1693,220,1237026,1693,511,0,0,220,10284,0,0,0,691,0,1511,0,0,0,0,0,0,0,0,0,0,0,0
M2,2016-05-13__bonirob_2016-05-13-11-50-19_2_frame4,2016-05-13,1251936,0.010958227896633694,0.011583659228586765,0.0006254313319530719,1129,346,1236223,1129,107,0,0,346,13373,0,0,0,516,0,242,0,0,0,0,0,0,0,0,0,0,0,0
M2,2016-05-13__bonirob_2016-05-13-11-50-19_2_frame5,2016-05-13,1251936,0.011196259233698847,0.011856836132198451,0.0006605768984996041,1242,415,1233963,1242,904,0,0,415,13602,0,0,0,206,0,1604,0,0,0,0,0,0,0,0,0,0,0,0
M2,2016-05-13__bonirob_2016-05-13-11-50-19_2_frame6,2016-05-13,1251936,0.0016638230708279017,0.0018499348209493136,0.0001861117501214119,297,64,1246566,297,723,0,0,64,2019,0,0,0,889,0,1378,0,0,0,0,0,0,0,0,0,0,0,0
M2,2016-05-13__bonirob_2016-05-13-11-50-19_2_frame7,2016-05-13,1251936,0.007358203614242262,0.0080595174194208,0.0007013138051785387,1184,306,1239325,1184,266,0,0,306,8906,0,0,0,1302,0,647,0,0,0,0,0,0,0,0,0,0,0,0
M2,2016-05-13__bonirob_2016-05-13-11-50-19_2_frame8,2016-05-13,1251936,0.0050873207576106125,0.005554597040104287,0.00046727628249367426,717,132,1244254,717,38,0,0,132,6237,0,0,0,558,0,0,0,0,0,0,0,0,0,0,0,0,0,0
M2,2016-05-13__bonirob_2016-05-13-11-50-19_2_frame9,2016-05-13,1251936,0.009434188329115866,0.009949390384172993,0.0005152020550571266,957,312,1236804,957,994,0,0,231,11499,81,0,0,754,0,616,0,0,0,0,0,0,0,0,0,0,0,0
M2,2016-05-13__bonirob_2016-05-13-11-50-19_2_frame10,2016-05-13,1251936,0.016710918130000255,0.018107155637348875,0.0013962375073486195,2095,347,1225369,1891,800,0,0,347,20574,0,0,0,996,204,1755,0,0,0,0,0,0,0,0,0,0,0,0
M2,2016-05-13__bonirob_2016-05-13-11-50-19_2_frame11,2016-05-13,1251936,0.006786289394985047,0.007095410628019324,0.00030912123303427665,904,517,1239748,904,511,0,0,517,7979,0,0,0,1858,0,419,0,0,0,0,0,0,0,0,0,0,0,0
M2,2016-05-13__bonirob_2016-05-13-11-50-19_2_frame12,2016-05-13,1251936,0.020456317255834165,0.021429210438872276,0.0009728931830381114,2293,1075,1220353,2293,653,0,0,883,24535,192,0,0,792,0,2235,0,0,0,0,0,0,0,0,0,0,0,0
M2,2016-05-13__bonirob_2016-05-13-11-50-19_2_frame13,2016-05-13,1251936,0.008532385042046878,0.009434987091991923,0.0009026020499450452,1395,265,1237748,1395,804,0,0,262,10417,3,0,0,972,0,335,0,0,0,0,0,0,0,0,0,0,0,0
M2,2016-05-13__bonirob_2016-05-13-11-50-19_2_frame14,2016-05-13,1251936,0.008769617616235974,0.009784845231705135,0.0010152276154691605,1606,335,1238903,1606,82,0,0,335,10644,0,0,0,366,0,0,0,0,0,0,0,0,0,0,0,0,0,0
M2,2016-05-13__bonirob_2016-05-13-11-50-19_2_frame15,2016-05-13,1251936,0.010665081921120569,0.01157567159982619,0.0009105896787056211,1572,432,1234243,1572,581,0,0,432,12920,0,0,0,1047,0,1141,0,0,0,0,0,0,0,0,0,0,0,0
M2,2016-05-13__bonirob_2016-05-13-11-50-19_2_frame16,2016-05-13,1251936,0.018384326355340846,0.01930450118855916,0.0009201748332183131,1808,656,1223331,1808,1028,0,0,656,22360,0,0,0,1276,0,1477,0,0,0,0,0,0,0,0,0,0,0,0
M2,2016-05-13__bonirob_2016-05-13-11-50-19_2_frame17,2016-05-13,1251936,0.02439661452342612,0.0259158615136876,0.0015192469902614823,2354,452,1218816,2354,50,0,0,452,30091,0,0,0,76,0,97,0,0,0,0,0,0,0,0,0,0,0,0
M2,2016-05-13__bonirob_2016-05-13-11-50-19_2_frame18,2016-05-13,1251936,0.003700668404774685,0.004255009840758633,0.0005543414359839485,798,104,1243411,798,751,0,0,104,4529,0,0,0,1670,0,673,0,0,0,0,0,0,0,0,0,0,0,0
M2,2016-05-13__bonirob_2016-05-13-11-50-19_2_frame19,2016-05-13,1251936,0.022745571658615137,0.017151036474707972,-0.005594535183907165,1838,8842,1215889,1838,1883,0,0,1438,19634,7404,0,0,614,0,3236,0,0,0,0,0,0,0,0,0,0,0,0
M2,2016-05-18__bonirob_2016-05-18-10-59-09_4_frame2,2016-05-18,1251936,0.0316509789637809,0.03331719832323697,0.0016662193594560726,2732,646,1206106,2732,1133,0,0,646,38979,0,0,0,360,0,1980,0,0,0,0,0,0,0,0,0,0,0,0
M2,2016-05-18__bonirob_2016-05-18-10-59-09_4_frame3,2016-05-18,1251936,0.043530979219385015,0.04556063568744728,0.0020296564680622672,3224,683,1194075,3224,56,0,0,683,53815,0,0,0,72,0,11,0,0,0,0,0,0,0,0,0,0,0,0
M2,2016-05-18__bonirob_2016-05-18-10-59-09_4_frame4,2016-05-18,1251936,0.027143560054188075,0.029183600439639086,0.0020400403854510113,3044,490,1214754,3044,40,0,0,490,33492,0,0,0,116,0,0,0,0,0,0,0,0,0,0,0,0,0,0
M2,2016-05-18__bonirob_2016-05-18-10-59-09_4_frame5,2016-05-18,1251936,0.03711691332464279,0.03923682999769956,0.0021199166730567695,2873,219,1201914,2873,143,0,0,219,46249,0,0,0,217,0,321,0,0,0,0,0,0,0,0,0,0,0,0
M2,2016-05-18__bonirob_2016-05-18-10-59-09_4_frame6,2016-05-18,1251936,0.03193453978478133,0.0339170692431562,0.0019825294583748695,3388,906,1204753,3388,590,0,0,686,39074,220,0,0,1145,0,2080,0,0,0,0,0,0,0,0,0,0,0,0
M2,2016-05-18__bonirob_2016-05-18-10-59-09_4_frame7,2016-05-18,1251936,0.038255949185900875,0.04065463410270174,0.0023986849168008625,3546,543,1200025,3546,175,0,0,543,47351,0,0,0,155,0,141,0,0,0,0,0,0,0,0,0,0,0,0
M2,2016-05-18__bonirob_2016-05-18-10-59-09_4_frame8,2016-05-18,1251936,0.03564958592132505,0.039453294737111164,0.003803708815786115,5542,780,1198472,3375,1693,0,0,780,43851,0,0,0,163,2167,1435,0,0,0,0,0,0,0,0,0,0,0,0
M2,2016-05-18__bonirob_2016-05-18-10-59-09_4_frame9,2016-05-18,1251936,0.04122654832195895,0.04243108273905375,0.0012045344170948033,3769,2261,1192281,3066,1049,0,0,1136,49352,1125,0,0,631,703,2593,0,0,0,0,0,0,0,0,0,0,0,0
M2,2016-05-18__bonirob_2016-05-18-10-59-09_4_frame10,2016-05-18,1251936,0.02559475883751246,0.026796896965979092,0.0012021381284666316,2125,620,1212405,2125,1512,0,305,620,31423,0,0,0,176,0,2974,0,396,0,0,0,0,0,0,0,0,0,0
M2,2016-05-18__bonirob_2016-05-18-10-59-09_4_frame11,2016-05-18,1251936,0.037093749201237126,0.041666666666666664,0.004572917465429538,6750,1025,1193244,3821,1380,0,0,1025,45414,0,0,0,583,2929,3540,0,0,0,0,0,0,0,0,0,0,0,0
M2,2016-05-18__bonirob_2016-05-18-10-59-09_4_frame12,2016-05-18,1251936,0.028921606216292205,0.0300510569230376,0.0011294507067453954,2356,942,1208997,1958,570,0,0,942,35266,0,0,0,940,398,2865,0,0,0,0,0,0,0,0,0,0,0,0
M2,2016-05-18__bonirob_2016-05-18-10-59-09_4_frame13,2016-05-18,1251936,0.022455620734606243,0.023442891649413388,0.0009872709148071451,2061,825,1221051,2061,158,0,0,825,27288,0,0,0,484,0,69,0,0,0,0,0,0,0,0,0,0,0,0
M2,2016-05-18__bonirob_2016-05-18-10-59-09_4_frame14,2016-05-18,1251936,0.03397697645886052,0.03555852695345449,0.001581550494593971,2732,752,1206230,2732,38,0,0,752,41785,0,0,0,188,0,211,0,0,0,0,0,0,0,0,0,0,0,0
M2,2016-05-18__bonirob_2016-05-18-10-59-09_4_frame15,2016-05-18,1251936,0.03399534800500984,0.035189498504715894,0.0011941504997060523,2642,1147,1205872,2642,746,0,0,864,41413,283,0,0,0,0,116,0,0,0,0,0,0,0,0,0,0,0,0
M2,2016-05-18__bonirob_2016-05-18-10-59-09_4_frame16,2016-05-18,1251936,0.03369101934923191,0.03558568489124045,0.001894665542008539,2926,554,1206313,2926,269,0,0,554,41625,0,0,0,35,0,214,0,0,0,0,0,0,0,0,0,0,0,0
M2,2016-05-18__bonirob_2016-05-18-10-59-09_4_frame17,2016-05-18,1251936,0.04001802009048386,0.04211796769163919,0.0020999476011553317,3468,839,1197593,3468,645,0,0,839,49261,0,0,0,17,0,113,0,0,0,0,0,0,0,0,0,0,0,0
M2,2016-05-18__bonirob_2016-05-18-10-59-09_4_frame18,2016-05-18,1251936,0.03988622421593436,0.04141665388646065,0.001530429670526294,3122,1206,1196648,3122,750,0,0,1120,48729,86,0,0,161,0,1320,0,0,0,0,0,0,0,0,0,0,0,0
M2,2016-05-18__bonirob_2016-05-18-10-59-09_4_frame19,2016-05-18,1251936,0.034518537688827546,0.03793564527260179,0.0034171075837742468,5040,762,1196726,2999,1813,0,0,762,42453,0,0,0,568,2041,4574,0,0,0,0,0,0,0,0,0,0,0,0
M2,2016-05-18__bonirob_2016-05-18-10-59-09_4_frame20,2016-05-18,1251936,0.03432603583569767,0.036152806533241315,0.0018267706975436462,3058,771,1205302,3058,387,0,0,771,42203,0,0,0,20,0,195,0,0,0,0,0,0,0,0,0,0,0,0
M2,2016-05-18__bonirob_2016-05-18-10-59-09_4_frame21,2016-05-18,1251936,0.03576700406410551,0.03655698054852644,0.0007899764844209317,1933,944,1200194,1929,887,0,0,944,43834,0,0,0,849,4,3295,0,0,0,0,0,0,0,0,0,0,0,0
M2,2016-05-27___2016-05-27-10-26-48_5_frame23,2016-05-27,1251936,0.03964100401298469,0.04163950872888071,0.001998504715896021,3308,806,1197675,3308,264,0,151,643,48822,163,0,0,768,0,142,0,0,0,0,0,0,0,0,0,0,0,0
M2,2016-05-27___2016-05-27-10-26-48_5_frame24,2016-05-27,1251936,0.027975072208163997,0.03004786187153337,0.002072789663369372,3016,421,1212899,3016,596,0,0,421,34602,0,0,0,134,0,268,0,0,0,0,0,0,0,0,0,0,0,0
M2,2016-05-27___2016-05-27-10-26-48_5_frame25,2016-05-27,1251936,0.016089480612427473,0.018126325946374255,0.0020368453339467824,2795,245,1226955,2582,983,0,0,245,19898,0,0,0,738,213,322,0,0,0,0,0,0,0,0,0,0,0,0
M2,2016-05-27___2016-05-27-10-26-48_5_frame26,2016-05-27,1251936,0.036676794979935076,0.038922916187408944,0.002246121207473868,3222,410,1198570,3222,2174,0,0,410,45507,0,0,0,429,0,1624,0,0,0,0,0,0,0,0,0,0,0,0
M2,2016-05-27___2016-05-27-10-26-48_5_frame27,2016-05-27,1251936,0.06922398589065255,0.07280084604963832,0.00357686015898577,4752,274,1159693,4752,139,0,0,274,86390,0,0,0,365,0,323,0,0,0,0,0,0,0,0,0,0,0,0
M2,2016-05-27___2016-05-27-10-26-48_5_frame28,2016-05-27,1251936,0.06601535541752933,0.06927510671472024,0.003259751297190916,4407,326,1163622,4330,358,0,0,326,82321,0,0,0,347,77,555,0,0,0,0,0,0,0,0,0,0,0,0
M2,2016-05-27___2016-05-27-10-26-48_5_frame29,2016-05-27,1251936,0.08956368376658232,0.09376996907190144,0.004206285305319121,5904,638,1133455,5810,123,0,0,638,111490,0,0,0,122,94,204,0,0,0,0,0,0,0,0,0,0,0,0
M2,2016-05-27___2016-05-27-10-26-48_5_frame30,2016-05-27,1251936,0.06041123507910948,0.06348407586330292,0.0030728407841934396,4824,977,1170587,4816,101,0,0,977,74654,0,0,0,573,8,220,0,0,0,0,0,0,0,0,0,0,0,0
M2,2016-05-27___2016-05-27-10-26-48_5_frame31,2016-05-27,1251936,0.11599314980957492,0.1239967538276717,0.008003604018096772,10483,463,1095739,9957,74,0,0,463,144753,0,0,0,97,526,327,0,0,0,0,0,0,0,0,0,0,0,0
M2,2016-05-27___2016-05-27-10-26-48_5_frame32,2016-05-27,1251936,0.09584036244664264,0.10173283618331927,0.005892473736676632,8127,750,1122969,7552,174,0,0,688,119236,62,0,0,194,575,486,0,0,0,0,0,0,0,0,0,0,0,0
M2,2016-05-27___2016-05-27-10-26-48_5_frame33,2016-05-27,1251936,0.0950599711167344,0.09966483909720625,0.004604867980471841,6286,521,1125401,6286,219,0,0,521,118488,0,0,0,487,0,534,0,0,0,0,0,0,0,0,0,0,0,0
M2,2016-05-27___2016-05-27-10-26-48_5_frame34,2016-05-27,1251936,0.08490769496204278,0.08961480459065001,0.004707109628607223,6368,475,1137665,6368,396,0,0,475,105824,0,0,0,115,0,1093,0,0,0,0,0,0,0,0,0,0,0,0
M2,2016-05-27___2016-05-27-10-26-48_5_frame35,2016-05-27,1251936,0.09278589320859852,0.09769828489635253,0.004912391687754009,6580,430,1127724,6580,462,0,0,430,115732,0,0,0,274,0,734,0,0,0,0,0,0,0,0,0,0,0,0
M2,2016-05-27___2016-05-27-10-26-48_5_frame36,2016-05-27,1251936,0.07053715205889119,0.07583215116427677,0.005294999105385584,6918,289,1154377,6918,403,0,0,289,88019,0,0,0,552,0,1378,0,0,0,0,0,0,0,0,0,0,0,0
M2,2016-05-27___2016-05-27-10-26-48_5_frame37,2016-05-27,1251936,0.06262141195716076,0.0648715269790149,0.0022501150218541405,3395,578,1168578,3395,248,0,0,578,77820,0,0,0,516,0,801,0,0,0,0,0,0,0,0,0,0,0,0
M2,2016-05-27___2016-05-27-10-26-48_5_frame38,2016-05-27,1251936,0.06668072489328528,0.07002993763259464,0.003349212739309368,4594,401,1162720,4594,473,0,0,401,83079,0,0,0,108,0,561,0,0,0,0,0,0,0,0,0,0,0,0
M2,2016-05-27___2016-05-27-10-26-48_5_frame39,2016-05-27,1251936,0.06581406717276282,0.06772151292078828,0.0019074457480254547,2962,574,1165073,2962,793,0,0,497,81821,77,0,0,213,0,500,0,0,0,0,0,0,0,0,0,0,0,0
M2,2016-05-27___2016-05-27-10-26-48_5_frame40,2016-05-27,1251936,0.09375878639163664,0.09678370140326661,0.0030249150116299778,4639,852,1127176,4639,401,0,0,852,116528,0,0,0,722,0,1618,0,0,0,0,0,0,0,0,0,0,0,0
M2,2016-05-27___2016-05-27-10-26-48_5_frame41,2016-05-27,1251936,0.00556338343174092,0.005824578892211742,0.0002611954604708226,509,182,1242856,509,402,0,0,182,6783,0,0,0,813,0,391,0,0,0,0,0,0,0,0,0,0,0,0
M2,2016-05-27___2016-05-27-10-26-48_5_frame42,2016-05-27,1251936,0.08761869616338215,0.09043513406436111,0.002816437900978963,4322,796,1136670,4322,318,0,0,796,108897,0,0,0,352,0,581,0,0,0,0,0,0,0,0,0,0,0,0
M3,2016-04-29__1461926009_604845562,2016-04-29,1251936,0.0008227257623392889,0.0,-0.0008227257623392889,0,1030,1250792,0,114,0,0,331,0,699,0,0,0,0,0,0,0,0,0,0,0,0,0,0,0,0,0
M3,2016-04-29__1461926010_604880009,2016-04-29,1251936,0.002239731104465404,0.0002675855634792833,-0.0019721455409861203,19,2488,1248794,19,229,0,0,996,316,1492,0,0,90,0,0,0,0,0,0,0,0,0,0,0,0,0,0
M3,2016-04-29__1461926011_604916128,2016-04-29,1251936,0.001242076272269509,0.0,-0.001242076272269509,0,1555,1250030,0,226,0,0,463,0,1092,0,0,123,0,2,0,0,0,0,0,0,0,0,0,0,0,0
M3,2016-04-29__1461926012_604949024,2016-04-29,1251936,0.0007436482376095903,0.0,-0.0007436482376095903,0,931,1250870,0,135,0,0,316,0,615,0,0,0,0,0,0,0,0,0,0,0,0,0,0,0,0,0
M3,2016-04-29__1461926013_604998609,2016-04-29,1251936,0.0010152276154691614,7.588247322546839e-05,-0.000939345142243693,0,1176,1250556,0,109,0,0,372,95,804,0,0,0,0,0,0,0,0,0,0,0,0,0,0,0,0,0
M3,2016-04-29__1461926014_604941733,2016-04-29,1251936,0.0011933517368299977,2.396288628172686e-06,-0.0011909554482018249,0,1491,1250346,0,96,0,0,444,3,1047,0,0,0,0,0,0,0,0,0,0,0,0,0,0,0,0,0
M3,2016-04-29__1461926015_604903443,2016-04-29,1251936,0.0004081678296654142,0.0,-0.0004081678296654142,0,511,1251332,0,93,0,0,88,0,423,0,0,0,0,0,0,0,0,0,0,0,0,0,0,0,0,0
M3,2016-04-29__1461926016_604995266,2016-04-29,1251936,0.0009880696776832043,0.0007923727730491016,-0.00019569690463410274,118,363,1250521,118,60,0,0,246,874,117,0,0,0,0,0,0,0,0,0,0,0,0,0,0,0,0,0
M3,2016-04-29__1461926017_604989736,2016-04-29,1251936,0.0006789484446489278,0.0,-0.0006789484446489278,0,850,1250949,0,137,0,0,199,0,651,0,0,0,0,0,0,0,0,0,0,0,0,0,0,0,0,0
M3,2016-04-29__1461926018_604951803,2016-04-29,1251936,0.0003961863865245508,0.0,-0.0003961863865245508,0,496,1251395,0,45,0,0,191,0,305,0,0,0,0,0,0,0,0,0,0,0,0,0,0,0,0,0
M3,2016-04-29__1461926019_604966069,2016-04-29,1251936,0.0008139393707026557,0.00036343710860619076,-0.00045050226209646495,53,617,1250768,53,96,0,0,307,402,310,0,0,0,0,0,0,0,0,0,0,0,0,0,0,0,0,0
M3,2016-04-29__1461926020_605042418,2016-04-29,1251936,0.0005767067965135598,0.0,-0.0005767067965135598,0,722,1251016,0,198,0,0,151,0,571,0,0,0,0,0,0,0,0,0,0,0,0,0,0,0,0,0
M3,2016-04-29__1461926021_605059526,2016-04-29,1251936,0.00013099711167344018,0.0,-0.00013099711167344018,0,164,1251757,0,15,0,0,94,0,70,0,0,0,0,0,0,0,0,0,0,0,0,0,0,0,0,0
M3,2016-04-29__1461926022_605017021,2016-04-29,1251936,0.0009968560693198374,0.0,-0.0009968560693198374,0,1248,1250483,0,132,0,0,298,0,950,0,0,73,0,0,0,0,0,0,0,0,0,0,0,0,0,0
M3,2016-04-29__1461926023_605086787,2016-04-29,1251936,0.0008291158653477494,0.0,-0.0008291158653477494,0,1038,1250601,0,297,0,0,290,0,748,0,0,0,0,0,0,0,0,0,0,0,0,0,0,0,0,0
M3,2016-04-29__1461926024_605119811,2016-04-29,1251936,0.00037382102599493904,0.0,-0.00037382102599493904,0,468,1251422,0,46,0,0,100,0,368,0,0,0,0,0,0,0,0,0,0,0,0,0,0,0,0,0
M3,2016-04-29__1461926025_605079649,2016-04-29,1251936,0.0012764230759399842,0.000598273394167114,-0.0006781496817728702,81,930,1250047,81,105,0,0,282,668,648,0,0,105,0,0,0,0,0,0,0,0,0,0,0,0,0,0
M3,2016-04-29__1461926026_605127035,2016-04-29,1251936,0.0009760882345423408,0.00046328246811338597,-0.0005128057664289549,15,657,1250462,15,237,0,0,217,565,440,0,0,0,0,0,0,0,0,0,0,0,0,0,0,0,0,0
M3,2016-04-29__1461926027_605095658,2016-04-29,1251936,0.0005607315389924085,0.00046328246811338597,-9.744907087902254e-05,20,142,1251214,20,0,0,0,142,560,0,0,0,0,0,0,0,0,0,0,0,0,0,0,0,0,0,0
M3,2016-04-29__1461926028_605081452,2016-04-29,1251936,0.000572712982133272,0.0,-0.000572712982133272,0,717,1251074,0,145,0,0,80,0,637,0,0,0,0,0,0,0,0,0,0,0,0,0,0,0,0,0
M3,2016-05-02__bonirob_2016-05-02-12-21-51_1_frame0,2016-05-02,1251936,0.0005423599928430846,0.0,-0.0005423599928430846,0,679,1251225,0,32,0,0,282,0,397,0,0,0,0,0,0,0,0,0,0,0,0,0,0,0,0,0
M3,2016-05-02__bonirob_2016-05-02-12-21-51_1_frame1,2016-05-02,1251936,0.0009065958643253329,0.0,-0.0009065958643253329,0,1135,1250426,0,5,0,0,474,0,661,0,0,169,0,201,0,0,0,0,0,0,0,0,0,0,0,0
M3,2016-05-02__bonirob_2016-05-02-12-21-51_1_frame2,2016-05-02,1251936,0.0009489302967563837,0.0,-0.0009489302967563837,0,1188,1250425,0,79,0,0,442,0,746,0,0,189,0,55,0,0,0,0,0,0,0,0,0,0,0,0
M3,2016-05-02__bonirob_2016-05-02-12-21-51_1_frame3,2016-05-02,1251936,0.0010567632850241545,0.00046008741660915573,-0.0005966758684149988,2,749,1250344,2,156,0,0,411,574,338,0,0,28,0,83,0,0,0,0,0,0,0,0,0,0,0,0
M3,2016-05-02__bonirob_2016-05-02-12-21-51_1_frame4,2016-05-02,1251936,0.0006086573115558622,0.0,-0.0006086573115558622,0,762,1251162,0,12,0,0,340,0,422,0,0,0,0,0,0,0,0,0,0,0,0,0,0,0,0,0
M3,2016-05-02__bonirob_2016-05-02-12-21-51_1_frame5,2016-05-02,1251936,0.0009369488536155202,0.0,-0.0009369488536155202,0,1173,1250319,0,294,0,0,242,0,931,0,0,150,0,0,0,0,0,0,0,0,0,0,0,0,0,0
M3,2016-05-02__bonirob_2016-05-02-12-21-51_1_frame6,2016-05-02,1251936,0.0006501929811108555,0.0,-0.0006501929811108555,0,814,1250577,0,85,0,0,275,0,539,0,0,168,0,292,0,0,0,0,0,0,0,0,0,0,0,0
M3,2016-05-02__bonirob_2016-05-02-12-21-51_1_frame7,2016-05-02,1251936,0.0006182424660685531,0.0,-0.0006182424660685531,0,774,1250869,0,87,0,0,295,0,479,0,0,41,0,165,0,0,0,0,0,0,0,0,0,0,0,0
M3,2016-05-02__bonirob_2016-05-02-12-21-51_1_frame8,2016-05-02,1251936,0.0003826074176315722,0.0,-0.0003826074176315722,0,479,1251446,0,11,0,0,111,0,368,0,0,0,0,0,0,0,0,0,0,0,0,0,0,0,0,0
M3,2016-05-02__bonirob_2016-05-02-12-21-51_1_frame9,2016-05-02,1251936,0.0009265649362267719,0.0004417158704598318,-0.00048484906576694016,8,615,1250707,8,61,0,0,325,545,290,0,0,0,0,0,0,0,0,0,0,0,0,0,0,0,0,0
M3,2016-05-02__bonirob_2016-05-02-12-21-51_1_frame10,2016-05-02,1251936,0.0009409426679958081,0.0,-0.0009409426679958081,0,1178,1250400,0,114,0,0,321,0,857,0,0,101,0,143,0,0,0,0,0,0,0,0,0,0,0,0
M3,2016-05-02__bonirob_2016-05-02-12-21-51_1_frame11,2016-05-02,1251936,0.0009800820489226287,0.0004864465915190553,-0.0004936354574035734,9,627,1249826,9,37,0,0,405,600,222,0,0,679,0,158,0,0,0,0,0,0,0,0,0,0,0,0
M3,2016-05-02__bonirob_2016-05-02-12-21-51_1_frame12,2016-05-02,1251936,0.0006685645272601794,0.0,-0.0006685645272601794,0,837,1250933,0,48,0,0,139,0,698,0,0,118,0,0,0,0,0,0,0,0,0,0,0,0,0,0
M3,2016-05-02__bonirob_2016-05-02-12-21-51_1_frame13,2016-05-02,1251936,0.0003682296858625361,0.0,-0.0003682296858625361,0,461,1251313,0,41,0,0,137,0,324,0,0,121,0,0,0,0,0,0,0,0,0,0,0,0,0,0
M3,2016-05-02__bonirob_2016-05-02-12-21-51_1_frame14,2016-05-02,1251936,0.0008179331850829435,0.0,-0.0008179331850829435,0,1024,1250856,0,56,0,0,230,0,794,0,0,0,0,0,0,0,0,0,0,0,0,0,0,0,0,0
M3,2016-05-02__bonirob_2016-05-02-12-21-51_1_frame15,2016-05-02,1251936,0.001107085346215781,0.0006078585486798047,-0.0004992267975359762,8,633,1250236,8,45,0,0,395,753,238,0,0,30,0,231,0,0,0,0,0,0,0,0,0,0,0,0
M3,2016-05-02__bonirob_2016-05-02-12-21-51_1_frame16,2016-05-02,1251936,0.0009329550392352324,0.0,-0.0009329550392352324,0,1168,1250264,0,25,0,0,395,0,773,0,0,358,0,100,0,21,0,0,0,0,0,0,0,0,0,0
M3,2016-05-02__bonirob_2016-05-02-12-21-51_1_frame17,2016-05-02,1251936,0.000631022672085474,0.0,-0.000631022672085474,0,790,1250967,0,46,0,0,179,0,611,0,0,128,0,5,0,0,0,0,0,0,0,0,0,0,0,0
M3,2016-05-02__bonirob_2016-05-02-12-21-51_1_frame18,2016-05-02,1251936,0.0006909298877897912,0.0,-0.0006909298877897912,0,865,1250473,0,14,0,0,174,0,691,0,0,396,0,188,0,0,0,0,0,0,0,0,0,0,0,0
M3,2016-05-02__bonirob_2016-05-02-12-21-51_1_frame19,2016-05-02,1251936,0.0008179331850829435,0.0,-0.0008179331850829435,0,1024,1250864,0,48,0,0,415,0,609,0,0,0,0,0,0,0,0,0,0,0,0,0,0,0,0,0
M3,2016-05-04__bonirob_2016-05-04-10-05-47_1_frame0,2016-05-04,1251936,0.00024681772870178666,0.0003762173146231117,0.00012939958592132506,471,309,1250961,0,48,0,0,216,0,93,0,0,147,471,0,0,0,0,0,0,0,0,0,0,0,0,0
M3,2016-05-04__bonirob_2016-05-04-10-05-47_1_frame1,2016-05-04,1251936,0.0008035554533139074,0.00019969071901439051,-0.0006038647342995169,37,793,1250830,37,63,0,0,393,213,400,0,0,0,0,0,0,0,0,0,0,0,0,0,0,0,0,0
M3,2016-05-04__bonirob_2016-05-04-10-05-47_1_frame2,2016-05-04,1251936,0.0005359698898346241,0.0,-0.0005359698898346241,0,671,1250721,0,189,0,0,505,0,166,0,0,133,0,222,0,0,0,0,0,0,0,0,0,0,0,0
M3,2016-05-04__bonirob_2016-05-04-10-05-47_1_frame3,2016-05-04,1251936,0.0006677657643841218,0.0,-0.0006677657643841218,0,836,1250715,0,271,0,0,455,0,381,0,0,69,0,45,0,0,0,0,0,0,0,0,0,0,0,0
M3,2016-05-04__bonirob_2016-05-04-10-05-47_1_frame4,2016-05-04,1251936,0.0009297599877310022,0.0,-0.0009297599877310022,0,1164,1250570,0,202,0,0,649,0,515,0,0,0,0,0,0,0,0,0,0,0,0,0,0,0,0,0
M3,2016-05-04__bonirob_2016-05-04-10-05-47_1_frame5,2016-05-04,1251936,0.001570367814329167,0.0006717595787644097,-0.0008986082355647573,43,1168,1249510,43,144,0,0,717,798,451,0,0,156,0,117,0,0,0,0,0,0,0,0,0,0,0,0
M3,2016-05-04__bonirob_2016-05-04-10-05-47_1_frame6,2016-05-04,1251936,0.0013139649311146896,0.00027477442936380133,-0.0010391905017508884,0,1301,1250185,0,39,0,0,470,344,831,0,0,61,0,6,0,0,0,0,0,0,0,0,0,0,0,0
M3,2016-05-04__bonirob_2016-05-04-10-05-47_1_frame7,2016-05-04,1251936,0.0014841014237149503,0.0010407880275030033,-0.000443313396211947,65,620,1249974,65,39,0,0,620,1238,0,0,0,0,0,0,0,0,0,0,0,0,0,0,0,0,0,0
M3,2016-05-04__bonirob_2016-05-04-10-05-47_1_frame8,2016-05-04,1251936,0.0013570981264217979,0.0002292449454285203,-0.0011278531809932775,0,1412,1249712,0,525,0,0,909,287,503,0,0,0,0,0,0,0,0,0,0,0,0,0,0,0,0,0
M3,2016-05-04__bonirob_2016-05-04-10-05-47_1_frame9,2016-05-04,1251936,0.0012908008077090203,0.000722081639956036,-0.0005687191677529842,16,728,1250145,16,31,0,0,608,888,120,0,0,81,0,47,0,0,0,0,0,0,0,0,0,0,0,0
M3,2016-05-04__bonirob_2016-05-04-10-05-47_1_frame10,2016-05-04,1251936,0.0011014940060833781,0.0006326201978375892,-0.00046887380824578895,27,614,1249095,27,94,0,0,412,765,202,0,0,719,0,622,0,0,0,0,0,0,0,0,0,0,0,0
M3,2016-05-04__bonirob_2016-05-04-10-05-47_1_frame11,2016-05-04,1251936,0.0011230606037369321,0.00011342432840017381,-0.0010096362753367583,12,1276,1250329,12,111,0,0,604,130,672,0,0,78,0,0,0,0,0,0,0,0,0,0,0,0,0,0
M3,2016-05-04__bonirob_2016-05-04-10-05-47_1_frame12,2016-05-04,1251936,0.0013435191575288195,0.00015176494645093678,-0.0011917542110778828,1,1493,1250106,1,33,0,0,756,189,737,0,0,114,0,0,0,0,0,0,0,0,0,0,0,0,0,0
M3,2016-05-04__bonirob_2016-05-04-10-05-47_1_frame13,2016-05-04,1251936,0.0014529496715487054,0.0008714502977788002,-0.0005814993737699052,19,747,1250063,19,35,0,0,747,1072,0,0,0,0,0,0,0,0,0,0,0,0,0,0,0,0,0,0
M3,2016-05-04__bonirob_2016-05-04-10-05-47_1_frame14,2016-05-04,1251936,0.0013419216317767043,0.00037382102599493904,-0.0009681006057817653,16,1228,1249644,16,238,0,0,852,452,376,0,0,285,0,73,0,0,0,0,0,0,0,0,0,0,0,0
M3,2016-05-04__bonirob_2016-05-04-10-05-47_1_frame15,2016-05-04,1251936,0.001107085346215781,0.0004489047363443499,-0.0006581806098714311,19,843,1250253,19,84,0,0,647,543,196,0,0,28,0,166,0,0,0,0,0,0,0,0,0,0,0,0
M3,2016-05-04__bonirob_2016-05-04-10-05-47_1_frame16,2016-05-04,1251936,0.0014249929708866906,0.0006933261764179639,-0.0007316667944687268,20,936,1249980,20,82,0,0,625,848,311,0,0,70,0,0,0,0,0,0,0,0,0,0,0,0,0,0
M3,2016-05-04__bonirob_2016-05-04-10-05-47_1_frame17,2016-05-04,1251936,0.0003650346343583059,0.0,-0.0003650346343583059,0,457,1250744,0,66,0,0,446,0,11,0,0,257,0,412,0,0,0,0,0,0,0,0,0,0,0,0
M3,2016-05-04__bonirob_2016-05-04-10-05-47_1_frame18,2016-05-04,1251936,0.0013155624568668047,0.0006062610229276896,-0.0007093014339391152,9,897,1249715,9,384,0,0,742,750,155,0,0,22,0,159,0,0,0,0,0,0,0,0,0,0,0,0
M3,2016-05-04__bonirob_2016-05-04-10-05-47_1_frame19,2016-05-04,1251936,0.0007252766914602664,0.00020048948189044808,-0.0005247872095698183,4,661,1250879,4,35,0,0,627,247,34,0,0,93,0,17,0,0,0,0,0,0,0,0,0,0,0,0
M3,2016-05-06__bonirob_2016-05-06-11-21-29_10_frame2,2016-05-06,1251936,0.002724580170232344,0.0023867034736599953,-0.0003378766965723488,165,588,1248084,165,276,0,0,588,2823,0,0,0,0,0,0,0,0,0,0,0,0,0,0,0,0,0,0
M3,2016-05-06__bonirob_2016-05-06-11-21-29_10_frame3,2016-05-06,1251936,0.0024394218234797945,0.0017860337908647088,-0.0006533880326150857,147,965,1248158,147,224,0,0,422,2089,543,0,0,352,0,1,0,0,0,0,0,0,0,0,0,0,0,0
M3,2016-05-06__bonirob_2016-05-06-11-21-29_10_frame4,2016-05-06,1251936,0.002567223883649004,0.0014928878153515834,-0.0010743360682974208,132,1477,1248357,132,150,0,0,793,1737,684,0,0,83,0,0,0,0,0,0,0,0,0,0,0,0,0,0
M3,2016-05-06__bonirob_2016-05-06-11-21-29_10_frame5,2016-05-06,1251936,0.0011238593666129898,0.0,-0.0011238593666129898,0,1407,1250335,0,194,0,0,391,0,1016,0,0,0,0,0,0,0,0,0,0,0,0,0,0,0,0,0
M3,2016-05-06__bonirob_2016-05-06-11-21-29_10_frame6,2016-05-06,1251936,0.0026311249137336095,0.0021350931677018635,-0.000496031746031746,116,737,1248404,116,122,0,0,573,2557,164,0,0,0,0,0,0,0,0,0,0,0,0,0,0,0,0,0
M3,2016-05-06__bonirob_2016-05-06-11-21-29_10_frame7,2016-05-06,1251936,0.0015168507016333104,0.0012484663752779694,-0.00026838432635534096,37,373,1249328,37,67,0,0,373,1526,0,0,0,441,0,164,0,0,0,0,0,0,0,0,0,0,0,0
M3,2016-05-06__bonirob_2016-05-06-11-21-29_10_frame8,2016-05-06,1251936,0.0034226989239066535,0.0030816271758300744,-0.00034107174807657906,113,540,1246539,113,52,0,0,540,3745,0,0,0,943,0,4,0,0,0,0,0,0,0,0,0,0,0,0
M3,2016-05-06__bonirob_2016-05-06-11-21-29_10_frame9,2016-05-06,1251936,0.0021766288372568566,0.0018842816246197889,-0.00029234721263706777,73,439,1248483,73,500,0,0,439,2286,0,0,0,150,0,5,0,0,0,0,0,0,0,0,0,0,0,0
M3,2016-05-06__bonirob_2016-05-06-11-21-29_10_frame10,2016-05-06,1251936,0.0023403752268486566,0.0013475129719091072,-0.0009928622549395495,134,1377,1248767,134,35,0,0,680,1553,697,0,0,70,0,0,0,0,0,0,0,0,0,0,0,0,0,0
M3,2016-05-06__bonirob_2016-05-06-11-21-29_10_frame11,2016-05-06,1251936,0.0012396799836413364,0.0011238593666129898,-0.00011582061702834659,48,193,1250068,48,38,0,0,193,1359,0,0,0,181,0,49,0,0,0,0,0,0,0,0,0,0,0,0
M3,2016-05-06__bonirob_2016-05-06-11-21-29_10_frame12,2016-05-06,1251936,0.002816437900978964,0.0021734337857526264,-0.0006430041152263376,190,995,1247860,190,204,0,0,802,2531,193,0,0,156,0,0,0,0,0,0,0,0,0,0,0,0,0,0
M3,2016-05-06__bonirob_2016-05-06-11-21-29_10_frame13,2016-05-06,1251936,0.0018571236868338318,0.001654237916315211,-0.00020288577051862078,112,366,1248794,112,115,0,0,366,1959,0,0,0,590,0,0,0,0,0,0,0,0,0,0,0,0,0,0
M3,2016-05-06__bonirob_2016-05-06-11-21-29_10_frame14,2016-05-06,1251936,0.002511310482324975,0.0022237558469442526,-0.0002875546353807226,165,525,1248551,165,76,0,0,525,2619,0,0,0,0,0,0,0,0,0,0,0,0,0,0,0,0,0,0
M3,2016-05-06__bonirob_2016-05-06-11-21-29_10_frame15,2016-05-06,1251936,0.0018898729647521919,0.0014010300846049638,-0.0004888428801472281,41,653,1248823,41,592,0,0,507,1713,146,0,0,10,0,104,0,0,0,0,0,0,0,0,0,0,0,0
M3,2016-05-06__bonirob_2016-05-06-11-21-29_10_frame16,2016-05-06,1251936,0.0019401950259438183,0.0015304296705262888,-0.0004097653554175295,70,583,1249100,70,270,0,0,581,1846,2,0,0,67,0,0,0,0,0,0,0,0,0,0,0,0,0,0
M3,2016-05-06__bonirob_2016-05-06-11-21-29_10_frame17,2016-05-06,1251936,0.0016758045139687653,0.0015583863711883035,-0.00011741814278046171,196,343,1249318,196,97,0,0,336,1755,7,0,0,218,0,9,0,0,0,0,0,0,0,0,0,0,0,0
M3,2016-05-06__bonirob_2016-05-06-11-21-29_10_frame18,2016-05-06,1251936,0.0025264869769700687,0.0022061830636709865,-0.0003203039132990823,131,532,1248284,131,132,0,0,532,2631,0,0,0,139,0,87,0,0,0,0,0,0,0,0,0,0,0,0
M3,2016-05-06__bonirob_2016-05-06-11-21-29_10_frame19,2016-05-06,1251936,0.0011621999846637527,0.00018211793574112416,-0.0009800820489226285,12,1239,1250119,12,130,0,0,507,216,732,0,0,220,0,0,0,0,0,0,0,0,0,0,0,0,0,0
M3,2016-05-06__bonirob_2016-05-06-11-21-29_10_frame20,2016-05-06,1251936,0.003299689440993789,0.002783688623060604,-0.0005160008179331851,142,788,1247053,142,394,0,0,788,3343,0,0,0,216,0,0,0,0,0,0,0,0,0,0,0,0,0,0
M3,2016-05-06__bonirob_2016-05-06-11-21-29_10_frame21,2016-05-06,1251936,0.0018563249239577741,0.001433779362523324,-0.00042254556143445023,58,587,1248931,58,623,0,0,366,1737,221,0,0,0,0,0,0,0,0,0,0,0,0,0,0,0,0,0
M3,2016-05-09__bonirob_2016-05-09-10-49-56_6_frame2,2016-05-09,1251936,0.006150474145643228,0.006493143419471922,0.0003426692738286944,1051,622,1239397,902,326,0,0,599,7078,23,0,0,1620,149,1842,0,0,0,0,0,0,0,0,0,0,0,0
M3,2016-05-09__bonirob_2016-05-09-10-49-56_6_frame3,2016-05-09,1251936,0.006378121565319633,0.006232746721877157,-0.00014537484344247578,578,760,1242155,578,169,0,0,760,7225,0,0,0,460,0,589,0,0,0,0,0,0,0,0,0,0,0,0
M3,2016-05-09__bonirob_2016-05-09-10-49-56_6_frame4,2016-05-09,1251936,0.007060265061472791,0.007263949594867469,0.00020368453339467824,1013,758,1241383,1013,210,0,0,758,8081,0,0,0,127,0,364,0,0,0,0,0,0,0,0,0,0,0,0
M3,2016-05-09__bonirob_2016-05-09-10-49-56_6_frame5,2016-05-09,1251936,0.006926072898295121,0.00679188073511745,-0.00013419216317767102,585,753,1241101,585,390,0,0,753,7918,0,0,0,838,0,351,0,0,0,0,0,0,0,0,0,0,0,0
M3,2016-05-09__bonirob_2016-05-09-10-49-56_6_frame6,2016-05-09,1251936,0.005177580962605117,0.0051695933338445415,-7.987628760575821e-06,587,597,1241630,462,533,0,0,588,5885,9,0,0,1342,125,1362,0,0,0,0,0,0,0,0,0,0,0,0
M3,2016-05-09__bonirob_2016-05-09-10-49-56_6_frame7,2016-05-09,1251936,0.0063038366178462795,0.005913241571454132,-0.0003905950463921476,407,896,1243250,407,6,0,0,896,6996,0,0,0,381,0,0,0,0,0,0,0,0,0,0,0,0,0,0
M3,2016-05-09__bonirob_2016-05-09-10-49-56_6_frame8,2016-05-09,1251936,0.0036655228382281523,0.0037142473736676636,4.8724535439511295e-05,487,426,1244271,487,256,0,0,359,4163,67,0,0,1546,0,787,0,0,0,0,0,0,0,0,0,0,0,0
M3,2016-05-09__bonirob_2016-05-09-10-49-56_6_frame9,2016-05-09,1251936,0.004685543030953659,0.0038572259284819672,-0.000828317102471692,376,1413,1243426,376,445,0,0,720,4453,693,0,0,979,0,844,0,0,0,0,0,0,0,0,0,0,0,0
M3,2016-05-09__bonirob_2016-05-09-10-49-56_6_frame10,2016-05-09,1251936,0.002288455639904915,0.0021318981161976332,-0.00015655752370728184,135,331,1248054,135,63,0,0,331,2534,0,0,0,669,0,148,0,2,0,0,0,0,0,0,0,0,0,0
M3,2016-05-09__bonirob_2016-05-09-10-49-56_6_frame11,2016-05-09,1251936,0.005414813536794213,0.005163203230836081,-0.0002516103059581323,418,733,1242378,418,450,0,0,733,6046,0,0,0,938,0,973,0,0,0,0,0,0,0,0,0,0,0,0
M3,2016-05-09__bonirob_2016-05-09-10-49-56_6_frame12,2016-05-09,1251936,0.004493041177823787,0.004303734376198145,-0.00018930680162564193,577,814,1245394,577,98,0,0,656,4811,158,0,0,188,0,54,0,0,0,0,0,0,0,0,0,0,0,0
M3,2016-05-09__bonirob_2016-05-09-10-49-56_6_frame13,2016-05-09,1251936,0.004524192929990032,0.002996958310967973,-0.001527234619022059,274,2186,1241968,274,513,0,0,827,3478,1359,0,0,1090,0,2427,0,0,0,0,0,0,0,0,0,0,0,0
M3,2016-05-09__bonirob_2016-05-09-10-49-56_6_frame14,2016-05-09,1251936,0.0040353500498428035,0.004353257674513713,0.0003179076246709097,726,328,1231398,726,791,0,0,327,4724,1,0,0,2543,0,11426,0,0,0,0,0,0,0,0,0,0,0,0
M3,2016-05-09__bonirob_2016-05-09-10-49-56_6_frame15,2016-05-09,1251936,0.005711953326687626,0.005573767349129668,-0.00013818597755795806,585,758,1243606,585,42,0,0,758,6393,0,0,0,538,0,14,0,0,0,0,0,0,0,0,0,0,0,0
M3,2016-05-09__bonirob_2016-05-09-10-49-56_6_frame16,2016-05-09,1251936,0.006085774352682565,0.005933210643355571,-0.00015256370932699437,490,681,1242126,490,240,0,0,681,6938,0,0,0,1149,0,312,0,0,0,0,0,0,0,0,0,0,0,0
M3,2016-05-09__bonirob_2016-05-09-10-49-56_6_frame17,2016-05-09,1251936,0.006692834138486313,0.006444418884032411,-0.0002484152544539016,399,710,1241870,399,279,0,0,710,7669,0,0,0,614,0,395,0,0,0,0,0,0,0,0,0,0,0,0
M3,2016-05-09__bonirob_2016-05-09-10-49-56_6_frame18,2016-05-09,1251936,0.004070495616389336,0.0039962106689159825,-7.428494747335323e-05,450,543,1245896,450,23,0,0,543,4553,0,0,0,377,0,94,0,0,0,0,0,0,0,0,0,0,0,0
M3,2016-05-09__bonirob_2016-05-09-10-49-56_6_frame19,2016-05-09,1251936,0.0063126230094829126,0.00598592899317537,-0.00032669401630754276,364,773,1242748,364,159,0,0,773,7130,0,0,0,405,0,357,0,0,0,0,0,0,0,0,0,0,0,0
M3,2016-05-09__bonirob_2016-05-09-10-49-56_6_frame20,2016-05-09,1251936,0.0020927587352708127,0.0018930680162564221,-0.00019969071901439054,164,414,1248666,164,35,0,0,414,2206,0,0,0,451,0,0,0,0,0,0,0,0,0,0,0,0,0,0
M3,2016-05-09__bonirob_2016-05-09-10-49-56_6_frame21,2016-05-09,1251936,0.0030856209902103623,0.0027221838816041716,-0.00036343710860619076,138,593,1247208,138,11,0,0,534,3270,59,0,0,698,0,18,0,0,0,0,0,0,0,0,0,0,0,0
M3,2016-05-11__bonirob_2016-05-11-10-36-32_5_frame2,2016-05-11,1251936,0.008571524422973698,0.0072407854714618,-0.0013307389515118985,251,1917,1240535,251,258,0,0,1029,8814,888,0,0,66,0,95,0,0,0,0,0,0,0,0,0,0,0,0
M3,2016-05-11__bonirob_2016-05-11-10-36-32_5_frame3,2016-05-11,1251936,0.008070700099685607,0.0075331326840988675,-0.0005375674155867396,356,1029,1241350,356,126,0,0,1027,9075,2,0,0,0,0,0,0,0,0,0,0,0,0,0,0,0,0,0
M3,2016-05-11__bonirob_2016-05-11-10-36-32_5_frame4,2016-05-11,1251936,0.007236791657081512,0.006505923625488843,-0.0007308680315926686,250,1165,1241826,250,256,0,0,1104,7895,61,0,0,242,0,302,0,0,0,0,0,0,0,0,0,0,0,0
M3,2016-05-11__bonirob_2016-05-11-10-36-32_5_frame5,2016-05-11,1251936,0.006408474554609821,0.006346969813153388,-6.150474145643226e-05,638,715,1242564,638,350,0,0,715,7308,0,0,0,361,0,0,0,0,0,0,0,0,0,0,0,0,0,0
M3,2016-05-11__bonirob_2016-05-11-10-36-32_5_frame6,2016-05-11,1251936,0.009390256370932699,0.00917698668302533,-0.00021326968790736853,464,731,1239478,464,103,0,0,731,11025,0,0,0,121,0,14,0,0,0,0,0,0,0,0,0,0,0,0
M3,2016-05-11__bonirob_2016-05-11-10-36-32_5_frame7,2016-05-11,1251936,0.010087576361730952,0.009985334713595584,-0.00010224164813536774,560,688,1238551,560,65,0,0,675,11941,13,0,0,58,0,73,0,0,0,0,0,0,0,0,0,0,0,0
M3,2016-05-11__bonirob_2016-05-11-10-36-32_5_frame8,2016-05-11,1251936,0.0072136275336758425,0.006585799913094599,-0.0006278276205812436,346,1132,1241589,346,180,0,0,1132,7899,0,0,0,634,0,156,0,0,0,0,0,0,0,0,0,0,0,0
M3,2016-05-11__bonirob_2016-05-11-10-36-32_5_frame9,2016-05-11,1251936,0.0063509636275336755,0.0057047644608031085,-0.0006461991667305669,466,1275,1242412,466,243,0,0,1272,6676,3,0,0,209,0,655,0,0,0,0,0,0,0,0,0,0,0,0
M3,2016-05-11__bonirob_2016-05-11-10-36-32_5_frame10,2016-05-11,1251936,0.01043184316131176,0.009547612657516039,-0.0008842305037957219,275,1382,1238443,275,66,0,0,1382,11678,0,0,0,61,0,31,0,0,0,0,0,0,0,0,0,0,0,0
M3,2016-05-11__bonirob_2016-05-11-10-36-32_5_frame11,2016-05-11,1251936,0.010645911612095186,0.008139393707026557,-0.002506517905068629,1015,4153,1235504,1015,456,0,0,1157,9175,2996,0,0,195,0,1438,0,0,0,0,0,0,0,0,0,0,0,0
M3,2016-05-11__bonirob_2016-05-11-10-36-32_5_frame12,2016-05-11,1251936,0.015160519387572527,0.014035062495207423,-0.001125456892365104,533,1942,1232012,533,140,0,0,1942,17038,0,0,0,123,0,148,0,0,0,0,0,0,0,0,0,0,0,0
M3,2016-05-11__bonirob_2016-05-11-10-36-32_5_frame13,2016-05-11,1251936,0.009163407714132352,0.008950936789101041,-0.0002124709250313113,523,789,1239926,523,15,0,0,789,10683,0,0,0,0,0,0,0,0,0,0,0,0,0,0,0,0,0,0
M3,2016-05-11__bonirob_2016-05-11-10-36-32_5_frame14,2016-05-11,1251936,0.011268946655420085,0.010505329345909056,-0.0007636173095110291,482,1438,1233067,477,813,0,0,1438,12670,0,0,0,935,5,2531,0,0,0,0,0,0,0,0,0,0,0,0
M3,2016-05-11__bonirob_2016-05-11-10-36-32_5_frame15,2016-05-11,1251936,0.006298245277713877,0.00631022672085474,1.1981443140862864e-05,743,728,1240846,636,266,0,0,728,7157,0,0,0,605,107,1591,0,0,0,0,0,0,0,0,0,0,0,0
M3,2016-05-11__bonirob_2016-05-11-10-36-32_5_frame16,2016-05-11,1251936,0.011812105411139228,0.01125776397515528,-0.0005543414359839485,618,1312,1236524,618,6,0,0,1312,13476,0,0,0,0,0,0,0,0,0,0,0,0,0,0,0,0,0,0
M3,2016-05-11__bonirob_2016-05-11-10-36-32_5_frame17,2016-05-11,1251936,0.00662493929402142,0.005951582189504895,-0.0006733571045165251,192,1035,1242363,192,151,0,0,1033,7259,2,0,0,608,0,328,0,0,0,0,0,0,0,0,0,0,0,0
M3,2016-05-11__bonirob_2016-05-11-10-36-32_5_frame18,2016-05-11,1251936,0.00860666998952023,0.008164155356184342,-0.0004425146333358887,654,1208,1240119,654,98,0,0,1208,9567,0,0,0,152,0,138,0,0,0,0,0,0,0,0,0,0,0,0
M3,2016-05-11__bonirob_2016-05-11-10-36-32_5_frame19,2016-05-11,1251936,0.009348720701377706,0.00864660813332311,-0.0007021125680545959,306,1185,1239116,306,345,0,0,1185,10519,0,0,0,426,0,39,0,0,0,0,0,0,0,0,0,0,0,0
M3,2016-05-11__bonirob_2016-05-11-10-36-32_5_frame20,2016-05-11,1251936,0.003496185108503949,0.0030440853206553688,-0.0004520997878485803,133,699,1246264,133,1162,0,0,520,3678,179,0,0,0,0,0,0,0,0,0,0,0,0,0,0,0,0,0
M3,2016-05-11__bonirob_2016-05-11-10-36-32_5_frame21,2016-05-11,1251936,0.005684795388901669,0.005079333128850037,-0.0006054622600516323,162,920,1244446,162,211,0,0,609,6197,311,0,0,0,0,0,0,0,0,0,0,0,0,0,0,0,0,0
M3,2016-05-13__bonirob_2016-05-13-11-50-19_2_frame0,2016-05-13,1251936,0.005416411062546329,0.0053077793114025,-0.00010863175114382909,389,525,1243266,389,91,0,0,525,6256,0,0,0,737,0,672,0,0,0,0,0,0,0,0,0,0,0,0
M3,2016-05-13__bonirob_2016-05-13-11-50-19_2_frame1,2016-05-13,1251936,0.013172398589065255,0.013352120236178208,0.0001797216471129525,1122,897,1232717,1122,65,0,0,897,15594,0,0,0,1417,0,124,0,0,0,0,0,0,0,0,0,0,0,0
M3,2016-05-13__bonirob_2016-05-13-11-50-19_2_frame2,2016-05-13,1251936,0.01145745469416967,0.011435888096516116,-2.1566597653554023e-05,589,616,1236040,589,24,0,0,616,13728,0,0,0,519,0,420,0,0,0,0,0,0,0,0,0,0,0,0
M3,2016-05-13__bonirob_2016-05-13-11-50-19_2_frame3,2016-05-13,1251936,0.008390205250108631,0.008799171842650104,0.0004089665925414727,988,476,1238017,988,225,0,0,476,10028,0,0,0,994,0,1208,0,0,0,0,0,0,0,0,0,0,0,0
M3,2016-05-13__bonirob_2016-05-13-11-50-19_2_frame4,2016-05-13,1251936,0.010958227896633694,0.011075646039414156,0.00011741814278046214,670,523,1236752,670,37,0,0,523,13196,0,0,0,617,0,141,0,0,0,0,0,0,0,0,0,0,0,0
M3,2016-05-13__bonirob_2016-05-13-11-50-19_2_frame5,2016-05-13,1251936,0.011196259233698847,0.01137518211793574,0.00017892288423689354,747,523,1235166,747,196,0,0,523,13494,0,0,0,490,0,1320,0,0,0,0,0,0,0,0,0,0,0,0
M3,2016-05-13__bonirob_2016-05-13-11-50-19_2_frame6,2016-05-13,1251936,0.0016638230708279017,0.0015711665772052245,-9.265649362267723e-05,118,234,1247191,118,277,0,0,234,1849,0,0,0,1329,0,938,0,0,0,0,0,0,0,0,0,0,0,0
M3,2016-05-13__bonirob_2016-05-13-11-50-19_2_frame7,2016-05-13,1251936,0.007358203614242262,0.007389355366408506,3.1151752166244315e-05,683,644,1239926,683,166,0,0,644,8568,0,0,0,1402,0,547,0,0,0,0,0,0,0,0,0,0,0,0
M3,2016-05-13__bonirob_2016-05-13-11-50-19_2_frame8,2016-05-13,1251936,0.0050873207576106125,0.005043388799427447,-4.393195818316528e-05,327,382,1244682,327,0,0,0,382,5987,0,0,0,558,0,0,0,0,0,0,0,0,0,0,0,0,0,0
M3,2016-05-13__bonirob_2016-05-13-11-50-19_2_frame9,2016-05-13,1251936,0.009434188329115866,0.009359104618766455,-7.508371034941133e-05,439,533,1238199,439,117,0,0,512,11278,21,0,0,1036,0,334,0,0,0,0,0,0,0,0,0,0,0,0
M3,2016-05-13__bonirob_2016-05-13-11-50-19_2_frame10,2016-05-13,1251936,0.016710918130000255,0.01704080719781203,0.00032988906781177343,1106,693,1226504,1086,470,0,0,693,20228,0,0,0,1291,20,1644,0,0,0,0,0,0,0,0,0,0,0,0
M3,2016-05-13__bonirob_2016-05-13-11-50-19_2_frame11,2016-05-13,1251936,0.006786289394985047,0.006594586304731232,-0.00019170309025381537,541,781,1240513,541,109,0,0,781,7715,0,0,0,1961,0,316,0,0,0,0,0,0,0,0,0,0,0,0
M3,2016-05-13__bonirob_2016-05-13-11-50-19_2_frame12,2016-05-13,1251936,0.020456317255834165,0.02021189581576055,-0.0002444214400736146,1687,1993,1221312,1687,300,0,0,1410,23617,583,0,0,990,0,2037,0,0,0,0,0,0,0,0,0,0,0,0
M3,2016-05-13__bonirob_2016-05-13-11-50-19_2_frame13,2016-05-13,1251936,0.008532385042046878,0.008773611430616262,0.0002412263885693839,874,572,1238643,874,430,0,0,572,10110,0,0,0,989,0,318,0,0,0,0,0,0,0,0,0,0,0,0
M3,2016-05-13__bonirob_2016-05-13-11-50-19_2_frame14,2016-05-13,1251936,0.008769617616235974,0.009093915343915343,0.0003242977276793693,996,590,1239590,996,5,0,0,590,10389,0,0,0,366,0,0,0,0,0,0,0,0,0,0,0,0,0,0
M3,2016-05-13__bonirob_2016-05-13-11-50-19_2_frame15,2016-05-13,1251936,0.010665081921120569,0.010839212228101117,0.0001741303069805484,885,667,1235338,885,173,0,0,667,12685,0,0,0,1382,0,806,0,0,0,0,0,0,0,0,0,0,0,0
M3,2016-05-13__bonirob_2016-05-13-11-50-19_2_frame16,2016-05-13,1251936,0.018384326355340846,0.01838352759246479,-7.987628760572352e-07,1042,1043,1224750,1042,375,0,0,1043,21973,0,0,0,1604,0,1149,0,0,0,0,0,0,0,0,0,0,0,0
M3,2016-05-13__bonirob_2016-05-13-11-50-19_2_frame17,2016-05-13,1251936,0.02439661452342612,0.024974918845691793,0.0005783043222656742,1554,830,1219652,1554,14,0,0,830,29713,0,0,0,122,0,51,0,0,0,0,0,0,0,0,0,0,0,0
M3,2016-05-13__bonirob_2016-05-13-11-50-19_2_frame18,2016-05-13,1251936,0.003700668404774685,0.003708656033535261,7.987628760575821e-06,305,295,1244387,305,268,0,0,295,4338,0,0,0,1752,0,591,0,0,0,0,0,0,0,0,0,0,0,0
M3,2016-05-13__bonirob_2016-05-13-11-50-19_2_frame19,2016-05-13,1251936,0.022745571658615137,0.016410583288602613,-0.006334988370012524,1375,9306,1216127,1375,2108,0,0,1583,19170,7723,0,0,730,0,3120,0,0,0,0,0,0,0,0,0,0,0,0
M3,2016-05-18__bonirob_2016-05-18-10-59-09_4_frame2,2016-05-18,1251936,0.0316509789637809,0.03197767298008844,0.000326694016307541,1555,1146,1208030,1555,386,0,0,1146,38479,0,0,0,480,0,1860,0,0,0,0,0,0,0,0,0,0,0,0
M3,2016-05-18__bonirob_2016-05-18-10-59-09_4_frame3,2016-05-18,1251936,0.043530979219385015,0.04419634869514097,0.0006653694757559545,2062,1229,1195293,2062,0,0,0,1229,53269,0,0,0,83,0,0,0,0,0,0,0,0,0,0,0,0,0,0
M3,2016-05-18__bonirob_2016-05-18-10-59-09_4_frame4,2016-05-18,1251936,0.027143560054188075,0.02755412417248166,0.0004105641182935854,1624,1110,1216199,1624,15,0,0,1110,32872,0,0,0,116,0,0,0,0,0,0,0,0,0,0,0,0,0,0
M3,2016-05-18__bonirob_2016-05-18-10-59-09_4_frame5,2016-05-18,1251936,0.03711691332464279,0.03787493929402142,0.0007580259693786284,1603,654,1203247,1603,80,0,0,654,45814,0,0,0,248,0,290,0,0,0,0,0,0,0,0,0,0,0,0
M3,2016-05-18__bonirob_2016-05-18-10-59-09_4_frame6,2016-05-18,1251936,0.03193453978478133,0.03298810801830126,0.0010535682335199303,2424,1105,1206044,2424,263,0,0,1105,38875,0,0,0,1396,0,1827,0,2,0,0,0,0,0,0,0,0,0,0
M3,2016-05-18__bonirob_2016-05-18-10-59-09_4_frame7,2016-05-18,1251936,0.038255949185900875,0.0378038493980523,-0.0004520997878485755,2149,2715,1201436,2149,161,0,0,1099,45179,1616,0,0,250,0,46,0,0,0,0,0,0,0,0,0,0,0,0
M3,2016-05-18__bonirob_2016-05-18-10-59-09_4_frame8,2016-05-18,1251936,0.03564958592132505,0.0359611034429875,0.00031151752166245356,1736,1346,1200971,1238,1331,0,0,1346,43285,0,0,0,455,498,2812,0,0,0,0,0,0,0,0,0,0,0,0
M3,2016-05-18__bonirob_2016-05-18-10-59-09_4_frame9,2016-05-18,1251936,0.04122654832195895,0.04128485801191115,5.830968995220592e-05,2657,2584,1193868,1908,428,0,192,1821,49029,763,0,0,865,749,1795,0,518,0,0,0,0,0,0,0,0,0,0
M3,2016-05-18__bonirob_2016-05-18-10-59-09_4_frame10,2016-05-18,1251936,0.02559475883751246,0.02551248626127853,-8.227257623392992e-05,1035,1138,1214105,1035,156,0,1051,1138,30905,0,0,0,513,0,1140,0,1893,0,0,0,0,0,0,0,0,0,0
M3,2016-05-18__bonirob_2016-05-18-10-59-09_4_frame11,2016-05-18,1251936,0.037093749201237126,0.03757061063824349,0.0004768614370063637,1986,1389,1195572,1772,1101,0,0,1389,45050,0,0,0,1236,214,5602,0,0,0,0,0,0,0,0,0,0,0,0
M3,2016-05-18__bonirob_2016-05-18-10-59-09_4_frame12,2016-05-18,1251936,0.028921606216292205,0.02840001405822662,-0.0005215921580655862,888,1541,1210326,888,311,0,0,1541,34667,0,0,0,1260,0,2943,0,0,0,0,0,0,0,0,0,0,0,0
M3,2016-05-18__bonirob_2016-05-18-10-59-09_4_frame13,2016-05-18,1251936,0.022455620734606243,0.021953198885566034,-0.0005024218490402091,857,1486,1222297,857,116,0,0,1486,26627,0,0,0,547,0,6,0,0,0,0,0,0,0,0,0,0,0,0
M3,2016-05-18__bonirob_2016-05-18-10-59-09_4_frame14,2016-05-18,1251936,0.03397697645886052,0.03374293893617565,-0.00023403752268486705,1237,1530,1207757,1237,6,0,0,1530,41007,0,0,0,265,0,134,0,0,0,0,0,0,0,0,0,0,0,0
M3,2016-05-18__bonirob_2016-05-18-10-59-09_4_frame15,2016-05-18,1251936,0.03399534800500984,0.033409854816859645,-0.0005854931881501962,1399,2132,1207785,1399,76,0,0,1918,40428,214,0,0,21,0,95,0,0,0,0,0,0,0,0,0,0,0,0
M3,2016-05-18__bonirob_2016-05-18-10-59-09_4_frame16,2016-05-18,1251936,0.03369101934923191,0.03392505687191678,0.00023403752268486705,1546,1253,1207938,1546,24,0,0,1253,40926,0,0,0,94,0,155,0,0,0,0,0,0,0,0,0,0,0,0
M3,2016-05-18__bonirob_2016-05-18-10-59-09_4_frame17,2016-05-18,1251936,0.04001802009048386,0.040362286890064665,0.00034426679958080714,2072,1641,1199627,2072,7,0,0,1641,48459,0,0,0,32,0,98,0,0,0,0,0,0,0,0,0,0,0,0
M3,2016-05-18__bonirob_2016-05-18-10-59-09_4_frame18,2016-05-18,1251936,0.03988622421593436,0.03977200112465813,-0.00011422309127622626,1794,1937,1198450,1794,276,0,0,1937,47998,0,0,0,261,0,1220,0,0,0,0,0,0,0,0,0,0,0,0
M3,2016-05-18__bonirob_2016-05-18-10-59-09_4_frame19,2016-05-18,1251936,0.034518537688827546,0.036215908800449864,0.0016973711116223186,3459,1334,1199148,1619,771,0,0,1334,41881,0,0,0,1219,1840,4124,0,0,0,0,0,0,0,0,0,0,0,0
M3,2016-05-18__bonirob_2016-05-18-10-59-09_4_frame20,2016-05-18,1251936,0.03432603583569767,0.034260537279860954,-6.54985558367141e-05,1531,1613,1207188,1531,28,0,0,1613,41361,0,0,0,66,0,149,0,0,0,0,0,0,0,0,0,0,0,0
M3,2016-05-18__bonirob_2016-05-18-10-59-09_4_frame21,2016-05-18,1251936,0.03576700406410551,0.03651943869335174,0.0007524346292462278,2120,1178,1201365,1284,358,0,3,1178,43600,0,0,0,1171,836,2141,0,0,0,0,0,0,0,0,0,0,0,0
M3,2016-05-27___2016-05-27-10-26-48_5_frame23,2016-05-27,1251936,0.03964100401298469,0.04176411573754569,0.0021231117245609984,3366,708,1197239,3366,781,0,12,527,48920,181,0,0,752,0,158,0,0,0,0,0,0,0,0,0,0,0,0
M3,2016-05-27___2016-05-27-10-26-48_5_frame24,2016-05-27,1251936,0.027975072208163997,0.02918200291388697,0.001206930705722975,2095,584,1214127,2095,289,0,0,584,34439,0,0,0,318,0,84,0,0,0,0,0,0,0,0,0,0,0,0
M3,2016-05-27___2016-05-27-10-26-48_5_frame25,2016-05-27,1251936,0.016089480612427473,0.01738507399739284,0.0012955933849653663,1985,363,1228379,1985,156,0,0,363,19780,0,0,0,942,0,331,0,0,0,0,0,0,0,0,0,0,0,0
M3,2016-05-27___2016-05-27-10-26-48_5_frame26,2016-05-27,1251936,0.036676794979935076,0.038231187536743094,0.001554392556808018,2491,545,1200341,2491,1134,0,0,545,45372,0,0,0,537,0,1516,0,0,0,0,0,0,0,0,0,0,0,0
M3,2016-05-27___2016-05-27-10-26-48_5_frame27,2016-05-27,1251936,0.06922398589065255,0.072851966873706,0.003627980983053447,4846,304,1159627,4846,111,0,0,304,86360,0,0,0,393,0,295,0,0,0,0,0,0,0,0,0,0,0,0
M3,2016-05-27___2016-05-27-10-26-48_5_frame28,2016-05-27,1251936,0.06601535541752933,0.0695131380517854,0.003497782634256069,4596,217,1163446,4564,300,0,0,217,82430,0,0,0,354,32,593,0,0,0,0,0,0,0,0,0,0,0,0
M3,2016-05-27___2016-05-27-10-26-48_5_frame29,2016-05-27,1251936,0.08956368376658232,0.09536350100963628,0.005799817243053965,7483,222,1131830,7412,146,0,0,222,111906,0,0,0,129,71,220,0,0,0,0,0,0,0,0,0,0,0,0
M3,2016-05-27___2016-05-27-10-26-48_5_frame30,2016-05-27,1251936,0.06041123507910948,0.06389144493009227,0.003480209850982796,5197,840,1170294,5172,38,0,0,840,74791,0,0,0,572,25,204,0,0,0,0,0,0,0,0,0,0,0,0
M3,2016-05-27___2016-05-27-10-26-48_5_frame31,2016-05-27,1251936,0.11599314980957492,0.12791947831199038,0.011926328502415456,15072,141,1091383,14355,32,0,0,141,145075,0,0,0,128,717,105,0,0,0,0,0,0,0,0,0,0,0,0
M3,2016-05-27___2016-05-27-10-26-48_5_frame32,2016-05-27,1251936,0.09584036244664264,0.10348452317051351,0.007644160723870877,10006,436,1120365,9917,413,0,0,436,119550,0,0,0,152,89,1014,0,0,0,0,0,0,0,0,0,0,0,0
M3,2016-05-27___2016-05-27-10-26-48_5_frame33,2016-05-27,1251936,0.0950599711167344,0.10172884236893899,0.006668871252204583,8513,164,1123223,8513,170,0,0,164,118845,0,0,0,543,0,478,0,0,0,0,0,0,0,0,0,0,0,0
M3,2016-05-27___2016-05-27-10-26-48_5_frame34,2016-05-27,1251936,0.08490769496204278,0.09029055798379469,0.0053828630217519075,7206,467,1136905,7206,318,0,0,432,105832,35,0,0,131,0,1077,0,0,0,0,0,0,0,0,0,0,0,0
M3,2016-05-27___2016-05-27-10-26-48_5_frame35,2016-05-27,1251936,0.09278589320859852,0.09769429108197224,0.0049083978733737155,7140,995,1126880,7140,746,0,0,300,115167,695,0,0,287,0,721,0,0,0,0,0,0,0,0,0,0,0,0
M3,2016-05-27___2016-05-27-10-26-48_5_frame36,2016-05-27,1251936,0.07053715205889119,0.07550306085934105,0.004965908800449864,6486,269,1154847,6486,365,0,0,269,88039,0,0,0,697,0,1233,0,0,0,0,0,0,0,0,0,0,0,0
M3,2016-05-27___2016-05-27-10-26-48_5_frame37,2016-05-27,1251936,0.06262141195716076,0.06465266595097513,0.0020312539938143748,3124,581,1168934,3124,163,0,0,581,77817,0,0,0,612,0,705,0,0,0,0,0,0,0,0,0,0,0,0
M3,2016-05-27___2016-05-27-10-26-48_5_frame38,2016-05-27,1251936,0.06668072489328528,0.07005469928175242,0.003373974388467149,4598,374,1162891,4598,298,0,0,374,83106,0,0,0,145,0,524,0,0,0,0,0,0,0,0,0,0,0,0
M3,2016-05-27___2016-05-27-10-26-48_5_frame39,2016-05-27,1251936,0.06581406717276282,0.06805459704010429,0.0022405298673414675,3310,505,1164834,3310,684,0,0,440,81890,65,0,0,263,0,450,0,0,0,0,0,0,0,0,0,0,0,0
M3,2016-05-27___2016-05-27-10-26-48_5_frame40,2016-05-27,1251936,0.09375878639163664,0.0985817166372722,0.004822930245635557,6358,320,1125192,6357,667,0,0,320,117060,0,0,0,546,1,1793,0,0,0,0,0,0,0,0,0,0,0,0
M3,2016-05-27___2016-05-27-10-26-48_5_frame41,2016-05-27,1251936,0.00556338343174092,0.005279023847864428,-0.00028435958387649195,139,495,1243356,139,272,0,0,464,6470,31,0,0,859,0,345,0,0,0,0,0,0,0,0,0,0,0,0
M3,2016-05-27___2016-05-27-10-26-48_5_frame42,2016-05-27,1251936,0.08761869616338215,0.09099906065485776,0.003380364491475607,4806,574,1136145,4806,359,0,0,574,109119,0,0,0,414,0,519,0,0,0,0,0,0,0,0,0,0,0,0
M4,2016-04-29__1461926009_604845562,2016-04-29,1251936,0.0008227257623392889,0.0,-0.0008227257623392889,0,1030,1250489,0,417,0,0,298,0,732,0,0,0,0,0,0,0,0,0,0,0,0,0,0,0,0,0
M4,2016-04-29__1461926010_604880009,2016-04-29,1251936,0.002239731104465404,0.0,-0.002239731104465404,0,2804,1247437,0,1605,0,0,624,0,2180,0,0,90,0,0,0,0,0,0,0,0,0,0,0,0,0,0
M4,2016-04-29__1461926011_604916128,2016-04-29,1251936,0.001242076272269509,0.0,-0.001242076272269509,0,1555,1249545,0,711,0,0,413,0,1142,0,0,98,0,27,0,0,0,0,0,0,0,0,0,0,0,0
M4,2016-04-29__1461926012_604949024,2016-04-29,1251936,0.0007436482376095903,0.0,-0.0007436482376095903,0,931,1250625,0,380,0,0,202,0,729,0,0,0,0,0,0,0,0,0,0,0,0,0,0,0,0,0
M4,2016-04-29__1461926013_604998609,2016-04-29,1251936,0.0010152276154691614,0.0,-0.0010152276154691614,0,1271,1250354,0,311,0,0,347,0,924,0,0,0,0,0,0,0,0,0,0,0,0,0,0,0,0,0
M4,2016-04-29__1461926014_604941733,2016-04-29,1251936,0.0011933517368299977,0.0,-0.0011933517368299977,0,1494,1250063,0,379,0,0,370,0,1124,0,0,0,0,0,0,0,0,0,0,0,0,0,0,0,0,0
M4,2016-04-29__1461926015_604903443,2016-04-29,1251936,0.0004081678296654142,0.0,-0.0004081678296654142,0,511,1250986,0,439,0,0,77,0,434,0,0,0,0,0,0,0,0,0,0,0,0,0,0,0,0,0
M4,2016-04-29__1461926016_604995266,2016-04-29,1251936,0.0009880696776832043,0.0,-0.0009880696776832043,0,1237,1249497,0,1202,0,0,153,0,1084,0,0,0,0,0,0,0,0,0,0,0,0,0,0,0,0,0
M4,2016-04-29__1461926017_604989736,2016-04-29,1251936,0.0006789484446489278,0.0,-0.0006789484446489278,0,850,1250717,0,369,0,0,116,0,734,0,0,0,0,0,0,0,0,0,0,0,0,0,0,0,0,0
M4,2016-04-29__1461926018_604951803,2016-04-29,1251936,0.0003961863865245508,0.0,-0.0003961863865245508,0,496,1251281,0,159,0,0,162,0,334,0,0,0,0,0,0,0,0,0,0,0,0,0,0,0,0,0
M4,2016-04-29__1461926019_604966069,2016-04-29,1251936,0.0008139393707026557,0.0,-0.0008139393707026557,0,1019,1250313,0,604,0,0,218,0,801,0,0,0,0,0,0,0,0,0,0,0,0,0,0,0,0,0
M4,2016-04-29__1461926020_605042418,2016-04-29,1251936,0.0005767067965135598,0.0,-0.0005767067965135598,0,722,1250894,0,320,0,0,166,0,556,0,0,0,0,0,0,0,0,0,0,0,0,0,0,0,0,0
M4,2016-04-29__1461926021_605059526,2016-04-29,1251936,0.00013099711167344018,0.0,-0.00013099711167344018,0,164,1251674,0,98,0,0,72,0,92,0,0,0,0,0,0,0,0,0,0,0,0,0,0,0,0,0
M4,2016-04-29__1461926022_605017021,2016-04-29,1251936,0.0009968560693198374,0.0,-0.0009968560693198374,0,1248,1250065,0,550,0,0,180,0,1068,0,0,73,0,0,0,0,0,0,0,0,0,0,0,0,0,0
M4,2016-04-29__1461926023_605086787,2016-04-29,1251936,0.0008291158653477494,0.0,-0.0008291158653477494,0,1038,1250419,0,479,0,0,247,0,791,0,0,0,0,0,0,0,0,0,0,0,0,0,0,0,0,0
M4,2016-04-29__1461926024_605119811,2016-04-29,1251936,0.00037382102599493904,0.0,-0.00037382102599493904,0,468,1251338,0,130,0,0,78,0,390,0,0,0,0,0,0,0,0,0,0,0,0,0,0,0,0,0
M4,2016-04-29__1461926025_605079649,2016-04-29,1251936,0.0012764230759399842,0.0,-0.0012764230759399842,0,1598,1249639,0,594,0,0,165,0,1433,0,0,105,0,0,0,0,0,0,0,0,0,0,0,0,0,0
M4,2016-04-29__1461926026_605127035,2016-04-29,1251936,0.0009760882345423408,0.0,-0.0009760882345423408,0,1222,1250313,0,401,0,0,144,0,1078,0,0,0,0,0,0,0,0,0,0,0,0,0,0,0,0,0
M4,2016-04-29__1461926027_605095658,2016-04-29,1251936,0.0005607315389924085,0.0,-0.0005607315389924085,0,702,1251075,0,159,0,0,54,0,648,0,0,0,0,0,0,0,0,0,0,0,0,0,0,0,0,0
M4,2016-04-29__1461926028_605081452,2016-04-29,1251936,0.000572712982133272,0.0,-0.000572712982133272,0,717,1250892,0,327,0,0,52,0,665,0,0,0,0,0,0,0,0,0,0,0,0,0,0,0,0,0
M4,2016-05-02__bonirob_2016-05-02-12-21-51_1_frame0,2016-05-02,1251936,0.0005423599928430846,0.0,-0.0005423599928430846,0,679,1251163,0,94,0,0,240,0,439,0,0,0,0,0,0,0,0,0,0,0,0,0,0,0,0,0
M4,2016-05-02__bonirob_2016-05-02-12-21-51_1_frame1,2016-05-02,1251936,0.0009065958643253329,0.0,-0.0009065958643253329,0,1135,1250061,0,370,0,0,312,0,823,0,0,62,0,308,0,0,0,0,0,0,0,0,0,0,0,0
M4,2016-05-02__bonirob_2016-05-02-12-21-51_1_frame2,2016-05-02,1251936,0.0009489302967563837,0.0,-0.0009489302967563837,0,1188,1250372,0,132,0,0,205,0,983,0,0,182,0,62,0,0,0,0,0,0,0,0,0,0,0,0
M4,2016-05-02__bonirob_2016-05-02-12-21-51_1_frame3,2016-05-02,1251936,0.0010567632850241545,0.0,-0.0010567632850241545,0,1323,1250241,0,261,0,0,258,0,1065,0,0,27,0,84,0,0,0,0,0,0,0,0,0,0,0,0
M4,2016-05-02__bonirob_2016-05-02-12-21-51_1_frame4,2016-05-02,1251936,0.0006086573115558622,0.0,-0.0006086573115558622,0,762,1251125,0,49,0,0,207,0,555,0,0,0,0,0,0,0,0,0,0,0,0,0,0,0,0,0
M4,2016-05-02__bonirob_2016-05-02-12-21-51_1_frame5,2016-05-02,1251936,0.0009369488536155202,0.0,-0.0009369488536155202,0,1173,1250303,0,310,0,0,162,0,1011,0,0,150,0,0,0,0,0,0,0,0,0,0,0,0,0,0
M4,2016-05-02__bonirob_2016-05-02-12-21-51_1_frame6,2016-05-02,1251936,0.0006501929811108555,0.0,-0.0006501929811108555,0,814,1250457,0,205,0,0,173,0,641,0,0,172,0,288,0,0,0,0,0,0,0,0,0,0,0,0
M4,2016-05-02__bonirob_2016-05-02-12-21-51_1_frame7,2016-05-02,1251936,0.0006182424660685531,0.0,-0.0006182424660685531,0,774,1250585,0,371,0,0,168,0,606,0,0,34,0,172,0,0,0,0,0,0,0,0,0,0,0,0
M4,2016-05-02__bonirob_2016-05-02-12-21-51_1_frame8,2016-05-02,1251936,0.0003826074176315722,0.0,-0.0003826074176315722,0,479,1251186,0,271,0,0,41,0,438,0,0,0,0,0,0,0,0,0,0,0,0,0,0,0,0,0
M4,2016-05-02__bonirob_2016-05-02-12-21-51_1_frame9,2016-05-02,1251936,0.0009265649362267719,0.0,-0.0009265649362267719,0,1160,1250425,0,351,0,0,125,0,1035,0,0,0,0,0,0,0,0,0,0,0,0,0,0,0,0,0
M4,2016-05-02__bonirob_2016-05-02-12-21-51_1_frame10,2016-05-02,1251936,0.0009409426679958081,0.0,-0.0009409426679958081,0,1178,1250203,0,311,0,0,206,0,972,0,0,86,0,158,0,0,0,0,0,0,0,0,0,0,0,0
M4,2016-05-02__bonirob_2016-05-02-12-21-51_1_frame11,2016-05-02,1251936,0.0009800820489226287,0.0,-0.0009800820489226287,0,1227,1249559,0,313,0,0,335,0,892,0,0,373,0,464,0,0,0,0,0,0,0,0,0,0,0,0
M4,2016-05-02__bonirob_2016-05-02-12-21-51_1_frame12,2016-05-02,1251936,0.0006685645272601794,0.0,-0.0006685645272601794,0,837,1250844,0,137,0,0,127,0,710,0,0,118,0,0,0,0,0,0,0,0,0,0,0,0,0,0
M4,2016-05-02__bonirob_2016-05-02-12-21-51_1_frame13,2016-05-02,1251936,0.0003682296858625361,0.0,-0.0003682296858625361,0,461,1251271,0,83,0,0,48,0,413,0,0,121,0,0,0,0,0,0,0,0,0,0,0,0,0,0
M4,2016-05-02__bonirob_2016-05-02-12-21-51_1_frame14,2016-05-02,1251936,0.0008179331850829435,0.0,-0.0008179331850829435,0,1024,1250341,0,571,0,0,63,0,961,0,0,0,0,0,0,0,0,0,0,0,0,0,0,0,0,0
M4,2016-05-02__bonirob_2016-05-02-12-21-51_1_frame15,2016-05-02,1251936,0.001107085346215781,0.0,-0.001107085346215781,0,1386,1250182,0,107,0,0,312,0,1074,0,0,19,0,242,0,0,0,0,0,0,0,0,0,0,0,0
M4,2016-05-02__bonirob_2016-05-02-12-21-51_1_frame16,2016-05-02,1251936,0.0009329550392352324,0.0,-0.0009329550392352324,0,1168,1250225,0,64,0,0,267,0,901,0,0,278,0,201,0,0,0,0,0,0,0,0,0,0,0,0
M4,2016-05-02__bonirob_2016-05-02-12-21-51_1_frame17,2016-05-02,1251936,0.000631022672085474,0.0,-0.000631022672085474,0,790,1250789,0,224,0,0,77,0,713,0,0,107,0,26,0,0,0,0,0,0,0,0,0,0,0,0
M4,2016-05-02__bonirob_2016-05-02-12-21-51_1_frame18,2016-05-02,1251936,0.0006909298877897912,0.0,-0.0006909298877897912,0,865,1250258,0,229,0,0,72,0,793,0,0,195,0,389,0,0,0,0,0,0,0,0,0,0,0,0
M4,2016-05-02__bonirob_2016-05-02-12-21-51_1_frame19,2016-05-02,1251936,0.0008179331850829435,0.0,-0.0008179331850829435,0,1024,1250747,0,165,0,0,182,0,842,0,0,0,0,0,0,0,0,0,0,0,0,0,0,0,0,0
M4,2016-05-04__bonirob_2016-05-04-10-05-47_1_frame0,2016-05-04,1251936,0.00024681772870178666,0.0,-0.00024681772870178666,0,309,1250493,0,516,0,0,109,0,200,0,0,114,0,504,0,0,0,0,0,0,0,0,0,0,0,0
M4,2016-05-04__bonirob_2016-05-04-10-05-47_1_frame1,2016-05-04,1251936,0.0008035554533139074,0.0,-0.0008035554533139074,0,1006,1250393,0,537,0,0,163,0,843,0,0,0,0,0,0,0,0,0,0,0,0,0,0,0,0,0
M4,2016-05-04__bonirob_2016-05-04-10-05-47_1_frame2,2016-05-04,1251936,0.0005359698898346241,0.0,-0.0005359698898346241,0,671,1250094,0,816,0,0,257,0,414,0,0,124,0,231,0,0,0,0,0,0,0,0,0,0,0,0
M4,2016-05-04__bonirob_2016-05-04-10-05-47_1_frame3,2016-05-04,1251936,0.0006677657643841218,0.0,-0.0006677657643841218,0,836,1249288,0,1698,0,0,206,0,630,0,0,69,0,45,0,0,0,0,0,0,0,0,0,0,0,0
M4,2016-05-04__bonirob_2016-05-04-10-05-47_1_frame4,2016-05-04,1251936,0.0009297599877310022,0.0,-0.0009297599877310022,0,1164,1250104,0,668,0,0,253,0,911,0,0,0,0,0,0,0,0,0,0,0,0,0,0,0,0,0
M4,2016-05-04__bonirob_2016-05-04-10-05-47_1_frame5,2016-05-04,1251936,0.001570367814329167,0.0,-0.001570367814329167,0,1966,1248605,0,1092,0,0,494,0,1472,0,0,72,0,201,0,0,0,0,0,0,0,0,0,0,0,0
M4,2016-05-04__bonirob_2016-05-04-10-05-47_1_frame6,2016-05-04,1251936,0.0013139649311146896,0.0,-0.0013139649311146896,0,1645,1249102,0,1122,0,0,275,0,1370,0,0,37,0,30,0,0,0,0,0,0,0,0,0,0,0,0
M4,2016-05-04__bonirob_2016-05-04-10-05-47_1_frame7,2016-05-04,1251936,0.0014841014237149503,0.0,-0.0014841014237149503,0,1858,1249268,0,810,0,0,303,0,1555,0,0,0,0,0,0,0,0,0,0,0,0,0,0,0,0,0
M4,2016-05-04__bonirob_2016-05-04-10-05-47_1_frame8,2016-05-04,1251936,0.0013570981264217979,0.0,-0.0013570981264217979,0,1699,1249806,0,431,0,0,364,0,1335,0,0,0,0,0,0,0,0,0,0,0,0,0,0,0,0,0
M4,2016-05-04__bonirob_2016-05-04-10-05-47_1_frame9,2016-05-04,1251936,0.0012908008077090203,0.0,-0.0012908008077090203,0,1616,1249678,0,514,0,0,343,0,1273,0,0,65,0,63,0,0,0,0,0,0,0,0,0,0,0,0
M4,2016-05-04__bonirob_2016-05-04-10-05-47_1_frame10,2016-05-04,1251936,0.0011014940060833781,0.0,-0.0011014940060833781,0,1379,1248802,0,414,0,0,270,0,1109,0,0,271,0,1070,0,0,0,0,0,0,0,0,0,0,0,0
M4,2016-05-04__bonirob_2016-05-04-10-05-47_1_frame11,2016-05-04,1251936,0.0011230606037369321,0.0,-0.0011230606037369321,0,1406,1249829,0,623,0,0,317,0,1089,0,0,47,0,31,0,0,0,0,0,0,0,0,0,0,0,0
M4,2016-05-04__bonirob_2016-05-04-10-05-47_1_frame12,2016-05-04,1251936,0.0013435191575288195,0.0,-0.0013435191575288195,0,1682,1249589,0,551,0,0,288,0,1394,0,0,105,0,9,0,0,0,0,0,0,0,0,0,0,0,0
M4,2016-05-04__bonirob_2016-05-04-10-05-47_1_frame13,2016-05-04,1251936,0.0014529496715487054,7.98762876057562e-07,-0.0014521509086726477,0,1818,1248049,0,2068,0,0,445,1,1373,0,0,0,0,0,0,0,0,0,0,0,0,0,0,0,0,0
M4,2016-05-04__bonirob_2016-05-04-10-05-47_1_frame14,2016-05-04,1251936,0.0013419216317767043,0.0,-0.0013419216317767043,0,1680,1248385,0,1513,0,0,379,0,1301,0,0,171,0,187,0,0,0,0,0,0,0,0,0,0,0,0
M4,2016-05-04__bonirob_2016-05-04-10-05-47_1_frame15,2016-05-04,1251936,0.001107085346215781,0.0,-0.001107085346215781,0,1386,1249281,0,1075,0,0,339,0,1047,0,0,9,0,185,0,0,0,0,0,0,0,0,0,0,0,0
M4,2016-05-04__bonirob_2016-05-04-10-05-47_1_frame16,2016-05-04,1251936,0.0014249929708866906,0.0,-0.0014249929708866906,0,1784,1248101,0,1981,0,0,397,0,1387,0,0,70,0,0,0,0,0,0,0,0,0,0,0,0,0,0
M4,2016-05-04__bonirob_2016-05-04-10-05-47_1_frame17,2016-05-04,1251936,0.0003650346343583059,0.0,-0.0003650346343583059,0,457,1250262,0,548,0,0,234,0,223,0,0,121,0,548,0,0,0,0,0,0,0,0,0,0,0,0
M4,2016-05-04__bonirob_2016-05-04-10-05-47_1_frame18,2016-05-04,1251936,0.0013155624568668047,0.0,-0.0013155624568668047,0,1647,1249435,0,673,0,0,375,0,1272,0,0,0,0,181,0,0,0,0,0,0,0,0,0,0,0,0
M4,2016-05-04__bonirob_2016-05-04-10-05-47_1_frame19,2016-05-04,1251936,0.0007252766914602664,0.0,-0.0007252766914602664,0,908,1249805,0,1113,0,0,237,0,671,0,0,38,0,72,0,0,0,0,0,0,0,0,0,0,0,0
M4,2016-05-06__bonirob_2016-05-06-11-21-29_10_frame2,2016-05-06,1251936,0.002724580170232344,0.001325946374255553,-0.0013986337959767912,135,1886,1242132,135,6258,0,0,406,1525,1480,0,0,0,0,0,0,0,0,0,0,0,0,0,0,0,0,0
M4,2016-05-06__bonirob_2016-05-06-11-21-29_10_frame3,2016-05-06,1251936,0.0024394218234797945,0.0,-0.0024394218234797945,0,3054,1244182,0,4347,0,0,226,0,2828,0,0,353,0,0,0,0,0,0,0,0,0,0,0,0,0,0
M4,2016-05-06__bonirob_2016-05-06-11-21-29_10_frame4,2016-05-06,1251936,0.002567223883649004,7.907752472969865e-05,-0.0024881463589193054,0,3115,1245168,0,3471,0,0,448,99,2667,0,0,57,0,26,0,0,0,0,0,0,0,0,0,0,0,0
M4,2016-05-06__bonirob_2016-05-06-11-21-29_10_frame5,2016-05-06,1251936,0.0011238593666129898,0.0,-0.0011238593666129898,0,1407,1245434,0,5040,0,55,166,0,1241,0,0,0,0,0,0,0,0,0,0,0,0,0,0,0,0,0
M4,2016-05-06__bonirob_2016-05-06-11-21-29_10_frame6,2016-05-06,1251936,0.0026311249137336095,0.0,-0.0026311249137336095,0,3294,1245035,0,3607,0,0,179,0,3115,0,0,0,0,0,0,0,0,0,0,0,0,0,0,0,0,0
M4,2016-05-06__bonirob_2016-05-06-11-21-29_10_frame7,2016-05-06,1251936,0.0015168507016333104,0.0,-0.0015168507016333104,0,1899,1245248,0,4184,0,0,158,0,1741,0,0,261,0,344,0,0,0,0,0,0,0,0,0,0,0,0
M4,2016-05-06__bonirob_2016-05-06-11-21-29_10_frame8,2016-05-06,1251936,0.0034226989239066535,0.0035233430462899063,0.00010064412238325283,432,306,1242892,432,3380,0,0,276,3979,30,0,0,935,0,12,0,0,0,0,0,0,0,0,0,0,0,0
M4,2016-05-06__bonirob_2016-05-06-11-21-29_10_frame9,2016-05-06,1251936,0.0021766288372568566,0.002167043682744166,-9.585154512690725e-06,198,210,1243287,198,5571,0,0,210,2515,0,0,0,65,0,90,0,0,0,0,0,0,0,0,0,0,0,0
M4,2016-05-06__bonirob_2016-05-06-11-21-29_10_frame10,2016-05-06,1251936,0.0023403752268486566,0.001475315032078317,-0.0008650601947703396,169,1252,1244063,169,4704,0,0,263,1678,989,0,0,19,0,51,0,0,0,0,0,0,0,0,0,0,0,0
M4,2016-05-06__bonirob_2016-05-06-11-21-29_10_frame11,2016-05-06,1251936,0.0012396799836413364,0.0,-0.0012396799836413364,0,1552,1245886,0,4268,0,0,69,0,1483,0,0,196,0,34,0,0,0,0,0,0,0,0,0,0,0,0
M4,2016-05-06__bonirob_2016-05-06-11-21-29_10_frame12,2016-05-06,1251936,0.002816437900978964,0.0010807261713058815,-0.0017357117296730824,169,2342,1242412,169,5673,0,0,466,1184,1876,0,0,115,0,41,0,0,0,0,0,0,0,0,0,0,0,0
M4,2016-05-06__bonirob_2016-05-06-11-21-29_10_frame13,2016-05-06,1251936,0.0018571236868338318,0.0,-0.0018571236868338318,0,2325,1240374,0,8647,0,0,165,0,2160,0,0,523,0,67,0,0,0,0,0,0,0,0,0,0,0,0
M4,2016-05-06__bonirob_2016-05-06-11-21-29_10_frame14,2016-05-06,1251936,0.002511310482324975,0.0,-0.002511310482324975,0,3144,1244309,0,4483,0,0,283,0,2861,0,0,0,0,0,0,0,0,0,0,0,0,0,0,0,0,0
M4,2016-05-06__bonirob_2016-05-06-11-21-29_10_frame15,2016-05-06,1251936,0.0018898729647521919,0.00112705441811722,-0.0007628185466349718,57,1012,1241810,57,7589,0,0,339,1354,673,0,0,0,0,114,0,0,0,0,0,0,0,0,0,0,0,0
M4,2016-05-06__bonirob_2016-05-06-11-21-29_10_frame16,2016-05-06,1251936,0.0019401950259438183,0.0,-0.0019401950259438183,0,2429,1243624,0,5816,0,0,193,0,2236,0,0,67,0,0,0,0,0,0,0,0,0,0,0,0,0,0
M4,2016-05-06__bonirob_2016-05-06-11-21-29_10_frame17,2016-05-06,1251936,0.0016758045139687653,0.0,-0.0016758045139687653,0,2098,1241001,0,8610,0,0,197,0,1901,0,0,227,0,0,0,0,0,0,0,0,0,0,0,0,0,0
M4,2016-05-06__bonirob_2016-05-06-11-21-29_10_frame18,2016-05-06,1251936,0.0025264869769700687,0.001166992561920098,-0.0013594944150499707,93,1795,1235652,93,12802,0,0,215,1368,1580,0,0,99,0,127,0,0,0,0,0,0,0,0,0,0,0,0
M4,2016-05-06__bonirob_2016-05-06-11-21-29_10_frame19,2016-05-06,1251936,0.0011621999846637527,0.0,-0.0011621999846637527,0,1455,1241951,0,8310,0,0,86,0,1369,0,0,220,0,0,0,0,0,0,0,0,0,0,0,0,0,0
M4,2016-05-06__bonirob_2016-05-06-11-21-29_10_frame20,2016-05-06,1251936,0.003299689440993789,0.0013107698796104594,-0.0019889195613833296,87,2577,1242299,87,5203,0,0,550,1554,2027,0,0,201,0,15,0,0,0,0,0,0,0,0,0,0,0,0
M4,2016-05-06__bonirob_2016-05-06-11-21-29_10_frame21,2016-05-06,1251936,0.0018563249239577741,0.0,-0.0018563249239577741,0,2324,1246273,0,3339,0,0,177,0,2147,0,0,0,0,0,0,0,0,0,0,0,0,0,0,0,0,0
M4,2016-05-09__bonirob_2016-05-09-10-49-56_6_frame2,2016-05-09,1251936,0.006150474145643228,0.006911695166526084,0.0007612210208828565,1336,383,1237626,1335,1664,0,0,383,7317,0,0,0,944,1,2666,0,0,0,0,0,0,0,0,0,0,0,0
M4,2016-05-09__bonirob_2016-05-09-10-49-56_6_frame3,2016-05-09,1251936,0.006378121565319633,0.006749546302686399,0.00037142473736676614,1120,655,1240051,1120,1731,0,0,655,7330,0,0,0,340,0,709,0,0,0,0,0,0,0,0,0,0,0,0
M4,2016-05-09__bonirob_2016-05-09-10-49-56_6_frame4,2016-05-09,1251936,0.007060265061472791,0.00869852772026685,0.0016382626587940598,2214,163,1238216,2214,2176,0,0,163,8676,0,0,0,62,0,429,0,0,0,0,0,0,0,0,0,0,0,0
M4,2016-05-09__bonirob_2016-05-09-10-49-56_6_frame5,2016-05-09,1251936,0.006926072898295121,0.0076840988676737465,0.0007580259693786258,1477,528,1238839,1477,1708,0,52,528,8143,0,0,0,774,0,415,0,0,0,0,0,0,0,0,0,0,0,0
M4,2016-05-09__bonirob_2016-05-09-10-49-56_6_frame6,2016-05-09,1251936,0.005177580962605117,0.005804609820310304,0.0006270288577051863,1051,266,1239935,847,1843,0,0,266,6216,0,0,0,998,204,1627,0,0,0,0,0,0,0,0,0,0,0,0
M4,2016-05-09__bonirob_2016-05-09-10-49-56_6_frame7,2016-05-09,1251936,0.0063038366178462795,0.006669670015080643,0.00036583339723436376,928,470,1242202,928,533,0,0,470,7422,0,0,0,375,0,6,0,0,0,0,0,0,0,0,0,0,0,0
M4,2016-05-09__bonirob_2016-05-09-10-49-56_6_frame8,2016-05-09,1251936,0.0036655228382281523,0.0015344234849065767,-0.0021310993533215756,354,3022,1243260,354,1400,0,0,402,1567,2620,0,0,1072,0,1261,0,0,0,0,0,0,0,0,0,0,0,0
M4,2016-05-09__bonirob_2016-05-09-10-49-56_6_frame9,2016-05-09,1251936,0.004685543030953659,0.003246172328297932,-0.0014393707026557272,553,2355,1241248,553,2440,0,6,383,3511,1972,0,0,543,0,1280,0,0,0,0,0,0,0,0,0,0,0,0
M4,2016-05-09__bonirob_2016-05-09-10-49-56_6_frame10,2016-05-09,1251936,0.002288455639904915,0.00045369731360069525,-0.0018347583263042199,6,2303,1247215,6,1031,0,0,434,562,1869,0,0,493,0,326,0,0,0,0,0,0,0,0,0,0,0,0
M4,2016-05-09__bonirob_2016-05-09-10-49-56_6_frame11,2016-05-09,1251936,0.005414813536794213,0.00539963704214912,-1.517649464509354e-05,651,670,1241294,651,1301,0,0,413,6109,257,0,0,683,0,1228,0,0,0,0,0,0,0,0,0,0,0,0
M4,2016-05-09__bonirob_2016-05-09-10-49-56_6_frame12,2016-05-09,1251936,0.004493041177823787,0.003459442016205301,-0.0010335991616184856,392,1686,1244601,392,1018,0,58,604,3939,1082,0,0,100,0,142,0,0,0,0,0,0,0,0,0,0,0,0
M4,2016-05-09__bonirob_2016-05-09-10-49-56_6_frame13,2016-05-09,1251936,0.004524192929990032,0.004935555811159676,0.0004113628811696444,1144,629,1240709,1144,902,0,0,468,5035,161,0,0,996,0,2521,0,0,0,0,0,0,0,0,0,0,0,0
M4,2016-05-09__bonirob_2016-05-09-10-49-56_6_frame14,2016-05-09,1251936,0.0040353500498428035,0.003025713774506045,-0.0010096362753367586,527,1791,1231370,527,1016,0,2,419,3261,1372,0,0,2714,0,11255,0,0,0,0,0,0,0,0,0,0,0,0
M4,2016-05-09__bonirob_2016-05-09-10-49-56_6_frame15,2016-05-09,1251936,0.005711953326687626,0.0055058725046647754,-0.0002060808220228508,765,1023,1242425,765,1043,0,0,610,6128,413,0,0,461,0,91,0,0,0,0,0,0,0,0,0,0,0,0
M4,2016-05-09__bonirob_2016-05-09-10-49-56_6_frame16,2016-05-09,1251936,0.006085774352682565,0.00611053600184035,2.47616491577847e-05,1100,1069,1240715,1100,1041,0,0,337,6550,732,0,0,1016,0,445,0,0,0,0,0,0,0,0,0,0,0,0
M4,2016-05-09__bonirob_2016-05-09-10-49-56_6_frame17,2016-05-09,1251936,0.006692834138486313,0.006141687754006595,-0.0005511463844797178,638,1328,1239737,638,2173,0,0,554,7051,774,0,0,533,0,476,0,0,0,0,0,0,0,0,0,0,0,0
M4,2016-05-09__bonirob_2016-05-09-10-49-56_6_frame18,2016-05-09,1251936,0.004070495616389336,0.0039530774736088745,-0.00011741814278046128,449,596,1245611,449,309,0,0,585,4500,11,0,0,230,0,241,0,0,0,0,0,0,0,0,0,0,0,0
M4,2016-05-09__bonirob_2016-05-09-10-49-56_6_frame19,2016-05-09,1251936,0.0063126230094829126,0.0068126485698949465,0.0005000255604120339,970,344,1240655,970,1646,0,0,344,7559,0,0,0,180,0,582,0,0,0,0,0,0,0,0,0,0,0,0
M4,2016-05-09__bonirob_2016-05-09-10-49-56_6_frame20,2016-05-09,1251936,0.0020927587352708127,0.00011262556552411625,-0.0019801331697466965,3,2482,1248171,3,691,0,0,415,138,2067,0,0,440,0,11,0,0,0,0,0,0,0,0,0,0,0,0
M4,2016-05-09__bonirob_2016-05-09-10-49-56_6_frame21,2016-05-09,1251936,0.0030856209902103623,0.00017013649260026072,-0.0029154844976101014,0,3650,1246726,0,631,0,0,460,213,3190,0,0,713,0,3,0,0,0,0,0,0,0,0,0,0,0,0
M4,2016-05-11__bonirob_2016-05-11-10-36-32_5_frame2,2016-05-11,1251936,0.008571524422973698,0.009538027503003348,0.0009665030800296501,1458,248,1238516,1458,1070,0,0,248,10483,0,0,0,39,0,122,0,0,0,0,0,0,0,0,0,0,0,0
M4,2016-05-11__bonirob_2016-05-11-10-36-32_5_frame3,2016-05-11,1251936,0.008070700099685607,0.009235296372977533,0.001164596273291926,1692,234,1239696,1692,413,0,31,234,9870,0,0,0,0,0,0,0,0,0,0,0,0,0,0,0,0,0,0
M4,2016-05-11__bonirob_2016-05-11-10-36-32_5_frame4,2016-05-11,1251936,0.007236791657081512,0.007996415152212253,0.0007596234951307412,1214,263,1239973,1214,1145,0,0,263,8797,0,0,0,222,0,322,0,0,0,0,0,0,0,0,0,0,0,0
M4,2016-05-11__bonirob_2016-05-11-10-36-32_5_frame5,2016-05-11,1251936,0.006408474554609821,0.007553101756000307,0.0011446272013904864,1588,155,1241188,1588,776,0,0,155,7868,0,0,0,259,0,102,0,0,0,0,0,0,0,0,0,0,0,0
M4,2016-05-11__bonirob_2016-05-11-10-36-32_5_frame6,2016-05-11,1251936,0.009390256370932699,0.010840010990977174,0.0014497546200444751,1955,140,1237099,1955,991,0,0,140,11616,0,0,0,68,0,67,0,0,0,0,0,0,0,0,0,0,0,0
M4,2016-05-11__bonirob_2016-05-11-10-36-32_5_frame7,2016-05-11,1251936,0.010087576361730952,0.01141512026173862,0.0013275439000076678,1885,223,1236454,1885,837,0,0,223,12406,0,0,0,0,0,131,0,0,0,0,0,0,0,0,0,0,0,0
M4,2016-05-11__bonirob_2016-05-11-10-36-32_5_frame8,2016-05-11,1251936,0.0072136275336758425,0.00804034711039542,0.0008267195767195775,1318,283,1239934,1318,863,0,0,283,8748,0,0,0,647,0,143,0,0,0,0,0,0,0,0,0,0,0,0
M4,2016-05-11__bonirob_2016-05-11-10-36-32_5_frame9,2016-05-11,1251936,0.0063509636275336755,0.00717209186412085,0.0008211282365871743,1324,296,1240744,1324,1053,0,0,296,7655,0,0,0,37,0,827,0,0,0,0,0,0,0,0,0,0,0,0
M4,2016-05-11__bonirob_2016-05-11-10-36-32_5_frame10,2016-05-11,1251936,0.01043184316131176,0.011579665414206478,0.001147822252894717,1817,380,1236462,1817,505,0,0,380,12680,0,0,0,4,0,88,0,0,0,0,0,0,0,0,0,0,0,0
M4,2016-05-11__bonirob_2016-05-11-10-36-32_5_frame11,2016-05-11,1251936,0.010645911612095186,0.012141195716074943,0.0014952841039797566,2187,315,1233540,2187,1247,0,1,296,13013,19,0,0,40,0,1593,0,0,0,0,0,0,0,0,0,0,0,0
M4,2016-05-11__bonirob_2016-05-11-10-36-32_5_frame12,2016-05-11,1251936,0.015160519387572527,0.016512026173861924,0.001351506786289397,2379,687,1229203,2379,1067,0,36,687,18293,0,0,0,84,0,187,0,0,0,0,0,0,0,0,0,0,0,0
M4,2016-05-11__bonirob_2016-05-11-10-36-32_5_frame13,2016-05-11,1251936,0.009163407714132352,0.010641119034838841,0.0014777113207064888,2011,161,1238159,2011,294,0,0,161,11311,0,0,0,0,0,0,0,0,0,0,0,0,0,0,0,0,0,0
M4,2016-05-11__bonirob_2016-05-11-10-36-32_5_frame14,2016-05-11,1251936,0.011268946655420085,0.01274825550187869,0.001479308846458605,2139,287,1229885,2139,2333,0,0,287,13821,0,0,0,103,0,3368,0,0,0,0,0,0,0,0,0,0,0,0
M4,2016-05-11__bonirob_2016-05-11-10-36-32_5_frame15,2016-05-11,1251936,0.006298245277713877,0.007208834956419497,0.0009105896787056202,1374,234,1239489,1374,885,0,0,234,7651,0,0,0,147,0,2156,0,0,0,0,0,0,0,0,0,0,0,0
M4,2016-05-11__bonirob_2016-05-11-10-36-32_5_frame16,2016-05-11,1251936,0.011812105411139228,0.012934367252000102,0.0011222618408608734,1957,552,1235007,1957,184,0,0,552,14236,0,0,0,0,0,0,0,0,0,0,0,0,0,0,0,0,0,0
M4,2016-05-11__bonirob_2016-05-11-10-36-32_5_frame17,2016-05-11,1251936,0.00662493929402142,0.007272735986504102,0.0006477966924826823,1020,209,1240807,1020,879,0,0,209,8085,0,0,0,382,0,554,0,0,0,0,0,0,0,0,0,0,0,0
M4,2016-05-11__bonirob_2016-05-11-10-36-32_5_frame18,2016-05-11,1251936,0.00860666998952023,0.009708962758479666,0.0011022927689594356,1675,295,1238631,1675,565,0,0,295,10480,0,0,0,103,0,187,0,0,0,0,0,0,0,0,0,0,0,0
M4,2016-05-11__bonirob_2016-05-11-10-36-32_5_frame19,2016-05-11,1251936,0.009348720701377706,0.010072399867085857,0.0007236791657081517,1352,446,1237599,1352,815,0,1,446,11258,0,0,0,346,0,119,0,0,0,0,0,0,0,0,0,0,0,0
M4,2016-05-11__bonirob_2016-05-11-10-36-32_5_frame20,2016-05-11,1251936,0.003496185108503949,0.003151119546047082,-0.000345065562456867,262,694,1245052,262,2235,0,10,427,3683,267,0,0,0,0,0,0,0,0,0,0,0,0,0,0,0,0,0
M4,2016-05-11__bonirob_2016-05-11-10-36-32_5_frame21,2016-05-11,1251936,0.005684795388901669,0.005568176008997265,-0.00011661937990440404,557,703,1243583,557,679,0,0,366,6414,337,0,0,0,0,0,0,0,0,0,0,0,0,0,0,0,0,0
M4,2016-05-13__bonirob_2016-05-13-11-50-19_2_frame0,2016-05-13,1251936,0.005416411062546329,0.005310175600030672,-0.00010623546251565651,412,545,1243073,412,261,0,0,491,6236,54,0,0,635,0,774,0,0,0,0,0,0,0,0,0,0,0,0
M4,2016-05-13__bonirob_2016-05-13-11-50-19_2_frame1,2016-05-13,1251936,0.013172398589065255,0.014102158576796258,0.0009297599877310034,1759,595,1231905,1759,240,0,0,595,15896,0,0,0,1403,0,138,0,0,0,0,0,0,0,0,0,0,0,0
M4,2016-05-13__bonirob_2016-05-13-11-50-19_2_frame2,2016-05-13,1251936,0.01145745469416967,0.011941504997060553,0.00048405030289088227,993,387,1235592,993,68,0,0,387,13957,0,0,0,429,0,510,0,0,0,0,0,0,0,0,0,0,0,0
M4,2016-05-13__bonirob_2016-05-13-11-50-19_2_frame3,2016-05-13,1251936,0.008390205250108631,0.008848695140965672,0.00045848989085704034,1122,548,1237776,1122,332,0,0,536,9956,12,0,0,758,0,1444,0,0,0,0,0,0,0,0,0,0,0,0
M4,2016-05-13__bonirob_2016-05-13-11-50-19_2_frame4,2016-05-13,1251936,0.010958227896633694,0.011489405209211972,0.0005311773125782782,1022,357,1236408,1022,29,0,0,357,13362,0,0,0,624,0,134,0,0,0,0,0,0,0,0,0,0,0,0
M4,2016-05-13__bonirob_2016-05-13-11-50-19_2_frame5,2016-05-13,1251936,0.011196259233698847,0.011892780461621042,0.0006965212279221953,1333,461,1234058,1333,718,0,0,461,13556,0,0,0,321,0,1489,0,0,0,0,0,0,0,0,0,0,0,0
M4,2016-05-13__bonirob_2016-05-13-11-50-19_2_frame6,2016-05-13,1251936,0.0016638230708279017,0.00014617360631853386,-0.0015176494645093679,1,1901,1247034,1,551,0,0,274,182,1627,0,0,1339,0,928,0,0,0,0,0,0,0,0,0,0,0,0
M4,2016-05-13__bonirob_2016-05-13-11-50-19_2_frame7,2016-05-13,1251936,0.007358203614242262,0.00779113309306546,0.0004329294788231984,971,429,1239689,971,115,0,0,429,8783,0,0,0,1444,0,505,0,0,0,0,0,0,0,0,0,0,0,0
M4,2016-05-13__bonirob_2016-05-13-11-50-19_2_frame8,2016-05-13,1251936,0.0050873207576106125,0.004235040768857194,-0.0008522799887534186,274,1341,1244671,274,64,0,0,455,5028,886,0,0,558,0,0,0,0,0,0,0,0,0,0,0,0,0,0
M4,2016-05-13__bonirob_2016-05-13-11-50-19_2_frame9,2016-05-13,1251936,0.009434188329115866,0.009676213480561307,0.00024202515144544114,1016,713,1236644,1016,1095,0,0,254,11098,459,0,0,835,0,535,0,0,0,0,0,0,0,0,0,0,0,0
M4,2016-05-13__bonirob_2016-05-13-11-50-19_2_frame10,2016-05-13,1251936,0.016710918130000255,0.018230165120261738,0.0015192469902614823,2228,326,1225085,2196,779,0,0,326,20595,0,0,0,1195,32,1728,0,0,0,0,0,0,0,0,0,0,0,0
M4,2016-05-13__bonirob_2016-05-13-11-50-19_2_frame11,2016-05-13,1251936,0.006786289394985047,0.006096158270071313,-0.000690131124913734,494,1358,1239937,494,732,0,0,997,7138,361,0,0,1959,0,318,0,0,0,0,0,0,0,0,0,0,0,0
M4,2016-05-13__bonirob_2016-05-13-11-50-19_2_frame12,2016-05-13,1251936,0.020456317255834165,0.021402052501086316,0.0009457352452521516,2540,1356,1220110,2540,649,0,0,1009,24254,347,0,0,811,0,2216,0,0,0,0,0,0,0,0,0,0,0,0
M4,2016-05-13__bonirob_2016-05-13-11-50-19_2_frame13,2016-05-13,1251936,0.008532385042046878,0.008638620504562534,0.00010623546251565565,1583,1450,1237929,1582,436,0,0,383,9232,1067,0,0,971,1,335,0,0,0,0,0,0,0,0,0,0,0,0
M4,2016-05-13__bonirob_2016-05-13-11-50-19_2_frame14,2016-05-13,1251936,0.008769617616235974,0.009863922756434834,0.0010943051401988597,1654,284,1238900,1654,37,0,0,284,10695,0,0,0,366,0,0,0,0,0,0,0,0,0,0,0,0,0,0
M4,2016-05-13__bonirob_2016-05-13-11-50-19_2_frame15,2016-05-13,1251936,0.010665081921120569,0.011470234900186591,0.0008051529790660227,1559,551,1234318,1559,519,0,0,551,12801,0,0,0,887,0,1301,0,0,0,0,0,0,0,0,0,0,0,0
M4,2016-05-13__bonirob_2016-05-13-11-50-19_2_frame16,2016-05-13,1251936,0.018384326355340846,0.019404346548066356,0.0010200201927255091,1943,666,1223413,1943,811,0,0,666,22350,0,0,0,1403,0,1350,0,0,0,0,0,0,0,0,0,0,0,0
M4,2016-05-13__bonirob_2016-05-13-11-50-19_2_frame17,2016-05-13,1251936,0.02439661452342612,0.026206611200572553,0.0018099966771464339,2677,411,1218441,2677,102,0,0,411,30132,0,0,0,136,0,37,0,0,0,0,0,0,0,0,0,0,0,0
M4,2016-05-13__bonirob_2016-05-13-11-50-19_2_frame18,2016-05-13,1251936,0.003700668404774685,0.00334521892492907,-0.00035544947984561493,308,753,1244073,308,579,0,0,402,3880,351,0,0,1725,0,618,0,0,0,0,0,0,0,0,0,0,0,0
M4,2016-05-13__bonirob_2016-05-13-11-50-19_2_frame19,2016-05-13,1251936,0.022745571658615137,0.01694176060118089,-0.005803811057434247,1989,9255,1215385,1989,2236,0,0,1262,19221,7993,0,0,636,0,3214,0,0,0,0,0,0,0,0,0,0,0,0
M4,2016-05-18__bonirob_2016-05-18-10-59-09_4_frame2,2016-05-18,1251936,0.0316509789637809,0.033905886562891396,0.0022549075991104978,3326,503,1205980,3326,665,0,0,503,39122,0,0,0,507,0,1833,0,0,0,0,0,0,0,0,0,0,0,0
M4,2016-05-18__bonirob_2016-05-18-10-59-09_4_frame3,2016-05-18,1251936,0.043530979219385015,0.04644167113973877,0.0029106919203537585,4228,584,1193186,4169,0,0,0,584,53914,0,0,0,24,59,0,0,0,0,0,0,0,0,0,0,0,0,0
M4,2016-05-18__bonirob_2016-05-18-10-59-09_4_frame4,2016-05-18,1251936,0.027143560054188075,0.029459173631878947,0.002315613577690872,3527,628,1214298,3527,13,0,0,628,33354,0,0,0,116,0,0,0,0,0,0,0,0,0,0,0,0,0,0
M4,2016-05-18__bonirob_2016-05-18-10-59-09_4_frame5,2016-05-18,1251936,0.03711691332464279,0.039642601538736805,0.0025256882140940115,3321,159,1201497,3321,112,0,0,159,46309,0,0,0,264,0,274,0,0,0,0,0,0,0,0,0,0,0,0
M4,2016-05-18__bonirob_2016-05-18-10-59-09_4_frame6,2016-05-18,1251936,0.03193453978478133,0.03406643790097896,0.002131898116197635,3770,1101,1203939,3770,1022,0,0,826,38879,275,0,0,1219,0,2006,0,0,0,0,0,0,0,0,0,0,0,0
M4,2016-05-18__bonirob_2016-05-18-10-59-09_4_frame7,2016-05-18,1251936,0.038255949185900875,0.041438220484114205,0.0031822712982133294,4403,419,1199251,4403,92,0,0,419,47475,0,0,0,192,0,104,0,0,0,0,0,0,0,0,0,0,0,0
M4,2016-05-18__bonirob_2016-05-18-10-59-09_4_frame8,2016-05-18,1251936,0.03564958592132505,0.03823837640262761,0.002588790481302561,3976,735,1198039,3367,2134,0,0,735,43896,0,0,0,248,609,2908,0,0,0,0,0,0,0,0,0,0,0,0
M4,2016-05-18__bonirob_2016-05-18-10-59-09_4_frame9,2016-05-18,1251936,0.04122654832195895,0.04112989801395599,-9.665030800296015e-05,3334,3455,1191987,3089,1320,0,0,1463,48158,1992,0,0,878,245,2804,0,0,0,0,0,0,0,0,0,0,0,0
M4,2016-05-18__bonirob_2016-05-18-10-59-09_4_frame10,2016-05-18,1251936,0.02559475883751246,0.026940674283669454,0.001345915446156993,2308,623,1212242,2308,1717,0,80,623,31420,0,0,0,238,0,3078,0,230,0,0,0,0,0,0,0,0,0,0
M4,2016-05-18__bonirob_2016-05-18-10-59-09_4_frame11,2016-05-18,1251936,0.037093749201237126,0.03889655701249904,0.0018028078112619153,3267,1010,1193195,3267,1983,0,0,1010,45429,0,0,0,848,0,6204,0,0,0,0,0,0,0,0,0,0,0,0
M4,2016-05-18__bonirob_2016-05-18-10-59-09_4_frame12,2016-05-18,1251936,0.028921606216292205,0.03007342228356721,0.001151816067275005,2279,837,1208603,2279,643,0,0,837,35371,0,0,0,1203,0,3000,0,0,0,0,0,0,0,0,0,0,0,0
M4,2016-05-18__bonirob_2016-05-18-10-59-09_4_frame13,2016-05-18,1251936,0.022455620734606243,0.023788755974746313,0.0013331352401400702,2474,805,1220674,2474,122,0,0,805,27308,0,0,0,458,0,95,0,0,0,0,0,0,0,0,0,0,0,0
M4,2016-05-18__bonirob_2016-05-18-10-59-09_4_frame14,2016-05-18,1251936,0.03397697645886052,0.0357070968484012,0.0017301203895406791,3025,859,1205884,3025,91,0,0,859,41678,0,0,0,141,0,258,0,0,0,0,0,0,0,0,0,0,0,0
M4,2016-05-18__bonirob_2016-05-18-10-59-09_4_frame15,2016-05-18,1251936,0.03399534800500984,0.03601302302993124,0.0020176750249214018,3578,1052,1205123,3578,559,0,0,939,41508,113,0,0,0,0,116,0,0,0,0,0,0,0,0,0,0,0,0
M4,2016-05-18__bonirob_2016-05-18-10-59-09_4_frame16,2016-05-18,1251936,0.03369101934923191,0.036231884057971016,0.002540864708739106,3610,429,1205878,3610,20,0,0,429,41750,0,0,0,142,0,107,0,0,0,0,0,0,0,0,0,0,0,0
M4,2016-05-18__bonirob_2016-05-18-10-59-09_4_frame17,2016-05-18,1251936,0.04001802009048386,0.043066897988395574,0.0030488778979117157,4390,573,1196551,4390,765,0,0,573,49527,0,0,0,8,0,122,0,0,0,0,0,0,0,0,0,0,0,0
M4,2016-05-18__bonirob_2016-05-18-10-59-09_4_frame18,2016-05-18,1251936,0.03988622421593436,0.04231606088490147,0.0024298366689671086,4221,1179,1195617,4221,682,0,0,1087,48756,92,0,0,188,0,1293,0,0,0,0,0,0,0,0,0,0,0,0
M4,2016-05-18__bonirob_2016-05-18-10-59-09_4_frame19,2016-05-18,1251936,0.034518537688827546,0.0366368568361322,0.002118319147304655,3482,830,1196541,3395,1602,0,0,830,42385,0,0,0,1004,87,6092,0,0,0,0,0,0,0,0,0,0,0,0
M4,2016-05-18__bonirob_2016-05-18-10-59-09_4_frame20,2016-05-18,1251936,0.03432603583569767,0.03641160570508396,0.0020855698693862945,3339,728,1205296,3339,112,0,0,728,42246,0,0,0,36,0,179,0,0,0,0,0,0,0,0,0,0,0,0
M4,2016-05-18__bonirob_2016-05-18-10-59-09_4_frame21,2016-05-18,1251936,0.03576700406410551,0.03694837435779465,0.0011813702936891365,2435,956,1199648,2430,932,0,0,956,43822,0,0,0,915,5,3228,0,0,0,0,0,0,0,0,0,0,0,0
M4,2016-05-27___2016-05-27-10-26-48_5_frame23,2016-05-27,1251936,0.03964100401298469,0.04128885182629144,0.0016478478133067492,3182,1119,1197242,3182,974,0,0,820,48509,299,0,0,791,0,119,0,0,0,0,0,0,0,0,0,0,0,0
M4,2016-05-27___2016-05-27-10-26-48_5_frame24,2016-05-27,1251936,0.027975072208163997,0.0300510569230376,0.0020759847148736042,3049,450,1213111,3046,354,0,0,450,34573,0,0,0,159,3,240,0,0,0,0,0,0,0,0,0,0,0,0
M4,2016-05-27___2016-05-27-10-26-48_5_frame25,2016-05-27,1251936,0.016089480612427473,0.017781260383917388,0.0016917797714899145,2512,394,1227756,2346,418,0,0,394,19749,0,0,0,882,166,225,0,0,0,0,0,0,0,0,0,0,0,0
M4,2016-05-27___2016-05-27-10-26-48_5_frame26,2016-05-27,1251936,0.036676794979935076,0.0394413132939703,0.002764518314035222,3831,370,1198914,3831,1221,0,0,370,45547,0,0,0,610,0,1443,0,0,0,0,0,0,0,0,0,0,0,0
M4,2016-05-27___2016-05-27-10-26-48_5_frame27,2016-05-27,1251936,0.06922398589065255,0.07325214707461085,0.004028161183958295,5370,327,1158976,5370,140,0,98,327,86337,0,0,0,453,0,235,0,0,0,0,0,0,0,0,0,0,0,0
M4,2016-05-27___2016-05-27-10-26-48_5_frame28,2016-05-27,1251936,0.06601535541752933,0.06987977021189581,0.003864414794366486,5186,348,1163060,5099,151,0,0,348,82299,0,0,0,462,87,430,0,0,0,0,0,0,0,0,0,0,0,0
M4,2016-05-27___2016-05-27-10-26-48_5_frame29,2016-05-27,1251936,0.08956368376658232,0.09318207959512308,0.0036183958285407603,5734,1204,1133672,5684,32,0,0,1204,110924,0,0,0,195,50,175,0,0,0,0,0,0,0,0,0,0,0,0
M4,2016-05-27___2016-05-27-10-26-48_5_frame30,2016-05-27,1251936,0.06041123507910948,0.06435472739820566,0.003943492319096187,5679,742,1169728,5679,97,0,0,742,74889,0,0,0,648,0,153,0,0,0,0,0,0,0,0,0,0,0,0
M4,2016-05-27___2016-05-27-10-26-48_5_frame31,2016-05-27,1251936,0.11599314980957492,0.12428031464867213,0.008287164839097208,10953,578,1095043,10632,95,0,0,578,144638,0,0,0,145,321,484,0,0,0,0,0,0,0,0,0,0,0,0
M4,2016-05-27___2016-05-27-10-26-48_5_frame32,2016-05-27,1251936,0.09584036244664264,0.10253080029650077,0.006690437849858136,8974,598,1121628,8770,297,0,0,441,119388,157,0,0,283,204,768,0,0,0,0,0,0,0,0,0,0,0,0
M4,2016-05-27___2016-05-27-10-26-48_5_frame33,2016-05-27,1251936,0.0950599711167344,0.10106347289318304,0.006003501776448636,8156,640,1123526,8156,224,0,0,640,118369,0,0,0,435,0,586,0,0,0,0,0,0,0,0,0,0,0,0
M4,2016-05-27___2016-05-27-10-26-48_5_frame34,2016-05-27,1251936,0.08490769496204278,0.09000380211129004,0.005096107149247256,6894,514,1137193,6894,342,0,0,514,105785,0,0,0,143,0,1065,0,0,0,0,0,0,0,0,0,0,0,0
M4,2016-05-27___2016-05-27-10-26-48_5_frame35,2016-05-27,1251936,0.09278589320859852,0.09802577767553614,0.005239884466937614,7085,525,1127117,7085,564,0,0,525,115637,0,0,0,83,0,925,0,0,0,0,0,0,0,0,0,0,0,0
M4,2016-05-27___2016-05-27-10-26-48_5_frame36,2016-05-27,1251936,0.07053715205889119,0.07614286992306316,0.005605717864171966,7392,374,1153877,7392,429,0,0,374,87934,0,0,0,511,0,1419,0,0,0,0,0,0,0,0,0,0,0,0
M4,2016-05-27___2016-05-27-10-26-48_5_frame37,2016-05-27,1251936,0.06262141195716076,0.06567987500958515,0.0030584630524243955,4302,473,1167721,4302,198,0,0,473,77925,0,0,0,553,0,764,0,0,0,0,0,0,0,0,0,0,0,0
M4,2016-05-27___2016-05-27-10-26-48_5_frame38,2016-05-27,1251936,0.06668072489328528,0.0702320246402372,0.0035512997469519247,5068,622,1162265,5068,454,0,0,622,82858,0,0,0,148,0,521,0,0,0,0,0,0,0,0,0,0,0,0
M4,2016-05-27___2016-05-27-10-26-48_5_frame39,2016-05-27,1251936,0.06581406717276282,0.06797551951537459,0.0021614523426117666,3515,809,1164847,3515,466,0,0,498,81586,311,0,0,284,0,429,0,0,0,0,0,0,0,0,0,0,0,0
M4,2016-05-27___2016-05-27-10-26-48_5_frame40,2016-05-27,1251936,0.09375878639163664,0.09712557191421926,0.003366785522582627,5539,1324,1126212,5469,535,0,0,1324,116056,0,0,0,746,70,1524,0,0,0,0,0,0,0,0,0,0,0,0
M4,2016-05-27___2016-05-27-10-26-48_5_frame41,2016-05-27,1251936,0.00556338343174092,0.005601724049791683,3.83406180507629e-05,561,513,1242860,561,346,0,0,278,6452,235,0,0,947,0,257,0,0,0,0,0,0,0,0,0,0,0,0
M4,2016-05-27___2016-05-27-10-26-48_5_frame42,2016-05-27,1251936,0.08761869616338215,0.09059328911382052,0.002974592950438365,4847,1123,1135955,4794,561,0,0,1123,108570,0,0,0,288,53,592,0,0,0,0,0,0,0,0,0,0,0,0
M5,2016-04-29__1461926009_604845562,2016-04-29,1251936,0.0008227257623392889,0.0,-0.0008227257623392889,0,1030,1250851,0,55,0,0,701,0,329,0,0,0,0,0,0,0,0,0,0,0,0,0,0,0,0,0
M5,2016-04-29__1461926010_604880009,2016-04-29,1251936,0.002239731104465404,1.8371546149323927e-05,-0.00222135955831608,0,2781,1248736,0,306,0,0,1593,23,999,0,189,90,0,0,0,0,0,0,0,0,0,0,0,0,0,0
M5,2016-04-29__1461926011_604916128,2016-04-29,1251936,0.001242076272269509,0.0,-0.001242076272269509,0,1555,1250064,0,192,0,0,815,0,740,0,0,125,0,0,0,0,0,0,0,0,0,0,0,0,0,0
M5,2016-04-29__1461926012_604949024,2016-04-29,1251936,0.0007436482376095903,0.0,-0.0007436482376095903,0,931,1250953,0,50,0,2,552,0,379,0,0,0,0,0,0,0,0,0,0,0,0,0,0,0,0,0
M5,2016-04-29__1461926013_604998609,2016-04-29,1251936,0.0010152276154691614,0.0,-0.0010152276154691614,0,1271,1250635,0,30,0,0,775,0,496,0,0,0,0,0,0,0,0,0,0,0,0,0,0,0,0,0
M5,2016-04-29__1461926014_604941733,2016-04-29,1251936,0.0011933517368299977,0.0,-0.0011933517368299977,0,1494,1250422,0,20,0,0,751,0,743,0,0,0,0,0,0,0,0,0,0,0,0,0,0,0,0,0
M5,2016-04-29__1461926015_604903443,2016-04-29,1251936,0.0004081678296654142,0.0,-0.0004081678296654142,0,511,1251388,0,37,0,0,272,0,239,0,0,0,0,0,0,0,0,0,0,0,0,0,0,0,0,0
M5,2016-04-29__1461926016_604995266,2016-04-29,1251936,0.0009880696776832043,0.0,-0.0009880696776832043,0,1237,1250500,0,199,0,0,482,0,755,0,0,0,0,0,0,0,0,0,0,0,0,0,0,0,0,0
M5,2016-04-29__1461926017_604989736,2016-04-29,1251936,0.0006789484446489278,0.0,-0.0006789484446489278,0,850,1250981,0,105,0,0,331,0,519,0,0,0,0,0,0,0,0,0,0,0,0,0,0,0,0,0
M5,2016-04-29__1461926018_604951803,2016-04-29,1251936,0.0003961863865245508,0.0,-0.0003961863865245508,0,496,1251390,0,50,0,0,387,0,109,0,0,0,0,0,0,0,0,0,0,0,0,0,0,0,0,0
M5,2016-04-29__1461926019_604966069,2016-04-29,1251936,0.0008139393707026557,6.789484446489277e-05,-0.000746044526237763,12,946,1250729,12,176,0,0,591,73,355,0,0,0,0,0,0,0,0,0,0,0,0,0,0,0,0,0
M5,2016-04-29__1461926020_605042418,2016-04-29,1251936,0.0005767067965135598,0.0,-0.0005767067965135598,0,722,1251089,0,125,0,0,315,0,407,0,0,0,0,0,0,0,0,0,0,0,0,0,0,0,0,0
M5,2016-04-29__1461926021_605059526,2016-04-29,1251936,0.00013099711167344018,0.0,-0.00013099711167344018,0,164,1251750,0,22,0,0,96,0,68,0,0,0,0,0,0,0,0,0,0,0,0,0,0,0,0,0
M5,2016-04-29__1461926022_605017021,2016-04-29,1251936,0.0009968560693198374,0.0,-0.0009968560693198374,0,1248,1250463,0,152,0,0,533,0,715,0,0,73,0,0,0,0,0,0,0,0,0,0,0,0,0,0
M5,2016-04-29__1461926023_605086787,2016-04-29,1251936,0.0008291158653477494,0.0,-0.0008291158653477494,0,1038,1250742,0,156,0,0,491,0,547,0,0,0,0,0,0,0,0,0,0,0,0,0,0,0,0,0
M5,2016-04-29__1461926024_605119811,2016-04-29,1251936,0.00037382102599493904,0.0,-0.00037382102599493904,0,468,1251457,0,7,0,4,302,0,166,0,0,0,0,0,0,0,0,0,0,0,0,0,0,0,0,0
M5,2016-04-29__1461926025_605079649,2016-04-29,1251936,0.0012764230759399842,0.0005175983436853002,-0.0007588247322546839,47,997,1250139,47,47,0,0,456,601,541,0,0,105,0,0,0,0,0,0,0,0,0,0,0,0,0,0
M5,2016-04-29__1461926026_605127035,2016-04-29,1251936,0.0009760882345423408,1.1182680264805868e-05,-0.000964905554277535,0,1208,1250638,0,76,0,0,386,14,822,0,0,0,0,0,0,0,0,0,0,0,0,0,0,0,0,0
M5,2016-04-29__1461926027_605095658,2016-04-29,1251936,0.0005607315389924085,0.0,-0.0005607315389924085,0,702,1251234,0,0,0,0,372,0,330,0,0,0,0,0,0,0,0,0,0,0,0,0,0,0,0,0
M5,2016-04-29__1461926028_605081452,2016-04-29,1251936,0.000572712982133272,0.0,-0.000572712982133272,0,717,1251183,0,36,0,0,315,0,402,0,0,0,0,0,0,0,0,0,0,0,0,0,0,0,0,0
M5,2016-05-02__bonirob_2016-05-02-12-21-51_1_frame0,2016-05-02,1251936,0.0005423599928430846,0.0,-0.0005423599928430846,0,679,1251115,0,142,0,0,438,0,241,0,0,0,0,0,0,0,0,0,0,0,0,0,0,0,0,0
M5,2016-05-02__bonirob_2016-05-02-12-21-51_1_frame1,2016-05-02,1251936,0.0009065958643253329,0.00011741814278046163,-0.0007891777215448713,0,988,1250387,0,44,0,0,908,147,80,0,0,303,0,67,0,0,0,0,0,0,0,0,0,0,0,0
M5,2016-05-02__bonirob_2016-05-02-12-21-51_1_frame2,2016-05-02,1251936,0.0009489302967563837,0.0,-0.0009489302967563837,0,1188,1250485,0,19,0,0,627,0,561,0,0,217,0,27,0,0,0,0,0,0,0,0,0,0,0,0
M5,2016-05-02__bonirob_2016-05-02-12-21-51_1_frame3,2016-05-02,1251936,0.0010567632850241545,0.000282762058124377,-0.0007740012268997775,0,969,1250415,0,87,0,0,772,354,197,0,0,106,0,5,0,0,0,0,0,0,0,0,0,0,0,0
M5,2016-05-02__bonirob_2016-05-02-12-21-51_1_frame4,2016-05-02,1251936,0.0006086573115558622,0.0,-0.0006086573115558622,0,762,1251170,0,4,0,0,589,0,173,0,0,0,0,0,0,0,0,0,0,0,0,0,0,0,0,0
M5,2016-05-02__bonirob_2016-05-02-12-21-51_1_frame5,2016-05-02,1251936,0.0009369488536155202,0.0,-0.0009369488536155202,0,1173,1250557,0,56,0,0,602,0,571,0,0,150,0,0,0,0,0,0,0,0,0,0,0,0,0,0
M5,2016-05-02__bonirob_2016-05-02-12-21-51_1_frame6,2016-05-02,1251936,0.0006501929811108555,0.0,-0.0006501929811108555,0,814,1250650,0,12,0,0,508,0,306,0,0,275,0,185,0,0,0,0,0,0,0,0,0,0,0,0
M5,2016-05-02__bonirob_2016-05-02-12-21-51_1_frame7,2016-05-02,1251936,0.0006182424660685531,0.0,-0.0006182424660685531,0,774,1250938,0,18,0,0,397,0,377,0,0,139,0,67,0,0,0,0,0,0,0,0,0,0,0,0
M5,2016-05-02__bonirob_2016-05-02-12-21-51_1_frame8,2016-05-02,1251936,0.0003826074176315722,0.0,-0.0003826074176315722,0,479,1251433,0,24,0,0,259,0,220,0,0,0,0,0,0,0,0,0,0,0,0,0,0,0,0,0
M5,2016-05-02__bonirob_2016-05-02-12-21-51_1_frame9,2016-05-02,1251936,0.0009265649362267719,0.0,-0.0009265649362267719,0,1160,1250618,0,158,0,0,572,0,588,0,0,0,0,0,0,0,0,0,0,0,0,0,0,0,0,0
M5,2016-05-02__bonirob_2016-05-02-12-21-51_1_frame10,2016-05-02,1251936,0.0009409426679958081,0.0,-0.0009409426679958081,0,1178,1250395,0,119,0,0,656,0,522,0,0,110,0,134,0,0,0,0,0,0,0,0,0,0,0,0
M5,2016-05-02__bonirob_2016-05-02-12-21-51_1_frame11,2016-05-02,1251936,0.0009800820489226287,0.00020128824476650564,-0.000778793804156123,0,975,1249854,0,18,0,0,739,252,236,0,0,803,0,34,0,0,0,0,0,0,0,0,0,0,0,0
M5,2016-05-02__bonirob_2016-05-02-12-21-51_1_frame12,2016-05-02,1251936,0.0006685645272601794,0.0,-0.0006685645272601794,0,837,1250974,0,7,0,0,425,0,412,0,0,118,0,0,0,0,0,0,0,0,0,0,0,0,0,0
M5,2016-05-02__bonirob_2016-05-02-12-21-51_1_frame13,2016-05-02,1251936,0.0003682296858625361,0.0,-0.0003682296858625361,0,461,1251354,0,0,0,0,316,0,145,0,0,121,0,0,0,0,0,0,0,0,0,0,0,0,0,0
M5,2016-05-02__bonirob_2016-05-02-12-21-51_1_frame14,2016-05-02,1251936,0.0008179331850829435,0.0,-0.0008179331850829435,0,1024,1250705,0,207,0,0,339,0,685,0,0,0,0,0,0,0,0,0,0,0,0,0,0,0,0,0
M5,2016-05-02__bonirob_2016-05-02-12-21-51_1_frame15,2016-05-02,1251936,0.001107085346215781,0.00037382102599493904,-0.0007332643202208419,0,918,1250281,0,8,0,0,788,468,130,0,0,92,0,169,0,0,0,0,0,0,0,0,0,0,0,0
M5,2016-05-02__bonirob_2016-05-02-12-21-51_1_frame16,2016-05-02,1251936,0.0009329550392352324,0.0,-0.0009329550392352324,0,1168,1250281,0,0,0,8,840,0,328,0,0,369,0,0,0,110,0,0,0,0,0,0,0,0,0,0
M5,2016-05-02__bonirob_2016-05-02-12-21-51_1_frame17,2016-05-02,1251936,0.000631022672085474,0.0,-0.000631022672085474,0,790,1251008,0,5,0,0,422,0,368,0,0,133,0,0,0,0,0,0,0,0,0,0,0,0,0,0
M5,2016-05-02__bonirob_2016-05-02-12-21-51_1_frame18,2016-05-02,1251936,0.0006909298877897912,0.0,-0.0006909298877897912,0,865,1250486,0,1,0,0,441,0,424,0,0,431,0,153,0,0,0,0,0,0,0,0,0,0,0,0
M5,2016-05-02__bonirob_2016-05-02-12-21-51_1_frame19,2016-05-02,1251936,0.0008179331850829435,0.0,-0.0008179331850829435,0,1024,1250909,0,3,0,0,704,0,320,0,0,0,0,0,0,0,0,0,0,0,0,0,0,0,0,0
M5,2016-05-04__bonirob_2016-05-04-10-05-47_1_frame0,2016-05-04,1251936,0.00024681772870178666,0.00027796948086803157,3.115175216624491e-05,348,309,1250927,0,82,0,0,267,0,42,0,0,270,348,0,0,0,0,0,0,0,0,0,0,0,0,0
M5,2016-05-04__bonirob_2016-05-04-10-05-47_1_frame1,2016-05-04,1251936,0.0008035554533139074,0.0,-0.0008035554533139074,0,1006,1250674,0,256,0,0,596,0,410,0,0,0,0,0,0,0,0,0,0,0,0,0,0,0,0,0
M5,2016-05-04__bonirob_2016-05-04-10-05-47_1_frame2,2016-05-04,1251936,0.0005359698898346241,0.0,-0.0005359698898346241,0,671,1250256,0,654,0,0,535,0,136,0,0,268,0,87,0,0,0,0,0,0,0,0,0,0,0,0
M5,2016-05-04__bonirob_2016-05-04-10-05-47_1_frame3,2016-05-04,1251936,0.0006677657643841218,0.0,-0.0006677657643841218,0,836,1249059,0,1927,0,0,547,0,289,0,0,101,0,13,0,0,0,0,0,0,0,0,0,0,0,0
M5,2016-05-04__bonirob_2016-05-04-10-05-47_1_frame4,2016-05-04,1251936,0.0009297599877310022,0.0,-0.0009297599877310022,0,1164,1250577,0,195,0,0,970,0,194,0,0,0,0,0,0,0,0,0,0,0,0,0,0,0,0,0
M5,2016-05-04__bonirob_2016-05-04-10-05-47_1_frame5,2016-05-04,1251936,0.001570367814329167,0.0001054366996395982,-0.0014649311146895689,0,1834,1248865,0,832,0,0,1163,132,671,0,0,196,0,77,0,0,0,0,0,0,0,0,0,0,0,0
M5,2016-05-04__bonirob_2016-05-04-10-05-47_1_frame6,2016-05-04,1251936,0.0013139649311146896,3.0352989290187357e-05,-0.0012836119418245023,0,1607,1249919,0,305,0,0,706,38,901,0,0,65,0,2,0,0,0,0,0,0,0,0,0,0,0,0
M5,2016-05-04__bonirob_2016-05-04-10-05-47_1_frame7,2016-05-04,1251936,0.0014841014237149503,0.0006469979296066253,-0.0008371034941083251,0,1048,1250001,0,77,0,0,969,810,79,0,0,0,0,0,0,0,0,0,0,0,0,0,0,0,0,0
M5,2016-05-04__bonirob_2016-05-04-10-05-47_1_frame8,2016-05-04,1251936,0.0013570981264217979,0.0004105641182935869,-0.000946534008128211,0,1185,1250174,0,63,0,0,1167,514,18,0,0,0,0,0,0,0,0,0,0,0,0,0,0,0,0,0
M5,2016-05-04__bonirob_2016-05-04-10-05-47_1_frame9,2016-05-04,1251936,0.0012908008077090203,0.0003897962835160903,-0.0009010045241929299,6,1134,1250104,6,82,0,0,1130,482,4,0,0,90,0,38,0,0,0,0,0,0,0,0,0,0,0,0
M5,2016-05-04__bonirob_2016-05-04-10-05-47_1_frame10,2016-05-04,1251936,0.0011014940060833781,0.0,-0.0011014940060833781,0,1379,1249091,0,125,0,0,830,0,549,0,0,822,0,519,0,0,0,0,0,0,0,0,0,0,0,0
M5,2016-05-04__bonirob_2016-05-04-10-05-47_1_frame11,2016-05-04,1251936,0.0011230606037369321,0.0,-0.0011230606037369321,0,1406,1250353,0,99,0,0,951,0,455,0,0,78,0,0,0,0,0,0,0,0,0,0,0,0,0,0
M5,2016-05-04__bonirob_2016-05-04-10-05-47_1_frame12,2016-05-04,1251936,0.0013435191575288195,6.390103008460497e-05,-0.0012796181274442144,0,1602,1250057,0,83,0,0,1005,80,597,0,0,114,0,0,0,0,0,0,0,0,0,0,0,0,0,0
M5,2016-05-04__bonirob_2016-05-04-10-05-47_1_frame13,2016-05-04,1251936,0.0014529496715487054,0.0005950783426628837,-0.0008578713288858216,0,1074,1249313,0,804,0,0,1074,745,0,0,0,0,0,0,0,0,0,0,0,0,0,0,0,0,0,0
M5,2016-05-04__bonirob_2016-05-04-10-05-47_1_frame14,2016-05-04,1251936,0.0013419216317767043,0.00035065690258926973,-0.0009912647291874346,0,1241,1249620,0,278,0,0,1008,439,233,0,0,345,0,13,0,0,0,0,0,0,0,0,0,0,0,0
M5,2016-05-04__bonirob_2016-05-04-10-05-47_1_frame15,2016-05-04,1251936,0.001107085346215781,0.0003234989648033126,-0.0007835863814124683,13,994,1249777,13,566,0,0,906,392,88,0,0,89,0,105,0,0,0,0,0,0,0,0,0,0,0,0
M5,2016-05-04__bonirob_2016-05-04-10-05-47_1_frame16,2016-05-04,1251936,0.0014249929708866906,0.0009249674104746568,-0.0005000255604120338,34,660,1249635,34,413,0,0,658,1124,2,0,0,70,0,0,0,0,0,0,0,0,0,0,0,0,0,0
M5,2016-05-04__bonirob_2016-05-04-10-05-47_1_frame17,2016-05-04,1251936,0.0003650346343583059,0.0,-0.0003650346343583059,0,457,1250739,0,71,0,0,453,0,4,0,0,392,0,277,0,0,0,0,0,0,0,0,0,0,0,0
M5,2016-05-04__bonirob_2016-05-04-10-05-47_1_frame18,2016-05-04,1251936,0.0013155624568668047,0.0005990721570431715,-0.0007164902998236332,50,947,1249955,50,103,0,0,815,700,132,0,0,35,0,146,0,0,0,0,0,0,0,0,0,0,0,0
M5,2016-05-04__bonirob_2016-05-04-10-05-47_1_frame19,2016-05-04,1251936,0.0007252766914602664,0.00023643381131303838,-0.0004888428801472281,3,615,1250638,3,277,0,0,615,293,0,0,0,107,0,3,0,0,0,0,0,0,0,0,0,0,0,0
M5,2016-05-06__bonirob_2016-05-06-11-21-29_10_frame2,2016-05-06,1251936,0.002724580170232344,0.002608759553203998,-0.00011582061702834637,292,437,1247792,292,441,0,0,437,2974,0,0,0,0,0,0,0,0,0,0,0,0,0,0,0,0,0,0
M5,2016-05-06__bonirob_2016-05-06-11-21-29_10_frame3,2016-05-06,1251936,0.0024394218234797945,0.0015759591544615699,-0.0008634626690182247,82,1163,1247985,82,462,0,0,637,1891,526,0,0,347,0,6,0,0,0,0,0,0,0,0,0,0,0,0
M5,2016-05-06__bonirob_2016-05-06-11-21-29_10_frame4,2016-05-06,1251936,0.002567223883649004,0.0016646218337039594,-0.0009026020499450448,70,1200,1248066,70,503,0,0,862,2014,338,0,0,80,0,2,0,1,0,0,0,0,0,0,0,0,0,0
M5,2016-05-06__bonirob_2016-05-06-11-21-29_10_frame5,2016-05-06,1251936,0.0011238593666129898,0.0004041740152851264,-0.0007196853513278634,0,901,1249817,0,711,0,1,710,506,191,0,0,0,0,0,0,0,0,0,0,0,0,0,0,0,0,0
M5,2016-05-06__bonirob_2016-05-06-11-21-29_10_frame6,2016-05-06,1251936,0.0026311249137336095,0.0015895381233545485,-0.001041586790379061,145,1449,1248386,145,111,0,0,544,1845,905,0,0,0,0,0,0,0,0,0,0,0,0,0,0,0,0,0
M5,2016-05-06__bonirob_2016-05-06-11-21-29_10_frame7,2016-05-06,1251936,0.0015168507016333104,0.0012085282314750914,-0.000308322470158219,34,420,1249053,34,345,0,0,420,1479,0,0,0,464,0,141,0,0,0,0,0,0,0,0,0,0,0,0
M5,2016-05-06__bonirob_2016-05-06-11-21-29_10_frame8,2016-05-06,1251936,0.0034226989239066535,0.0033699805740868543,-5.2718349819799205e-05,270,336,1245863,270,570,0,1,336,3949,0,0,0,938,0,0,0,9,0,0,0,0,0,0,0,0,0,0
M5,2016-05-06__bonirob_2016-05-06-11-21-29_10_frame9,2016-05-06,1251936,0.0021766288372568566,0.0019705480152340054,-0.00020608082202285124,128,386,1247396,128,1532,0,0,386,2339,0,0,0,116,0,39,0,0,0,0,0,0,0,0,0,0,0,0
M5,2016-05-06__bonirob_2016-05-06-11-21-29_10_frame10,2016-05-06,1251936,0.0023403752268486566,0.0013075748281062291,-0.0010328003987424275,54,1347,1248237,54,645,0,0,720,1583,627,0,0,70,0,0,0,0,0,0,0,0,0,0,0,0,0,0
M5,2016-05-06__bonirob_2016-05-06-11-21-29_10_frame11,2016-05-06,1251936,0.0012396799836413364,0.0008083480305702528,-0.0004313319530710836,5,545,1249783,5,366,0,0,372,1007,173,0,0,198,0,32,0,0,0,0,0,0,0,0,0,0,0,0
M5,2016-05-06__bonirob_2016-05-06-11-21-29_10_frame12,2016-05-06,1251936,0.002816437900978964,0.0023243999693275054,-0.0004920379316514585,173,789,1247559,173,522,0,0,789,2737,0,0,0,153,0,3,0,0,0,0,0,0,0,0,0,0,0,0
M5,2016-05-06__bonirob_2016-05-06-11-21-29_10_frame13,2016-05-06,1251936,0.0018571236868338318,0.0015072655471206197,-0.0003498581397132121,72,510,1247525,72,1424,0,0,506,1815,4,0,0,551,0,39,0,0,0,0,0,0,0,0,0,0,0,0
M5,2016-05-06__bonirob_2016-05-06-11-21-29_10_frame14,2016-05-06,1251936,0.002511310482324975,0.0023515579071134627,-0.00015975257521151252,280,480,1248301,280,207,0,4,480,2664,0,0,0,0,0,0,0,0,0,0,0,0,0,0,0,0,0,0
M5,2016-05-06__bonirob_2016-05-06-11-21-29_10_frame15,2016-05-06,1251936,0.0018898729647521919,0.0016079096695038723,-0.0002819632952483196,66,419,1248098,66,1292,0,0,419,1947,0,0,0,12,0,102,0,0,0,0,0,0,0,0,0,0,0,0
M5,2016-05-06__bonirob_2016-05-06-11-21-29_10_frame16,2016-05-06,1251936,0.0019401950259438183,0.0014697236919459142,-0.00047047133399790407,34,623,1248209,34,1197,0,0,573,1806,50,0,0,67,0,0,0,0,0,0,0,0,0,0,0,0,0,0
M5,2016-05-06__bonirob_2016-05-06-11-21-29_10_frame17,2016-05-06,1251936,0.0016758045139687653,0.0007132952483194029,-0.0009625092656493624,167,1372,1248617,167,827,0,0,592,726,780,0,0,222,0,5,0,0,0,0,0,0,0,0,0,0,0,0
M5,2016-05-06__bonirob_2016-05-06-11-21-29_10_frame18,2016-05-06,1251936,0.0025264869769700687,0.002404276256933262,-0.00012221072003680685,156,309,1246574,156,1817,0,0,309,2854,0,0,0,145,0,81,0,0,0,0,0,0,0,0,0,0,0,0
M5,2016-05-06__bonirob_2016-05-06-11-21-29_10_frame19,2016-05-06,1251936,0.0011621999846637527,0.00015655752370728217,-0.0010056424609564706,8,1267,1249144,8,1109,0,0,765,188,502,0,0,220,0,0,0,0,0,0,0,0,0,0,0,0,0,0
M5,2016-05-06__bonirob_2016-05-06-11-21-29_10_frame20,2016-05-06,1251936,0.003299689440993789,0.002975391713314419,-0.0003242977276793702,190,596,1246507,190,892,0,0,591,3535,5,0,0,216,0,0,0,0,0,0,0,0,0,0,0,0,0,0
M5,2016-05-06__bonirob_2016-05-06-11-21-29_10_frame21,2016-05-06,1251936,0.0018563249239577741,0.0007476420519898781,-0.001108682871967896,10,1398,1248930,10,672,0,0,794,926,604,0,0,0,0,0,0,0,0,0,0,0,0,0,0,0,0,0
M5,2016-05-09__bonirob_2016-05-09-10-49-56_6_frame2,2016-05-09,1251936,0.006150474145643228,0.0065195025943818215,0.00036902844873859357,985,523,1239488,827,308,0,2,523,7177,0,0,0,1935,158,1518,0,0,0,0,0,0,0,0,0,0,0,0
M5,2016-05-09__bonirob_2016-05-09-10-49-56_6_frame3,2016-05-09,1251936,0.006378121565319633,0.006116127341972753,-0.0002619942233468798,550,878,1242176,550,176,0,0,878,7107,0,0,0,637,0,412,0,0,0,0,0,0,0,0,0,0,0,0
M5,2016-05-09__bonirob_2016-05-09-10-49-56_6_frame4,2016-05-09,1251936,0.007060265061472791,0.0071880671216420005,0.00012780206016920967,930,770,1240827,930,849,0,0,770,8069,0,0,0,86,0,405,0,0,0,0,0,0,0,0,0,0,0,0
M5,2016-05-09__bonirob_2016-05-09-10-49-56_6_frame5,2016-05-09,1251936,0.006926072898295121,0.006746351251182169,-0.00017972164711295164,586,811,1240800,586,677,0,13,811,7860,0,0,0,894,0,282,0,13,0,0,0,0,0,0,0,0,0,0
M5,2016-05-09__bonirob_2016-05-09-10-49-56_6_frame6,2016-05-09,1251936,0.005177580962605117,0.005381265495999796,0.00020368453339467824,721,466,1241724,530,361,0,10,466,6016,0,0,0,1899,191,739,0,0,0,0,0,0,0,0,0,0,0,0
M5,2016-05-09__bonirob_2016-05-09-10-49-56_6_frame7,2016-05-09,1251936,0.0063038366178462795,0.0057990184801779004,-0.0005048181376683791,350,982,1243252,350,53,0,8,982,6910,0,0,0,366,0,15,0,0,0,0,0,0,0,0,0,0,0,0
M5,2016-05-09__bonirob_2016-05-09-10-49-56_6_frame8,2016-05-09,1251936,0.0036655228382281523,0.003676705518492958,1.118268026480563e-05,457,443,1244341,457,216,0,0,420,4146,23,0,0,1693,0,640,0,0,0,0,0,0,0,0,0,0,0,0
M5,2016-05-09__bonirob_2016-05-09-10-49-56_6_frame9,2016-05-09,1251936,0.004685543030953659,0.004653592515911357,-3.195051504230242e-05,543,583,1243266,543,435,0,3,536,5283,47,0,0,1039,0,784,0,0,0,0,0,0,0,0,0,0,0,0
M5,2016-05-09__bonirob_2016-05-09-10-49-56_6_frame10,2016-05-09,1251936,0.002288455639904915,0.0019409937888198758,-0.00034746185108503933,63,498,1248114,63,75,0,0,498,2367,0,0,0,690,0,126,0,3,0,0,0,0,0,0,0,0,0,0
M5,2016-05-09__bonirob_2016-05-09-10-49-56_6_frame11,2016-05-09,1251936,0.005414813536794213,0.005388454361884313,-2.6359174909900036e-05,502,535,1242494,502,246,0,4,535,6244,0,0,0,1146,0,765,0,0,0,0,0,0,0,0,0,0,0,0
M5,2016-05-09__bonirob_2016-05-09-10-49-56_6_frame12,2016-05-09,1251936,0.004493041177823787,0.003919529432814457,-0.0005735117450093299,406,1124,1245497,406,166,0,0,1124,4501,0,0,0,190,0,52,0,0,0,0,0,0,0,0,0,0,0,0
M5,2016-05-09__bonirob_2016-05-09-10-49-56_6_frame13,2016-05-09,1251936,0.004524192929990032,0.004397189632696879,-0.00012700329729315243,520,679,1242104,520,131,0,0,679,4985,0,0,0,1508,0,2009,0,0,0,0,0,0,0,0,0,0,0,0
M5,2016-05-09__bonirob_2016-05-09-10-49-56_6_frame14,2016-05-09,1251936,0.0040353500498428035,0.004275777675536129,0.0002404276256933258,671,370,1231972,671,195,0,77,370,4682,0,0,0,3937,0,6553,0,3479,0,0,0,0,0,0,0,0,0,0
M5,2016-05-09__bonirob_2016-05-09-10-49-56_6_frame15,2016-05-09,1251936,0.005711953326687626,0.005237488178309434,-0.000474465148378192,347,941,1243757,347,111,0,18,941,6210,0,0,0,477,0,66,0,9,0,0,0,0,0,0,0,0,0,0
M5,2016-05-09__bonirob_2016-05-09-10-49-56_6_frame16,2016-05-09,1251936,0.006085774352682565,0.005389253124760371,-0.0006965212279221936,148,1020,1242455,148,251,0,2,1020,6599,0,0,0,1212,0,249,0,0,0,0,0,0,0,0,0,0,0,0
M5,2016-05-09__bonirob_2016-05-09-10-49-56_6_frame17,2016-05-09,1251936,0.006692834138486313,0.0061656506402883214,-0.0005271834981979912,272,932,1241952,272,324,0,0,932,7447,0,0,0,727,0,282,0,0,0,0,0,0,0,0,0,0,0,0
M5,2016-05-09__bonirob_2016-05-09-10-49-56_6_frame18,2016-05-09,1251936,0.004070495616389336,0.00376776448636352,-0.00030273113002581573,296,675,1245974,296,97,0,2,675,4421,0,0,0,288,0,177,0,6,0,0,0,0,0,0,0,0,0,0
M5,2016-05-09__bonirob_2016-05-09-10-49-56_6_frame19,2016-05-09,1251936,0.0063126230094829126,0.005999507962068349,-0.0003131150474145637,331,723,1242349,331,591,0,0,723,7180,0,0,0,345,0,417,0,0,0,0,0,0,0,0,0,0,0,0
M5,2016-05-09__bonirob_2016-05-09-10-49-56_6_frame20,2016-05-09,1251936,0.0020927587352708127,0.001679798328349053,-0.0004129604069217597,99,616,1248726,99,40,0,0,616,2004,0,0,0,434,0,17,0,0,0,0,0,0,0,0,0,0,0,0
M5,2016-05-09__bonirob_2016-05-09-10-49-56_6_frame21,2016-05-09,1251936,0.0030856209902103623,0.0027149950157196534,-0.0003706259744907089,165,629,1247113,165,78,0,1,629,3234,0,0,0,702,0,0,0,14,0,0,0,0,0,0,0,0,0,0
M5,2016-05-11__bonirob_2016-05-11-10-36-32_5_frame2,2016-05-11,1251936,0.008571524422973698,0.0072959001099097715,-0.0012756243130639267,321,1918,1240379,321,342,0,2,1918,8813,0,0,0,93,0,68,0,0,0,0,0,0,0,0,0,0,0,0
M5,2016-05-11__bonirob_2016-05-11-10-36-32_5_frame3,2016-05-11,1251936,0.008070700099685607,0.0069556271247092506,-0.0011150729749763565,336,1732,1241121,336,375,0,0,1732,8372,0,0,0,0,0,0,0,0,0,0,0,0,0,0,0,0,0,0
M5,2016-05-11__bonirob_2016-05-11-10-36-32_5_frame4,2016-05-11,1251936,0.007236791657081512,0.006267892288423689,-0.0009688993686578226,291,1504,1241605,291,430,0,6,1504,7556,0,0,0,361,0,183,0,0,0,0,0,0,0,0,0,0,0,0
M5,2016-05-11__bonirob_2016-05-11-10-36-32_5_frame5,2016-05-11,1251936,0.006408474554609821,0.006034653528614881,-0.0003738210259949396,454,922,1242872,454,203,0,23,922,7101,0,0,0,321,0,40,0,0,0,0,0,0,0,0,0,0,0,0
M5,2016-05-11__bonirob_2016-05-11-10-36-32_5_frame6,2016-05-11,1251936,0.009390256370932699,0.00883591493494875,-0.0005543414359839485,528,1222,1239409,528,108,0,0,1222,10534,0,0,0,128,0,7,0,0,0,0,0,0,0,0,0,0,0,0
M5,2016-05-11__bonirob_2016-05-11-10-36-32_5_frame7,2016-05-11,1251936,0.010087576361730952,0.009098707921171689,-0.000988868440559263,556,1794,1238421,556,199,0,0,1794,10835,0,0,0,49,0,82,0,0,0,0,0,0,0,0,0,0,0,0
M5,2016-05-11__bonirob_2016-05-11-10-36-32_5_frame8,2016-05-11,1251936,0.0072136275336758425,0.006710406921759579,-0.0005032206119162637,483,1113,1241426,483,206,0,0,1113,7918,0,0,0,669,0,121,0,0,0,0,0,0,0,0,0,0,0,0
M5,2016-05-11__bonirob_2016-05-11-10-36-32_5_frame9,2016-05-11,1251936,0.0063509636275336755,0.0048764473583314165,-0.001474516269202259,366,2212,1242557,366,194,0,4,2212,5739,0,0,0,206,0,658,0,0,0,0,0,0,0,0,0,0,0,0
M5,2016-05-11__bonirob_2016-05-11-10-36-32_5_frame10,2016-05-11,1251936,0.01043184316131176,0.008602676175139943,-0.001829166986171818,215,2505,1238335,215,234,0,0,2505,10555,0,0,0,44,0,48,0,0,0,0,0,0,0,0,0,0,0,0
M5,2016-05-11__bonirob_2016-05-11-10-36-32_5_frame11,2016-05-11,1251936,0.010645911612095186,0.009292807300053677,-0.0013531043120415098,650,2344,1236023,650,302,0,0,2344,10984,0,0,0,317,0,1316,0,0,0,0,0,0,0,0,0,0,0,0
M5,2016-05-11__bonirob_2016-05-11-10-36-32_5_frame12,2016-05-11,1251936,0.015160519387572527,0.013428002709403676,-0.0017325166781688509,601,2770,1231880,601,204,0,0,2770,16210,0,0,0,135,0,136,0,0,0,0,0,0,0,0,0,0,0,0
M5,2016-05-11__bonirob_2016-05-11-10-36-32_5_frame13,2016-05-11,1251936,0.009163407714132352,0.007454853922245226,-0.001708553791887126,352,2491,1240017,352,95,0,0,2491,8981,0,0,0,0,0,0,0,0,0,0,0,0,0,0,0,0,0,0
M5,2016-05-11__bonirob_2016-05-11-10-36-32_5_frame14,2016-05-11,1251936,0.011268946655420085,0.01053967614957953,-0.0007292705058405541,967,1880,1233011,620,723,0,3,1880,12228,0,0,0,906,347,2218,0,0,0,0,0,0,0,0,0,0,0,0
M5,2016-05-11__bonirob_2016-05-11-10-36-32_5_frame15,2016-05-11,1251936,0.006298245277713877,0.005460343020729494,-0.0008379022569843832,500,1549,1241150,500,98,0,0,1549,6336,0,0,0,1137,0,1166,0,0,0,0,0,0,0,0,0,0,0,0
M5,2016-05-11__bonirob_2016-05-11-10-36-32_5_frame16,2016-05-11,1251936,0.011812105411139228,0.010450214707461084,-0.0013618907036781445,681,2386,1236465,681,0,0,2,2386,12402,0,0,0,0,0,0,0,0,0,0,0,0,0,0,0,0,0,0
M5,2016-05-11__bonirob_2016-05-11-10-36-32_5_frame17,2016-05-11,1251936,0.00662493929402142,0.005548206937095826,-0.0010767323569255936,121,1469,1242492,121,93,0,0,1469,6825,0,0,0,764,0,172,0,0,0,0,0,0,0,0,0,0,0,0
M5,2016-05-11__bonirob_2016-05-11-10-36-32_5_frame18,2016-05-11,1251936,0.00860666998952023,0.007307881553050635,-0.0012987884364695952,453,2079,1240316,453,102,0,0,2079,8696,0,0,0,196,0,94,0,0,0,0,0,0,0,0,0,0,0,0
M5,2016-05-11__bonirob_2016-05-11-10-36-32_5_frame19,2016-05-11,1251936,0.009348720701377706,0.0075850522710426095,-0.001763668430335096,286,2494,1239165,286,316,0,0,2494,9210,0,0,0,430,0,35,0,0,0,0,0,0,0,0,0,0,0,0
M5,2016-05-11__bonirob_2016-05-11-10-36-32_5_frame20,2016-05-11,1251936,0.003496185108503949,0.0031271566597653555,-0.00036902844873859357,239,701,1246473,239,847,0,0,567,3676,134,0,0,0,0,0,0,0,0,0,0,0,0,0,0,0,0,0
M5,2016-05-11__bonirob_2016-05-11-10-36-32_5_frame21,2016-05-11,1251936,0.005684795388901669,0.004043337678603379,-0.0016414577102982896,91,2146,1244664,91,64,0,0,1950,4971,196,0,0,0,0,0,0,0,0,0,0,0,0,0,0,0,0,0
M5,2016-05-13__bonirob_2016-05-13-11-50-19_2_frame0,2016-05-13,1251936,0.005416411062546329,0.004978689006466784,-0.0004377220560795444,184,732,1243505,184,53,0,4,732,6049,0,0,0,896,0,513,0,0,0,0,0,0,0,0,0,0,0,0
M5,2016-05-13__bonirob_2016-05-13-11-50-19_2_frame1,2016-05-13,1251936,0.013172398589065255,0.012603679421312271,-0.0005687191677529839,643,1355,1233217,643,44,0,0,1355,15136,0,0,0,1447,0,94,0,0,0,0,0,0,0,0,0,0,0,0
M5,2016-05-13__bonirob_2016-05-13-11-50-19_2_frame2,2016-05-13,1251936,0.01145745469416967,0.010943850164864658,-0.0005136045293050121,279,922,1236363,279,11,0,0,922,13422,0,0,0,557,0,382,0,0,0,0,0,0,0,0,0,0,0,0
M5,2016-05-13__bonirob_2016-05-13-11-50-19_2_frame3,2016-05-13,1251936,0.008390205250108631,0.008280774736088745,-0.00010943051401988632,649,786,1238454,649,127,0,0,786,9718,0,0,0,966,0,1236,0,0,0,0,0,0,0,0,0,0,0,0
M5,2016-05-13__bonirob_2016-05-13-11-50-19_2_frame4,2016-05-13,1251936,0.010958227896633694,0.010549261304092223,-0.00040896659254147094,334,846,1237101,334,24,0,0,846,12873,0,0,0,608,0,150,0,0,0,0,0,0,0,0,0,0,0,0
M5,2016-05-13__bonirob_2016-05-13-11-50-19_2_frame5,2016-05-13,1251936,0.011196259233698847,0.010793682744165835,-0.0004025764895330113,409,913,1235478,409,222,0,0,913,13104,0,0,0,551,0,1259,0,0,0,0,0,0,0,0,0,0,0,0
M5,2016-05-13__bonirob_2016-05-13-11-50-19_2_frame6,2016-05-13,1251936,0.0016638230708279017,0.0013866523528359277,-0.000277170717991974,53,400,1247349,53,184,0,0,400,1683,0,0,0,1609,0,657,0,1,0,0,0,0,0,0,0,0,0,0
M5,2016-05-13__bonirob_2016-05-13-11-50-19_2_frame7,2016-05-13,1251936,0.007358203614242262,0.006927670424047236,-0.00043053319019502583,373,912,1240351,373,41,0,10,912,8300,0,0,0,1577,0,370,0,2,0,0,0,0,0,0,0,0,0,0
M5,2016-05-13__bonirob_2016-05-13-11-50-19_2_frame8,2016-05-13,1251936,0.0050873207576106125,0.0047686143700636455,-0.00031870638754696694,193,592,1244816,193,0,0,0,592,5777,0,0,0,558,0,0,0,0,0,0,0,0,0,0,0,0,0,0
M5,2016-05-13__bonirob_2016-05-13-11-50-19_2_frame9,2016-05-13,1251936,0.009434188329115866,0.009022825447946222,-0.0004113628811696444,328,843,1238206,328,221,0,0,843,10968,0,0,0,964,0,406,0,0,0,0,0,0,0,0,0,0,0,0
M5,2016-05-13__bonirob_2016-05-13-11-50-19_2_frame10,2016-05-13,1251936,0.016710918130000255,0.01642096720599136,-0.00028995092400889433,677,1040,1227195,677,188,0,0,1040,19881,0,0,0,1780,0,1175,0,0,0,0,0,0,0,0,0,0,0,0
M5,2016-05-13__bonirob_2016-05-13-11-50-19_2_frame11,2016-05-13,1251936,0.006786289394985047,0.005947588375124607,-0.0008387010198604404,248,1298,1240684,248,231,0,0,1298,7198,0,0,0,2041,0,236,0,0,0,0,0,0,0,0,0,0,0,0
M5,2016-05-13__bonirob_2016-05-13-11-50-19_2_frame12,2016-05-13,1251936,0.020456317255834165,0.019624006338982185,-0.0008323109168519791,1178,2220,1221881,1178,237,0,3,1794,23390,426,0,0,1091,0,1936,0,0,0,0,0,0,0,0,0,0,0,0
M5,2016-05-13__bonirob_2016-05-13-11-50-19_2_frame13,2016-05-13,1251936,0.008532385042046878,0.007724037011476625,-0.0008083480305702533,473,1485,1239310,473,164,0,0,1103,9197,382,0,0,1045,0,262,0,0,0,0,0,0,0,0,0,0,0,0
M5,2016-05-13__bonirob_2016-05-13-11-50-19_2_frame14,2016-05-13,1251936,0.008769617616235974,0.00855794545408072,-0.00021167216215525406,559,824,1239991,559,1,0,40,824,10155,0,0,0,366,0,0,0,0,0,0,0,0,0,0,0,0,0,0
M5,2016-05-13__bonirob_2016-05-13-11-50-19_2_frame15,2016-05-13,1251936,0.010665081921120569,0.010015687702885771,-0.0006493942182347976,441,1254,1235880,441,65,0,10,1254,12098,0,0,0,1599,0,578,0,11,0,0,0,0,0,0,0,0,0,0
M5,2016-05-13__bonirob_2016-05-13-11-50-19_2_frame16,2016-05-13,1251936,0.018384326355340846,0.01822377501725328,-0.00016055133808756672,963,1164,1224862,963,342,0,0,1164,21852,0,0,0,1732,0,1021,0,0,0,0,0,0,0,0,0,0,0,0
M5,2016-05-13__bonirob_2016-05-13-11-50-19_2_frame17,2016-05-13,1251936,0.02439661452342612,0.024682571633054724,0.0002859571096286047,1240,882,1219978,1240,2,0,0,882,29661,0,0,0,146,0,27,0,0,0,0,0,0,0,0,0,0,0,0
M5,2016-05-13__bonirob_2016-05-13-11-50-19_2_frame18,2016-05-13,1251936,0.003700668404774685,0.003525739334918079,-0.00017492906985660606,218,437,1244507,218,235,0,0,437,4196,0,0,0,1871,0,472,0,0,0,0,0,0,0,0,0,0,0,0
M5,2016-05-13__bonirob_2016-05-13-11-50-19_2_frame19,2016-05-13,1251936,0.022745571658615137,0.01605034123150065,-0.006695230427114486,1102,9484,1217747,1102,761,0,0,2883,18992,6601,0,0,981,0,2869,0,0,0,0,0,0,0,0,0,0,0,0
M5,2016-05-18__bonirob_2016-05-18-10-59-09_4_frame2,2016-05-18,1251936,0.0316509789637809,0.03248328988063288,0.0008323109168519791,2000,958,1207699,2000,272,0,0,958,38667,0,0,0,717,0,1623,0,0,0,0,0,0,0,0,0,0,0,0
M5,2016-05-18__bonirob_2016-05-18-10-59-09_4_frame3,2016-05-18,1251936,0.043530979219385015,0.044514256319811873,0.000983277100426859,2307,1076,1194984,2307,64,0,0,1076,53422,0,0,0,70,0,13,0,0,0,0,0,0,0,0,0,0,0,0
M5,2016-05-18__bonirob_2016-05-18-10-59-09_4_frame4,2016-05-18,1251936,0.027143560054188075,0.027517381080183013,0.0003738210259949387,1625,1157,1216209,1625,4,0,0,1157,32825,0,0,0,116,0,0,0,0,0,0,0,0,0,0,0,0,0,0
M5,2016-05-18__bonirob_2016-05-18-10-59-09_4_frame5,2016-05-18,1251936,0.03711691332464279,0.0385227359865041,0.0014058226618613098,2158,398,1202704,2158,68,0,0,398,46070,0,0,0,318,0,220,0,0,0,0,0,0,0,0,0,0,0,0
M5,2016-05-18__bonirob_2016-05-18-10-59-09_4_frame6,2016-05-18,1251936,0.03193453978478133,0.03257434884850344,0.000639809063722109,2182,1381,1206185,2182,364,0,0,1381,38599,0,0,0,1513,0,1712,0,0,0,0,0,0,0,0,0,0,0,0
M5,2016-05-18__bonirob_2016-05-18-10-59-09_4_frame7,2016-05-18,1251936,0.038255949185900875,0.03947965391202106,0.0012237047261201839,2480,948,1201264,2480,2,0,0,948,46946,0,0,0,273,0,23,0,0,0,0,0,0,0,0,0,0,0,0
M5,2016-05-18__bonirob_2016-05-18-10-59-09_4_frame8,2016-05-18,1251936,0.03564958592132505,0.037437217237941876,0.0017876313166168278,3529,1291,1199849,2371,1320,0,0,1291,43340,0,0,0,365,1158,2242,0,0,0,0,0,0,0,0,0,0,0,0
M5,2016-05-18__bonirob_2016-05-18-10-59-09_4_frame9,2016-05-18,1251936,0.04122654832195895,0.04058514173248473,-0.0006414065894742166,2230,3033,1193602,2140,654,0,0,1831,48580,1202,0,0,1077,90,2760,0,0,0,0,0,0,0,0,0,0,0,0
M5,2016-05-18__bonirob_2016-05-18-10-59-09_4_frame10,2016-05-18,1251936,0.02559475883751246,0.025691409145515424,9.665030800296362e-05,1207,1086,1213517,1207,1623,0,0,1086,30957,0,0,0,268,0,3278,0,0,0,0,0,0,0,0,0,0,0,0
M5,2016-05-18__bonirob_2016-05-18-10-59-09_4_frame11,2016-05-18,1251936,0.037093749201237126,0.03813853104312041,0.0010447818418832869,2462,1154,1194816,2462,1167,0,0,1154,45285,0,0,0,1261,0,5791,0,0,0,0,0,0,0,0,0,0,0,0
M5,2016-05-18__bonirob_2016-05-18-10-59-09_4_frame12,2016-05-18,1251936,0.028921606216292205,0.028784219001610305,-0.00013738721468189996,1258,1430,1210013,1258,254,0,0,1430,34778,0,0,0,1664,0,2539,0,0,0,0,0,0,0,0,0,0,0,0
M5,2016-05-18__bonirob_2016-05-18-10-59-09_4_frame13,2016-05-18,1251936,0.022455620734606243,0.022016301152774583,-0.00043931958183165976,934,1484,1222267,934,69,0,0,1484,26629,0,0,0,549,0,4,0,0,0,0,0,0,0,0,0,0,0,0
M5,2016-05-18__bonirob_2016-05-18-10-59-09_4_frame14,2016-05-18,1251936,0.03397697645886052,0.03409199831301281,0.00011502185415229044,1513,1369,1207485,1513,2,0,0,1369,41168,0,0,0,310,0,89,0,0,0,0,0,0,0,0,0,0,0,0
M5,2016-05-18__bonirob_2016-05-18-10-59-09_4_frame15,2016-05-18,1251936,0.03399534800500984,0.03353206553689646,-0.00046328246811338375,1474,2054,1207750,1474,36,0,0,1941,40506,113,0,0,30,0,86,0,0,0,0,0,0,0,0,0,0,0,0
M5,2016-05-18__bonirob_2016-05-18-10-59-09_4_frame16,2016-05-18,1251936,0.03369101934923191,0.034439460164097845,0.0007484408148659347,1930,993,1207575,1930,2,0,1,993,41186,0,0,0,183,0,66,0,0,0,0,0,0,0,0,0,0,0,0
M5,2016-05-18__bonirob_2016-05-18-10-59-09_4_frame17,2016-05-18,1251936,0.04001802009048386,0.04089825677989929,0.000880236689415434,2428,1326,1198907,2428,371,0,0,1326,48774,0,0,0,48,0,82,0,0,0,0,0,0,0,0,0,0,0,0
M5,2016-05-18__bonirob_2016-05-18-10-59-09_4_frame18,2016-05-18,1251936,0.03988622421593436,0.04039024359072668,0.0005040193747923236,2292,1661,1197939,2292,289,0,0,1661,48274,0,0,0,395,0,1086,0,0,0,0,0,0,0,0,0,0,0,0
M5,2016-05-18__bonirob_2016-05-18-10-59-09_4_frame19,2016-05-18,1251936,0.034518537688827546,0.0354754556143445,0.0009569179255169563,2428,1230,1198682,1745,1111,0,0,1230,41985,0,0,0,1187,683,5313,0,0,0,0,0,0,0,0,0,0,0,0
M5,2016-05-18__bonirob_2016-05-18-10-59-09_4_frame20,2016-05-18,1251936,0.03432603583569767,0.034535311709224754,0.00020927587352708582,1729,1467,1207002,1729,16,0,0,1467,41507,0,0,0,128,0,87,0,0,0,0,0,0,0,0,0,0,0,0
M5,2016-05-18__bonirob_2016-05-18-10-59-09_4_frame21,2016-05-18,1251936,0.03576700406410551,0.03626942591314572,0.0005024218490402091,1901,1272,1201009,1561,440,0,0,1272,43506,0,0,0,1205,340,2595,0,8,0,0,0,0,0,0,0,0,0,0
M5,2016-05-27___2016-05-27-10-26-48_5_frame23,2016-05-27,1251936,0.03964100401298469,0.040364683178692844,0.0007236791657081534,2103,1197,1198967,2103,316,0,12,1126,48431,71,0,0,864,0,46,0,0,0,0,0,0,0,0,0,0,0,0
M5,2016-05-27___2016-05-27-10-26-48_5_frame24,2016-05-27,1251936,0.027975072208163997,0.028663605807325614,0.0006885335991616177,1675,813,1214752,1675,84,0,0,813,34210,0,0,0,294,0,108,0,0,0,0,0,0,0,0,0,0,0,0
M5,2016-05-27___2016-05-27-10-26-48_5_frame25,2016-05-27,1251936,0.016089480612427473,0.01612861999335429,3.91393809268184e-05,1124,1075,1229404,937,179,0,0,1075,19068,0,0,0,994,187,92,0,0,0,0,0,0,0,0,0,0,0,0
M5,2016-05-27___2016-05-27-10-26-48_5_frame26,2016-05-27,1251936,0.036676794979935076,0.03798516857091736,0.0013083735909822855,2354,716,1201194,2354,416,0,2,716,45201,0,0,0,837,0,1216,0,0,0,0,0,0,0,0,0,0,0,0
M5,2016-05-27___2016-05-27-10-26-48_5_frame27,2016-05-27,1251936,0.06922398589065255,0.07323856810571787,0.004014582215065315,5247,221,1159164,5247,173,0,0,221,86443,0,0,0,482,0,206,0,0,0,0,0,0,0,0,0,0,0,0
M5,2016-05-27___2016-05-27-10-26-48_5_frame28,2016-05-27,1251936,0.06601535541752933,0.07003712649847915,0.004021771080949824,5276,241,1163103,5187,20,0,0,241,82406,0,0,0,573,89,317,0,0,0,0,0,0,0,0,0,0,0,0
M5,2016-05-27___2016-05-27-10-26-48_5_frame29,2016-05-27,1251936,0.08956368376658232,0.0947005278225085,0.005136844055926182,6912,481,1132503,6865,20,0,0,481,111647,0,0,0,206,47,167,0,0,0,0,0,0,0,0,0,0,0,0
M5,2016-05-27___2016-05-27-10-26-48_5_frame30,2016-05-27,1251936,0.06041123507910948,0.06378600823045268,0.0033747731513431994,4912,687,1170557,4912,35,0,0,687,74944,0,0,0,649,0,152,0,0,0,0,0,0,0,0,0,0,0,0
M5,2016-05-27___2016-05-27-10-26-48_5_frame31,2016-05-27,1251936,0.11599314980957492,0.12952579045574214,0.013532640646167216,17118,176,1089540,16230,0,0,0,176,145040,0,0,0,62,888,0,0,0,0,0,0,0,0,0,0,0,0,0
M5,2016-05-27___2016-05-27-10-26-48_5_frame32,2016-05-27,1251936,0.09584036244664264,0.10427449965493443,0.008434137208291795,10998,439,1120031,10536,128,0,0,351,119547,88,0,0,327,462,466,0,0,0,0,0,0,0,0,0,0,0,0
M5,2016-05-27___2016-05-27-10-26-48_5_frame33,2016-05-27,1251936,0.0950599711167344,0.10181430999667715,0.006754338879942742,8847,391,1123136,8702,68,0,0,391,118618,0,0,0,714,145,162,0,0,0,0,0,0,0,0,0,0,0,0
M5,2016-05-27___2016-05-27-10-26-48_5_frame34,2016-05-27,1251936,0.08490769496204278,0.09100065818060987,0.006092963218567088,7965,337,1136601,7684,144,0,0,337,105962,0,0,0,229,281,698,0,0,0,0,0,0,0,0,0,0,0,0
M5,2016-05-27___2016-05-27-10-26-48_5_frame35,2016-05-27,1251936,0.09278589320859852,0.0990897298264448,0.006303836617846281,8128,236,1126542,8128,96,0,0,236,115926,0,0,0,338,0,670,0,0,0,0,0,0,0,0,0,0,0,0
M5,2016-05-27___2016-05-27-10-26-48_5_frame36,2016-05-27,1251936,0.07053715205889119,0.07616204023208854,0.005624888173197354,7324,282,1154244,7324,130,0,0,282,88026,0,0,0,698,0,1232,0,0,0,0,0,0,0,0,0,0,0,0
M5,2016-05-27___2016-05-27-10-26-48_5_frame37,2016-05-27,1251936,0.06262141195716076,0.065178251923421,0.0025568399662602437,3782,581,1168378,3782,61,0,0,581,77817,0,0,0,800,0,517,0,0,0,0,0,0,0,0,0,0,0,0
M5,2016-05-27___2016-05-27-10-26-48_5_frame38,2016-05-27,1251936,0.06668072489328528,0.07025998134089921,0.003579256447613935,4909,428,1162759,4909,119,0,0,428,83052,0,0,0,293,0,376,0,0,0,0,0,0,0,0,0,0,0,0
M5,2016-05-27___2016-05-27-10-26-48_5_frame39,2016-05-27,1251936,0.06581406717276282,0.06827904940827646,0.002464982235513641,3666,580,1164888,3666,274,0,0,362,81815,218,0,0,337,0,376,0,0,0,0,0,0,0,0,0,0,0,0
M5,2016-05-27___2016-05-27-10-26-48_5_frame40,2016-05-27,1251936,0.09375878639163664,0.10084620939089538,0.007087422999258741,9155,282,1122868,9080,268,0,0,282,117098,0,0,0,925,75,1340,0,0,0,0,0,0,0,0,0,0,0,0
M5,2016-05-27___2016-05-27-10-26-48_5_frame41,2016-05-27,1251936,0.00556338343174092,0.005090515809114843,-0.00047286762262607664,137,729,1243573,137,57,0,0,729,6236,0,0,0,1030,0,174,0,0,0,0,0,0,0,0,0,0,0,0
M5,2016-05-27___2016-05-27-10-26-48_5_frame42,2016-05-27,1251936,0.08761869616338215,0.091557395905222,0.003938699741839843,5594,663,1135410,5581,319,0,0,663,109030,0,0,0,582,13,338,0,0,0,0,0,0,0,0,0,0,0,0
M6,2016-04-29__1461926009_604845562,2016-04-29,1251936,0.0008227257623392889,0.0002524090688341896,-0.0005703166935050992,63,777,1250630,63,213,0,0,342,253,435,0,0,0,0,0,0,0,0,0,0,0,0,0,0,0,0,0
M6,2016-04-29__1461926010_604880009,2016-04-29,1251936,0.002239731104465404,0.0016334700815377144,-0.0006062610229276893,346,1105,1248036,346,660,0,0,751,1699,354,0,0,90,0,0,0,0,0,0,0,0,0,0,0,0,0,0
M6,2016-04-29__1461926011_604916128,2016-04-29,1251936,0.001242076272269509,0.0003538519540935,-0.0008882243181760089,13,1125,1249206,13,1037,0,0,341,430,784,0,0,116,0,9,0,0,0,0,0,0,0,0,0,0,0,0
M6,2016-04-29__1461926012_604949024,2016-04-29,1251936,0.0007436482376095903,0.0,-0.0007436482376095903,0,931,1250690,0,315,0,0,223,0,708,0,0,0,0,0,0,0,0,0,0,0,0,0,0,0,0,0
M6,2016-04-29__1461926013_604998609,2016-04-29,1251936,0.0010152276154691614,0.00043612453032742886,-0.0005791030851417325,58,783,1250283,58,324,0,0,314,488,469,0,0,0,0,0,0,0,0,0,0,0,0,0,0,0,0,0
M6,2016-04-29__1461926014_604941733,2016-04-29,1251936,0.0011933517368299977,7.188865884518058e-06,-0.0011861628709454795,0,1485,1249941,0,501,0,0,368,9,1117,0,0,0,0,0,0,0,0,0,0,0,0,0,0,0,0,0
M6,2016-04-29__1461926015_604903443,2016-04-29,1251936,0.0004081678296654142,0.0,-0.0004081678296654142,0,511,1250407,0,1018,0,0,87,0,424,0,0,0,0,0,0,0,0,0,0,0,0,0,0,0,0,0
M6,2016-04-29__1461926016_604995266,2016-04-29,1251936,0.0009880696776832043,0.0005495488587276027,-0.00043852081895560165,79,628,1250203,79,417,0,0,144,609,484,0,0,0,0,0,0,0,0,0,0,0,0,0,0,0,0,0
M6,2016-04-29__1461926017_604989736,2016-04-29,1251936,0.0006789484446489278,0.0,-0.0006789484446489278,0,850,1250684,0,402,0,0,110,0,740,0,0,0,0,0,0,0,0,0,0,0,0,0,0,0,0,0
M6,2016-04-29__1461926018_604951803,2016-04-29,1251936,0.0003961863865245508,0.0,-0.0003961863865245508,0,496,1251204,0,236,0,0,133,0,363,0,0,0,0,0,0,0,0,0,0,0,0,0,0,0,0,0
M6,2016-04-29__1461926019_604966069,2016-04-29,1251936,0.0008139393707026557,0.0007803913299082382,-3.354804079441754e-05,175,217,1250457,175,285,0,0,217,802,0,0,0,0,0,0,0,0,0,0,0,0,0,0,0,0,0,0
M6,2016-04-29__1461926020_605042418,2016-04-29,1251936,0.0005767067965135598,0.0,-0.0005767067965135598,0,722,1250477,0,737,0,0,162,0,560,0,0,0,0,0,0,0,0,0,0,0,0,0,0,0,0,0
M6,2016-04-29__1461926021_605059526,2016-04-29,1251936,0.00013099711167344018,0.0,-0.00013099711167344018,0,164,1251700,0,72,0,0,95,0,69,0,0,0,0,0,0,0,0,0,0,0,0,0,0,0,0,0
M6,2016-04-29__1461926022_605017021,2016-04-29,1251936,0.0009968560693198374,0.0005016230861641489,-0.0004952329831556884,166,786,1249877,166,572,0,0,224,462,562,0,0,73,0,0,0,0,0,0,0,0,0,0,0,0,0,0
M6,2016-04-29__1461926023_605086787,2016-04-29,1251936,0.0008291158653477494,0.0004065703039132991,-0.0004225455614344503,9,538,1250356,9,533,0,0,181,500,357,0,0,0,0,0,0,0,0,0,0,0,0,0,0,0,0,0
M6,2016-04-29__1461926024_605119811,2016-04-29,1251936,0.00037382102599493904,0.00013419216317767042,-0.00023962886281726862,1,301,1251344,1,123,0,0,124,167,177,0,0,0,0,0,0,0,0,0,0,0,0,0,0,0,0,0
M6,2016-04-29__1461926025_605079649,2016-04-29,1251936,0.0012764230759399842,0.0006925274135419063,-0.0005838956623980779,187,918,1249782,187,264,0,0,185,680,733,0,0,105,0,0,0,0,0,0,0,0,0,0,0,0,0,0
M6,2016-04-29__1461926026_605127035,2016-04-29,1251936,0.0009760882345423408,0.0005735117450093296,-0.0004025764895330112,86,590,1249981,86,647,0,0,126,632,464,0,0,0,0,0,0,0,0,0,0,0,0,0,0,0,0,0
M6,2016-04-29__1461926027_605095658,2016-04-29,1251936,0.0005607315389924085,0.0005160008179331851,-4.4730721059223384e-05,44,100,1250990,44,200,0,0,100,602,0,0,0,0,0,0,0,0,0,0,0,0,0,0,0,0,0,0
M6,2016-04-29__1461926028_605081452,2016-04-29,1251936,0.000572712982133272,0.0,-0.000572712982133272,0,717,1250231,0,988,0,0,47,0,670,0,0,0,0,0,0,0,0,0,0,0,0,0,0,0,0,0
M6,2016-05-02__bonirob_2016-05-02-12-21-51_1_frame0,2016-05-02,1251936,0.0005423599928430846,6.390103008460496e-06,-0.0005359698898346241,0,671,1250872,0,385,0,0,250,8,421,0,0,0,0,0,0,0,0,0,0,0,0,0,0,0,0,0
M6,2016-05-02__bonirob_2016-05-02-12-21-51_1_frame1,2016-05-02,1251936,0.0009065958643253329,0.0009361500907394627,2.9554226414129736e-05,281,244,1250213,67,151,0,0,244,891,0,0,0,118,214,38,0,0,0,0,0,0,0,0,0,0,0,0
M6,2016-05-02__bonirob_2016-05-02-12-21-51_1_frame2,2016-05-02,1251936,0.0009489302967563837,2.0767834777496612e-05,-0.0009281624619788872,0,1162,1250315,0,189,0,0,386,26,776,0,0,48,0,196,0,0,0,0,0,0,0,0,0,0,0,0
M6,2016-05-02__bonirob_2016-05-02-12-21-51_1_frame3,2016-05-02,1251936,0.0010567632850241545,0.0007420507118574752,-0.00031471257316667935,123,517,1249471,50,981,0,0,172,806,345,0,0,11,73,27,0,0,0,0,0,0,0,0,0,0,0,0
M6,2016-05-02__bonirob_2016-05-02-12-21-51_1_frame4,2016-05-02,1251936,0.0006086573115558622,0.0,-0.0006086573115558622,0,762,1251133,0,41,0,0,242,0,520,0,0,0,0,0,0,0,0,0,0,0,0,0,0,0,0,0
M6,2016-05-02__bonirob_2016-05-02-12-21-51_1_frame5,2016-05-02,1251936,0.0009369488536155202,0.0,-0.0009369488536155202,0,1173,1250066,0,547,0,0,186,0,987,0,0,150,0,0,0,0,0,0,0,0,0,0,0,0,0,0
M6,2016-05-02__bonirob_2016-05-02-12-21-51_1_frame6,2016-05-02,1251936,0.0006501929811108555,0.0,-0.0006501929811108555,0,814,1250324,0,338,0,0,231,0,583,0,0,175,0,285,0,0,0,0,0,0,0,0,0,0,0,0
M6,2016-05-02__bonirob_2016-05-02-12-21-51_1_frame7,2016-05-02,1251936,0.0006182424660685531,2.396288628172686e-06,-0.0006158461774403804,1,772,1250661,1,294,0,0,237,2,535,0,0,4,0,202,0,0,0,0,0,0,0,0,0,0,0,0
M6,2016-05-02__bonirob_2016-05-02-12-21-51_1_frame8,2016-05-02,1251936,0.0003826074176315722,0.0,-0.0003826074176315722,0,479,1251270,0,187,0,0,95,0,384,0,0,0,0,0,0,0,0,0,0,0,0,0,0,0,0,0
M6,2016-05-02__bonirob_2016-05-02-12-21-51_1_frame9,2016-05-02,1251936,0.0009265649362267719,0.0007093014339391151,-0.00021726350228765687,85,357,1250347,85,344,0,0,180,803,177,0,0,0,0,0,0,0,0,0,0,0,0,0,0,0,0,0
M6,2016-05-02__bonirob_2016-05-02-12-21-51_1_frame10,2016-05-02,1251936,0.0009409426679958081,0.0,-0.0009409426679958081,0,1178,1250258,0,256,0,0,262,0,916,0,0,86,0,158,0,0,0,0,0,0,0,0,0,0,0,0
M6,2016-05-02__bonirob_2016-05-02-12-21-51_1_frame11,2016-05-02,1251936,0.0009800820489226287,0.0011094816348439537,0.000129399585921325,621,459,1249718,114,40,0,0,240,768,219,0,0,330,507,0,0,0,0,0,0,0,0,0,0,0,0,0
M6,2016-05-02__bonirob_2016-05-02-12-21-51_1_frame12,2016-05-02,1251936,0.0006685645272601794,0.0,-0.0006685645272601794,0,837,1250852,0,129,0,0,82,0,755,0,0,118,0,0,0,0,0,0,0,0,0,0,0,0,0,0
M6,2016-05-02__bonirob_2016-05-02-12-21-51_1_frame13,2016-05-02,1251936,0.0003682296858625361,0.0,-0.0003682296858625361,0,461,1251279,0,75,0,0,136,0,325,0,0,117,0,4,0,0,0,0,0,0,0,0,0,0,0,0
M6,2016-05-02__bonirob_2016-05-02-12-21-51_1_frame14,2016-05-02,1251936,0.0008179331850829435,8.866267924238938e-05,-0.0007292705058405541,2,915,1250687,2,223,0,0,113,109,802,0,0,0,0,0,0,0,0,0,0,0,0,0,0,0,0,0
M6,2016-05-02__bonirob_2016-05-02-12-21-51_1_frame15,2016-05-02,1251936,0.001107085346215781,0.0008131406078265981,-0.0002939447383891828,46,414,1250064,46,179,0,0,130,972,284,0,0,12,0,249,0,0,0,0,0,0,0,0,0,0,0,0
M6,2016-05-02__bonirob_2016-05-02-12-21-51_1_frame16,2016-05-02,1251936,0.0009329550392352324,0.0008067505048181377,-0.00012620453441709477,52,210,1250233,52,4,0,0,207,958,3,0,0,338,0,96,0,45,0,0,0,0,0,0,0,0,0,0
M6,2016-05-02__bonirob_2016-05-02-12-21-51_1_frame17,2016-05-02,1251936,0.000631022672085474,0.0003123162845385068,-0.00031870638754696726,23,422,1250822,23,168,0,0,104,368,318,0,0,104,0,29,0,0,0,0,0,0,0,0,0,0,0,0
M6,2016-05-02__bonirob_2016-05-02-12-21-51_1_frame18,2016-05-02,1251936,0.0006909298877897912,0.00018211793574112416,-0.000508811952048667,0,637,1250312,0,175,0,0,160,228,477,0,0,273,0,311,0,0,0,0,0,0,0,0,0,0,0,0
M6,2016-05-02__bonirob_2016-05-02-12-21-51_1_frame19,2016-05-02,1251936,0.0008179331850829435,0.0006797472075249853,-0.00013818597755795817,92,265,1250783,92,37,0,0,265,759,0,0,0,0,0,0,0,0,0,0,0,0,0,0,0,0,0,0
M6,2016-05-04__bonirob_2016-05-04-10-05-47_1_frame0,2016-05-04,1251936,0.00024681772870178666,0.0006693632901362369,0.0004225455614344503,724,195,1250651,178,180,0,0,193,114,2,0,0,72,546,0,0,0,0,0,0,0,0,0,0,0,0,0
M6,2016-05-04__bonirob_2016-05-04-10-05-47_1_frame1,2016-05-04,1251936,0.0008035554533139074,0.00033627917082023365,-0.0004672762824936738,100,685,1250504,100,326,0,0,284,321,401,0,0,0,0,0,0,0,0,0,0,0,0,0,0,0,0,0
M6,2016-05-04__bonirob_2016-05-04-10-05-47_1_frame2,2016-05-04,1251936,0.0005359698898346241,0.0003394742223244639,-0.00019649566751016025,45,291,1250365,45,500,0,0,291,380,0,0,0,119,0,236,0,0,0,0,0,0,0,0,0,0,0,0
M6,2016-05-04__bonirob_2016-05-04-10-05-47_1_frame3,2016-05-04,1251936,0.0006677657643841218,0.00023483628556092325,-0.00043292947882319857,68,610,1250189,68,729,0,0,323,226,287,0,0,36,0,78,0,0,0,0,0,0,0,0,0,0,0,0
M6,2016-05-04__bonirob_2016-05-04-10-05-47_1_frame4,2016-05-04,1251936,0.0009297599877310022,0.0002731769036116862,-0.000656583084119316,13,835,1250217,13,542,0,0,421,329,414,0,0,0,0,0,0,0,0,0,0,0,0,0,0,0,0,0
M6,2016-05-04__bonirob_2016-05-04-10-05-47_1_frame5,2016-05-04,1251936,0.001570367814329167,0.0009633080285254198,-0.0006070597858037472,65,825,1248839,65,793,0,0,558,1141,267,0,0,84,0,189,0,0,0,0,0,0,0,0,0,0,0,0
M6,2016-05-04__bonirob_2016-05-04-10-05-47_1_frame6,2016-05-04,1251936,0.0013139649311146896,0.0008570725660097641,-0.00045689236510492554,62,634,1249489,62,673,0,0,263,1011,371,0,0,57,0,10,0,0,0,0,0,0,0,0,0,0,0,0
M6,2016-05-04__bonirob_2016-05-04-10-05-47_1_frame7,2016-05-04,1251936,0.0014841014237149503,0.0013850548270838126,-9.904659663113771e-05,158,282,1249650,158,270,0,0,282,1576,0,0,0,0,0,0,0,0,0,0,0,0,0,0,0,0,0,0
M6,2016-05-04__bonirob_2016-05-04-10-05-47_1_frame8,2016-05-04,1251936,0.0013570981264217979,0.0005958771055389413,-0.0007612210208828566,7,960,1249809,7,421,0,0,351,739,609,0,0,0,0,0,0,0,0,0,0,0,0,0,0,0,0,0
M6,2016-05-04__bonirob_2016-05-04-10-05-47_1_frame9,2016-05-04,1251936,0.0012908008077090203,0.0011022927689594356,-0.0001885080387495847,102,338,1249757,102,333,0,0,338,1278,0,0,0,64,0,64,0,0,0,0,0,0,0,0,0,0,0,0
M6,2016-05-04__bonirob_2016-05-04-10-05-47_1_frame10,2016-05-04,1251936,0.0011014940060833781,0.0015799529688418578,0.0004784589627584797,786,187,1249009,127,80,0,0,186,1192,1,0,0,388,659,294,0,0,0,0,0,0,0,0,0,0,0,0
M6,2016-05-04__bonirob_2016-05-04-10-05-47_1_frame11,2016-05-04,1251936,0.0011230606037369321,0.0005814993737699052,-0.000541561229967027,49,727,1250263,49,140,0,0,477,679,250,0,0,75,0,3,0,0,0,0,0,0,0,0,0,0,0,0
M6,2016-05-04__bonirob_2016-05-04-10-05-47_1_frame12,2016-05-04,1251936,0.0013435191575288195,0.0006318214349615316,-0.0007116977225672879,24,915,1249824,24,292,0,0,427,767,488,0,0,67,0,47,0,0,0,0,0,0,0,0,0,0,0,0
M6,2016-05-04__bonirob_2016-05-04-10-05-47_1_frame13,2016-05-04,1251936,0.0014529496715487054,0.0012085282314750914,-0.0002444214400736139,67,373,1249744,67,306,0,0,373,1446,0,0,0,0,0,0,0,0,0,0,0,0,0,0,0,0,0,0
M6,2016-05-04__bonirob_2016-05-04-10-05-47_1_frame14,2016-05-04,1251936,0.0013419216317767043,0.0008067505048181377,-0.0005351711269585667,105,775,1249359,105,434,0,0,545,905,230,0,0,296,0,62,0,0,0,0,0,0,0,0,0,0,0,0
M6,2016-05-04__bonirob_2016-05-04-10-05-47_1_frame15,2016-05-04,1251936,0.001107085346215781,0.0007612210208828566,-0.0003458643253329243,131,564,1249256,131,969,0,0,367,822,197,0,0,18,0,176,0,0,0,0,0,0,0,0,0,0,0,0
M6,2016-05-04__bonirob_2016-05-04-10-05-47_1_frame16,2016-05-04,1251936,0.0014249929708866906,0.0012947946220893082,-0.00013019834879738246,101,264,1249383,101,598,0,0,264,1520,0,0,0,70,0,0,0,0,0,0,0,0,0,0,0,0,0,0
M6,2016-05-04__bonirob_2016-05-04-10-05-47_1_frame17,2016-05-04,1251936,0.0003650346343583059,0.0,-0.0003650346343583059,0,457,1250630,0,180,0,0,457,0,0,0,0,170,0,499,0,0,0,0,0,0,0,0,0,0,0,0
M6,2016-05-04__bonirob_2016-05-04-10-05-47_1_frame18,2016-05-04,1251936,0.0013155624568668047,0.0011022927689594356,-0.00021326968790736918,150,417,1249264,150,694,0,0,417,1230,0,0,0,5,0,176,0,0,0,0,0,0,0,0,0,0,0,0
M6,2016-05-04__bonirob_2016-05-04-10-05-47_1_frame19,2016-05-04,1251936,0.0007252766914602664,0.0006358152493418194,-8.946144211844699e-05,122,234,1250767,92,59,0,0,234,674,0,0,0,80,30,0,0,0,0,0,0,0,0,0,0,0,0,0
M6,2016-05-06__bonirob_2016-05-06-11-21-29_10_frame2,2016-05-06,1251936,0.002724580170232344,0.0026111558418321704,-0.0001134243284001738,235,377,1247503,235,787,0,0,377,3034,0,0,0,0,0,0,0,0,0,0,0,0,0,0,0,0,0,0
M6,2016-05-06__bonirob_2016-05-06-11-21-29_10_frame3,2016-05-06,1251936,0.0024394218234797945,0.002130300590445518,-0.00030912123303427665,334,721,1247610,334,585,0,0,195,2333,526,0,0,336,0,17,0,0,0,0,0,0,0,0,0,0,0,0
M6,2016-05-06__bonirob_2016-05-06-11-21-29_10_frame4,2016-05-06,1251936,0.002567223883649004,0.002370728216138844,-0.00019649566751016008,226,472,1247727,226,686,0,0,472,2742,0,0,0,78,0,5,0,0,0,0,0,0,0,0,0,0,0,0
M6,2016-05-06__bonirob_2016-05-06-11-21-29_10_frame5,2016-05-06,1251936,0.0011238593666129898,0.0009345525649873475,-0.00018930680162564226,29,266,1249913,29,587,0,0,266,1141,0,0,0,0,0,0,0,0,0,0,0,0,0,0,0,0,0,0
M6,2016-05-06__bonirob_2016-05-06-11-21-29_10_frame6,2016-05-06,1251936,0.0026311249137336095,0.0025744127495335224,-5.6712164200087116e-05,250,321,1247596,250,796,0,0,321,2973,0,0,0,0,0,0,0,0,0,0,0,0,0,0,0,0,0,0
M6,2016-05-06__bonirob_2016-05-06-11-21-29_10_frame7,2016-05-06,1251936,0.0015168507016333104,0.0013978350331007336,-0.00011901566853257683,82,231,1248673,82,677,0,0,231,1668,0,0,0,436,0,169,0,0,0,0,0,0,0,0,0,0,0,0
M6,2016-05-06__bonirob_2016-05-06-11-21-29_10_frame8,2016-05-06,1251936,0.0034226989239066535,0.0034474605730644378,2.4761649157784265e-05,279,248,1245640,279,785,0,0,248,4037,0,0,0,947,0,0,0,0,0,0,0,0,0,0,0,0,0,0
M6,2016-05-06__bonirob_2016-05-06-11-21-29_10_frame9,2016-05-06,1251936,0.0021766288372568566,0.002080777292129949,-9.585154512690769e-05,161,281,1247881,161,1014,0,0,281,2444,0,0,0,118,0,37,0,0,0,0,0,0,0,0,0,0,0,0
M6,2016-05-06__bonirob_2016-05-06-11-21-29_10_frame10,2016-05-06,1251936,0.0023403752268486566,0.001969749252357948,-0.0003706259744907085,185,649,1247758,185,993,0,0,516,2281,133,0,0,70,0,0,0,0,0,0,0,0,0,0,0,0,0,0
M6,2016-05-06__bonirob_2016-05-06-11-21-29_10_frame11,2016-05-06,1251936,0.0012396799836413364,0.0012756243130639265,3.594432942259011e-05,128,83,1249735,128,291,0,0,83,1469,0,0,0,211,0,19,0,0,0,0,0,0,0,0,0,0,0,0
M6,2016-05-06__bonirob_2016-05-06-11-21-29_10_frame12,2016-05-06,1251936,0.002816437900978964,0.002782889860184546,-3.3548040794417755e-05,361,403,1247002,361,891,0,0,403,3123,0,0,0,156,0,0,0,0,0,0,0,0,0,0,0,0,0,0
M6,2016-05-06__bonirob_2016-05-06-11-21-29_10_frame13,2016-05-06,1251936,0.0018571236868338318,0.0019409937888198758,8.387010198604395e-05,269,164,1248179,269,573,0,0,164,2161,0,0,0,590,0,0,0,0,0,0,0,0,0,0,0,0,0,0
M6,2016-05-06__bonirob_2016-05-06-11-21-29_10_frame14,2016-05-06,1251936,0.002511310482324975,0.0025576387291363135,4.632824681133829e-05,312,254,1248092,312,388,0,0,254,2890,0,0,0,0,0,0,0,0,0,0,0,0,0,0,0,0,0,0
M6,2016-05-06__bonirob_2016-05-06-11-21-29_10_frame15,2016-05-06,1251936,0.0018898729647521919,0.0018227768831633566,-6.709608158883529e-05,170,254,1248050,170,1236,0,0,254,2112,0,0,0,17,0,97,0,0,0,0,0,0,0,0,0,0,0,0
M6,2016-05-06__bonirob_2016-05-06-11-21-29_10_frame16,2016-05-06,1251936,0.0019401950259438183,0.001911439562405746,-2.8755463538072392e-05,191,227,1248284,191,965,0,0,227,2202,0,0,0,67,0,0,0,0,0,0,0,0,0,0,0,0,0,0
M6,2016-05-06__bonirob_2016-05-06-11-21-29_10_frame17,2016-05-06,1251936,0.0016758045139687653,0.00186750760422258,0.00019170309025381472,392,152,1248659,392,560,0,0,152,1946,0,0,0,216,0,11,0,0,0,0,0,0,0,0,0,0,0,0
M6,2016-05-06__bonirob_2016-05-06-11-21-29_10_frame18,2016-05-06,1251936,0.0025264869769700687,0.0024434156378600825,-8.307133910998628e-05,191,295,1247806,191,550,0,0,295,2868,0,0,0,153,0,73,0,0,0,0,0,0,0,0,0,0,0,0
M6,2016-05-06__bonirob_2016-05-06-11-21-29_10_frame19,2016-05-06,1251936,0.0011621999846637527,0.0009201748332183115,-0.00024202515144544124,66,369,1249431,66,764,0,0,253,1086,116,0,0,220,0,0,0,0,0,0,0,0,0,0,0,0,0,0
M6,2016-05-06__bonirob_2016-05-06-11-21-29_10_frame20,2016-05-06,1251936,0.003299689440993789,0.0030576642895483474,-0.00024202515144544157,195,498,1246365,195,1029,0,0,498,3633,0,0,0,216,0,0,0,0,0,0,0,0,0,0,0,0,0,0
M6,2016-05-06__bonirob_2016-05-06-11-21-29_10_frame21,2016-05-06,1251936,0.0018563249239577741,0.001672609462464535,-0.00018371546149323912,142,372,1248158,142,1312,0,0,154,1952,218,0,0,0,0,0,0,0,0,0,0,0,0,0,0,0,0,0
M6,2016-05-09__bonirob_2016-05-09-10-49-56_6_frame2,2016-05-09,1251936,0.006150474145643228,0.007661733507144135,0.0015112593615009074,2190,298,1237745,1699,1181,0,0,298,7402,0,0,0,903,491,2217,0,0,0,0,0,0,0,0,0,0,0,0
M6,2016-05-09__bonirob_2016-05-09-10-49-56_6_frame3,2016-05-09,1251936,0.006378121565319633,0.006723985890652557,0.0003458643253329242,918,485,1241582,918,402,0,0,485,7500,0,0,0,278,0,771,0,0,0,0,0,0,0,0,0,0,0,0
M6,2016-05-09__bonirob_2016-05-09-10-49-56_6_frame4,2016-05-09,1251936,0.007060265061472791,0.00804354216189965,0.0009832771004268598,1512,281,1240313,1512,781,0,0,281,8558,0,0,0,95,0,396,0,0,0,0,0,0,0,0,0,0,0,0
M6,2016-05-09__bonirob_2016-05-09-10-49-56_6_frame5,2016-05-09,1251936,0.006926072898295121,0.007314271656059096,0.000388198757763975,921,435,1240753,921,402,0,0,435,8236,0,0,0,803,0,386,0,0,0,0,0,0,0,0,0,0,0,0
M6,2016-05-09__bonirob_2016-05-09-10-49-56_6_frame6,2016-05-09,1251936,0.005177580962605117,0.005850139304245584,0.000672558341640467,1098,256,1241008,872,745,0,0,256,6226,0,0,0,1207,226,1396,0,0,0,0,0,0,0,0,0,0,0,0
M6,2016-05-09__bonirob_2016-05-09-10-49-56_6_frame7,2016-05-09,1251936,0.0063038366178462795,0.006543465480663548,0.00023962886281726856,779,479,1242780,779,104,0,0,479,7413,0,0,0,348,0,33,0,0,0,0,0,0,0,0,0,0,0,0
M6,2016-05-09__bonirob_2016-05-09-10-49-56_6_frame8,2016-05-09,1251936,0.0036655228382281523,0.004743053958029804,0.0010775311198016513,1480,131,1243505,1066,443,0,0,131,4458,0,0,0,1149,414,770,0,0,0,0,0,0,0,0,0,0,0,0
M6,2016-05-09__bonirob_2016-05-09-10-49-56_6_frame9,2016-05-09,1251936,0.004685543030953659,0.004967506326201979,0.0002819632952483194,669,316,1242732,669,846,0,0,316,5550,0,0,0,765,0,1058,0,0,0,0,0,0,0,0,0,0,0,0
M6,2016-05-09__bonirob_2016-05-09-10-49-56_6_frame10,2016-05-09,1251936,0.002288455639904915,0.002394691102420571,0.00010623546251565608,308,175,1247505,308,439,0,0,175,2690,0,0,0,562,0,256,0,1,0,0,0,0,0,0,0,0,0,0
M6,2016-05-09__bonirob_2016-05-09-10-49-56_6_frame11,2016-05-09,1251936,0.005414813536794213,0.00565843621399177,0.00024362267719755647,676,371,1242057,676,513,0,0,371,6408,0,0,0,797,0,1114,0,0,0,0,0,0,0,0,0,0,0,0
M6,2016-05-09__bonirob_2016-05-09-10-49-56_6_frame12,2016-05-09,1251936,0.004493041177823787,0.005136844055926182,0.0006438028781023952,1087,281,1244889,1087,93,0,0,281,5344,0,0,0,173,0,69,0,0,0,0,0,0,0,0,0,0,0,0
M6,2016-05-09__bonirob_2016-05-09-10-49-56_6_frame13,2016-05-09,1251936,0.004524192929990032,0.0066017751706157505,0.0020775822406257187,3611,1010,1241088,1232,435,0,0,469,4654,541,0,0,706,2379,432,0,0,0,0,0,0,0,0,0,0,0,0
M6,2016-05-09__bonirob_2016-05-09-10-49-56_6_frame14,2016-05-09,1251936,0.0040353500498428035,0.005181574776985405,0.0011462247271426017,1633,198,1230793,886,1236,0,0,198,4854,0,0,0,1650,747,11572,0,0,0,0,0,0,0,0,0,0,0,0
M6,2016-05-09__bonirob_2016-05-09-10-49-56_6_frame15,2016-05-09,1251936,0.005711953326687626,0.006057018889144493,0.000345065562456867,836,404,1243012,836,385,0,0,404,6747,0,0,0,452,0,100,0,0,0,0,0,0,0,0,0,0,0,0
M6,2016-05-09__bonirob_2016-05-09-10-49-56_6_frame16,2016-05-09,1251936,0.006085774352682565,0.006546660532167779,0.0004608861794852138,845,268,1241433,845,578,0,0,268,7351,0,0,0,1044,0,417,0,0,0,0,0,0,0,0,0,0,0,0
M6,2016-05-09__bonirob_2016-05-09-10-49-56_6_frame17,2016-05-09,1251936,0.006692834138486313,0.006935658052807811,0.00024282391432149837,674,370,1241116,674,758,0,0,370,8009,0,0,0,516,0,493,0,0,0,0,0,0,0,0,0,0,0,0
M6,2016-05-09__bonirob_2016-05-09-10-49-56_6_frame18,2016-05-09,1251936,0.004070495616389336,0.004513010249725225,0.00044251463333588956,862,308,1245416,862,91,0,0,308,4788,0,0,0,308,0,163,0,0,0,0,0,0,0,0,0,0,0,0
M6,2016-05-09__bonirob_2016-05-09-10-49-56_6_frame19,2016-05-09,1251936,0.0063126230094829126,0.006416462183370396,0.00010383917388748307,557,427,1242117,557,597,0,0,427,7476,0,0,0,234,0,528,0,0,0,0,0,0,0,0,0,0,0,0
M6,2016-05-09__bonirob_2016-05-09-10-49-56_6_frame20,2016-05-09,1251936,0.0020927587352708127,0.0022133719295555046,0.00012061319428469195,351,200,1248190,351,324,0,0,200,2420,0,0,0,398,0,53,0,0,0,0,0,0,0,0,0,0,0,0
M6,2016-05-09__bonirob_2016-05-09-10-49-56_6_frame21,2016-05-09,1251936,0.0030856209902103623,0.003111980165120262,2.6359174909899603e-05,310,277,1247024,310,23,0,0,277,3586,0,0,0,697,0,19,0,0,0,0,0,0,0,0,0,0,0,0
M6,2016-05-11__bonirob_2016-05-11-10-36-32_5_frame2,2016-05-11,1251936,0.008571524422973698,0.008571524422973698,0.0,626,626,1239913,626,505,0,0,626,10105,0,0,0,41,0,120,0,0,0,0,0,0,0,0,0,0,0,0
M6,2016-05-11__bonirob_2016-05-11-10-36-32_5_frame3,2016-05-11,1251936,0.008070700099685607,0.008133003604018097,6.230350433249036e-05,595,517,1241030,595,207,0,0,517,9587,0,0,0,0,0,0,0,0,0,0,0,0,0,0,0,0,0,0
M6,2016-05-11__bonirob_2016-05-11-10-36-32_5_frame4,2016-05-11,1251936,0.007236791657081512,0.007072246504613655,-0.00016454515246785723,420,626,1241272,420,640,0,0,626,8434,0,0,0,235,0,309,0,0,0,0,0,0,0,0,0,0,0,0
M6,2016-05-11__bonirob_2016-05-11-10-36-32_5_frame5,2016-05-11,1251936,0.006408474554609821,0.006763924034455435,0.0003554494798456145,877,432,1242028,877,647,0,0,432,7591,0,0,0,307,0,54,0,0,0,0,0,0,0,0,0,0,0,0
M6,2016-05-11__bonirob_2016-05-11-10-36-32_5_frame6,2016-05-11,1251936,0.009390256370932699,0.009558795337780845,0.000168538966848146,599,388,1239202,599,244,0,0,388,11368,0,0,0,119,0,16,0,0,0,0,0,0,0,0,0,0,0,0
M6,2016-05-11__bonirob_2016-05-11-10-36-32_5_frame7,2016-05-11,1251936,0.010087576361730952,0.010560443984357027,0.0004728676226260758,1024,432,1237473,1024,679,0,0,432,12197,0,0,0,56,0,75,0,0,0,0,0,0,0,0,0,0,0,0
M6,2016-05-11__bonirob_2016-05-11-10-36-32_5_frame8,2016-05-11,1251936,0.0072136275336758425,0.007266345883495642,5.2718349819799205e-05,583,517,1241142,583,390,0,0,517,8514,0,0,0,627,0,163,0,0,0,0,0,0,0,0,0,0,0,0
M6,2016-05-11__bonirob_2016-05-11-10-36-32_5_frame9,2016-05-11,1251936,0.0063509636275336755,0.0066576885719397795,0.0003067249444061041,922,538,1241818,922,381,0,0,538,7413,0,0,0,138,0,726,0,0,0,0,0,0,0,0,0,0,0,0
M6,2016-05-11__bonirob_2016-05-11-10-36-32_5_frame10,2016-05-11,1251936,0.01043184316131176,0.010178635329601513,-0.00025320783171024763,424,741,1238209,424,151,0,0,741,12319,0,0,0,14,0,78,0,0,0,0,0,0,0,0,0,0,0,0
M6,2016-05-11__bonirob_2016-05-11-10-36-32_5_frame11,2016-05-11,1251936,0.010645911612095186,0.011279330572808834,0.0006334189607136477,1351,558,1235040,1351,584,0,0,558,12770,0,0,0,178,0,1455,0,0,0,0,0,0,0,0,0,0,0,0
M6,2016-05-11__bonirob_2016-05-11-10-36-32_5_frame12,2016-05-11,1251936,0.015160519387572527,0.014767528052552208,-0.0003929913350203193,814,1306,1231319,814,552,0,0,1306,17674,0,0,0,106,0,165,0,0,0,0,0,0,0,0,0,0,0,0
M6,2016-05-11__bonirob_2016-05-11-10-36-32_5_frame13,2016-05-11,1251936,0.009163407714132352,0.009532436162870946,0.00036902844873859357,823,361,1239516,823,125,0,0,361,11111,0,0,0,0,0,0,0,0,0,0,0,0,0,0,0,0,0,0
M6,2016-05-11__bonirob_2016-05-11-10-36-32_5_frame14,2016-05-11,1251936,0.011268946655420085,0.012074099634486107,0.0008051529790660227,1846,838,1232399,1003,955,0,0,838,13270,0,0,0,615,843,2013,0,0,0,0,0,0,0,0,0,0,0,0
M6,2016-05-11__bonirob_2016-05-11-10-36-32_5_frame15,2016-05-11,1251936,0.006298245277713877,0.0065929887789791175,0.00029474350126524034,736,367,1240621,736,391,0,0,367,7518,0,0,0,635,0,1668,0,0,0,0,0,0,0,0,0,0,0,0
M6,2016-05-11__bonirob_2016-05-11-10-36-32_5_frame16,2016-05-11,1251936,0.011812105411139228,0.011989430769624006,0.00017732535848477733,918,696,1236101,918,129,0,0,696,14092,0,0,0,0,0,0,0,0,0,0,0,0,0,0,0,0,0,0
M6,2016-05-11__bonirob_2016-05-11-10-36-32_5_frame17,2016-05-11,1251936,0.00662493929402142,0.006651298468931319,2.635917490989917e-05,502,469,1241792,502,412,0,0,469,7825,0,0,0,439,0,497,0,0,0,0,0,0,0,0,0,0,0,0
M6,2016-05-11__bonirob_2016-05-11-10-36-32_5_frame18,2016-05-11,1251936,0.00860666998952023,0.008563536794213122,-4.3133195307108047e-05,778,832,1239773,778,320,0,0,832,9943,0,0,0,153,0,137,0,0,0,0,0,0,0,0,0,0,0,0
M6,2016-05-11__bonirob_2016-05-11-10-36-32_5_frame19,2016-05-11,1251936,0.009348720701377706,0.009093116581039286,-0.00025560412033841934,466,786,1238759,466,542,0,0,786,10918,0,0,0,377,0,88,0,0,0,0,0,0,0,0,0,0,0,0
M6,2016-05-11__bonirob_2016-05-11-10-36-32_5_frame20,2016-05-11,1251936,0.003496185108503949,0.003359596656698106,-0.00013658845180584316,313,484,1246124,313,1122,0,0,320,3893,164,0,0,0,0,0,0,0,0,0,0,0,0,0,0,0,0,0
M6,2016-05-11__bonirob_2016-05-11-10-36-32_5_frame21,2016-05-11,1251936,0.005684795388901669,0.005559389617360632,-0.0001254057715410371,392,549,1244042,392,385,0,0,234,6568,315,0,0,0,0,0,0,0,0,0,0,0,0,0,0,0,0,0
M6,2016-05-13__bonirob_2016-05-13-11-50-19_2_frame0,2016-05-13,1251936,0.005416411062546329,0.005772659305268001,0.0003562482427216726,732,286,1241949,732,1065,0,0,286,6495,0,0,0,734,0,675,0,0,0,0,0,0,0,0,0,0,0,0
M6,2016-05-13__bonirob_2016-05-13-11-50-19_2_frame1,2016-05-13,1251936,0.013172398589065255,0.013814603941415536,0.0006422053523502808,1393,589,1232295,1393,216,0,0,589,15902,0,0,0,1304,0,237,0,0,0,0,0,0,0,0,0,0,0,0
M6,2016-05-13__bonirob_2016-05-13-11-50-19_2_frame2,2016-05-13,1251936,0.01145745469416967,0.011866421286711141,0.00040896659254147094,889,377,1235644,889,120,0,0,369,13967,8,0,0,492,0,447,0,0,0,0,0,0,0,0,0,0,0,0
M6,2016-05-13__bonirob_2016-05-13-11-50-19_2_frame3,2016-05-13,1251936,0.008390205250108631,0.00929839864018608,0.0009081933900774494,1380,243,1237351,1380,499,0,0,243,10261,0,0,0,755,0,1447,0,0,0,0,0,0,0,0,0,0,0,0
M6,2016-05-13__bonirob_2016-05-13-11-50-19_2_frame4,2016-05-13,1251936,0.010958227896633694,0.01158845180584311,0.000630223909209417,1075,286,1236169,1075,215,0,0,286,13433,0,0,0,500,0,258,0,0,0,0,0,0,0,0,0,0,0,0
M6,2016-05-13__bonirob_2016-05-13-11-50-19_2_frame5,2016-05-13,1251936,0.011196259233698847,0.011818495514147688,0.0006222362804488412,1127,348,1234482,1127,500,0,0,348,13669,0,0,0,385,0,1425,0,0,0,0,0,0,0,0,0,0,0,0
M6,2016-05-13__bonirob_2016-05-13-11-50-19_2_frame6,2016-05-13,1251936,0.0016638230708279017,0.0017900276052449965,0.00012620453441709477,223,65,1246578,223,785,0,0,65,2018,0,0,0,1009,0,1258,0,0,0,0,0,0,0,0,0,0,0,0
M6,2016-05-13__bonirob_2016-05-13-11-50-19_2_frame7,2016-05-13,1251936,0.007358203614242262,0.008009994121105233,0.000651790506862971,1116,300,1239396,1116,263,0,0,300,8912,0,0,0,1323,0,626,0,0,0,0,0,0,0,0,0,0,0,0
M6,2016-05-13__bonirob_2016-05-13-11-50-19_2_frame8,2016-05-13,1251936,0.0050873207576106125,0.005325352094675767,0.0002380313370651541,504,206,1244427,504,78,0,0,145,6163,61,0,0,558,0,0,0,0,0,0,0,0,0,0,0,0,0,0
M6,2016-05-13__bonirob_2016-05-13-11-50-19_2_frame9,2016-05-13,1251936,0.009434188329115866,0.009896672034353194,0.00046248370523732825,834,255,1237319,834,602,0,0,255,11556,0,0,0,862,0,508,0,0,0,0,0,0,0,0,0,0,0,0
M6,2016-05-13__bonirob_2016-05-13-11-50-19_2_frame10,2016-05-13,1251936,0.016710918130000255,0.01755760677862127,0.0008466886486210162,1438,378,1225742,1404,914,0,0,378,20543,0,0,0,1138,34,1783,0,0,0,0,0,0,0,0,0,0,0,0
M6,2016-05-13__bonirob_2016-05-13-11-50-19_2_frame11,2016-05-13,1251936,0.006786289394985047,0.0068861347544922425,9.984535950719516e-05,707,582,1240042,707,414,0,0,582,7914,0,0,0,1928,0,349,0,0,0,0,0,0,0,0,0,0,0,0
M6,2016-05-13__bonirob_2016-05-13-11-50-19_2_frame12,2016-05-13,1251936,0.020456317255834165,0.021132070648978863,0.0006757533931446985,2212,1366,1220534,2212,553,0,0,888,24244,478,0,0,970,0,2057,0,0,0,0,0,0,0,0,0,0,0,0
M6,2016-05-13__bonirob_2016-05-13-11-50-19_2_frame13,2016-05-13,1251936,0.008532385042046878,0.009181779260281676,0.0006493942182347976,1191,378,1238046,1191,710,0,0,378,10304,0,0,0,977,0,330,0,0,0,0,0,0,0,0,0,0,0,0
M6,2016-05-13__bonirob_2016-05-13-11-50-19_2_frame14,2016-05-13,1251936,0.008769617616235974,0.009675414717685248,0.0009057971014492742,1438,304,1238965,1438,188,0,0,304,10675,0,0,0,366,0,0,0,0,0,0,0,0,0,0,0,0,0,0
M6,2016-05-13__bonirob_2016-05-13-11-50-19_2_frame15,2016-05-13,1251936,0.010665081921120569,0.011487807683459857,0.0008227257623392888,1439,409,1234344,1439,613,0,0,409,12943,0,0,0,1145,0,1043,0,0,0,0,0,0,0,0,0,0,0,0
M6,2016-05-13__bonirob_2016-05-13-11-50-19_2_frame16,2016-05-13,1251936,0.018384326355340846,0.019270953147764742,0.0008866267924238953,1635,525,1223826,1635,706,0,0,525,22491,0,0,0,1402,0,1351,0,0,0,0,0,0,0,0,0,0,0,0
M6,2016-05-13__bonirob_2016-05-13-11-50-19_2_frame17,2016-05-13,1251936,0.02439661452342612,0.025967781100631342,0.0015711665772052234,2320,353,1218860,2320,40,0,0,353,30190,0,0,0,105,0,68,0,0,0,0,0,0,0,0,0,0,0,0
M6,2016-05-13__bonirob_2016-05-13-11-50-19_2_frame18,2016-05-13,1251936,0.003700668404774685,0.004064105513380875,0.0003634371086061903,585,130,1243890,585,485,0,0,130,4503,0,0,0,1770,0,573,0,0,0,0,0,0,0,0,0,0,0,0
M6,2016-05-13__bonirob_2016-05-13-11-50-19_2_frame19,2016-05-13,1251936,0.022745571658615137,0.01767342739564962,-0.005072144262965518,2042,8392,1215679,2036,1895,0,0,1060,20084,7332,0,0,619,6,3225,0,0,0,0,0,0,0,0,0,0,0,0
M6,2016-05-18__bonirob_2016-05-18-10-59-09_4_frame2,2016-05-18,1251936,0.0316509789637809,0.03294337729724203,0.0012923983334611339,2285,667,1206887,2285,799,0,0,667,38958,0,0,0,279,0,2061,0,0,0,0,0,0,0,0,0,0,0,0
M6,2016-05-18__bonirob_2016-05-18-10-59-09_4_frame3,2016-05-18,1251936,0.043530979219385015,0.04569562661350101,0.0021646473941159955,3259,549,1194096,3259,0,0,0,549,53949,0,0,0,83,0,0,0,0,0,0,0,0,0,0,0,0,0,0
M6,2016-05-18__bonirob_2016-05-18-10-59-09_4_frame4,2016-05-18,1251936,0.027143560054188075,0.028932788896557014,0.0017892288423689388,2760,520,1215023,2760,55,0,0,520,33462,0,0,0,116,0,0,0,0,0,0,0,0,0,0,0,0,0,0
M6,2016-05-18__bonirob_2016-05-18-10-59-09_4_frame5,2016-05-18,1251936,0.03711691332464279,0.03906349845359507,0.00194658512895228,2648,211,1202165,2648,117,0,0,211,46257,0,0,0,235,0,303,0,0,0,0,0,0,0,0,0,0,0,0
M6,2016-05-18__bonirob_2016-05-18-10-59-09_4_frame6,2016-05-18,1251936,0.03193453978478133,0.034038481200316946,0.002103941415535618,3227,593,1205009,3227,495,0,0,584,39387,9,0,0,1201,0,2024,0,0,0,0,0,0,0,0,0,0,0,0
M6,2016-05-18__bonirob_2016-05-18-10-59-09_4_frame7,2016-05-18,1251936,0.038255949185900875,0.040477308744216955,0.00222135955831608,3245,464,1200389,3245,112,0,0,464,47430,0,0,0,253,0,43,0,0,0,0,0,0,0,0,0,0,0,0
M6,2016-05-18__bonirob_2016-05-18-10-59-09_4_frame8,2016-05-18,1251936,0.03564958592132505,0.04064345142243693,0.004993865501111881,6982,730,1199300,3796,444,0,0,730,43901,0,0,0,257,3186,322,0,0,0,0,0,0,0,0,0,0,0,0
M6,2016-05-18__bonirob_2016-05-18-10-59-09_4_frame9,2016-05-18,1251936,0.04122654832195895,0.04316674334790277,0.0019401950259438222,3640,1211,1192042,3542,812,0,0,870,50402,341,0,0,724,98,3105,0,0,0,0,0,0,0,0,0,0,0,0
M6,2016-05-18__bonirob_2016-05-18-10-59-09_4_frame10,2016-05-18,1251936,0.02559475883751246,0.02661078521585768,0.0010160263783452195,1888,616,1212628,1888,1831,0,0,616,31427,0,0,0,191,0,3355,0,0,0,0,0,0,0,0,0,0,0,0
M6,2016-05-18__bonirob_2016-05-18-10-59-09_4_frame11,2016-05-18,1251936,0.037093749201237126,0.04157720522454822,0.004483456023311093,6638,1025,1194240,3353,852,0,0,1025,45414,0,0,0,852,3285,2915,0,0,0,0,0,0,0,0,0,0,0,0
M6,2016-05-18__bonirob_2016-05-18-10-59-09_4_frame12,2016-05-18,1251936,0.028921606216292205,0.029535056105104415,0.0006134498888122099,1654,886,1209245,1654,626,0,0,886,35322,0,0,0,899,0,3304,0,0,0,0,0,0,0,0,0,0,0,0
M6,2016-05-18__bonirob_2016-05-18-10-59-09_4_frame13,2016-05-18,1251936,0.022455620734606243,0.02321045165248064,0.000754830917874396,1770,825,1221333,1770,167,0,0,825,27288,0,0,0,475,0,78,0,0,0,0,0,0,0,0,0,0,0,0
M6,2016-05-18__bonirob_2016-05-18-10-59-09_4_frame14,2016-05-18,1251936,0.03397697645886052,0.03548663829460931,0.001509661835748792,2576,686,1206411,2576,13,0,0,686,41851,0,0,0,309,0,90,0,0,0,0,0,0,0,0,0,0,0,0
M6,2016-05-18__bonirob_2016-05-18-10-59-09_4_frame15,2016-05-18,1251936,0.03399534800500984,0.03508246427932418,0.0010871162743143412,2642,1281,1206404,2642,214,0,0,965,41279,316,0,0,6,0,110,0,0,0,0,0,0,0,0,0,0,0,0
M6,2016-05-18__bonirob_2016-05-18-10-59-09_4_frame16,2016-05-18,1251936,0.03369101934923191,0.035304520358868184,0.0016135010096362742,2534,514,1206529,2534,445,0,0,514,41665,0,0,0,44,0,205,0,0,0,0,0,0,0,0,0,0,0,0
M6,2016-05-18__bonirob_2016-05-18-10-59-09_4_frame17,2016-05-18,1251936,0.04001802009048386,0.042089212228101115,0.0020711921376172573,3348,755,1198150,3348,208,0,0,755,49345,0,0,0,30,0,100,0,0,0,0,0,0,0,0,0,0,0,0
M6,2016-05-18__bonirob_2016-05-18-10-59-09_4_frame18,2016-05-18,1251936,0.03988622421593436,0.04114747079722925,0.0012612465812948948,2893,1314,1197377,2893,250,0,0,1138,48621,176,0,0,338,0,1143,0,0,0,0,0,0,0,0,0,0,0,0
M6,2016-05-18__bonirob_2016-05-18-10-59-09_4_frame19,2016-05-18,1251936,0.034518537688827546,0.036666411062546325,0.0021478733737187797,3409,720,1197494,2813,1231,0,0,720,42495,0,0,0,986,596,5601,0,0,0,0,0,0,0,0,0,0,0,0
M6,2016-05-18__bonirob_2016-05-18-10-59-09_4_frame20,2016-05-18,1251936,0.03432603583569767,0.035943530659714236,0.0016174948240165674,2798,773,1205884,2798,65,0,0,773,42201,0,0,0,116,0,99,0,0,0,0,0,0,0,0,0,0,0,0
M6,2016-05-18__bonirob_2016-05-18-10-59-09_4_frame21,2016-05-18,1251936,0.03576700406410551,0.03749073435063773,0.0017237302865322213,3008,850,1200321,1989,700,0,0,850,43928,0,0,0,795,1019,2334,0,0,0,0,0,0,0,0,0,0,0,0
M6,2016-05-27___2016-05-27-10-26-48_5_frame23,2016-05-27,1251936,0.03964100401298469,0.04240711985277203,0.0027661158397873364,4328,865,1195666,4328,1397,0,7,501,48763,364,0,0,597,0,313,0,0,0,0,0,0,0,0,0,0,0,0
M6,2016-05-27___2016-05-27-10-26-48_5_frame24,2016-05-27,1251936,0.027975072208163997,0.03035618434169159,0.002381112133527593,3272,291,1212356,3272,883,0,0,291,34732,0,0,0,211,0,191,0,0,0,0,0,0,0,0,0,0,0,0
M6,2016-05-27___2016-05-27-10-26-48_5_frame25,2016-05-27,1251936,0.016089480612427473,0.01791784883572323,0.0018283682232957572,2615,326,1225924,2615,1981,0,0,219,19817,107,0,0,688,0,585,0,0,0,0,0,0,0,0,0,0,0,0
M6,2016-05-27___2016-05-27-10-26-48_5_frame26,2016-05-27,1251936,0.036676794979935076,0.03922964113181505,0.0025528461518799714,3460,264,1198725,3460,1781,0,0,264,45653,0,0,0,661,0,1392,0,0,0,0,0,0,0,0,0,0,0,0
M6,2016-05-27___2016-05-27-10-26-48_5_frame27,2016-05-27,1251936,0.06922398589065255,0.0734694105768985,0.004245424686245947,5460,145,1159085,5460,39,0,0,145,86519,0,0,0,461,0,227,0,0,0,0,0,0,0,0,0,0,0,0
M6,2016-05-27___2016-05-27-10-26-48_5_frame28,2016-05-27,1251936,0.06601535541752933,0.069951658870741,0.003936303453211665,5134,206,1162678,5058,574,0,0,206,82441,0,0,0,428,76,475,0,0,0,0,0,0,0,0,0,0,0,0
M6,2016-05-27___2016-05-27-10-26-48_5_frame29,2016-05-27,1251936,0.08956368376658232,0.09457032947371112,0.005006645707128804,6506,238,1132856,6422,110,0,0,238,111890,0,0,0,188,84,148,0,0,0,0,0,0,0,0,0,0,0,0
M6,2016-05-27___2016-05-27-10-26-48_5_frame30,2016-05-27,1251936,0.06041123507910948,0.06496657976126576,0.004555344682156279,6536,833,1168643,6536,325,0,0,833,74798,0,0,0,607,0,194,0,0,0,0,0,0,0,0,0,0,0,0
M6,2016-05-27___2016-05-27-10-26-48_5_frame31,2016-05-27,1251936,0.11599314980957492,0.12524921401732997,0.009256064207755044,11995,407,1094455,11308,7,0,0,407,144809,0,0,0,167,687,96,0,0,0,0,0,0,0,0,0,0,0,0
M6,2016-05-27___2016-05-27-10-26-48_5_frame32,2016-05-27,1251936,0.09584036244664264,0.10271611328374614,0.0068757508371034975,9267,659,1121304,9179,212,0,0,589,119327,70,0,0,220,88,947,0,0,0,0,0,0,0,0,0,0,0,0
M6,2016-05-27___2016-05-27-10-26-48_5_frame33,2016-05-27,1251936,0.0950599711167344,0.10085180073102779,0.005791829614293378,7532,281,1124268,7532,106,0,0,281,118728,0,0,0,612,0,409,0,0,0,0,0,0,0,0,0,0,0,0
M6,2016-05-27___2016-05-27-10-26-48_5_frame34,2016-05-27,1251936,0.08490769496204278,0.09083771055389413,0.0059300155918513425,7739,315,1136544,7696,189,0,0,315,105984,0,0,0,205,43,960,0,0,0,0,0,0,0,0,0,0,0,0
M6,2016-05-27___2016-05-27-10-26-48_5_frame35,2016-05-27,1251936,0.09278589320859852,0.09817754262198707,0.005391649413388544,7109,359,1127453,7109,204,0,0,359,115803,0,0,0,347,0,661,0,0,0,0,0,0,0,0,0,0,0,0
M6,2016-05-27___2016-05-27-10-26-48_5_frame36,2016-05-27,1251936,0.07053715205889119,0.0771660851672929,0.006628933108401708,8491,192,1152994,8491,213,0,0,192,88116,0,0,0,712,0,1218,0,0,0,0,0,0,0,0,0,0,0,0
M6,2016-05-27___2016-05-27-10-26-48_5_frame37,2016-05-27,1251936,0.06262141195716076,0.06520620862408302,0.0025847966669222677,3711,475,1168496,3674,51,0,0,475,77923,0,0,0,651,37,629,0,0,0,0,0,0,0,0,0,0,0,0
M6,2016-05-27___2016-05-27-10-26-48_5_frame38,2016-05-27,1251936,0.06668072489328528,0.0706913132939703,0.004010588400685022,5301,280,1162160,5301,326,0,0,280,83200,0,0,0,210,0,459,0,0,0,0,0,0,0,0,0,0,0,0
M6,2016-05-27___2016-05-27-10-26-48_5_frame39,2016-05-27,1251936,0.06581406717276282,0.06847474631291056,0.0026606791401477398,3794,463,1164343,3794,691,0,0,421,81932,42,0,0,266,0,447,0,0,0,0,0,0,0,0,0,0,0,0
M6,2016-05-27___2016-05-27-10-26-48_5_frame40,2016-05-27,1251936,0.09375878639163664,0.09785963499731616,0.004100848605679525,5538,404,1126208,5538,470,0,0,404,116976,0,0,0,676,0,1664,0,0,0,0,0,0,0,0,0,0,0,0
M6,2016-05-27___2016-05-27-10-26-48_5_frame41,2016-05-27,1251936,0.00556338343174092,0.005838956623980779,0.0002755731922398589,536,191,1241977,536,1254,0,0,191,6774,0,0,0,855,0,349,0,0,0,0,0,0,0,0,0,0,0,0
M6,2016-05-27___2016-05-27-10-26-48_5_frame42,2016-05-27,1251936,0.08761869616338215,0.09144956291695422,0.003830866753572068,5308,512,1135628,5308,374,0,0,512,109181,0,0,0,530,0,403,0,0,0,0,0,0,0,0,0,0,0,0
M7,2016-04-29__1461926009_604845562,2016-04-29,1251936,0.0008227257623392889,0.0,-0.0008227257623392889,0,1030,1249482,0,1424,0,0,247,0,783,0,0,0,0,0,0,0,0,0,0,0,0,0,0,0,0,0
M7,2016-04-29__1461926010_604880009,2016-04-29,1251936,0.002239731104465404,8.067505048181377e-05,-0.00215905605398359,2,2705,1247625,2,1415,0,0,772,99,1933,0,0,90,0,0,0,0,0,0,0,0,0,0,0,0,0,0
M7,2016-04-29__1461926011_604916128,2016-04-29,1251936,0.001242076272269509,0.0,-0.001242076272269509,0,1555,1248274,0,1982,0,0,327,0,1228,0,0,106,0,19,0,0,0,0,0,0,0,0,0,0,0,0
M7,2016-04-29__1461926012_604949024,2016-04-29,1251936,0.0007436482376095903,0.0,-0.0007436482376095903,0,931,1250082,0,923,0,0,214,0,717,0,0,0,0,0,0,0,0,0,0,0,0,0,0,0,0,0
M7,2016-04-29__1461926013_604998609,2016-04-29,1251936,0.0010152276154691614,0.0,-0.0010152276154691614,0,1271,1249244,0,1421,0,0,234,0,1037,0,0,0,0,0,0,0,0,0,0,0,0,0,0,0,0,0
M7,2016-04-29__1461926014_604941733,2016-04-29,1251936,0.0011933517368299977,0.0,-0.0011933517368299977,0,1494,1249116,0,1326,0,0,320,0,1174,0,0,0,0,0,0,0,0,0,0,0,0,0,0,0,0,0
M7,2016-04-29__1461926015_604903443,2016-04-29,1251936,0.0004081678296654142,0.0,-0.0004081678296654142,0,511,1248926,0,2498,0,1,66,0,445,0,0,0,0,0,0,0,0,0,0,0,0,0,0,0,0,0
M7,2016-04-29__1461926016_604995266,2016-04-29,1251936,0.0009880696776832043,0.0,-0.0009880696776832043,0,1237,1248343,0,2356,0,0,112,0,1125,0,0,0,0,0,0,0,0,0,0,0,0,0,0,0,0,0
M7,2016-04-29__1461926017_604989736,2016-04-29,1251936,0.0006789484446489278,0.0,-0.0006789484446489278,0,850,1250580,0,506,0,0,116,0,734,0,0,0,0,0,0,0,0,0,0,0,0,0,0,0,0,0
M7,2016-04-29__1461926018_604951803,2016-04-29,1251936,0.0003961863865245508,0.0,-0.0003961863865245508,0,496,1250862,0,578,0,0,111,0,385,0,0,0,0,0,0,0,0,0,0,0,0,0,0,0,0,0
M7,2016-04-29__1461926019_604966069,2016-04-29,1251936,0.0008139393707026557,0.0,-0.0008139393707026557,0,1019,1249007,0,1910,0,0,223,0,796,0,0,0,0,0,0,0,0,0,0,0,0,0,0,0,0,0
M7,2016-04-29__1461926020_605042418,2016-04-29,1251936,0.0005767067965135598,0.0,-0.0005767067965135598,0,722,1248547,0,2667,0,0,96,0,626,0,0,0,0,0,0,0,0,0,0,0,0,0,0,0,0,0
M7,2016-04-29__1461926021_605059526,2016-04-29,1251936,0.00013099711167344018,0.0,-0.00013099711167344018,0,164,1251240,0,532,0,0,78,0,86,0,0,0,0,0,0,0,0,0,0,0,0,0,0,0,0,0
M7,2016-04-29__1461926022_605017021,2016-04-29,1251936,0.0009968560693198374,0.0,-0.0009968560693198374,0,1248,1249763,0,852,0,0,155,0,1093,0,0,73,0,0,0,0,0,0,0,0,0,0,0,0,0,0
M7,2016-04-29__1461926023_605086787,2016-04-29,1251936,0.0008291158653477494,0.0,-0.0008291158653477494,0,1038,1250330,0,568,0,0,149,0,889,0,0,0,0,0,0,0,0,0,0,0,0,0,0,0,0,0
M7,2016-04-29__1461926024_605119811,2016-04-29,1251936,0.00037382102599493904,0.0,-0.00037382102599493904,0,468,1250391,0,1077,0,0,61,0,407,0,0,0,0,0,0,0,0,0,0,0,0,0,0,0,0,0
M7,2016-04-29__1461926025_605079649,2016-04-29,1251936,0.0012764230759399842,0.0,-0.0012764230759399842,0,1598,1249624,0,609,0,0,175,0,1423,0,0,105,0,0,0,0,0,0,0,0,0,0,0,0,0,0
M7,2016-04-29__1461926026_605127035,2016-04-29,1251936,0.0009760882345423408,0.0,-0.0009760882345423408,0,1222,1249426,0,1288,0,0,91,0,1131,0,0,0,0,0,0,0,0,0,0,0,0,0,0,0,0,0
M7,2016-04-29__1461926027_605095658,2016-04-29,1251936,0.0005607315389924085,0.0,-0.0005607315389924085,0,702,1251062,0,172,0,0,69,0,633,0,0,0,0,0,0,0,0,0,0,0,0,0,0,0,0,0
M7,2016-04-29__1461926028_605081452,2016-04-29,1251936,0.000572712982133272,0.0,-0.000572712982133272,0,717,1250961,0,258,0,0,52,0,665,0,0,0,0,0,0,0,0,0,0,0,0,0,0,0,0,0
M7,2016-05-02__bonirob_2016-05-02-12-21-51_1_frame0,2016-05-02,1251936,0.0005423599928430846,0.0,-0.0005423599928430846,0,679,1251154,0,103,0,0,256,0,423,0,0,0,0,0,0,0,0,0,0,0,0,0,0,0,0,0
M7,2016-05-02__bonirob_2016-05-02-12-21-51_1_frame1,2016-05-02,1251936,0.0009065958643253329,0.0,-0.0009065958643253329,0,1135,1250379,0,52,0,0,294,0,841,0,0,154,0,216,0,0,0,0,0,0,0,0,0,0,0,0
M7,2016-05-02__bonirob_2016-05-02-12-21-51_1_frame2,2016-05-02,1251936,0.0009489302967563837,0.0,-0.0009489302967563837,0,1188,1250356,0,148,0,0,271,0,917,0,0,189,0,55,0,0,0,0,0,0,0,0,0,0,0,0
M7,2016-05-02__bonirob_2016-05-02-12-21-51_1_frame3,2016-05-02,1251936,0.0010567632850241545,0.0,-0.0010567632850241545,0,1323,1249604,0,898,0,0,175,0,1148,0,0,11,0,100,0,0,0,0,0,0,0,0,0,0,0,0
M7,2016-05-02__bonirob_2016-05-02-12-21-51_1_frame4,2016-05-02,1251936,0.0006086573115558622,0.0,-0.0006086573115558622,0,762,1251149,0,25,0,0,281,0,481,0,0,0,0,0,0,0,0,0,0,0,0,0,0,0,0,0
M7,2016-05-02__bonirob_2016-05-02-12-21-51_1_frame5,2016-05-02,1251936,0.0009369488536155202,0.0,-0.0009369488536155202,0,1173,1250267,0,346,0,0,202,0,971,0,0,150,0,0,0,0,0,0,0,0,0,0,0,0,0,0
M7,2016-05-02__bonirob_2016-05-02-12-21-51_1_frame6,2016-05-02,1251936,0.0006501929811108555,0.0,-0.0006501929811108555,0,814,1250060,0,602,0,0,233,0,581,0,0,187,0,273,0,0,0,0,0,0,0,0,0,0,0,0
M7,2016-05-02__bonirob_2016-05-02-12-21-51_1_frame7,2016-05-02,1251936,0.0006182424660685531,0.0,-0.0006182424660685531,0,774,1250398,0,558,0,0,271,0,503,0,0,28,0,178,0,0,0,0,0,0,0,0,0,0,0,0
M7,2016-05-02__bonirob_2016-05-02-12-21-51_1_frame8,2016-05-02,1251936,0.0003826074176315722,0.0,-0.0003826074176315722,0,479,1251409,0,48,0,0,105,0,374,0,0,0,0,0,0,0,0,0,0,0,0,0,0,0,0,0
M7,2016-05-02__bonirob_2016-05-02-12-21-51_1_frame9,2016-05-02,1251936,0.0009265649362267719,0.0,-0.0009265649362267719,0,1160,1250636,0,140,0,0,196,0,964,0,0,0,0,0,0,0,0,0,0,0,0,0,0,0,0,0
M7,2016-05-02__bonirob_2016-05-02-12-21-51_1_frame10,2016-05-02,1251936,0.0009409426679958081,0.0,-0.0009409426679958081,0,1178,1250359,0,155,0,0,204,0,974,0,0,93,0,151,0,0,0,0,0,0,0,0,0,0,0,0
M7,2016-05-02__bonirob_2016-05-02-12-21-51_1_frame11,2016-05-02,1251936,0.0009800820489226287,0.0,-0.0009800820489226287,0,1227,1249825,0,47,0,0,395,0,832,0,0,645,0,192,0,0,0,0,0,0,0,0,0,0,0,0
M7,2016-05-02__bonirob_2016-05-02-12-21-51_1_frame12,2016-05-02,1251936,0.0006685645272601794,0.0,-0.0006685645272601794,0,837,1250839,0,142,0,0,86,0,751,0,0,118,0,0,0,0,0,0,0,0,0,0,0,0,0,0
M7,2016-05-02__bonirob_2016-05-02-12-21-51_1_frame13,2016-05-02,1251936,0.0003682296858625361,0.0,-0.0003682296858625361,0,461,1251197,0,157,0,0,73,0,388,0,0,121,0,0,0,0,0,0,0,0,0,0,0,0,0,0
M7,2016-05-02__bonirob_2016-05-02-12-21-51_1_frame14,2016-05-02,1251936,0.0008179331850829435,0.0,-0.0008179331850829435,0,1024,1250770,0,142,0,0,106,0,918,0,0,0,0,0,0,0,0,0,0,0,0,0,0,0,0,0
M7,2016-05-02__bonirob_2016-05-02-12-21-51_1_frame15,2016-05-02,1251936,0.001107085346215781,0.0,-0.001107085346215781,0,1386,1250201,0,88,0,0,288,0,1098,0,0,19,0,242,0,0,0,0,0,0,0,0,0,0,0,0
M7,2016-05-02__bonirob_2016-05-02-12-21-51_1_frame16,2016-05-02,1251936,0.0009329550392352324,0.0,-0.0009329550392352324,0,1168,1250194,0,95,0,0,237,0,931,0,0,188,0,291,0,0,0,0,0,0,0,0,0,0,0,0
M7,2016-05-02__bonirob_2016-05-02-12-21-51_1_frame17,2016-05-02,1251936,0.000631022672085474,0.0,-0.000631022672085474,0,790,1250944,0,69,0,0,123,0,667,0,0,130,0,3,0,0,0,0,0,0,0,0,0,0,0,0
M7,2016-05-02__bonirob_2016-05-02-12-21-51_1_frame18,2016-05-02,1251936,0.0006909298877897912,0.0,-0.0006909298877897912,0,865,1250356,0,131,0,0,111,0,754,0,0,348,0,236,0,0,0,0,0,0,0,0,0,0,0,0
M7,2016-05-02__bonirob_2016-05-02-12-21-51_1_frame19,2016-05-02,1251936,0.0008179331850829435,0.0,-0.0008179331850829435,0,1024,1250747,0,165,0,0,250,0,774,0,0,0,0,0,0,0,0,0,0,0,0,0,0,0,0,0
M7,2016-05-04__bonirob_2016-05-04-10-05-47_1_frame0,2016-05-04,1251936,0.00024681772870178666,0.0,-0.00024681772870178666,0,309,1250896,0,113,0,0,197,0,112,0,0,82,0,536,0,0,0,0,0,0,0,0,0,0,0,0
M7,2016-05-04__bonirob_2016-05-04-10-05-47_1_frame1,2016-05-04,1251936,0.0008035554533139074,0.0,-0.0008035554533139074,0,1006,1250144,0,786,0,0,295,0,711,0,0,0,0,0,0,0,0,0,0,0,0,0,0,0,0,0
M7,2016-05-04__bonirob_2016-05-04-10-05-47_1_frame2,2016-05-04,1251936,0.0005359698898346241,0.0,-0.0005359698898346241,0,671,1249977,0,933,0,0,481,0,190,0,0,115,0,240,0,0,0,0,0,0,0,0,0,0,0,0
M7,2016-05-04__bonirob_2016-05-04-10-05-47_1_frame3,2016-05-04,1251936,0.0006677657643841218,0.0,-0.0006677657643841218,0,836,1250374,0,612,0,0,353,0,483,0,0,70,0,44,0,0,0,0,0,0,0,0,0,0,0,0
M7,2016-05-04__bonirob_2016-05-04-10-05-47_1_frame4,2016-05-04,1251936,0.0009297599877310022,0.0,-0.0009297599877310022,0,1164,1250368,0,404,0,0,424,0,740,0,0,0,0,0,0,0,0,0,0,0,0,0,0,0,0,0
M7,2016-05-04__bonirob_2016-05-04-10-05-47_1_frame5,2016-05-04,1251936,0.001570367814329167,0.00047286762262607675,-0.0010975001917030904,26,1400,1248703,26,968,0,0,587,566,813,0,0,150,0,123,0,0,0,0,0,0,0,0,0,0,0,0
M7,2016-05-04__bonirob_2016-05-04-10-05-47_1_frame6,2016-05-04,1251936,0.0013139649311146896,0.0002380313370651535,-0.0010759335940495362,3,1350,1249478,3,743,0,0,418,295,932,0,0,60,0,7,0,0,0,0,0,0,0,0,0,0,0,0
M7,2016-05-04__bonirob_2016-05-04-10-05-47_1_frame7,2016-05-04,1251936,0.0014841014237149503,0.0,-0.0014841014237149503,0,1858,1249858,0,220,0,0,446,0,1412,0,0,0,0,0,0,0,0,0,0,0,0,0,0,0,0,0
M7,2016-05-04__bonirob_2016-05-04-10-05-47_1_frame8,2016-05-04,1251936,0.0013570981264217979,0.0,-0.0013570981264217979,0,1699,1248926,0,1311,0,0,509,0,1190,0,0,0,0,0,0,0,0,0,0,0,0,0,0,0,0,0
M7,2016-05-04__bonirob_2016-05-04-10-05-47_1_frame9,2016-05-04,1251936,0.0012908008077090203,0.0004489047363443499,-0.0008418960713646704,9,1063,1250042,9,141,0,0,427,553,636,0,0,87,0,41,0,0,0,0,0,0,0,0,0,0,0,0
M7,2016-05-04__bonirob_2016-05-04-10-05-47_1_frame10,2016-05-04,1251936,0.0011014940060833781,0.0006781496817728702,-0.0004233443243105079,29,559,1248657,29,530,0,0,281,820,278,0,0,767,0,574,0,0,0,0,0,0,0,0,0,0,0,0
M7,2016-05-04__bonirob_2016-05-04-10-05-47_1_frame11,2016-05-04,1251936,0.0011230606037369321,0.0,-0.0011230606037369321,0,1406,1249897,0,555,0,0,595,0,811,0,0,78,0,0,0,0,0,0,0,0,0,0,0,0,0,0
M7,2016-05-04__bonirob_2016-05-04-10-05-47_1_frame12,2016-05-04,1251936,0.0013435191575288195,0.0001030404110114255,-0.001240478746517394,12,1565,1249767,12,361,0,0,469,117,1096,0,0,114,0,0,0,0,0,0,0,0,0,0,0,0,0,0
M7,2016-05-04__bonirob_2016-05-04-10-05-47_1_frame13,2016-05-04,1251936,0.0014529496715487054,0.0006302239092094165,-0.0008227257623392889,4,1034,1249412,4,701,0,0,670,785,364,0,0,0,0,0,0,0,0,0,0,0,0,0,0,0,0,0
M7,2016-05-04__bonirob_2016-05-04-10-05-47_1_frame14,2016-05-04,1251936,0.0013419216317767043,4.393195818316591e-05,-0.0012979896735935384,0,1625,1249359,0,539,0,0,656,55,969,0,0,257,0,101,0,0,0,0,0,0,0,0,0,0,0,0
M7,2016-05-04__bonirob_2016-05-04-10-05-47_1_frame15,2016-05-04,1251936,0.001107085346215781,0.00040337525240906883,-0.0007037100938067122,20,901,1250014,20,322,0,0,569,485,332,0,0,22,0,172,0,0,0,0,0,0,0,0,0,0,0,0
M7,2016-05-04__bonirob_2016-05-04-10-05-47_1_frame16,2016-05-04,1251936,0.0014249929708866906,0.0011190667893566444,-0.0003059261815300462,48,431,1248732,48,1302,0,0,427,1353,4,0,0,70,0,0,0,0,0,0,0,0,0,0,0,0,0,0
M7,2016-05-04__bonirob_2016-05-04-10-05-47_1_frame17,2016-05-04,1251936,0.0003650346343583059,0.0,-0.0003650346343583059,0,457,1250655,0,155,0,0,408,0,49,0,0,234,0,435,0,0,0,0,0,0,0,0,0,0,0,0
M7,2016-05-04__bonirob_2016-05-04-10-05-47_1_frame18,2016-05-04,1251936,0.0013155624568668047,6.949237021700789e-05,-0.0012460700866497969,3,1563,1249489,3,616,0,0,602,84,961,0,0,31,0,150,0,0,0,0,0,0,0,0,0,0,0,0
M7,2016-05-04__bonirob_2016-05-04-10-05-47_1_frame19,2016-05-04,1251936,0.0007252766914602664,0.0,-0.0007252766914602664,0,908,1250656,0,262,0,0,376,0,532,0,0,110,0,0,0,0,0,0,0,0,0,0,0,0,0,0
M7,2016-05-06__bonirob_2016-05-06-11-21-29_10_frame2,2016-05-06,1251936,0.002724580170232344,0.0025177005853334357,-0.00020687958489890848,214,473,1246781,214,1530,0,0,473,2938,0,0,0,0,0,0,0,0,0,0,0,0,0,0,0,0,0,0
M7,2016-05-06__bonirob_2016-05-06-11-21-29_10_frame3,2016-05-06,1251936,0.0024394218234797945,0.0019489814175804514,-0.0004904404058993432,212,826,1247201,212,1116,0,0,297,2228,529,0,0,269,0,84,0,0,0,0,0,0,0,0,0,0,0,0
M7,2016-05-06__bonirob_2016-05-06-11-21-29_10_frame4,2016-05-06,1251936,0.002567223883649004,0.00205761316872428,-0.0005096107149247242,251,889,1246881,251,1462,0,45,585,2325,304,0,0,75,0,8,0,0,0,0,0,0,0,0,0,0,0,0
M7,2016-05-06__bonirob_2016-05-06-11-21-29_10_frame5,2016-05-06,1251936,0.0011238593666129898,0.0,-0.0011238593666129898,0,1407,1248033,0,2496,0,0,315,0,1092,0,0,0,0,0,0,0,0,0,0,0,0,0,0,0,0,0
M7,2016-05-06__bonirob_2016-05-06-11-21-29_10_frame6,2016-05-06,1251936,0.0026311249137336095,0.001686987194233571,-0.0009441377195000384,217,1399,1247075,217,1350,0,0,304,1895,1095,0,0,0,0,0,0,0,0,0,0,0,0,0,0,0,0,0
M7,2016-05-06__bonirob_2016-05-06-11-21-29_10_frame7,2016-05-06,1251936,0.0015168507016333104,0.0011645962732919255,-0.0003522544283413849,38,479,1248719,38,675,0,0,370,1420,109,0,0,343,0,262,0,0,0,0,0,0,0,0,0,0,0,0
M7,2016-05-06__bonirob_2016-05-06-11-21-29_10_frame8,2016-05-06,1251936,0.0034226989239066535,0.003357999130945991,-6.46997929606625e-05,269,350,1245504,269,931,0,0,350,3935,0,0,0,915,0,32,0,0,0,0,0,0,0,0,0,0,0,0
M7,2016-05-06__bonirob_2016-05-06-11-21-29_10_frame9,2016-05-06,1251936,0.0021766288372568566,0.0020304552309383227,-0.00014617360631853388,116,299,1247561,116,1379,0,0,299,2426,0,0,0,107,0,48,0,0,0,0,0,0,0,0,0,0,0,0
M7,2016-05-06__bonirob_2016-05-06-11-21-29_10_frame10,2016-05-06,1251936,0.0023403752268486566,0.0013794634869514096,-0.000960911739897247,156,1359,1246257,156,2523,0,0,427,1571,932,0,0,70,0,0,0,0,0,0,0,0,0,0,0,0,0,0
M7,2016-05-06__bonirob_2016-05-06-11-21-29_10_frame11,2016-05-06,1251936,0.0012396799836413364,0.0008850292666717788,-0.0003546507169695576,28,472,1248569,28,1557,0,0,137,1080,335,0,0,212,0,18,0,0,0,0,0,0,0,0,0,0,0,0
M7,2016-05-06__bonirob_2016-05-06-11-21-29_10_frame12,2016-05-06,1251936,0.002816437900978964,0.0017612721417069243,-0.0010551657592720396,301,1622,1246047,301,1906,0,0,604,1904,1018,0,0,154,0,2,0,0,0,0,0,0,0,0,0,0,0,0
M7,2016-05-06__bonirob_2016-05-06-11-21-29_10_frame13,2016-05-06,1251936,0.0018571236868338318,0.0010831224599340541,-0.0007740012268997777,41,1010,1247954,41,1026,0,0,356,1315,654,0,0,575,0,15,0,0,0,0,0,0,0,0,0,0,0,0
M7,2016-05-06__bonirob_2016-05-06-11-21-29_10_frame14,2016-05-06,1251936,0.002511310482324975,0.0024354280090995066,-7.588247322546857e-05,214,309,1248047,214,531,0,0,309,2835,0,0,0,0,0,0,0,0,0,0,0,0,0,0,0,0,0,0
M7,2016-05-06__bonirob_2016-05-06-11-21-29_10_frame15,2016-05-06,1251936,0.0018898729647521919,0.0014952841039797562,-0.0003945888607724357,81,575,1246680,81,2695,0,0,322,1791,253,0,0,3,0,111,0,0,0,0,0,0,0,0,0,0,0,0
M7,2016-05-06__bonirob_2016-05-06-11-21-29_10_frame16,2016-05-06,1251936,0.0019401950259438183,0.0012069307057229763,-0.000733264320220842,22,940,1247080,22,2338,0,0,330,1489,610,0,0,67,0,0,0,0,0,0,0,0,0,0,0,0,0,0
M7,2016-05-06__bonirob_2016-05-06-11-21-29_10_frame17,2016-05-06,1251936,0.0016758045139687653,0.0007380568974771874,-0.0009377476164915779,113,1287,1247375,113,2123,0,0,235,811,1052,0,0,218,0,9,0,0,0,0,0,0,0,0,0,0,0,0
M7,2016-05-06__bonirob_2016-05-06-11-21-29_10_frame18,2016-05-06,1251936,0.0025264869769700687,0.002437824297727679,-8.866267924238953e-05,228,339,1246850,228,1469,0,0,339,2824,0,0,0,141,0,85,0,0,0,0,0,0,0,0,0,0,0,0
M7,2016-05-06__bonirob_2016-05-06-11-21-29_10_frame19,2016-05-06,1251936,0.0011621999846637527,0.0,-0.0011621999846637527,0,1455,1246852,0,3409,0,0,212,0,1243,0,0,220,0,0,0,0,0,0,0,0,0,0,0,0,0,0
M7,2016-05-06__bonirob_2016-05-06-11-21-29_10_frame20,2016-05-06,1251936,0.003299689440993789,0.0016885847199856862,-0.0016111047210081028,45,2062,1245839,45,1705,0,0,597,2069,1465,0,0,216,0,0,0,0,0,0,0,0,0,0,0,0,0,0
M7,2016-05-06__bonirob_2016-05-06-11-21-29_10_frame21,2016-05-06,1251936,0.0018563249239577741,0.0008482861743731309,-0.0010080387495846432,14,1276,1246301,14,3297,0,0,220,1048,1056,0,0,0,0,0,0,0,0,0,0,0,0,0,0,0,0,0
M7,2016-05-09__bonirob_2016-05-09-10-49-56_6_frame2,2016-05-09,1251936,0.006150474145643228,0.006995565268512129,0.0008450911228689009,1431,373,1238913,1255,453,0,4,373,7327,0,0,0,1433,176,2002,0,0,0,0,0,0,0,0,0,0,0,0
M7,2016-05-09__bonirob_2016-05-09-10-49-56_6_frame3,2016-05-09,1251936,0.006378121565319633,0.006354957441913963,-2.316412340566936e-05,649,678,1241797,649,456,0,0,678,7307,0,0,0,382,0,667,0,0,0,0,0,0,0,0,0,0,0,0
M7,2016-05-09__bonirob_2016-05-09-10-49-56_6_frame4,2016-05-09,1251936,0.007060265061472791,0.007681702579045574,0.0006214375175727831,1214,436,1240483,1214,909,0,0,436,8403,0,0,0,89,0,402,0,0,0,0,0,0,0,0,0,0,0,0
M7,2016-05-09__bonirob_2016-05-09-10-49-56_6_frame5,2016-05-09,1251936,0.006926072898295121,0.006748747539810342,-0.00017732535848477907,563,785,1241065,563,448,0,0,671,7886,114,0,0,887,0,302,0,0,0,0,0,0,0,0,0,0,0,0
M7,2016-05-09__bonirob_2016-05-09-10-49-56_6_frame6,2016-05-09,1251936,0.005177580962605117,0.0053077793114025,0.00013019834879738224,544,381,1241329,544,721,0,31,378,6101,3,0,0,1288,0,1502,0,39,0,0,0,0,0,0,0,0,0,0
M7,2016-05-09__bonirob_2016-05-09-10-49-56_6_frame7,2016-05-09,1251936,0.0063038366178462795,0.006232746721877157,-7.108989596912255e-05,542,631,1243012,542,109,0,0,622,7261,9,0,0,353,0,28,0,0,0,0,0,0,0,0,0,0,0,0
M7,2016-05-09__bonirob_2016-05-09-10-49-56_6_frame8,2016-05-09,1251936,0.0036655228382281523,0.0038947677836566725,0.00022924494542852017,607,320,1243415,607,992,0,0,264,4269,56,0,0,1178,0,1155,0,0,0,0,0,0,0,0,0,0,0,0
M7,2016-05-09__bonirob_2016-05-09-10-49-56_6_frame9,2016-05-09,1251936,0.004685543030953659,0.004600874166091558,-8.466886486210162e-05,525,631,1242734,525,988,0,0,529,5235,102,0,0,805,0,1018,0,0,0,0,0,0,0,0,0,0,0,0
M7,2016-05-09__bonirob_2016-05-09-10-49-56_6_frame10,2016-05-09,1251936,0.002288455639904915,0.0022612977021189582,-2.7157937785956838e-05,204,238,1247720,204,328,0,0,238,2627,0,0,0,629,0,190,0,0,0,0,0,0,0,0,0,0,0,0
M7,2016-05-09__bonirob_2016-05-09-10-49-56_6_frame11,2016-05-09,1251936,0.005414813536794213,0.005482708381259106,6.789484446489275e-05,613,528,1241939,613,694,0,0,528,6251,0,0,0,934,0,977,0,0,0,0,0,0,0,0,0,0,0,0
M7,2016-05-09__bonirob_2016-05-09-10-49-56_6_frame12,2016-05-09,1251936,0.004493041177823787,0.004646403650026838,0.0001533624722030516,730,538,1245099,730,240,0,0,406,5087,132,0,0,173,0,69,0,0,0,0,0,0,0,0,0,0,0,0
M7,2016-05-09__bonirob_2016-05-09-10-49-56_6_frame13,2016-05-09,1251936,0.004524192929990032,0.0029410449096439434,-0.0015831480203460885,458,2440,1241625,458,646,0,26,562,3224,1878,0,0,1165,0,2336,0,16,0,0,0,0,0,0,0,0,0,0
M7,2016-05-09__bonirob_2016-05-09-10-49-56_6_frame14,2016-05-09,1251936,0.0040353500498428035,0.004025764895330112,-9.585154512691159e-06,668,680,1231219,668,1021,0,7,334,4372,346,0,0,1842,0,12105,0,22,0,0,0,0,0,0,0,0,0,0
M7,2016-05-09__bonirob_2016-05-09-10-49-56_6_frame15,2016-05-09,1251936,0.005711953326687626,0.005735117450093296,2.316412340566936e-05,654,625,1243372,654,207,0,0,625,6526,0,0,0,470,0,82,0,0,0,0,0,0,0,0,0,0,0,0
M7,2016-05-09__bonirob_2016-05-09-10-49-56_6_frame16,2016-05-09,1251936,0.006085774352682565,0.006263099711167344,0.00017732535848477907,694,472,1241267,694,895,0,0,393,7147,79,0,0,1022,0,439,0,0,0,0,0,0,0,0,0,0,0,0
M7,2016-05-09__bonirob_2016-05-09-10-49-56_6_frame17,2016-05-09,1251936,0.006692834138486313,0.006630530634153822,-6.230350433249036e-05,486,564,1241543,486,519,0,0,553,7815,11,0,0,538,0,471,0,0,0,0,0,0,0,0,0,0,0,0
M7,2016-05-09__bonirob_2016-05-09-10-49-56_6_frame18,2016-05-09,1251936,0.004070495616389336,0.00366951665260844,-0.00040097896378089555,486,988,1245565,486,318,0,0,422,4108,566,0,0,292,0,179,0,0,0,0,0,0,0,0,0,0,0,0
M7,2016-05-09__bonirob_2016-05-09-10-49-56_6_frame19,2016-05-09,1251936,0.0063126230094829126,0.006284666308820898,-2.7956700662014507e-05,532,567,1242083,532,656,0,0,567,7336,0,0,0,297,0,465,0,0,0,0,0,0,0,0,0,0,0,0
M7,2016-05-09__bonirob_2016-05-09-10-49-56_6_frame20,2016-05-09,1251936,0.0020927587352708127,0.0005998709199192291,-0.0014928878153515836,90,1959,1248453,90,322,0,0,270,661,1689,0,0,449,0,2,0,0,0,0,0,0,0,0,0,0,0,0
M7,2016-05-09__bonirob_2016-05-09-10-49-56_6_frame21,2016-05-09,1251936,0.0030856209902103623,0.0029698003731820155,-0.0001158206170283468,221,366,1247013,221,123,0,0,345,3497,21,0,0,707,0,9,0,0,0,0,0,0,0,0,0,0,0,0
M7,2016-05-11__bonirob_2016-05-11-10-36-32_5_frame2,2016-05-11,1251936,0.008571524422973698,0.0057518914704905045,-0.0028196329524831937,291,3821,1240109,291,644,0,0,814,6910,3007,0,0,61,0,100,0,0,0,0,0,0,0,0,0,0,0,0
M7,2016-05-11__bonirob_2016-05-11-10-36-32_5_frame3,2016-05-11,1251936,0.008070700099685607,0.006874952074227437,-0.0011957480254581702,280,1777,1240480,280,1072,0,0,916,8327,861,0,0,0,0,0,0,0,0,0,0,0,0,0,0,0,0,0
M7,2016-05-11__bonirob_2016-05-11-10-36-32_5_frame4,2016-05-11,1251936,0.007236791657081512,0.006748747539810342,-0.0004880441172711702,358,969,1241047,358,927,0,0,919,8091,50,0,0,284,0,260,0,0,0,0,0,0,0,0,0,0,0,0
M7,2016-05-11__bonirob_2016-05-11-10-36-32_5_frame5,2016-05-11,1251936,0.006408474554609821,0.005199946323134729,-0.001208528231475092,631,2144,1241884,631,1037,0,0,692,5879,1452,0,0,361,0,0,0,0,0,0,0,0,0,0,0,0,0,0
M7,2016-05-11__bonirob_2016-05-11-10-36-32_5_frame6,2016-05-11,1251936,0.009390256370932699,0.009444572246504614,5.431587557191454e-05,637,569,1238326,637,1082,0,0,569,11187,0,0,0,135,0,0,0,0,0,0,0,0,0,0,0,0,0,0
M7,2016-05-11__bonirob_2016-05-11-10-36-32_5_frame7,2016-05-11,1251936,0.010087576361730952,0.01013709966004652,4.952329831556766e-05,729,667,1238091,729,356,0,0,667,11962,0,0,0,38,0,93,0,0,0,0,0,0,0,0,0,0,0,0
M7,2016-05-11__bonirob_2016-05-11-10-36-32_5_frame8,2016-05-11,1251936,0.0072136275336758425,0.0069340605270556965,-0.00027956700662014593,485,835,1240850,485,780,0,0,812,8196,23,0,0,629,0,161,0,0,0,0,0,0,0,0,0,0,0,0
M7,2016-05-11__bonirob_2016-05-11-10-36-32_5_frame9,2016-05-11,1251936,0.0063509636275336755,0.004710304680111443,-0.0016406589474222324,340,2394,1242275,340,506,0,0,1377,5557,1017,0,0,254,0,610,0,0,0,0,0,0,0,0,0,0,0,0
M7,2016-05-11__bonirob_2016-05-11-10-36-32_5_frame10,2016-05-11,1251936,0.01043184316131176,0.01006201594969711,-0.0003698272116146508,453,916,1237973,453,358,0,0,916,12144,0,0,0,26,0,66,0,0,0,0,0,0,0,0,0,0,0,0
M7,2016-05-11__bonirob_2016-05-11-10-36-32_5_frame11,2016-05-11,1251936,0.010645911612095186,0.007885387112440252,-0.002760524499654934,1124,4580,1235060,1124,791,0,0,756,8748,3824,0,0,163,0,1470,0,0,0,0,0,0,0,0,0,0,0,0
M7,2016-05-11__bonirob_2016-05-11-10-36-32_5_frame12,2016-05-11,1251936,0.015160519387572527,0.01435376888275439,-0.0008067505048181371,672,1682,1231744,672,269,0,0,1682,17298,0,0,0,152,0,119,0,0,0,0,0,0,0,0,0,0,0,0
M7,2016-05-11__bonirob_2016-05-11-10-36-32_5_frame13,2016-05-11,1251936,0.009163407714132352,0.008912596171050278,-0.0002508115430820742,623,937,1239720,623,121,0,0,937,10535,0,0,0,0,0,0,0,0,0,0,0,0,0,0,0,0,0,0
M7,2016-05-11__bonirob_2016-05-11-10-36-32_5_frame14,2016-05-11,1251936,0.011268946655420085,0.010705020064923446,-0.0005639265904966387,494,1200,1232970,494,886,0,7,1200,12908,0,0,0,801,0,2663,0,7,0,0,0,0,0,0,0,0,0,0
M7,2016-05-11__bonirob_2016-05-11-10-36-32_5_frame15,2016-05-11,1251936,0.006298245277713877,0.006287062597449071,-1.1182680264806497e-05,553,567,1240703,553,489,0,3,567,7318,0,0,0,586,0,1713,0,4,0,0,0,0,0,0,0,0,0,0
M7,2016-05-11__bonirob_2016-05-11-10-36-32_5_frame16,2016-05-11,1251936,0.011812105411139228,0.01146384479717813,-0.0003482606139610985,693,1129,1236394,693,61,0,0,1129,13659,0,0,0,0,0,0,0,0,0,0,0,0,0,0,0,0,0,0
M7,2016-05-11__bonirob_2016-05-11-10-36-32_5_frame17,2016-05-11,1251936,0.00662493929402142,0.005309376837154615,-0.001315562456866805,269,1916,1241790,269,647,0,0,1033,6378,883,0,0,487,0,449,0,0,0,0,0,0,0,0,0,0,0,0
M7,2016-05-11__bonirob_2016-05-11-10-36-32_5_frame18,2016-05-11,1251936,0.00860666998952023,0.007990025049203793,-0.0006166449403164371,664,1436,1239217,664,990,0,0,1264,9339,172,0,0,145,0,145,0,0,0,0,0,0,0,0,0,0,0,0
M7,2016-05-11__bonirob_2016-05-11-10-36-32_5_frame19,2016-05-11,1251936,0.009348720701377706,0.008819140914551542,-0.0005295797868261638,387,1050,1238746,387,634,0,0,1032,10654,18,0,0,420,0,45,0,0,0,0,0,0,0,0,0,0,0,0
M7,2016-05-11__bonirob_2016-05-11-10-36-32_5_frame20,2016-05-11,1251936,0.003496185108503949,0.0032397822252894716,-0.00025640288321447744,260,581,1245884,260,1415,0,0,398,3796,183,0,0,0,0,0,0,0,0,0,0,0,0,0,0,0,0,0
M7,2016-05-11__bonirob_2016-05-11-10-36-32_5_frame21,2016-05-11,1251936,0.005684795388901669,0.005308578074278558,-0.0003762173146231113,259,730,1244131,259,429,0,0,423,6387,307,0,0,0,0,0,0,0,0,0,0,0,0,0,0,0,0,0
M7,2016-05-13__bonirob_2016-05-13-11-50-19_2_frame0,2016-05-13,1251936,0.005416411062546329,0.0054882997213915085,7.188865884517979e-05,486,396,1242732,486,528,0,0,390,6385,6,0,0,672,0,737,0,0,0,0,0,0,0,0,0,0,0,0
M7,2016-05-13__bonirob_2016-05-13-11-50-19_2_frame1,2016-05-13,1251936,0.013172398589065255,0.013047791580400276,-0.000124607008664979,1087,1243,1232606,1087,211,0,0,749,15248,494,0,0,1375,0,166,0,0,0,0,0,0,0,0,0,0,0,0
M7,2016-05-13__bonirob_2016-05-13-11-50-19_2_frame2,2016-05-13,1251936,0.01145745469416967,0.011661139227564348,0.00020368453339467824,713,458,1235824,713,116,0,0,452,13886,6,0,0,474,0,465,0,0,0,0,0,0,0,0,0,0,0,0
M7,2016-05-13__bonirob_2016-05-13-11-50-19_2_frame3,2016-05-13,1251936,0.008390205250108631,0.008762428750351456,0.00037222350024282425,1052,586,1237342,1052,836,0,0,365,9918,221,0,0,635,0,1567,0,0,0,0,0,0,0,0,0,0,0,0
M7,2016-05-13__bonirob_2016-05-13-11-50-19_2_frame4,2016-05-13,1251936,0.010958227896633694,0.01130648851059479,0.0003482606139610968,840,404,1236575,840,44,0,0,404,13315,0,0,0,636,0,122,0,0,0,0,0,0,0,0,0,0,0,0
M7,2016-05-13__bonirob_2016-05-13-11-50-19_2_frame5,2016-05-13,1251936,0.011196259233698847,0.011453460879789382,0.00025720164609053554,805,483,1234832,805,472,0,0,483,13534,0,0,0,344,0,1466,0,0,0,0,0,0,0,0,0,0,0,0
M7,2016-05-13__bonirob_2016-05-13-11-50-19_2_frame6,2016-05-13,1251936,0.0016638230708279017,0.0013706770953147765,-0.0002931459755131252,122,489,1246632,122,832,0,0,132,1594,357,0,0,1210,0,1057,0,0,0,0,0,0,0,0,0,0,0,0
M7,2016-05-13__bonirob_2016-05-13-11-50-19_2_frame7,2016-05-13,1251936,0.007358203614242262,0.0077703652582879635,0.0004121616440457016,908,392,1239692,908,175,0,0,392,8820,0,0,0,1349,0,600,0,0,0,0,0,0,0,0,0,0,0,0
M7,2016-05-13__bonirob_2016-05-13-11-50-19_2_frame8,2016-05-13,1251936,0.0050873207576106125,0.005217519106407996,0.0001301983487973831,409,246,1244527,409,73,0,0,243,6123,3,0,0,558,0,0,0,0,0,0,0,0,0,0,0,0,0,0
M7,2016-05-13__bonirob_2016-05-13-11-50-19_2_frame9,2016-05-13,1251936,0.009434188329115866,0.009579563172558342,0.00014537484344247578,567,385,1237880,567,308,0,0,385,11426,0,0,0,879,0,491,0,0,0,0,0,0,0,0,0,0,0,0
M7,2016-05-13__bonirob_2016-05-13-11-50-19_2_frame10,2016-05-13,1251936,0.016710918130000255,0.017182986989750276,0.0004720688597500203,1152,561,1226153,1152,755,0,0,550,20360,3,0,8,1166,0,1789,0,0,0,0,0,0,0,0,0,0,0,0
M7,2016-05-13__bonirob_2016-05-13-11-50-19_2_frame11,2016-05-13,1251936,0.006786289394985047,0.006737564859545536,-4.8724535439511295e-05,590,651,1240278,590,295,0,0,630,7845,21,0,0,1980,0,297,0,0,0,0,0,0,0,0,0,0,0,0
M7,2016-05-13__bonirob_2016-05-13-11-50-19_2_frame12,2016-05-13,1251936,0.020456317255834165,0.02052980344043146,7.348618459729686e-05,1882,1790,1220843,1882,574,0,0,1049,23820,741,0,0,926,0,2101,0,0,0,0,0,0,0,0,0,0,0,0
M7,2016-05-13__bonirob_2016-05-13-11-50-19_2_frame13,2016-05-13,1251936,0.008532385042046878,0.008267195767195767,-0.00026518927485111136,1038,1370,1238531,1038,378,0,0,361,9312,1009,0,0,975,0,332,0,0,0,0,0,0,0,0,0,0,0,0
M7,2016-05-13__bonirob_2016-05-13-11-50-19_2_frame14,2016-05-13,1251936,0.008769617616235974,0.00863622421593436,-0.00013339340030161378,1052,1219,1238742,1052,797,0,0,455,9760,764,0,0,366,0,0,0,0,0,0,0,0,0,0,0,0,0,0
M7,2016-05-13__bonirob_2016-05-13-11-50-19_2_frame15,2016-05-13,1251936,0.010665081921120569,0.011104401502952228,0.00043931958183165976,1077,527,1234932,1077,387,0,0,526,12825,1,0,0,1174,0,1014,0,0,0,0,0,0,0,0,0,0,0,0
M7,2016-05-13__bonirob_2016-05-13-11-50-19_2_frame16,2016-05-13,1251936,0.018384326355340846,0.018755751092707613,0.000371424737366767,1208,743,1224515,1208,444,0,0,743,22273,0,0,0,1652,0,1101,0,0,0,0,0,0,0,0,0,0,0,0
M7,2016-05-13__bonirob_2016-05-13-11-50-19_2_frame17,2016-05-13,1251936,0.02439661452342612,0.02549091966362498,0.0010943051401988597,1945,575,1219236,1945,39,0,0,575,29968,0,0,0,64,0,109,0,0,0,0,0,0,0,0,0,0,0,0
M7,2016-05-13__bonirob_2016-05-13-11-50-19_2_frame18,2016-05-13,1251936,0.003700668404774685,0.003838055619456586,0.00013738721468190083,357,185,1244179,357,424,0,0,173,4448,12,0,0,1708,0,635,0,0,0,0,0,0,0,0,0,0,0,0
M7,2016-05-13__bonirob_2016-05-13-11-50-19_2_frame19,2016-05-13,1251936,0.022745571658615137,0.016249233187638986,-0.006496338470976151,1191,9324,1216700,1191,1665,0,54,1444,19152,7511,0,369,700,0,2966,0,184,0,0,0,0,0,0,0,0,0,0
M7,2016-05-18__bonirob_2016-05-18-10-59-09_4_frame2,2016-05-18,1251936,0.0316509789637809,0.03246891214886384,0.0008179331850829419,1883,859,1207685,1883,403,0,0,859,38766,0,0,0,571,0,1769,0,0,0,0,0,0,0,0,0,0,0,0
M7,2016-05-18__bonirob_2016-05-18-10-59-09_4_frame3,2016-05-18,1251936,0.043530979219385015,0.044835358995987014,0.0013043797766019993,2495,862,1194858,2495,2,0,0,862,53636,0,0,0,83,0,0,0,0,0,0,0,0,0,0,0,0,0,0
M7,2016-05-18__bonirob_2016-05-18-10-59-09_4_frame4,2016-05-18,1251936,0.027143560054188075,0.02832732663650538,0.0011837665823173048,2275,793,1215541,2275,22,0,0,793,33189,0,0,0,116,0,0,0,0,0,0,0,0,0,0,0,0,0,0
M7,2016-05-18__bonirob_2016-05-18-10-59-09_4_frame5,2016-05-18,1251936,0.03711691332464279,0.038563472893183036,0.0014465595685402427,2262,451,1202604,2262,64,0,0,451,46017,0,0,0,262,0,276,0,0,0,0,0,0,0,0,0,0,0,0
M7,2016-05-18__bonirob_2016-05-18-10-59-09_4_frame6,2016-05-18,1251936,0.03193453978478133,0.03307357564603942,0.0011390358612580892,2462,1036,1206025,2462,145,0,99,1036,38944,0,0,0,1453,0,1022,0,750,0,0,0,0,0,0,0,0,0,0
M7,2016-05-18__bonirob_2016-05-18-10-59-09_4_frame7,2016-05-18,1251936,0.038255949185900875,0.03988223040155407,0.001626281215653197,2791,755,1200897,2791,58,0,0,755,47139,0,0,0,243,0,53,0,0,0,0,0,0,0,0,0,0,0,0
M7,2016-05-18__bonirob_2016-05-18-10-59-09_4_frame8,2016-05-18,1251936,0.03564958592132505,0.03679021930833525,0.0011406333870102037,2348,920,1200141,1795,1604,0,0,920,43711,0,0,0,331,553,2881,0,0,0,0,0,0,0,0,0,0,0,0
M7,2016-05-18__bonirob_2016-05-18-10-59-09_4_frame9,2016-05-18,1251936,0.04122654832195895,0.04184958336528385,0.0006230350433249002,3401,2621,1192836,2609,775,0,176,1238,48992,1383,0,0,784,792,1781,0,570,0,0,0,0,0,0,0,0,0,0
M7,2016-05-18__bonirob_2016-05-18-10-59-09_4_frame10,2016-05-18,1251936,0.02559475883751246,0.026002127904301817,0.00040736906678935647,1424,914,1213408,1424,559,0,956,914,31129,0,0,0,324,0,1530,0,1692,0,0,0,0,0,0,0,0,0,0
M7,2016-05-18__bonirob_2016-05-18-10-59-09_4_frame11,2016-05-18,1251936,0.037093749201237126,0.03782701352145797,0.0007332643202208403,2207,1289,1194957,2207,1095,0,186,1289,45150,0,0,0,941,0,5605,0,506,0,0,0,0,0,0,0,0,0,0
M7,2016-05-18__bonirob_2016-05-18-10-59-09_4_frame12,2016-05-18,1251936,0.028921606216292205,0.029027841678807863,0.00010623546251565738,1265,1132,1209817,1265,412,0,31,1132,35076,0,0,0,1125,0,3021,0,57,0,0,0,0,0,0,0,0,0,0
M7,2016-05-18__bonirob_2016-05-18-10-59-09_4_frame13,2016-05-18,1251936,0.022455620734606243,0.022654512690744574,0.00019889195613833136,1257,1008,1221864,1257,149,0,0,1008,27105,0,0,0,523,0,30,0,0,0,0,0,0,0,0,0,0,0,0
M7,2016-05-18__bonirob_2016-05-18-10-59-09_4_frame14,2016-05-18,1251936,0.03397697645886052,0.03478372696367865,0.0008067505048181337,1990,980,1207003,1990,7,0,0,980,41557,0,0,0,264,0,135,0,0,0,0,0,0,0,0,0,0,0,0
M7,2016-05-18__bonirob_2016-05-18-10-59-09_4_frame15,2016-05-18,1251936,0.03399534800500984,0.034154301817345294,0.00015895381233545225,1881,1682,1207272,1881,107,0,0,1465,40878,217,0,0,15,0,101,0,0,0,0,0,0,0,0,0,0,0,0
M7,2016-05-18__bonirob_2016-05-18-10-59-09_4_frame16,2016-05-18,1251936,0.03369101934923191,0.03469905809881655,0.0010080387495846402,2148,886,1206909,2148,451,0,0,886,41293,0,0,0,83,0,166,0,0,0,0,0,0,0,0,0,0,0,0
M7,2016-05-18__bonirob_2016-05-18-10-59-09_4_frame17,2016-05-18,1251936,0.04001802009048386,0.04124012729085193,0.0012221072003680694,2679,1149,1198839,2679,188,0,0,1149,48951,0,0,0,32,0,98,0,0,0,0,0,0,0,0,0,0,0,0
M7,2016-05-18__bonirob_2016-05-18-10-59-09_4_frame18,2016-05-18,1251936,0.03988622421593436,0.040403023796743605,0.0005167995808092463,2446,1799,1197691,2446,383,0,0,1534,48136,265,0,0,247,0,1234,0,0,0,0,0,0,0,0,0,0,0,0
M7,2016-05-18__bonirob_2016-05-18-10-59-09_4_frame19,2016-05-18,1251936,0.034518537688827546,0.03572786468317869,0.0012093269943511467,2427,913,1198062,2317,1159,0,0,913,42302,0,0,0,1055,110,6018,0,0,0,0,0,0,0,0,0,0,0,0
M7,2016-05-18__bonirob_2016-05-18-10-59-09_4_frame20,2016-05-18,1251936,0.03432603583569767,0.03504492242414948,0.00071888658845181,2059,1159,1206628,2059,60,0,0,1159,41815,0,0,0,60,0,155,0,0,0,0,0,0,0,0,0,0,0,0
M7,2016-05-18__bonirob_2016-05-18-10-59-09_4_frame21,2016-05-18,1251936,0.03576700406410551,0.03605296117373412,0.00028595710962860815,1430,1072,1201029,1430,483,0,68,1072,43706,0,0,0,1057,0,2915,0,176,0,0,0,0,0,0,0,0,0,0
M7,2016-05-27___2016-05-27-10-26-48_5_frame23,2016-05-27,1251936,0.03964100401298469,0.042276122741098585,0.0026351187281138944,3987,688,1196500,3987,882,0,29,453,48940,235,0,0,606,0,304,0,0,0,0,0,0,0,0,0,0,0,0
M7,2016-05-27___2016-05-27-10-26-48_5_frame24,2016-05-27,1251936,0.027975072208163997,0.029646084144876416,0.0016710119367124195,2544,452,1213401,2544,566,0,0,452,34571,0,0,0,228,0,174,0,0,0,0,0,0,0,0,0,0,0,0
M7,2016-05-27___2016-05-27-10-26-48_5_frame25,2016-05-27,1251936,0.016089480612427473,0.01776129131201595,0.0016718106995884767,2357,264,1227157,2357,1006,0,0,264,19879,0,0,0,760,0,513,0,0,0,0,0,0,0,0,0,0,0,0
M7,2016-05-27___2016-05-27-10-26-48_5_frame26,2016-05-27,1251936,0.036676794979935076,0.038954067939575183,0.0022772729596401073,3122,271,1198783,3122,2061,0,0,271,45646,0,0,0,442,0,1611,0,0,0,0,0,0,0,0,0,0,0,0
M7,2016-05-27___2016-05-27-10-26-48_5_frame27,2016-05-27,1251936,0.06922398589065255,0.07387997469519209,0.004655988804539532,5972,143,1158311,5972,301,0,0,143,86521,0,0,0,376,0,312,0,0,0,0,0,0,0,0,0,0,0,0
M7,2016-05-27___2016-05-27-10-26-48_5_frame28,2016-05-27,1251936,0.06601535541752933,0.0698046865015464,0.003789331084017078,5016,272,1163011,4932,366,0,1,272,82375,0,0,0,343,84,552,0,0,0,0,0,0,0,0,0,0,0,0
M7,2016-05-27___2016-05-27-10-26-48_5_frame29,2016-05-27,1251936,0.08956368376658232,0.09687396160826113,0.007310277841678814,9293,141,1129931,9205,252,0,0,141,111987,0,0,0,159,88,173,0,0,0,0,0,0,0,0,0,0,0,0
M7,2016-05-27___2016-05-27-10-26-48_5_frame30,2016-05-27,1251936,0.06041123507910948,0.06611440201416047,0.005703166935050991,7752,612,1167399,7686,419,0,0,612,75019,0,0,0,517,66,218,0,0,0,0,0,0,0,0,0,0,0,0
M7,2016-05-27___2016-05-27-10-26-48_5_frame31,2016-05-27,1251936,0.11599314980957492,0.12969193313396213,0.013698783324387204,17296,146,1089378,16379,13,0,0,146,145070,0,0,0,33,917,0,0,0,0,0,0,0,0,0,0,0,0,0
M7,2016-05-27___2016-05-27-10-26-48_5_frame32,2016-05-27,1251936,0.09584036244664264,0.10634489302967563,0.010504530583032995,13482,331,1117456,12985,240,0,14,331,119655,0,0,0,166,497,592,0,0,0,0,0,0,0,0,0,0,0,0
M7,2016-05-27___2016-05-27-10-26-48_5_frame33,2016-05-27,1251936,0.0950599711167344,0.10151637144390768,0.006456400327173276,8279,196,1123294,8208,404,0,0,196,118813,0,0,0,412,71,538,0,0,0,0,0,0,0,0,0,0,0,0
M7,2016-05-27___2016-05-27-10-26-48_5_frame34,2016-05-27,1251936,0.08490769496204278,0.09270042558086036,0.007792730618817578,10023,267,1135107,9190,132,0,0,267,106032,0,0,0,141,833,234,0,0,0,0,0,0,0,0,0,0,0,0
M7,2016-05-27___2016-05-27-10-26-48_5_frame35,2016-05-27,1251936,0.09278589320859852,0.09907774838330394,0.006291855174705416,8127,250,1125971,8127,668,0,0,250,115912,0,0,0,289,0,719,0,0,0,0,0,0,0,0,0,0,0,0
M7,2016-05-27___2016-05-27-10-26-48_5_frame36,2016-05-27,1251936,0.07053715205889119,0.07739133629834113,0.006854184239449945,8713,132,1152415,8713,570,0,0,132,88176,0,0,0,630,0,1300,0,0,0,0,0,0,0,0,0,0,0,0
M7,2016-05-27___2016-05-27-10-26-48_5_frame37,2016-05-27,1251936,0.06262141195716076,0.06526931089129157,0.00264789893413081,3790,475,1168265,3790,166,0,0,475,77923,0,0,0,519,0,798,0,0,0,0,0,0,0,0,0,0,0,0
M7,2016-05-27___2016-05-27-10-26-48_5_frame38,2016-05-27,1251936,0.06668072489328528,0.07024640237200623,0.003565677478720955,4783,319,1162694,4783,310,0,0,319,83161,0,0,0,167,0,502,0,0,0,0,0,0,0,0,0,0,0,0
M7,2016-05-27___2016-05-27-10-26-48_5_frame39,2016-05-27,1251936,0.06581406717276282,0.06860494466170795,0.0027908774889451315,3825,331,1164237,3825,766,0,0,329,82064,2,0,0,241,0,472,0,0,0,0,0,0,0,0,0,0,0,0
M7,2016-05-27___2016-05-27-10-26-48_5_frame40,2016-05-27,1251936,0.09375878639163664,0.09781889809063722,0.004060111699000585,5451,368,1125860,5451,905,0,0,368,117012,0,0,0,465,0,1875,0,0,0,0,0,0,0,0,0,0,0,0
M7,2016-05-27___2016-05-27-10-26-48_5_frame41,2016-05-27,1251936,0.00556338343174092,0.005226305498044629,-0.00033707793369629115,187,609,1243308,187,272,0,0,307,6356,302,0,0,870,0,334,0,0,0,0,0,0,0,0,0,0,0,0
M7,2016-05-27___2016-05-27-10-26-48_5_frame42,2016-05-27,1251936,0.08761869616338215,0.09163168085269535,0.004012984689313201,5525,501,1135397,5523,390,0,0,501,109192,0,0,0,378,2,553,0,0,0,0,0,0,0,0,0,0,0,0
