replicate,stage1_n_images,stage1_MAE_difference_fraction,stage1_RMSE_difference_fraction,stage1_P99_AE_difference_fraction,external_n_images,external_crop_IoU_difference_fraction,external_MAE_difference_fraction,external_RMSE_difference_fraction
1,453,0.0006380581331792267,-0.0007438369173995464,-0.0062095825984715,48,0.07780419391946536,-0.0009989787825577731,-0.006324323984945229
2,472,0.0006907589660726668,-0.00037430503047132524,-0.008836553945249459,48,0.04662755907367744,0.0013434180932877082,-0.0007782939265616913
3,443,0.000661907568934209,0.0003934889677071835,-0.0013451166832809322,48,0.05383645135599757,5.946083630098409e-05,-0.0033546251051115306
4,400,0.0011484472848452326,0.0010425155376505022,0.0002221838816041802,48,0.04360919094498328,0.0011413615690660673,-0.0006849074798223782
5,464,0.0008657711625888994,-0.0010073619725385619,-0.0062095825984715,48,0.07759012583874114,-0.0018174003801468535,-0.00571820807790524
6,425,0.0010445845004668543,0.0003477554499077941,0.0019142512077294591,48,0.03761015154379166,0.0015186657665672027,-0.0017813355871564643
7,385,0.0010615890576208043,0.0009508086023278933,0.008495641949748237,48,0.04543722024617469,-5.925351180150612e-05,-0.0013148859291593207
8,437,0.0006999849708286673,-0.00011757983138219533,-0.006381955627124791,48,0.07728586925155878,2.0237968696615316e-05,-0.00722004588778276
9,424,0.0010087546219735633,0.00018792019461294582,-0.0033621287350151276,48,0.0494429966254577,0.0020531355285299865,0.0009865146715803998
10,409,0.0008028035616090626,-0.0008708214329756596,-0.0062095825984715,48,0.061833535826774755,-8.688303442793213e-05,-0.0055389413105791305
11,499,0.0008013384461328654,-0.0010882438566823457,-0.004531381795874562,48,0.03275185258969071,0.0026423517096860073,0.0014991283329172309
12,465,0.0006721890211708915,-0.0007037841458995969,-0.0062095825984715,48,0.07594258587189262,-0.0018220502936390059,-0.007123609295386857
13,395,0.0010120467192564053,-0.00026178577640260936,-0.0046703825115661235,48,0.06632336344689582,-0.0010168310197772677,-0.006501305257299639
14,434,0.0009249986984214151,-0.0004397842098885045,-0.006171561485571034,48,0.11472143900755205,-0.004278961018129135,-0.011326839944824623
15,424,0.0009160755218543927,0.0010439653141942687,0.0083375747642052,48,0.1034064135164856,-0.004055522164251582,-0.010602121219599175
16,484,0.0009399838224772349,-0.000694215551592426,-0.00967813051146374,48,0.0300782206032687,0.0006979035239978101,-0.002990321946969989
17,429,0.0008783505663537876,0.00018427935299333408,-0.0037221072003683214,48,0.08873768814079486,-0.0012025795428150417,-0.005568853202491132
18,438,0.0009645700009232091,-0.0006918213609603992,-0.0062095825984715,48,0.10295053884118077,-0.002909687513520323,-0.009659890812931896
19,376,0.0011267081459129728,0.00018205710192303708,0.002206782135828027,48,0.03962467277358084,0.0004260302580054408,-0.0035409408952715785
20,406,0.0010141258735711501,0.000292268406632927,0.0031886614012217873,48,0.018595866327297372,0.0010168303824407247,-0.0022054045322749197
21,450,0.0008660666359941727,-0.0005306604154803538,-0.007293663573856871,48,0.0536859326022352,-0.0005432349977935198,-0.003880966450597703
22,368,0.0009648057089180276,-0.0010376346358212662,-0.00565577633361454,48,0.0663003285769388,-0.0006288875795348939,-0.0036315462105038776
23,430,0.0009140670835985974,0.0002946397076531741,-0.0035209467576617325,48,0.05317606502153227,-0.000289931797929386,-0.0037779936668343814
24,396,0.0008398870617067084,-0.0002740670241780374,-0.004534856414385557,48,0.10121745320785813,-0.002771488330476097,-0.007882148097875824
25,428,0.0008416142648359683,-0.000982831409089703,-0.0062095825984715,48,0.07725338493297762,-0.0034927546082960392,-0.007525403048575432
26,440,0.0010733448761830423,-0.00041654094014468776,-0.006592349768678174,48,0.08692036898297228,-0.0025403771462165076,-0.006354666860151792
27,420,0.0007699313398646275,0.000421731435140898,-0.0013451166832809322,48,0.09032939311136534,-0.0015440085387431034,-0.007658766305069176
28,452,0.000788060867257993,-0.0007366735891004179,-0.0062095825984715,48,0.039788050398836594,0.0012115904606480148,0.00021840669948972047
29,412,0.0009276642045537736,0.0008889920878956577,0.007911874089410256,48,0.07329967059777176,-0.0010603101333218432,-0.006806681917169453
30,480,0.0008936841952517267,-0.000968943812606933,-0.004531381795874562,48,0.03960129072730567,0.0018239801767644444,0.001198222539912086
31,438,0.0008531972894992119,-0.0010006500399241634,-0.0062095825984715,48,0.037251890302451574,0.0005405640467018684,-0.0035319552394320886
32,418,0.0006845015664619022,0.00010784731321110581,-0.0036219343480816193,48,0.06601354535530424,0.00025486835660383164,-0.003618547554613362
33,435,0.001011790180747369,0.0009083228671037061,0.00017794839352820724,48,0.05749019017616186,-0.0004895365285219472,-0.0027734540988901372
34,470,0.0009325080719237355,-0.00026613547701754073,-0.008696291184213875,48,0.03477908304081512,0.0009264545345129011,-0.00297479679536072
35,432,0.0006500006863443975,-0.0006532559231196035,-0.00603129872453545,48,0.06649045301570378,-0.0017958916016408803,-0.004549193633586041
36,417,0.000964187242338634,0.0010141852208492407,0.007646525061983878,48,0.06988679135414477,-0.002109780710356257,-0.00445361146180704
37,470,0.0006504954913064669,-0.001246268476037156,-0.004531381795874562,48,0.052514414563538,-0.00019705576219420772,-0.003962533027680884
38,500,0.0007000277969480863,-0.0012048248338227784,-0.004531381795874562,48,0.023406173477728442,0.004149550120023622,0.0060837669380719595
39,404,0.0008841000128308216,0.00035272906720955517,0.0031886614012217873,48,0.053067222077424425,0.0017305122792711444,0.0008434473064536444
40,452,0.0007767032367172379,-0.0011038859693969817,-0.004531381795874562,48,0.07274102693605045,-0.0016357865179213605,-0.004223349818519403
41,420,0.0008111437006364541,2.8748949367767875e-05,-0.009993418193901288,48,0.056149278431992466,0.0009786808859852392,5.393225841899413e-05
42,499,0.0008360262046983313,-0.0012001493386626129,-0.004531381795874562,48,0.04579376863886042,0.0005670294851974726,-0.003162422746378641
43,398,0.0007937936879140479,-0.0010237832295756574,-0.006159236574393642,48,0.03897267427554829,0.003040225021368739,-0.0016381090298545724
44,409,0.0008028035616090626,-0.0008708214329756596,-0.0062095825984715,48,0.05334770709961245,-0.00011005563758994912,-0.004195270210183975
45,436,0.0007429135956066105,-0.0011523935162077274,-0.004531381795874562,48,0.022535159499872504,0.0021385126842743303,0.0011763618357547058
46,421,0.0010047678061206923,0.0007356559656632447,-0.003138658845180605,48,0.06802063497888866,-0.0003898082321164391,-0.005137826998045179
47,431,0.0010520856110121622,-0.0006842107679744178,-0.005961167344017665,48,0.010437939310913302,0.003901953060516151,0.004872134019893384
48,424,0.0006155560607353956,-0.0007501315149411741,-0.0062095825984715,48,0.06278004455283603,0.00018540733155407788,-0.0032690946709585667
49,398,0.0009598500676323372,-0.0008471494037329309,-0.006159236574393642,48,0.08558198497308211,-0.0013546031463152943,-0.0072064041166543975
50,414,0.0010425669148743195,-0.00043715477282391113,-0.004768933875214029,48,0.04670374369021646,0.00012189464510727402,-0.0024604610488096063
51,419,0.0007329993368323656,-0.0005003653785421204,-0.0051195907778033845,48,0.05445377281273944,-0.0011095984365748907,-0.004239936553946128
52,390,0.0011301634490040288,0.00016017157095031716,0.0031886614012217873,48,0.02664914110834382,0.002168135265147036,-0.0009339175521337964
53,403,0.0010959026659509755,4.23406898698523e-05,-0.0013451166832809322,48,0.05427618365209275,0.00012119816638916578,-0.004466444038270347
54,439,0.0007590903800448997,-0.0002341321898879957,-0.006522218388160375,48,0.036911629208130625,0.0014508240747706982,-0.0029192727396189846
55,458,0.0007122837145462297,-0.000523569531319476,-0.007854714617999595,48,0.07467307924773059,-0.0018868389249018583,-0.0065584898214968695
56,455,0.0008899359529104178,-0.0002771432147385955,-0.007644320476446226,48,0.07157562564270459,-0.00063426533425405,-0.003452450038523203
57,444,0.0006580007083227691,0.0007841197831270613,0.00621364031388183,48,0.07724061076517286,-0.0007895776048030215,-0.0015906538669690877
58,465,0.0006721890211708924,-0.0007037841458995969,-0.0062095825984715,48,0.019365706235754176,0.0017776524104870595,-0.0003130299235947556
59,453,0.0008707167760206554,-0.00075281123358956,-0.007504057715410253,48,0.02507224970104871,0.005064501285502494,0.005485922995588428
60,422,0.0009365854354349452,-4.160752820546454e-05,-0.0031278595710961116,48,0.08035773337532892,-0.0012352486023435635,-0.007295340660877184
61,471,0.0010009923382257929,-0.0008181628691532883,-0.0062095825984715,48,0.04523370593200804,0.0016533894797534348,-0.0016360997844010877
62,407,0.0009442652860527257,-1.2034562690227055e-05,0.00017539235232472833,48,0.04280209452565775,0.0004687574126849142,-0.002827322739443666
63,427,0.001115972752361331,0.0008543819072255997,0.008495641949748237,48,0.08721288881847677,-0.0017562077373834062,-0.005575998166447807
64,461,0.001005354837014116,0.0011287504100647439,-0.001018582419548577,48,0.06744754431001798,-0.0003993716349948006,-0.005396103383127546
65,400,0.0009271140857040625,-0.0006623042664313308,-0.00399275202566253,48,0.04153190364858361,0.001998485207736267,-0.0004262035741006871
66,407,0.0010940558947805327,3.780174254521679e-05,-0.0013451166832809322,48,0.04822803540094778,-0.0003850325684679676,-0.0036837624221449615
67,456,0.0008270716629873113,-0.0008715973380824284,-0.0062095825984715,48,0.038505086530938426,0.0018382776964701551,-0.0010669672745466877
68,333,0.0010197875200559049,-0.0006867479852343365,-0.013073000536768742,48,0.0583432176900468,0.0015096138399584152,-0.0016315360117159228
69,398,0.0009478686244914734,-0.0005774113427765813,-0.004263804220023662,48,0.03137878038940056,0.001958937500348477,0.00033670753400587283
70,409,0.0009641907689165652,9.667278157804351e-05,-0.0013451166832809322,48,0.030440417264974262,0.0006690688556228591,-0.0054626182358627935
71,401,0.001074158786761338,-0.00038065254049070643,-0.0038572259284819638,48,0.07085559837035704,-0.0011754557923792167,-0.004349647080664621
72,389,0.0008769143286610362,-0.0006644701614320972,-0.0054835390946502555,48,0.04319257519272601,0.0010484694365149923,-0.0009301490053714844
73,471,0.0005072924371082258,-0.0007268567336464072,-0.00876642256473166,48,0.07957841266484444,-0.0036417770473139485,-0.008270481973040537
74,412,0.0008731912906494305,-0.00023712510161093617,-0.004628671114178445,48,0.06292382434960231,0.0006421480095979582,-0.0022042896101871455
75,488,0.000759405799510832,-0.0008612053162354825,-0.004531381795874562,48,0.005555180389621994,0.00265121237940558,0.0017160089713458022
76,423,0.0009727553350713201,6.247606990291213e-05,-0.01001853129872456,48,0.03758487136718114,0.001638439561292459,0.00015701560841877363
77,456,0.0009235905955172425,-0.0002442350287330461,-0.007714451856964025,48,0.031110222011075384,0.002183325522227184,0.002176478969672725
78,441,0.0009578633999416802,-0.0006085689891356869,-0.006662481149195959,48,0.058801928528862235,-0.0008150499990225591,-0.0037433982890643543
79,451,0.0011130769533326387,-0.00040849341995433455,-0.007363794954374656,48,0.10657197475434665,-0.0034943666719660007,-0.008498471270637714
80,427,0.0006736189939840847,0.0008512849962817835,0.008495641949748237,48,0.058931536619380664,0.0011092549154117174,6.662548141907199e-05
81,419,0.0007743291200135775,-7.030060945165204e-05,-0.0028731820156941493,48,0.04690819352206588,0.00017979009461441958,-0.001048505948753612
82,430,0.0007431429736507815,0.0007756029827044953,-0.0013451166832809322,48,0.08121974080648109,-0.0005343874496437535,-0.0029655486302330204
83,481,0.0005795481338959595,-0.0007024530779928886,-0.0062095825984715,48,0.05813777824376587,-0.0008116755934662965,-0.004265947208791199
84,474,0.0009324933071085664,-0.00042647343315956737,-0.0062095825984715,48,0.05003332521681847,-0.00048314128294494815,-0.0018404437860790376
85,412,0.0009812511120640436,-0.00032080659454906957,-0.004628671114178445,48,0.09013342168002647,-0.0008678381983570991,-0.006132551201980065
86,443,0.0010491939700045397,-0.0002696821315579974,-0.0068027439102319315,48,0.07362743061795629,-0.0009769681980942215,-0.005584278777059942
87,476,0.0010430030842181201,-0.0002890487527664881,-0.009117079467321015,48,0.06712193581331971,0.0007387032230088859,-0.002744734983978328
88,374,0.0007775657596274257,0.0006402817194825702,0.004621546149323835,48,0.03200056387087624,0.002168521563802002,0.0021831795275147874
89,394,0.0008483064475425742,0.0005921652161755761,0.007658314802034674,48,0.07602021735285014,-0.001604132689254023,-0.0039658615205349565
90,390,0.001030453264752782,-0.0007477269736315337,-0.005348012997469703,48,0.06704594911042583,-0.0021305298418700745,-0.007190650330435797
91,462,0.0008944968543542287,-0.0004824268294241346,-0.008135240140071151,48,0.10417861618393698,-0.005076674457338745,-0.010835506576467733
92,408,0.0011437325086592163,0.0010181375936087183,0.00023563504843697805,48,0.014764785146937465,0.0022004450072347914,0.0002726592686959281
93,487,0.0009084984617303161,-0.0007433411632242828,-0.0062095825984715,48,0.06881774033972243,-0.0015441577436087137,-0.004763864527623132
94,438,0.0007741598852792683,-0.0007227070185081737,-0.0062095825984715,48,0.03002479493226251,0.0009718337924052318,-0.0007968325439977903
95,440,0.0009339770926425515,-0.0008728173359357945,-0.0062095825984715,48,0.04287913589924597,0.0016490297365478962,-0.0017089856090804455
96,432,0.00104716703658263,-0.000461637326941447,-0.00603129872453545,48,0.0492091864754296,0.000765288532213658,-0.001965130572514684
97,455,0.0009382584736276948,-0.000692514481334278,-0.007644320476446226,48,0.015405909422357977,0.00460141007848253,0.003968633075608137
98,450,0.0008548608803573918,-0.0010042424977403965,-0.004531381795874562,48,0.026534385935032878,0.0011391503926103264,-0.0023803914095854375
99,424,0.0006155560607353956,-0.0007501315149411741,-0.0062095825984715,48,0.019670838652605882,0.0022691147609029405,0.002085161678379001
100,484,0.0009401719608406051,-0.000722955168634281,-0.0062095825984715,48,0.043829093246619766,-0.00012967058996993241,-0.005097871890256952
101,509,0.0006381613210504761,-0.0013871260216524565,-0.004531381795874562,48,0.09295147597010367,-0.002723316786279203,-0.009804084397398573
102,440,0.000744414323822537,-0.0011483094762512643,-0.004531381795874562,48,0.015524442990214715,0.003194264918059273,0.0014508859176553396
103,454,0.0009315809559616653,-0.001229582813648055,-0.004531381795874562,48,0.06882424196984493,-0.002262842750516714,-0.005174792330219263
104,427,0.0008921246006035962,0.00153202995566039,0.008495641949748237,48,0.05041315402256863,0.002196986498186662,-0.0024891776052250215
105,441,0.0009686765844542974,-0.0008498803780978732,-0.0062095825984715,48,0.046692868211201444,0.00013436398919110595,-0.004230085582099918
106,481,0.0006515198242251384,-0.0009737344225862754,-0.0062095825984715,48,0.030747284882580272,-0.00034099705925844104,-0.0028206244907644056
107,480,0.0007206788126549596,-0.0006953704021930573,-0.0062095825984715,48,0.043493566827880414,0.0011483073618460578,-0.0017946473276640087
108,419,0.001026065245422354,-0.000745935437784756,-0.0051195907778033845,48,0.08683116417266024,-0.0028566338527440723,-0.007481008584269623
109,415,0.0010791786885291348,-0.0004039163773566362,-0.004839065255731828,48,0.06604792969667084,0.00028250400630214917,-0.001877046370628091
110,452,0.0007878594093644765,-0.000703553984572336,-0.0074339263348924545,48,0.045359100697286325,0.0018473268697874416,-0.0006527210754537043
111,480,0.0009402504068365576,-0.0006952054811370859,-0.009397604989392572,48,0.005963866457756706,0.003757558971807855,0.006960806779833961
112,440,0.0009339770926425515,-0.0008728173359357945,-0.0062095825984715,48,0.010290932235520134,0.0011755466739896345,-0.00015564440966442383
113,451,0.0007046523152037464,7.208089515844257e-06,-0.010252920277074869,48,0.033760876709211574,0.0012401305471425022,-0.001250536710639679
114,431,0.0007671793100859315,-0.0004510333956037997,-0.005961167344017665,48,0.05296069823621119,-0.000567996374036513,-0.003622114624373736
115,483,0.0009443394774107591,-0.0008770571600763694,-0.0062095825984715,48,0.07030445303118138,-0.0001589366725239013,-0.003864124100959713
116,466,0.0009580800740791196,-0.0011839977885458042,-0.004531381795874562,48,0.026428737734929153,0.0032035946324931296,0.00134676348370626
117,415,0.0008782157231025161,-0.00044815335524749436,-0.004839065255731828,48,0.03300830632983498,0.0034115026949405568,0.0032302152518559127
118,455,0.0005128461434534591,-0.00045195218407137125,-0.007644320476446226,48,0.040191721527644386,0.001036260281457214,-0.00020548467534079948
119,415,0.0011208875837680913,-0.0005928092424963179,-0.004839065255731828,48,0.057643857641238916,0.0007053465262550178,-0.0020620544768557725
120,460,0.0008654040100952503,-0.0010103287573001024,-0.0062095825984715,48,0.07287183846450762,-0.00029881796368114513,-0.0054942826562740955
121,397,0.0010202213924423989,0.0006180137435955798,0.007929191268563063,48,0.046663200873158894,0.0028111086508280127,-0.00011108448841808116
122,470,0.000827958508925206,-0.00100409318685837,-0.0062095825984715,48,0.05517684563854075,-5.830476315168108e-05,-0.0031733880019164037
123,482,0.0007949695809884834,-0.000580737878558734,-0.0062095825984715,48,0.081847988960013,-0.0011845805596254425,-0.006221256880839056
124,418,0.0008831680345156058,-0.0006654395881225995,-0.005049459397285586,48,0.06634798622669513,-0.0019820637232077134,-0.0061105123810549535
125,462,0.0010375497528994195,-0.0002671028591425019,-0.008135240140071151,48,0.12417360795991095,-0.002437722994109418,-0.008233933996212662
126,452,0.0007767032367172379,-0.0011038859693969852,-0.004531381795874562,48,0.07536703169090986,-0.0012366268398859622,-0.006393636232254007
127,386,0.0009163838135578519,-0.000632749602528293,-0.005890117386191954,48,0.06197221827583865,0.00022301083073008113,-0.0030225921760824205
128,393,0.0011465499232244578,0.00022978576898836488,-0.0047961557140300225,48,0.06416473122743027,-0.0005125724130209813,-0.004789049194464209
129,450,0.0007410708960628441,0.0016144649665401096,0.011202609398563448,48,0.046339928077744896,-0.0002614461339168709,-0.004518642047810311
130,366,0.0011218602770106173,0.0009151117725220148,0.005130134447767096,48,0.05507719486044549,-0.0003179688421260426,-0.005893428142140389
131,364,0.0009317305620790786,0.00016384912946194093,-0.0063842880147228186,48,0.04233011343181703,0.002655081043409061,0.00019953625062628724
132,388,0.0009762838079269416,0.0010610395408541529,0.008468955282059154,48,0.07080540365645371,-0.0013067599552288277,-0.004164549328319868
133,415,0.0010668276972624806,-0.0005773573233292112,-0.004839065255731828,48,0.02624312093625636,0.004467592958596221,0.003960032541430476
134,469,0.0008990987338767086,-0.0009892765598928238,-0.004531381795874562,48,0.061996757328644514,-0.0005260613514301848,-0.0037035476736503
135,319,0.0010269636706418317,0.0006182571809056694,0.0075403854510134385,48,0.031057372823384277,0.003677408593414415,0.005861003552621388
136,390,0.0007599982992495071,1.2992708917757695e-05,-0.008900550826879218,48,0.009252765599134682,0.003411264036627653,0.003719497527976217
137,413,0.0008457332276506236,-0.0010143412070427946,-0.0062095825984715,48,0.06386926300518458,-0.00031867121105582513,-0.003784815904417843
138,428,0.000996049841370173,-0.00045638341997254403,-0.0057507732024638936,48,0.023150242204241667,0.0026180522067796525,0.0036972924696617657
139,441,0.0009186135325399405,-0.00042727373976655936,-0.006662481149195959,48,0.06827058177256518,-0.0013390324335745048,-0.006508024960131951
140,470,0.0007550620492598088,-0.0003103657540055836,-0.008696291184213875,48,0.010525479696484541,0.0027947463328715245,-0.00016084715189458587
141,472,0.0008932487397417203,-0.0009610103129080796,-0.0062095825984715,48,0.0523883966295442,0.0011051415986794797,-0.00012416569389412865
142,468,0.0008663266094157147,-0.0010080879549861158,-0.004531381795874562,48,0.019265781081978295,0.002273638738614532,0.0017806034795647963
143,458,0.0006752702985668192,0.000855066406060043,-0.006661139227564287,48,0.004882024019582709,0.0038380565356614937,0.0011936399575618421
144,432,0.0006618841331138929,0.0005583971930205583,-0.0005182373539861472,48,0.06215343515929628,0.0006728805515839355,-0.0035624621679861933
145,452,0.0008158055069794629,-0.0006480315626492643,-0.0074339263348924545,48,-0.019338501911462136,0.0033709001201087966,0.002007177417421204
146,427,0.001012898669846933,-0.0004945030940278969,-0.005680641821946095,48,0.06860825670189175,-0.002294925273383803,-0.005818704678314048
147,461,0.0008619916284937717,0.0006154099155840928,-0.0009768869974184323,48,0.10907282750944858,-0.00265086092763874,-0.008945213849579844
148,384,0.0009512080190201425,0.0005442063082646536,0.00846074399969328,48,0.046621695232853755,0.0010938734099487021,-0.0008364090316620824
149,411,0.0009737580236216774,-0.0010311122600137196,-0.0062095825984715,48,0.0035973901620337534,0.0013798163882219657,-0.0015589567281086986
150,437,0.0009015528739934266,0.0008085665184393055,-0.0013451166832809322,48,0.046561108192966105,-6.813928542054835e-05,-0.004891832186989752
151,438,0.000763272637859031,-0.0004380907964187282,-0.00645208700764259,48,0.04283157651228375,0.0012905887407630573,-0.0011579335767013567
152,388,0.0006802021729775849,-0.0007706520600827445,-0.005619065191830835,48,0.061800416447483464,0.0011157375535667657,-0.001027462963274028
153,457,0.0007479619067082988,0.0013162600491352944,0.008495641949748237,48,0.03758233822224544,0.0016002002321521408,-0.0019547431959592437
154,417,0.0009001502118602652,-0.0007257527252516743,-0.004979328016767801,48,0.06397349550772813,0.0006061439681187969,-0.0026122216852670667
155,422,0.0008844652113706771,-0.00025781729159282327,-0.005329984919356753,48,0.06946273661570057,-0.0004706206408899363,-0.003521609087374731
156,471,0.0010118918053264765,-0.00032099128828006265,-0.00876642256473166,48,0.07296996431623215,-0.0016605390782358717,-0.006490365174682308
157,461,0.0008619916284937721,0.0006154099155840928,-0.0009768869974184323,48,0.06480354103874564,-0.000278907252796114,-0.0050132056589045956
158,386,0.0008399984922005644,0.0011432022728454262,0.008464849640876224,48,0.035015031178154854,-5.9400210400448183e-05,-0.0008089851461616452
159,469,0.0007220526869306772,-0.00034253604288295506,-0.00862615980369609,48,0.05348147383311219,-0.0007390886604316822,-0.003881366145071865
160,453,0.0005893212548255143,-0.00029892589598635305,-0.007504057715410253,48,0.03196712538287416,0.001192534521228035,-0.002233655530457186
161,416,0.001127954946455852,0.0010675143671621413,0.007699594867469392,48,0.032555255717909515,0.0023945901557595028,0.0028153191759491807
162,421,0.0010872130365629862,-0.0004288535288712522,-0.0052598535388389545,48,0.060986013248607085,-0.0004749752025490061,-0.005214148575023128
163,414,0.0010007572735115967,-0.0002600282897024589,-0.004768933875214029,48,0.03954386264293175,0.0010593087445345695,-0.002129180034392931
164,423,0.0009318352605461023,0.0004562377670604724,-0.0013451166832809322,48,0.03974265018447509,0.0013081698854860062,-0.0017508126504372553
165,408,0.0009269623599126552,-0.00072125395656732,-0.0062095825984715,48,0.04939725130100092,-0.00019622460398051496,-0.002989403134421798
166,481,0.0008445796489274749,-0.0007795582218364586,-0.00946773636991037,48,0.066011992145115,-0.0016270704980160932,-0.005336383829439361
167,450,0.0008827288295887321,-0.0009514590885622044,-0.0062095825984715,48,0.10535097316185427,-0.003821232436026783,-0.008035504015096001
168,385,0.001003295965338753,-0.00024055230996739355,-0.006025643483372506,48,0.040607055341553844,0.001884491757924156,-0.0002339925139517758
169,445,0.0007815185727984945,-0.00047753169898231973,-0.006943006671267515,48,0.02846768113657694,-8.012930847655676e-05,-0.0032370056489899116
170,473,0.0009256868036780401,-0.0009392116641658149,-0.0062095825984715,48,0.053299994845752874,0.0014215927463902354,-0.0014973477346657132
171,452,0.0009237286211469659,-0.00024350917969524766,-0.0074339263348924545,48,0.0950696791603639,-0.0038454811586496208,-0.010544959732071226
172,469,0.0007111067402261542,-0.0008338317272818738,-0.0062095825984715,48,0.06843422326623905,0.0008262415347261923,-0.0029469790338564374
173,441,0.0008910045925858692,0.0009839529975236606,0.008495641949748237,48,0.10420257166612401,-0.004448284228524274,-0.00969911886410453
174,420,0.0011548684825513677,0.00016619131479108686,0.0031886614012217873,48,0.036622395671499275,0.002101093336222073,0.0007047317149538011
175,445,0.0010185644698210506,-0.0005205167817522484,-0.006943006671267515,48,0.04383992929105185,0.0007754189629993764,-0.001080186858832096
176,415,0.000878215723102517,-0.00044815335524749436,-0.004839065255731828,48,0.05551164890086402,0.00029104211320563934,-0.0034717989244655717
177,442,0.0010539947222953754,-0.0004884004436244739,-0.0067326125297141465,48,0.05829464548409613,-0.0009944987386874063,-0.004371041902239858
178,445,0.0005444906255034905,0.0004629959764462562,-0.005080387495846411,48,0.035482238966454194,0.003438086697087903,0.0022370611794436703
179,388,0.0007490254763525338,0.0009877485539641594,0.008495641949748237,48,0.021337007214182635,0.002411674264183511,0.00022537138282333405
180,373,0.0010189023529901132,-0.0004746800757331471,-0.0076519566495408115,48,0.0336354564280974,0.002604391973217256,0.0008197778535208346
181,457,0.0006299862029705899,-0.00047267851190674337,-0.00778458323748181,48,0.060015863175849615,-0.000494320910711242,-0.004272724438982512
182,443,0.0009105824663997418,-0.00022944068152404816,-0.01067147202412903,48,0.04379502497242693,-0.0004380650328563232,-0.0023903954518939494
183,490,0.000947862562707776,-0.0010289934932421023,-0.0062095825984715,48,0.11052901878032073,-0.0024863582884770852,-0.007945956763183906
184,387,0.000981557799455913,-0.0003031239813350191,-0.005754591289011388,48,-0.004460704817319416,0.004472790089591972,0.004388631904199695
185,409,0.0010181707344281317,-0.0007126361930081919,-0.004418276972624688,48,0.03726976527146453,0.0011919799810947776,-0.0024047877292040012
186,435,0.0010507606279164944,-0.0006829911942128689,-0.006241692866089221,48,0.018749985924167212,0.0019583549541532415,0.0007867951317392652
187,473,0.0009723798132403889,-0.000994987578473279,-0.0062095825984715,48,0.053623689977405964,-6.350704403909439e-05,-0.0011680436275508764
188,438,0.0010040887030331805,-0.0008291303352292133,-0.0062095825984715,48,0.07858456584988627,-0.0006967932209475782,-0.0028302955474474086
189,413,0.0007503651951605555,-0.0004264894001153943,-0.004698802494696244,48,0.05724127052338923,3.5748047094377386e-05,-0.0016452768063981143
190,371,0.0010554994742202574,0.0008906476634518035,0.008434057332004197,48,0.06978402709604248,-0.0018310296597330092,-0.007742865852363973
191,451,0.0008783929817569513,-0.0007924598397595142,-0.0062095825984715,48,0.05367133198257479,0.0009454571738476015,-0.0030646068747334915
192,464,0.0005648062625433301,4.0517715235284524e-05,-0.008275502901106735,48,0.01956439201935456,0.0010930249369654338,-0.0018914479645044495
193,458,0.001114267236005313,-0.000626262230209923,-0.007854714617999595,48,0.06437400234848534,4.033322919289907e-05,-0.0017547049709086947
194,416,0.0009274750650807412,0.0008807438877108153,0.007699594867469392,48,0.006858746448453412,0.0024721882208936386,-0.0002568813237983983
195,465,0.0009259912011717114,-0.0009444991304064648,-0.0062095825984715,48,0.06734334420118826,-0.0014556362250319702,-0.006412171283540286
196,389,0.0009346080061124217,5.347687231736526e-05,-0.008815658308411897,48,0.05948292290627577,0.001146176227822586,-0.0014636080520691007
197,414,0.001084376556237044,-0.000624993094956651,-0.004768933875214029,48,0.06635071822281224,0.00028960054845725974,-0.003002810681576047
198,450,0.0008442639595350292,-0.0008151357487133394,-0.0062095825984715,48,0.058388602116100086,-0.00029240793301864125,-0.0019473643032206882
199,381,0.0008173566501986501,-0.0009905326920706947,-0.005873942437952126,48,0.018984941389138754,0.0028730008358531494,0.0014138703150943475
200,489,0.0008611202846332214,-0.0012845560999386677,-0.004531381795874562,48,0.03532298671090195,0.0013658573965607858,-0.0017014453559276548
201,472,0.001080819247488473,-0.0004667632918805894,-0.008836553945249459,48,0.06199522806934532,-0.00039975812031915747,-0.005815131970059437
202,359,0.001073459431603364,0.0006594926292861061,0.0005590701122102845,48,0.05052469881481181,-4.9523423538725894e-05,-0.0029549332437084075
203,392,0.0010638991717383224,0.0005040592807813759,-0.0009370766556758003,48,0.047433223343981035,0.0010368131739872857,-0.0009877147715404676
204,427,0.0009603393243467259,-0.000835932384274804,-0.0062095825984715,48,0.03940386047105726,0.0012425446486573656,0.0009679772084929712
205,428,0.0008140009575599218,0.0010947255750998917,-0.0016095071952559846,48,0.07399586729861851,-0.0008377256171436236,-0.0048835675974969895
206,411,0.000782093802607573,0.0007585890256497224,0.008310888096516124,48,0.023592596092590568,0.001428883863602945,-0.0018561621481413652
207,456,0.000789112909644841,-0.0007347925982436991,-0.0062095825984715,48,0.08343405882015553,-0.0020407768830887317,-0.005307544593269124
208,475,0.0006856681424441385,-0.001219640166070849,-0.004531381795874562,48,0.08813874470375938,-0.003232932351573901,-0.006065178286124167
209,419,0.0009434438061661837,-0.0003559665240691137,-0.0051195907778033845,48,0.042387511804910294,0.0014540693366279812,-0.0039640248330372815
210,466,0.0007901101829280808,-0.001111116023059789,-0.004531381795874562,48,0.03789563389931172,0.00083604869805496,-0.001451822458633567
211,480,0.0005722952957126666,-0.001191324294198881,-0.004531381795874562,48,0.06556081596746821,-0.0008557645959052108,-0.004457971657289107
212,446,0.001041174872303965,-0.0009653604246114139,-0.0062095825984715,48,0.05154508902080923,0.001553398706794629,-0.0013357548885232287
213,395,0.0007320186545710919,-0.0004034234612647451,-0.0046703825115661235,48,0.05382661746892048,-0.0017481098420825958,-0.005713632639123455
214,309,0.0008752631626402405,0.0003060385125457851,-0.001304571479692311,48,0.03430278266362674,0.0008747402345646964,-0.000745738731066892
215,415,0.0006781131119062561,0.0006421517920062736,-0.0032533452189249523,48,0.08941531210971199,-0.0034036919675267396,-0.00919665667440036
216,443,0.0009390782869261854,-0.0006958346224401179,-0.0068027439102319315,48,0.03468053624223788,0.002244811843951207,0.0012472501000873257
217,458,0.0007604885309091787,-0.0009139417144779713,-0.0062095825984715,48,0.03839271870090366,0.0017142138232461683,-0.0011848797659883108
218,406,0.0009355618392617752,-0.0003506669256842926,-0.004207882831071319,48,0.08152764806134394,-0.001729604862236259,-0.006457144598633457
219,459,0.0009759037707844712,-0.000862364349083003,-0.0062095825984715,48,0.10441333918877671,-0.002789187569767329,-0.006931485684586588
220,443,0.0009993569363832503,0.0009995802118738933,0.006266710119367039,48,0.025404182471990944,0.0032287553557219188,0.0007847356593590551
221,441,0.0009186135325399422,-0.0004272737397665628,-0.006662481149195959,48,0.05270878233822218,0.0012344384138165496,0.00025341747021137215
222,456,0.0009720068365133613,-0.0007043267684992797,-0.0062095825984715,48,0.004854101561136526,0.004195510015153283,0.002059377035931398
223,415,0.000919924618341476,-0.0006353284425529987,-0.004839065255731828,48,-0.0013414097695746419,0.004222898668177249,0.0029163680219622644
224,446,0.0009750656031472082,-0.00013170505426650034,-0.0070131380517853,48,0.017516709005758302,0.002606647542516968,0.0040325173658182
225,433,0.0008669787014472449,-0.0007811276247572212,-0.0062095825984715,48,0.042906809165860316,0.0011772375856110625,-0.00309356565848333
226,428,0.000944447520054772,-0.0003724151428486089,-0.0057507732024638936,48,0.09014239556800785,-0.002585609279043879,-0.008483348238676839
227,488,0.0007592192032651957,-0.0008247853252724979,-0.0062095825984715,48,0.04555162014470904,0.0016662066012406787,0.00020939640360153472
228,391,0.0007553109927487525,0.0005470980000768745,-0.0008917388748305582,48,0.07809474962086471,-0.001355124996320704,-0.004243642629641078
229,459,0.0009381931138690734,-0.0007257908262238745,-0.0062095825984715,48,0.05936834300484439,-0.0009319058437920226,-0.005196960845492385
230,433,0.0009414684126139985,0.000505798033637702,-0.01067147202412903,48,0.041413416592675834,0.0005519981212979124,-0.0006080908627407178
231,493,0.0006579472998224402,-0.0009717021447747734,-0.004531381795874562,48,0.054640073017099056,-0.0029728287479989512,-0.005478809768350957
232,412,0.0009926237893236388,0.0002666576679923654,-0.0013451166832809322,48,0.04595640936645429,-0.00010300619791040778,-0.005378999345198001
233,372,0.0008721159335088485,0.000849898267999057,0.008436110152595655,48,0.05009460431861257,0.0015369601631591134,-0.002466739889447369
234,374,0.001073317325271006,0.001281636535418509,0.0018378415510056402,48,0.05211735034130616,0.00028483889176228634,-0.0022982671203617376
235,472,0.0006439670306426009,-0.00028894121839347434,-0.008836553945249459,48,0.016555068139854523,0.0022514856999584394,0.002041196621690484
236,424,0.000772290668665201,0.0013123169455108693,0.008495641949748237,48,0.02617319711504984,0.003101669748807806,0.002769375048638471
237,433,0.0009414684126139985,0.0005057980336377003,-0.01067147202412903,48,0.03584195644431232,0.0010160707064858724,-0.0036652346375852483
238,475,0.0008354387041140153,-0.00036389210853235085,-0.00904694808680323,48,0.049448190074975806,0.0009880026184239145,-0.002629787443129899
239,457,0.0009941923611729844,-0.0008038347734466086,-0.0062095825984715,48,0.07936228036352055,-0.0015818011939972097,-0.005619824566335006
240,373,0.0008417161891084001,-0.0007277504277648852,-0.0076519566495408115,48,0.0588368195573582,0.0010046080751905558,-0.0016288717531584736
241,428,0.000853608771855645,-0.0005052162535040886,-0.0057507732024638936,48,0.05746230674010444,-0.0010761695635447526,-0.0031381968810631246
242,435,0.0010507606279164944,-0.0006829911942128689,-0.006241692866089221,48,0.042336811151174825,0.0005892471483560629,-0.0008423339405561579
243,416,0.001169563579927409,0.0008049791208123913,-0.003086499629374087,48,0.030159513597086796,0.0021695674626328095,0.0007521100400971863
244,456,0.00045080880486688107,-0.0010135013287139519,-0.0062095825984715,48,0.04175154899020306,0.002138644707219811,-2.8219637313846996e-05
245,414,0.0008534993562357108,-0.00029761090815327504,-0.004768933875214029,48,0.031079927303666488,0.001785015932741288,0.0006549232654008801
246,489,0.0010065866019428934,-0.000831287502667144,-0.0062095825984715,48,0.009379743498318382,0.0006191895389455332,-0.001931163915137129
247,468,0.0010713270534459486,-0.0009353044201734391,-0.0062095825984715,48,0.09715532749954503,-0.002878417608031392,-0.010545581857625198
248,360,0.0009452404560261517,-0.0005656256338812393,-0.009413795912890446,48,0.03570128671977513,0.0016996417838145792,-0.004908071763907104
249,412,0.0010232637128508564,-0.000512146718222091,-0.004628671114178445,48,0.07246179900496541,8.27697783321868e-06,-0.005636408505382062
250,351,0.0010266401391826338,7.244533079138124e-06,0.000921772358970431,48,0.07081377253201815,-0.001080018486800156,-0.0024018813821664337
251,443,0.0008493445802608204,-0.0008337698552836927,-0.0062095825984715,48,0.0739427111653207,-0.0014936115632615769,-0.004967801505965012
252,376,0.0010943051401988602,0.0009995849380453718,0.00844432143496153,48,0.08543549210355095,-0.0031349442109082533,-0.00831140259030282
253,446,0.0010031834891429574,0.0005885938305596854,-0.005165280014313732,48,0.06797261618668438,-0.0007031002070974571,-0.003212105150621458
254,488,0.0007594057995108303,-0.0008612053162354825,-0.004531381795874562,48,0.06075457531317052,-0.00010393214117625574,-0.0028806024019825058
255,373,0.0007361210217668498,0.0005250539423508806,0.004674615954809051,48,0.0613732804759457,-0.0008128006243212221,-0.0032248890957941173
256,371,0.0008635208000092051,-0.0006389105791011415,-0.00792300884390272,48,0.034533874926924946,-0.0005497188959661652,-0.003078902326696234
257,472,0.0009033517362884644,-0.001117407942827501,-0.004531381795874562,48,0.01108338754113225,0.00501361339532828,0.005226894334768358
258,420,0.0009977080830543012,-0.000817459211601184,-0.0062095825984715,48,0.029444738878009136,0.0018960791741322678,-0.0009662613300588513
259,449,0.0010061459128360359,-0.0009849059291937474,-0.0062095825984715,48,0.022209047871353582,0.0012647383932136158,-0.0004931258314392721
260,476,0.0009405214716052815,-0.0006962159599146617,-0.009117079467321015,48,0.053576880865741305,0.0008942805387699981,0.0011355803528882574
261,430,0.0008738131498214645,0.0006251389657224793,0.0031886614012217873,48,0.0377148427802525,0.0012930501719041563,-0.0009564557397718117
262,376,0.0011863753078806025,0.00036793167997812865,-0.0018435447179408482,48,0.01605501485423788,0.0035398603911924627,0.0035587619719894426
263,453,0.0006762682689941662,-0.0008808767891496164,-0.0062095825984715,48,0.0737768688831083,-0.0008005411237097734,-0.0060306121944734125
264,467,0.0008232029675693114,-0.0008492570068337341,-0.0062095825984715,48,0.0065126966713145995,0.0029707679481359526,0.003005229675166001
265,393,0.0011025061788881537,0.0006398992799926291,-0.0009824144365207857,48,0.01727781833441766,0.0007991539492174238,-0.0022191621623461333
266,436,0.0009954618983366286,-8.120508842491062e-05,-0.006311824246607006,48,0.06347412035077837,1.73024813254867e-05,-0.0010267840778864067
267,372,0.001096308489025102,0.0010088688698417971,0.008436110152595655,48,0.08577323856741148,-0.0021656891654503185,-0.006950849424923439
268,441,0.0011077283412747408,-0.0003842638469158943,-0.006662481149195959,48,0.055870455769771565,0.0006515386782760674,-0.00211829504719312
269,462,0.0005716981037604454,-9.083911084829203e-05,-2.795670066201364e-05,48,0.04292392956808955,0.000492299591153338,0.0015967560824621339
270,371,0.0009821532346012476,0.0006253202391456516,0.005581595225314928,48,0.08929888694542121,-0.002422378836723268,-0.007751956359122129
271,393,0.0010334975378429052,-0.00020405415295528945,-0.004941434705927242,48,0.06185498459694472,-0.0007457974880701237,-0.0030440910912334987
272,449,0.0010561299674654093,-0.0007143728562407723,-0.007223532193339072,48,0.012306363757895955,0.0017692834255930573,-0.0017190868377810926
273,482,0.0006831129490214027,-0.0012006825245370403,-0.004531381795874562,48,0.05460900264632096,0.000849756076618453,-0.002541818817319498
274,431,0.0007671793100859315,-0.0004510333956038032,-0.005961167344017665,48,0.0643949582113007,-0.0018784930298607876,-0.005365354193907646
275,342,0.0011272879745137286,0.0003801281305611222,0.0023567658410653704,48,0.06531526150981493,-0.00035256300497589054,-0.0022047494043537542
276,415,0.001091548927094007,0.000927517714301402,0.007752664672954608,48,0.019019695524376656,0.0012885948357407723,-0.0022699083990195892
277,453,0.0008221632781064787,-0.000713377531496296,-0.0062095825984715,48,0.03717402269090375,0.00201239119391039,0.000285045326097709
278,341,0.0009387033210470955,0.0006412982965172086,0.0028728305600284262,48,0.06404271037100817,-0.00010864590209370972,-0.003734083212882721
279,434,0.0009650914414906266,-0.0006936239797402897,-0.0062095825984715,48,0.04402872504293265,0.0019822143426989347,-0.00131537535709092
280,424,0.0006043093287305306,-0.00046256069646037623,-0.005470247680392726,48,0.07985878359763776,-0.00046280988386735063,-0.004919596621487565
281,420,0.0007699313398646271,0.0004217314351408971,-0.0013451166832809322,48,0.06598473164843821,-0.0024817798086913014,-0.0069614556373596495
282,405,0.001127932071153877,0.0005895922557844508,0.0031886614012217873,48,0.0406786678249198,0.002003531179847749,-0.0009851608554749067
283,457,0.0008607902216714158,-0.0008488249005597949,-0.0062095825984715,48,0.06085583294924046,-0.000985992450444173,-0.006841574202700235
284,397,0.0006565830841193162,0.0006006546484846765,0.00340094062316295,48,0.04142662724255497,0.002758570592418349,0.00017567152627739543
285,440,0.0008838002610647546,-0.00045877072967158775,-0.006592349768678174,48,0.09381398687481635,-0.001950780724401401,-0.00546824616878289
286,445,0.0009689514228677235,0.00046601315808119433,-0.0013451166832809322,48,0.058674967551178514,0.0009332150642476882,-0.00406902995604427
287,420,0.000968501889036166,0.0005881979897587528,-0.00295807453416147,48,0.06374709218364771,3.646955555259082e-05,-0.0045058527686048025
288,372,0.0009186460182512343,0.0005654338690713485,0.004727685760294566,48,0.04086608066154973,0.00032545423043814706,-0.0036543694967262445
289,456,0.0009615493488597136,-0.00041953029102255457,-0.007714451856964025,48,0.09305188387442442,-0.0019382506031493992,-0.007824331299037961
290,431,0.0006650618315855884,-0.001056081986464865,-0.0062095825984715,48,0.0459708248747106,0.001648739786689897,0.0003856941316927841
291,382,0.001057610140952959,0.0013295637580615985,0.008456638358510349,48,0.0981223555034958,-0.0035519924114380576,-0.008413982344688438
292,439,0.0007590903800448997,-0.0002341321898879957,-0.006522218388160375,48,0.017309474038027184,0.003862741702866608,0.00460413225730715
293,404,0.0008840802414725023,-0.00046198673011703384,-0.004067620070035735,48,0.016606172005187547,0.0033214028055826746,0.0026490825491758043
294,428,0.0009564420270744482,0.0008162632740281728,0.008495641949748237,48,0.05929148041332888,-0.0012122791561502404,-0.005697097218878861
295,444,0.0009337430080183706,-0.000870248508511872,-0.0062095825984715,48,0.05127082952990114,0.0006644773629437412,-0.0025477872244345327
296,404,0.0009269247749481638,-0.0006610625396906988,-0.004067620070035735,48,0.05511786091135218,-0.001489421087289583,-0.0037460910705702233
297,445,0.0009796674102161805,-0.00033782095061812845,-0.006943006671267515,48,0.02497648393176244,0.0010271570444707334,-0.00190180827911186
298,431,0.000756115239621746,0.00025313440629439084,-0.0035209467576617325,48,0.03964666259836802,0.001881750152530089,-0.0006327624194652076
299,372,0.0009641948270948074,-0.0010335592396853652,-0.005722904365718359,48,0.019422401157875524,-0.0005877271849516492,-0.004567742783785286
300,448,0.0008852325232964892,-7.612791621267045e-05,-0.007153400812821287,48,0.0699372759170861,-0.0014920014373619953,-0.005460522794642313
301,402,0.0006011266864308419,0.0005623651531703093,-4.3772205607937875e-05,48,0.059399294675877345,-0.0014221601722867166,-0.005274871995862811
302,470,0.0009576538070602218,-0.0011800609767697798,-0.004531381795874562,48,0.05514431707160894,0.00027438959474093173,-0.0034806504294153627
303,423,0.000948698032373985,-0.0012030843663228472,-0.004531381795874562,48,0.029182164016025802,0.001694156508296676,0.0014551363202766326
304,482,0.0008308807667232699,-0.0007092440293520255,-0.0062095825984715,48,0.019108131942185302,0.001887788147222189,-0.0007348946427913651
305,415,0.0010498400318550488,0.0011547896963373314,0.008495641949748237,48,0.05989923288616095,0.0008813394784539623,-0.0032082090814911646
306,442,0.0009648838684075964,0.0008694823833257301,0.006319779924852262,48,0.05112002064596388,0.0002998828130284601,-0.003028887485170606
307,417,0.0008056969806410829,0.0005478927344526735,-0.0027033969787595077,48,0.012059843427062122,0.004188268134718997,0.0016698501562683425
308,416,0.0007800668324898386,-0.0003673577082103502,-0.004909196636249613,48,0.024318683880942604,0.0026655164707560363,0.0008167776205776148
309,427,0.0007770279208891484,-0.000740605669877565,-0.0062095825984715,48,0.04723486385154263,0.0016383436803796992,0.0006372598408553518
310,464,0.0010727350996018754,-0.0009379441919662064,-0.0062095825984715,48,0.05028722168083044,-0.0006863838950654944,-0.002716812996969655
311,420,0.0010389204438261256,-0.0009594302678732763,-0.0062095825984715,48,0.06208783965843523,-0.00047589347509545583,-0.0031866401807063953
312,445,0.0009689514228677231,0.0004660131580811926,-0.0013451166832809322,48,0.052756143795986254,0.00170163571303613,0.0007298626392217948
313,429,0.000695061484111404,-0.000515827121708605,-0.005820904582982081,48,0.02784787819257939,0.0011865938805365097,-0.0008172744257254026
314,458,0.0008943789779786446,-0.0004827152420630969,-0.007854714617999595,48,0.04207836297191225,0.0016414166224529483,0.000727682004096987
315,475,0.0007120693575054099,-0.0011904087340761753,-0.004531381795874562,48,0.03303862312992445,0.0004747943786983719,-0.001789621864118924
316,448,0.0009228688749721593,-0.0006370007592964022,-0.007153400812821287,48,0.03994172826148912,0.0005660653967258979,-0.0011390230069412543
317,368,0.0009914882959706794,-0.00014982322286026962,-0.0013451166832809322,48,0.05104540037872651,0.00017722747867028252,-0.004293090275810672
318,424,0.001049792948605726,-0.0004621467703237042,-0.005470247680392726,48,0.05199319272891312,-0.0009435106191224927,-0.004735963888782169
319,371,0.001088317648127929,-0.0005945173203416448,-0.00792300884390272,48,0.010826413404210755,0.004228998058252584,0.006995207454946388
320,422,0.0010810328053957423,-0.0006228825283289378,-0.005329984919356753,48,0.07624467634457965,-0.003062768139952857,-0.008022018024116291
321,456,0.0008589310910349763,0.0015220013451084213,0.010884142639879295,48,0.053292958249680944,0.0015605525014404358,-0.000753698416316527
322,338,0.0008831387036515247,0.00014294555368136574,-0.007808130767067944,48,0.03153759414641644,0.00217490357121178,0.0013559571341084375
323,406,0.0008513218667813996,-0.0007243203008309093,-0.004207882831071319,48,0.10929742656737951,-0.0037553600647312387,-0.007967145770314769
324,468,0.0006417103924484489,-0.00028835803433025983,-0.008556028423178291,48,0.01978158982885614,0.004998522332413014,0.00499532948375174
325,484,0.0009653280404268542,-0.0011873683059099444,-0.004531381795874562,48,0.04927767276736039,0.00044321354403367014,-0.0005924132681228399
326,426,0.0011320907493028792,9.827114971999035e-05,-0.01004364440354779,48,0.058310020740140245,-9.075269017823351e-05,-0.00020993358912999374
327,472,0.0009041251147510875,-0.0005086765159116359,-0.008836553945249459,48,0.06299572667746844,-0.00030078508881322026,-0.0027506965749248963
328,461,0.0008987641762563973,-0.0006948484066330168,-0.008065108759553366,48,0.07747191109900509,-0.0030788858935396294,-0.006919002279222684
329,478,0.0008300449702830798,-0.0006761991760753268,-0.0092573422283566,48,0.034778504386517195,0.0029240437069845086,0.0005491024453848428
330,498,0.0009725707907929544,-0.001195450579277564,-0.004531381795874562,48,0.08497735615784519,-0.0021583832676172355,-0.006820552735252668
331,431,0.000807358380046321,-1.441338326614583e-06,-0.0013451166832809322,48,0.05184713151467779,0.00010805279843284499,-0.0023112023615146204
332,454,0.0006732198721281263,0.0008630697895469046,-0.006288085013930696,48,0.07225646711548772,-0.0012085162138656593,-0.004227061491003589
333,421,0.001057228123277442,0.0003852405691701869,-0.0013451166832809322,48,0.06622190699317987,-0.0008656760703416137,-0.006370558692593599
334,394,0.0010292100204340581,-0.0007460523700621412,-0.004805908608746676,48,0.05980320215261725,0.0007475974024525062,-0.0013523797502600198
335,427,0.0009723619215467752,-0.0003149118573945904,-0.005680641821946095,48,0.07036750054362162,0.00035604371733053905,-0.003961045698032448
336,449,0.0006951265061074276,6.925102395372723e-05,-0.007223532193339072,48,0.07167012757777469,-0.0007617530754488108,-0.004009189830534842
337,476,0.0007439335100653255,-0.0013841296915237632,-0.004531381795874562,48,0.04342216791461406,0.0020161314353482826,0.0016527673229231772
338,474,0.0008293871751010084,-0.0006771230936347284,-0.008976816706285431,48,0.01141394909371074,0.0042151638941649566,0.004230741966605153
339,496,0.0008664950692109999,-0.001186108050964179,-0.004531381795874562,48,0.03606998690270691,0.0021837508177729205,0.0019970949869401854
340,399,0.0006372366068405687,0.0007654781622554868,-0.0016095071952559846,48,0.08886639276919639,-0.0014681695651672967,-0.007694320035423793
341,437,0.0009178754197215616,-0.0010922328947607744,-0.004531381795874562,48,0.04198476689797659,0.0009434836522710151,-0.00031513131612288456
342,457,0.0007161721929452034,-0.001019761852137313,-0.0062095825984715,48,0.044407641799931064,7.991208947510063e-05,-0.003174310153073765
343,453,0.0007144784048091039,-0.001022843029009464,-0.0062095825984715,48,0.07502399888138567,-0.0020820734211360117,-0.00749939094954357
344,451,0.0009281553776074808,-0.00045170762623861216,-0.007363794954374656,48,0.04777313686089457,0.0012122707371386328,0.0008612651460506889
345,378,0.0011631508928495364,0.001039109428488512,0.0005385578815530192,48,0.03683258794025435,0.001348619602595167,-0.001710921501492553
346,464,0.0009718861220844605,4.1154830203806586e-05,-0.008275502901106735,48,0.06585189578855788,-0.0010112604699107717,-0.0043803412820758
347,442,0.00047712708891310684,-0.0007269890708537959,-0.0067326125297141465,48,0.03722611790111163,0.0008757864152539874,-0.003801028981772595
348,432,0.0011891157050034978,0.0007051663021800086,0.0031886614012217873,48,0.07201751104479337,-0.0012527104624464082,-0.004337135086984838
349,431,0.0006257482425141058,0.00040987806633537797,-0.01067147202412903,48,0.07842127964851953,-0.0013347747469653962,-0.007297974532745272
350,418,0.0008954303823042698,-0.0004890026533866353,-0.005049459397285586,48,0.07128626135888383,-0.0020214037864982656,-0.006534467948212445
351,469,0.0007589592786666427,-0.000519331653074797,-0.00862615980369609,48,0.025492234837794614,0.0017317819250866374,0.0006910747270597456
352,406,0.001026750655284602,0.0008777788483637951,-0.0013451166832809322,48,0.05956507923881371,0.0003344514235423101,-0.0014667632503830748
353,492,0.0006262836703878893,-0.0009899374906441882,-0.004531381795874562,48,0.11404328512236273,-0.004954340541551864,-0.010629960490399736
354,426,0.0010914588443165704,0.000492318094093374,-0.0013451166832809322,48,0.0537125623195428,-0.0010542251513533923,-0.00485098146929637
355,422,0.0010931978504299174,0.0004991060701011341,-0.0013451166832809322,48,0.04561877698047889,0.0010404072878246818,-0.001683092908990342
356,415,0.0009314152553777742,-0.0008820081632499206,-0.0062095825984715,48,0.05825185152433432,-0.0003417504676891201,-0.005762091972658107
357,437,0.0010816949226200934,0.0011422414009720893,0.008495641949748237,48,0.03065541525070714,0.001786288865727766,-0.0012435179415090473
358,428,0.0010484677219772505,-0.000461885751195535,-0.0057507732024638936,48,0.0677636292623005,-0.0003261809002020107,-0.0036836376064613013
359,371,0.000923029710775328,-0.0010583305170664796,-0.0057061223576923975,48,0.0650343296427659,-0.0006097112329444135,-0.001984361804854562
360,390,0.0009738435060496259,0.00018336330706363382,-0.004960445262377704,48,0.04057673715851462,-0.0008662026919301694,-0.003428477922961276
361,429,0.0008491184517754559,-0.0002929536555021199,-0.005820904582982081,48,0.06882970208624017,0.00018683425460118593,-0.0023878783099655736
362,426,0.0010277959430706023,-0.0002250325078752627,-0.00561051044142831,48,0.033889284344106874,0.002777354652085423,0.005255568165691673
363,413,0.0007503651951605546,-0.0004264894001153943,-0.004698802494696244,48,0.03289756747119166,0.0031614140122270037,0.003390091106831165
364,451,0.0009387288019313475,-0.0007294648094678322,-0.0062095825984715,48,0.043701997681687366,0.0020295088185959265,-0.0008069340108478665
365,432,0.000894179908971799,-0.0006941687591678729,-0.00603129872453545,48,0.07049023457703962,-0.0010872160282213161,-0.003091511860938558
366,389,0.0007201925349535352,-0.0007372776277283985,-0.0054835390946502555,48,0.052619131554996534,0.00012936439744029582,-0.003815077419703548
367,440,0.0006557280447678994,0.0007914059583989282,0.006425919535822992,48,0.02243520404897914,0.004181647469471552,0.005470308062629171
368,459,0.0008319158859742774,-0.0010323266102052753,-0.0062095825984715,48,0.04666325006807248,0.0011304170249887644,-0.0018770369372036466
369,430,0.0009362652612006622,-0.00034804330561964344,-0.005891035963499866,48,0.0608428933501729,-5.681370144623547e-05,-0.003438889480526907
370,437,0.0009411620079160074,0.0004982296883628921,-0.01067147202412903,48,0.07458136332972154,-0.001071059676420365,-0.006214398319684684
371,413,0.0010057778444947868,-0.00046983908054552825,-0.004698802494696244,48,0.04171327729766994,0.0021985171340096494,5.804824028109515e-05
372,385,0.0011515069356684273,0.00024511083128935483,-0.0052342611762899866,48,0.06789569110705695,-1.4114758846340766e-05,-0.0034122377197871416
373,439,0.0008488101919319115,-0.0008361670249040117,-0.0062095825984715,48,0.04753891212561756,0.0021240656269673214,0.0009358513350478624
374,432,0.0010353020796945254,-0.0006309696073148637,-0.00603129872453545,48,0.06027030303112946,0.00036768954623788656,-0.0006773633957474923
375,472,0.0006439670306426009,-0.00028894121839347434,-0.008836553945249459,48,0.04320326327968271,0.000296845630510802,-0.0035952054664388257
376,398,0.0010162391141865807,-0.0004851487479978975,-0.004263804220023662,48,0.05325627554708068,-0.00017376163874652933,-0.003559937190890875
377,387,0.0009692357984996769,0.000757406489255116,-0.002581601615418129,48,0.056988604577914326,0.0003468554079826443,-0.0036246104438380257
378,443,0.000799507546639531,-0.00040611785669614556,-0.0068027439102319315,48,0.006214945073461542,0.004973037962494132,0.007344001178618935
379,388,0.0009762838079269429,0.0010610395408541529,0.008468955282059154,48,0.054942031793062784,-2.1125804478133725e-05,-0.0015212316893830173
380,443,0.000900005619828741,-0.0004993368474703677,-0.0068027439102319315,48,0.06380854672686398,-0.0003839079202202639,-0.0035548835181500003
381,432,0.00085411233599919,-0.0005047399935476961,-0.00603129872453545,48,0.03970363747439043,0.001615955462284024,-0.0028710622466775852
382,425,0.0008892918412668335,-0.00047316954085776033,-0.005540379060910525,48,0.028771575659721993,0.0025048255755124775,0.00045167255790191235
383,475,0.0007327413407377829,-0.0007632654224144584,-0.00904694808680323,48,0.09857933400959296,-0.0036873443452940437,-0.009864191938299148
384,423,0.0009608343184364463,-0.0008384859191241482,-0.0062095825984715,48,0.05841483847415574,0.0008816680414439025,0.0005610286073101309
385,399,0.0009676221488209187,-8.490474159430703e-05,-0.004128278122843082,48,0.0740954477054544,-0.0015055046215484338,-0.0040304870417302106
386,425,0.0008485643317982065,-0.00029248630074285575,-0.005540379060910525,48,0.06287893652569387,0.0008641865411147219,-0.0033111489118640407
387,440,0.0008452726598861863,0.0009584668514472407,0.006425919535822992,48,0.050651916166987054,0.0010166236607462124,-0.005941549964414629
388,388,0.0009507625105700207,0.0005377321317655784,0.008468955282059154,48,0.028564210308831495,0.00240316092637362,0.0006587142993397799
389,384,0.0007473695573628897,0.000997141822926516,0.008495641949748237,48,0.057552449570382525,-0.00226996482532797,-0.006375315417265395
390,445,0.0011174692636045295,0.0009070000276418183,0.006160570508396614,48,0.03596442946239442,0.0010176581908334544,0.0005049959786917121
391,355,0.001012104565125591,-0.0004494977886467279,-0.010091426398793263,48,0.029085521226028144,0.0013043769958483841,-0.00257893335183515
392,413,0.000816252495157291,-0.00033273827219770444,-0.004698802494696244,48,0.08295046711792764,-0.0019506971915099203,-0.005321111188059082
393,481,0.001008226400738478,-0.0008354744448184868,-0.0062095825984715,48,0.06992757689648887,-0.0008810241533022192,-0.004590994442491229
394,432,0.0007748036877521132,0.0012921234575277562,0.008495641949748237,48,-0.007169275420818577,0.001873015134138751,-0.0004315900901617209
395,442,0.0007645823307232801,-0.0004379070224761611,-0.0067326125297141465,48,0.048322366779364856,0.00135785973054872,-0.004126993147839632
396,343,0.0010922930961029015,0.000575414264937164,0.00305341487104787,48,0.026041342358529507,0.0020885644466085342,-0.0011031053611753952
397,416,0.0009274750650807412,0.0008807438877108153,0.007699594867469392,48,0.11528015496639998,-0.005492306438043416,-0.011441848236988562
398,442,0.0008653077751188017,-0.0005316276663413777,-0.0067326125297141465,48,0.052433765985725134,-0.0006878717734753233,-0.004836558534373384
399,416,0.001010692332023854,0.0002016734033852309,-0.003708536219103945,48,0.02348472999182538,0.0020289981144849846,0.0011285935516368497
400,469,0.0007480133319621189,-0.0009701356606711259,-0.0062095825984715,48,0.050770124407180095,0.00037416450812705754,-0.0019890449009856495
401,437,0.0009692320342034573,-0.0008523705343340265,-0.0062095825984715,48,0.05387487171041172,0.0008332902412525184,-0.003352011284888004
402,400,0.0006201475155279508,0.00048596859585668846,0.0032417312067070034,48,0.020384553861952814,0.001428922077233566,-0.0009881683275477574
403,472,0.0010332708565380733,-0.0007958307437216962,-0.0062095825984715,48,0.023387313635075957,0.0018091595541968718,0.0018766933300378603
404,425,0.0007966165532235438,0.0007865093705283488,0.008495641949748237,48,0.09792570733002637,-0.003544137061958755,-0.01018691480631833
405,434,0.0009758876235895974,-0.00052538880477105,-0.006171561485571034,48,0.07021065594251086,-6.322931486421601e-05,-0.004912711906414655
406,468,0.0006779329234710332,-0.0008558981093318915,-0.0062095825984715,48,0.09418516604437199,-0.002618887806810565,-0.007457556539169397
407,391,0.0008117759694603408,-0.0005484514852748604,-0.005212486900289137,48,0.05834106800922234,-0.001846442852768049,-0.006009745815477478
408,493,0.0008719136774594325,-0.0009948944427723323,-0.004531381795874562,48,0.04248504460434466,0.0010725886157921067,-0.0007228307552547102
409,461,0.0006965541487348719,-0.001183294145485049,-0.004531381795874562,48,0.060494278506760035,0.000712731331806507,-0.0031263323543436854
410,473,0.0007960592410373325,-0.0010223777306521756,-0.0062095825984715,48,0.062407091150381455,-0.0010154907517305762,-0.0046880426052953485
411,466,0.0007427329170606326,-0.0008137156064824437,-0.0062095825984715,48,0.040273852975878266,0.0015849898419208874,-0.0005038126199413753
412,383,0.0007387180145312618,-0.0006448674187008313,-0.006296695677734415,48,0.04964478750354007,0.0013351768206655264,5.653319535724871e-05
413,444,0.0007351478894353286,-0.0009815404006938769,-0.0062095825984715,48,0.06309796646423427,-0.0006756897284777678,-0.0046511912234498305
414,393,0.0010334975378429052,-0.00020405415295529292,-0.004941434705927242,48,0.06884541458620907,0.00011868899500052862,-0.0038564471692279223
415,389,0.0009023700185697373,-0.00037558673445197907,-0.0054835390946502555,48,0.06742239226461932,-0.001294706570017512,-0.005527762975465573
416,493,0.0010408965814841303,-0.000965727382855816,-0.0062095825984715,48,0.07656142453664139,-0.002564886726739773,-0.005532255919899601
417,457,0.0009941923611729844,-0.0008038347734466052,-0.0062095825984715,48,0.008633735989223679,0.002235685074484026,-0.0014806945997712546
418,421,0.0007422499282517406,-0.00021345650638766867,-0.0052598535388389545,48,0.03546857635494183,0.0021332511610145342,0.0010989684829797487
419,429,0.0007976550347725871,0.0007794157663243186,0.008495641949748237,48,0.04164038034766582,0.0013405509068616095,0.002182107704941748
420,410,0.0009594447436882918,-9.100973423964431e-05,-0.004488408353142875,48,0.025234890531644516,0.0015478996641306308,-0.0008043915831323495
421,451,0.0009385268973462679,-0.0006935975011143295,-0.007363794954374656,48,0.023795642519528704,0.002011600660538633,0.001643153920514914
422,439,0.0006085426827148795,-0.00044867778475738904,-0.006522218388160375,48,0.09189613575571975,-0.003277446482325799,-0.00683228434473847
423,440,0.0008444611894189193,-0.0002885047356627063,-0.006592349768678174,48,0.05833129096744594,0.0017310340720530833,-0.0033055434369422786
424,439,0.0011497163580290585,0.0005740739342607343,0.0031886614012217873,48,0.04995496095439811,0.0017419471383962049,-0.0025203000799324665
425,420,0.0009977080830542977,-0.0008174592116011806,-0.0062095825984715,48,0.03416641482254157,0.0022647969423835908,-0.0007584841829697785
426,463,0.0007739977765201835,-0.0010801721094830588,-0.004531381795874562,48,0.0756212725687525,-0.0031836429351593375,-0.006825206002994421
427,425,0.0007558890437549151,0.0010082680033008055,0.008339627584796665,48,0.0808314711870155,-0.0021710633884467496,-0.006690704456111963
428,457,0.0010535367724000804,-0.0007119981537435979,-0.00778458323748181,48,0.06684265754826346,-2.215895904829346e-05,-0.003432545981317432
429,433,0.0007370035635228481,-0.0007040297388250516,-0.006101430105053235,48,0.06382432023672069,-1.5663423834924584e-05,-0.003135187406362299
430,396,0.001024584840171261,-0.0009295757376481528,-0.0061256725583416355,48,0.06641310835905545,-0.0009659658410361288,-0.003755529101349596
431,430,0.0007312042550358484,-0.0004837132535840359,-0.005891035963499866,48,0.03668710420145016,0.0012453814800846546,-0.003906928576009671
432,458,0.000819572567404983,0.0012696879890892456,0.008495641949748237,48,0.09194896983830347,-0.0014632980718657478,-0.007208837437661448
433,407,0.0009192622417260096,-0.0012562202483420264,-0.004531381795874562,48,0.07290120155149882,-0.0008412547556652071,-0.006185783311181341
434,391,0.0010693637183221683,-2.3207778311565286e-05,-0.0013451166832809322,48,0.08133445431845998,-0.0016678917610915434,-0.005748403042067571
435,356,0.001020668626633317,0.0013618689609007535,0.008403265023132184,48,0.060725222841944815,0.0004910128352932901,-0.004724784575488812
436,468,0.0005004915054230667,-0.0005093484394622823,-0.008556028423178291,48,0.012323815462065735,0.00223687047259199,0.0025283585489751983
437,445,0.0009574151329701467,-0.000607690449699487,-0.006943006671267515,48,0.03337425280587725,0.00011547640595355006,-0.002720971301372662
438,439,0.0010388047666034534,-0.0004482739799532738,-0.006522218388160375,48,0.06006953300588325,0.0005148920845593555,-0.0024989389570284105
439,421,0.0010458822752992384,0.0003560781795269004,0.001962240881323022,48,0.09398190113150706,-0.0033210954794832097,-0.00915965457862786
440,393,0.001102506178888154,0.00063989927999263,-0.0009824144365207857,48,0.056703095537874226,0.0006230544744858704,-0.0027367176300330046
441,354,0.0011555368581863579,0.0003509621112597191,-0.00036743092298668206,48,-0.004891720948217215,0.002674424149139166,-0.0006602352320469636
442,401,0.0009221468413163083,0.00045218968770849473,0.0031886614012217873,48,0.04302426191500186,0.0016077720498176365,-0.0003322386533161463
443,423,0.0007645161537876335,-0.0004514365634821875,-0.005400116299874941,48,-0.019703631423736878,0.004511476958480557,0.006913842152247936
444,455,0.0005128461434534583,-0.00045195218407137125,-0.007644320476446226,48,0.07350025788223391,-0.0010225258472509255,-0.004868864916665584
445,459,0.0006502173442486875,-0.0010603554317136499,-0.0062095825984715,48,0.023790258215988902,0.005279870531189782,0.004441546718994799
446,457,0.0007746042316968014,-0.00025565981831593074,-0.00778458323748181,48,0.06172119053074554,0.0005608667547062508,-0.0034040700549422126
447,424,0.0010087546219735633,0.00018792019461294496,-0.0033621287350151276,48,0.024317750723268694,0.0027805961717428593,0.002337466302752656
448,432,0.001099118056324735,0.0005632701033474099,-0.01067147202412903,48,0.07287682958413955,-0.0006812043692700845,-0.005891837447485004
449,448,0.0008141675886672462,-0.001224311319783778,-0.004531381795874562,48,0.04271104332920628,0.0024176965846229945,0.004656596488044203
450,452,0.0009229386941434301,-0.0006972041814638265,-0.0062095825984715,48,0.059342736123306095,0.0003957019753333367,-0.004308950090695894
451,420,0.0008224975443747009,-0.0005554169069586917,-0.0051897221583211695,48,0.07829121648164294,-0.001445288393270067,-0.0072803735748847714
452,470,0.0007911304418525113,-0.0008688537061919965,-0.0062095825984715,48,-0.010040754071652613,0.004091989236190624,0.0056480663455727425
453,485,0.0007997526832503677,-0.0007298707749653598,-0.0062095825984715,48,0.052257648322670214,0.0011392090696402055,-0.0019162296394485516
454,409,0.0007911443577702758,-0.0006159331003421642,-0.004418276972624688,48,0.006655721900951317,0.002924903684088922,0.004479931105235722
455,448,0.0007867867817752438,-0.000704708593077169,-0.007153400812821287,48,0.03214984494521189,0.0018697204305693962,-0.0004078119230479585
456,438,0.0008019579275617954,-0.0012136132398076552,-0.004531381795874562,48,0.02613972574913115,0.0003514346051790747,-0.0045805891630648805
457,441,0.000691058486801583,0.0009110710071454468,0.006372849730337776,48,0.01893550139840472,0.00226555826859514,0.0019947829248578575
458,396,0.0011060344485934934,8.426983170132726e-05,-0.009409905937683621,48,0.02754633412552987,0.00040310263489015327,-0.0037519078044809077
459,417,0.0007641881280651421,0.0008359798473171823,0.007646525061983878,48,0.035857403529130694,0.0012955658276333458,-0.004381349230156147
460,458,0.0009803767889358462,-0.0010259855491296585,-0.0062095825984715,48,0.04679375419917109,0.001157333925237895,-0.000923617034049716
461,415,0.0010498400318550488,0.001154789696337333,0.008495641949748237,48,0.027252699130384528,0.004586879889804226,0.007924801605015765
462,457,0.0006782965003321456,-0.0008783914885925094,-0.0062095825984715,48,0.10691409548716324,-0.002962086196469175,-0.0074802786314061495
463,412,0.0009267781981597001,-0.000719159023567572,-0.0062095825984715,48,0.06876947403028755,-0.0005224096932395367,-0.006097978247550331
464,427,0.0008055607783797967,-0.0010055254710391558,-0.0062095825984715,48,0.05387867181001049,-0.00037168921890199866,-0.002855672456782525
465,444,0.0007359700395127128,0.0001265187649181175,-0.0024961100247935693,48,0.0603120627104724,-0.0013373439268123035,-0.003644839952272421
466,467,0.0009537314260777835,-0.0010530906824862858,-0.004531381795874562,48,0.1069433477871975,-0.005700679831111761,-0.010563087623268953
467,454,0.0005163386207353944,-0.0006677120353436386,-0.007574189095928427,48,0.05330963956407164,-0.0007784572494553849,-0.0053867649159092985
468,390,0.0009416881800134629,-0.00033991476943390567,-0.005348012997469703,48,0.04879968913848598,0.0014093475946020811,-0.003017852258675239
469,437,0.0009807711418385867,1.1749634719950344e-05,0.0011921376172584382,48,0.07480456543478486,-0.0005880839032519139,-0.005746753425710864
470,416,0.0010863463129842962,0.0012809010855503872,0.008495641949748237,48,0.06150759262858929,-0.0005496099426233365,-0.003368063080448274
471,421,0.0010460985673844403,-0.0002458659102478819,-0.0052598535388389545,48,0.030610802233581258,0.0029236567979886996,0.0022873011234894533
472,415,0.000973124150616728,-0.0010275853267212413,-0.0062095825984715,48,0.02909418951492171,0.0026915787775487286,0.0017942564055316544
473,427,0.0011269272146615483,0.0006230588102402648,-0.003552322163433194,48,0.08028169539089247,-0.001617479175856789,-0.007309006510361964
474,432,0.0008941799089717999,-0.0006941687591678729,-0.00603129872453545,48,0.06999408135718999,-1.7719323789092134e-05,-0.0031776518923215466
475,400,0.0007186150090739462,-0.0007056368062323716,-0.00399275202566253,48,0.019701647596299776,0.002632128624799215,0.0009244546391782328
476,448,0.0009729466716235603,-0.0006633717601223204,-0.007153400812821287,48,0.06766957709837151,-0.0009931331359205042,-0.005277390426070838
477,460,0.0009987123247861534,-0.0006055610268954972,-0.007994977379035581,48,0.04773094342326345,0.00022148078814400365,-0.0008494640200227797
478,390,0.0009738435060496257,0.00018336330706363382,-0.004960445262377704,48,0.0263719026201229,0.003056329240234799,0.0018508020892586408
479,459,0.0008900933188925346,-0.0002777055244446158,-0.007924845998517394,48,0.07499217783752099,-0.0017615799266908067,-0.005091737565841185
480,390,0.0011433061704800838,0.0008107634223289981,-0.0027828898601844516,48,0.0741151700785786,-0.0021126364354789855,-0.005310741223209285
481,411,0.0009316432023949925,-0.0008848555245038019,-0.0062095825984715,48,0.0515843553915305,-0.0015140777082397246,-0.00645376823637284
482,479,0.0006880966975467391,-0.0006858647878128944,-0.009327473608874787,48,0.03866301496342173,0.001108565162605931,-0.0018957325019888262
483,408,0.0008611623102452652,0.0006079506038664771,0.008124153311351426,48,0.06190214129074634,0.0006288936509407234,-0.003936005044425234
484,408,0.0008304256015342253,-6.710261745593998e-05,-0.004348145592106889,48,0.0705976563384183,-0.0009607072044236602,-0.0036678173641261583
485,413,0.0007627953380284032,0.0008439342932608108,0.00785880428392504,48,0.08945725372963809,-0.0026810948767021,-0.0091151596424052
486,390,0.0011301634490040284,0.00016017157095031716,0.0031886614012217873,48,0.060441552575901,2.923997449551935e-06,-0.0014678622773128067
487,439,0.0010388047666034517,-0.0004482739799532773,-0.006522218388160375,48,0.07370128797516684,-0.0008338651856288383,-0.005587615495194029
488,392,0.001063899171738322,0.0005040592807813759,-0.0009370766556758003,48,0.08471694018919074,-0.0032543179513990043,-0.007217375648666327
489,451,0.0009385268973462679,-0.0006935975011143295,-0.007363794954374656,48,0.044010161240570445,0.0022110851773651935,0.0009532639563361867
490,436,0.0009457810458757807,-0.00011860879072999892,-0.01067147202412903,48,0.05465039500767477,-3.0236351617925206e-05,-0.0031331382107161083
491,406,0.0010141061996086853,-0.00048425607316735647,-0.004207882831071319,48,0.050933253517873034,0.0022804647123323,-0.00025178804859542214
492,425,0.0010038569909982245,0.0007272365458004032,-0.003062201262684333,48,0.055446064882076596,-0.001025328420253201,-0.004165432506213821
493,431,0.0009725929519802893,0.0011537942022371173,-0.0013140448074022773,48,0.07373293975396367,0.0006400614503155773,-0.004233594067256
494,430,0.0010788741559862778,0.0007464548884661814,0.008495641949748237,48,0.04970781753679654,-0.0005275746426669434,-0.004435398634144414
495,430,0.0007312042550358458,-0.00048371325358403244,-0.005891035963499866,48,0.02844587195649062,0.0004515403679282142,-0.00280377212824685
496,425,0.0008780715721608029,0.0001896929139544876,-0.0033825371264985596,48,0.047427396189826276,0.001985032775013787,-2.5407671753185923e-06
497,443,0.0008884172473582613,-0.0009749423176170086,-0.0062095825984715,48,0.009697698836455104,0.0026566797699707403,0.001508785948994909
498,416,0.0008858664316091849,0.0011113597960605726,0.008495641949748237,48,0.05290700186894426,0.0005309765704647508,-0.0031660867104710277
499,394,0.0009043414878832628,-0.0003921295706970987,-0.004805908608746676,48,0.05736679169635528,-1.2738029961477729e-05,-0.00496732966019265
500,452,0.0007767032367172362,-0.0011038859693969817,-0.004531381795874562,48,0.06551361200521122,-0.0009404736685383244,-0.0032841194069565156
501,400,0.0008838411068936422,-0.0004623070565441881,-0.00399275202566253,48,0.07266775966246874,-0.0022165718628428983,-0.006517108199202665
502,371,0.0011488104797413765,0.000244781397133945,1.5016742069939859e-05,48,0.018170837652570326,0.002244580800948264,-0.000833415307289833
503,419,0.0007743100564604486,-0.0007038619780634324,-0.0051195907778033845,48,0.08071463804991685,-0.0005482646017842333,-0.003862280209106197
504,413,0.000792276070521734,-0.0006148908571783733,-0.004698802494696244,48,0.05853515626635275,0.0006986200390257363,-0.004012773141871678
505,406,0.0009597273673568854,0.0005492472766022594,0.0031886614012217873,48,0.09979368525989529,-0.003269462266871319,-0.00861787819230014
506,389,0.00044904231246953264,5.120117565398166e-05,-0.005015208445160155,48,0.0376345475343296,0.0010617755542651087,0.0009336867737095057
507,468,0.0008451679269915989,-0.0011705503635973079,-0.004531381795874562,48,0.08315329872371136,-0.0007281636443551825,-0.005083485668108232
508,464,0.0009606259755924511,-0.00041957891063554645,-0.008275502901106735,48,0.0590482223090788,-0.0004330414142906941,-0.0036282531294457993
509,366,0.0009272589433158068,-0.000529948013423074,-0.0086006393298063,48,0.008805570719796929,0.0035099183501496444,0.004175810006770994
510,443,0.0007995075466395302,-0.0004061178566961421,-0.0068027439102319315,48,0.022559466785667226,0.0013156705164683088,-0.0016399236774226784
511,436,0.0010351618788966427,-0.00024432918118534944,-0.006311824246607006,48,0.006176582345921111,0.0025983350095564184,-0.0004961597673875974
512,478,0.0007938332725337758,-0.00048774936383816705,-0.0092573422283566,48,0.06252364557223777,-0.0010419636962017888,-0.004619847962539022
513,359,0.0009494464889214125,0.0006508666252909856,0.008409423484906572,48,0.04390553522058427,0.002337415340817834,0.0032013200238772827
514,418,0.0009896767580151768,-0.0007772728763073139,-0.005049459397285586,48,0.08778436720510874,-0.001928327836777174,-0.006362238996982628
515,433,0.0010822462189037374,-0.0004286087239208716,-0.006101430105053235,48,0.0033150162763739832,0.003898671293923694,0.0031397821407749965
516,484,0.0009399838224772349,-0.000694215551592426,-0.00967813051146374,48,0.02293857050577275,-0.00010076293749443355,-0.0033596622905297698
517,452,0.0007767032367172379,-0.0011038859693969852,-0.004531381795874562,48,0.012940914498059453,0.002622555547585251,0.0019941075506765514
518,429,0.0011361852646071646,0.0007624679233344612,0.002245162692022483,48,0.043638053654503794,0.0017310762822394096,0.0034056193531117503
519,468,0.001008325484976048,-0.00011960912845836516,-0.008556028423178291,48,0.040915660786305263,0.0002601451572115127,-0.0017468483835380959
520,388,0.0009953738289312781,0.00022347011722971023,0.0031886614012217873,48,0.06045809539689506,-0.0006186413496907794,-0.0013835210536164
521,495,0.0008354446491859249,-0.0012038797058354783,-0.004531381795874562,48,0.05192567413796578,0.0007263532988595091,-0.0017362661752970202
522,347,0.0009144776052118493,0.000692800517651939,0.0060544308974261815,48,0.057115038387289374,0.0012793884778372552,-0.00024298778242606497
523,428,0.001059396589739382,-0.000711408679337687,-0.0057507732024638936,48,0.043019884572414235,-0.001294881216505431,-0.003845001288649355
524,472,0.0009407971306921205,-0.000697247454729424,-0.008836553945249459,48,0.11051457342534254,-0.004353409213668969,-0.010816550453529965
525,418,0.001029870964558228,0.00022747630448908748,0.0031886614012217873,48,0.12427922961814308,-0.0038499085892780283,-0.010905048087703317
526,451,0.0008513962134204852,-0.0001112651898493161,-0.007363794954374656,48,0.05209505010948867,0.0005573445914531135,-0.0022825470774093977
527,442,0.0008259406925576289,-4.6181145926144605e-05,-2.795670066201364e-05,48,0.051538409362498094,0.0005357011609087928,-0.0018562268083742207
528,448,0.001109028764820474,-0.000596822949435926,-0.007153400812821287,48,0.03784487959737359,0.0012652219683163823,0.001124752797120574
529,451,0.0009385268973462688,-0.000693597501114333,-0.007363794954374656,48,0.05788366811503631,0.00015021361227965727,-0.004128845452992677
530,417,0.0009641872423386331,0.0010141852208492407,0.007646525061983878,48,0.08212913409029632,-0.0014838915513709743,-0.005447227438301505
531,385,0.0006608964036500277,0.00024124372071514504,-0.0016095071952559846,48,0.04026816408651024,0.0006546625636681454,-0.0031849538693810853
532,424,0.0009681458187747495,-0.00010981811279169029,-0.005470247680392726,48,0.07377909282017026,-0.0008235826313613779,-0.004475035471654102
533,421,0.0008358057415971086,-0.0008245934046666528,-0.0062095825984715,48,0.049863221659181,0.0005691896566324423,-0.0029220546699536103
534,409,0.0009884016818126166,0.0007310805161710194,-0.0013451166832809322,48,0.06185207798542658,-0.0019212942315987806,-0.00407643474809239
535,442,0.0005375421154051444,0.000865779443045697,0.006319779924852262,48,0.04239089268601337,0.003927441222637577,0.005244453084054265
536,429,0.0007976550347725871,0.0007794157663243168,0.008495641949748237,48,0.06755124320081618,-0.00099261261828768,-0.005558388197636266
537,463,0.000901335760633973,0.0010326596772773115,0.008495641949748237,48,0.06496746137400611,-0.0015125657711574708,-0.00408022248058279
538,443,0.0010882666371019828,-0.0004552195704697684,-0.0068027439102319315,48,0.0640602604147118,-0.0003573636645619344,-0.006476707950120772
539,409,0.0007488235960974934,-0.0004266759452866281,-0.004418276972624688,48,0.054239274046995356,0.0017154429170846402,-0.0026777569453174874
540,426,0.0008734922056943561,0.0006321227642103093,0.0031886614012217873,48,0.09787823151282093,-0.003736437604939996,-0.009631117348180881
541,427,0.000765860205736775,-0.00045122902080481364,-0.005680641821946095,48,0.05403501095841512,5.019515381793002e-06,-0.0042738459891437375
542,443,0.00070015623008502,-0.0010040154287552783,-0.0062095825984715,48,0.056577689354432636,0.0006736427820141118,-0.0037742789998365354
543,364,0.00070261069765038,-9.742026316983399e-06,-0.0066933453467269526,48,0.07179235830476205,-0.0017887667511604852,-0.005668970992487737
544,394,0.0009731749800933694,0.00017626438742609964,-0.004741392531247564,48,0.10066782663673213,-0.0027201464912154204,-0.008000752029453748
545,393,0.0009464710013873502,-0.0005706717976543818,-0.004941434705927242,48,0.12918971933251655,-0.0038798469555173676,-0.010018924905391573
546,476,0.000728948315772901,-0.0005489226889289003,-0.009117079467321015,48,0.07485680041683318,-0.0009914283399263969,-0.004669416385319789
547,445,0.0009300543632628517,0.0007471175310006344,0.006160570508396614,48,0.06607045828115587,0.000656204153817317,-0.0020281771152714876
548,438,0.0010372574226444474,0.001601660027600333,0.011763588554047466,48,0.053669789933709966,0.0002497353086661439,-0.0039833321326851745
549,409,0.0011566652805298982,0.0005751586639564134,0.008071083505866203,48,0.03880050256789491,-0.00035671790614833464,-0.0029615451708565853
550,401,0.0008123697319337448,-0.001069045773386068,-0.0062095825984715,48,0.06508914777389108,0.000313004891626216,-0.0036344408758500757
551,457,0.0007161721929452034,-0.0010197618521373165,-0.0062095825984715,48,0.024136169444942124,0.0006301710805128556,-0.0014440362153068306
552,471,0.0008606729345572595,-0.0009826357380315863,-0.0062095825984715,48,0.06879404112523035,-0.0011760740274336118,-0.0036494010030887064
553,438,0.0005736776980269582,0.0005991943777689359,-0.0028137141195715976,48,0.030843116091466727,0.0035216400406177153,0.002874789042657949
554,452,0.0009340948667906691,0.0003479735453201195,-0.0013451166832809322,48,0.04975302346425636,0.0019563087007617806,-0.0017031223981131896
555,415,0.0008905859616673891,0.0007624750445323018,0.007752664672954608,48,0.07086732474852386,-0.000743005207063897,-0.006383152623851265
556,478,0.0008664471679651672,-0.0008443584689889448,-0.0062095825984715,48,0.0012698007927303134,0.003967991564589136,0.004723393835905611
557,425,0.00044485641814428437,-0.0004735757658558479,-0.005540379060910525,48,0.05275248960059653,0.0005380355489009673,-0.0027213727548850673
558,373,0.0009133071856485615,0.0009639170482874798,0.008438162973187141,48,0.04163042223524971,0.000610135674905532,-0.002044215972798979
559,477,0.0007508873401529809,-0.0009771397996311548,-0.004531381795874562,48,0.03156722761132502,0.0029111957794057657,0.0014923663711214168
560,385,0.0009909099539879397,0.0006436961195234042,0.008462796820284751,48,0.030188285725733843,0.0015707700086547444,-0.001366303774971947
561,434,0.0009249986984214151,-0.0004397842098885045,-0.006171561485571034,48,0.05040338743576489,0.0014147268960691944,-0.0018353452965888667
562,465,0.0007568922414255101,-0.0011297534793661482,-0.004531381795874562,48,0.06766892100769983,-0.0001818425017754699,-0.0055740822359986245
563,418,0.0006959097348113357,-0.0005339522425128577,-0.005049459397285586,48,0.061469042571972055,-0.002531594341448333,-0.0053032503419249075
564,457,0.0010433014214105982,-0.00047229678537191386,-0.00778458323748181,48,0.07009716553944678,-0.0005724980935550572,-0.005229863612091757
565,432,0.0008941799089717999,-0.0006941687591678729,-0.00603129872453545,48,0.10104874606224934,-0.003255841788810986,-0.008835153963385495
566,442,0.000904468841915561,-0.0007267519610298645,-0.0067326125297141465,48,0.05072625822601906,0.00018916376561575743,-0.004016130970238868
567,484,0.0007579896619751688,-0.0008268395053018032,-0.0062095825984715,48,0.085626413510965,-0.002884118866762469,-0.007161169535232787
568,463,0.0009167417055220856,-0.0009460471658343204,-0.004531381795874562,48,0.04835658335904691,0.0002045775478597047,-0.003909352263302503
569,497,0.0008722040599294465,-0.0009919585086810949,-0.004531381795874562,48,0.018738933817238568,0.0009694909958660042,-0.0027432141140430154
570,405,0.0009647458017023238,0.00010164736639498365,-0.0013451166832809322,48,0.07005337411384815,-0.0005649617235283025,-0.00421519881121165
571,406,0.0010693841319451135,0.0005589184735351584,-0.01067147202412903,48,0.06512834754996377,0.00017158420745728986,-0.003618873306298554
572,374,0.0010596123483307342,0.0004889553382454448,0.004621546149323835,48,0.02782079760162226,0.002652719311046871,0.0005951629262412397
573,439,0.0006982624946018923,-0.0010071714446629708,-0.0062095825984715,48,0.08920626533108156,-0.0028655014012680235,-0.008381769820399067
574,412,0.0009812511120640436,-0.00032080659454907304,-0.004628671114178445,48,0.06556107253543164,-0.001521776030922111,-0.005942791617515989
575,449,0.0007722275819389106,-0.0002543198954428824,-0.007223532193339072,48,0.05699534620543578,-0.0016177069195338466,-0.006253732831381545
576,424,0.001049792948605726,-0.0004621467703237042,-0.005470247680392726,48,0.07668773613956947,-0.0012965648545609759,-0.004457966532217913
577,492,0.0008309763983883212,-0.0010767864221440104,-0.004531381795874562,48,0.03306796162102188,0.0014260988516629058,0.002024442267065326
578,428,0.0006191420074383182,0.0008718775908188167,-0.0038632326253097496,48,0.048425278556327056,0.00013912399957317044,-0.0014186295855780316
579,427,0.0007546924905844007,0.00025904663000606443,-0.0035209467576617325,48,0.062351225295836366,-0.0009195359177605385,-0.004508490920384547
580,443,0.0008609329527312966,-0.0003154803307340061,-0.0068027439102319315,48,0.022062211028670675,0.0013885000245221924,-0.0006700811196579948
581,432,0.0008541123359991909,-0.0005047399935476961,-0.00603129872453545,48,0.014480203313903206,0.0014714381756316605,3.577687175511379e-05
582,430,0.0008565877355198779,0.001388301161331663,0.008495641949748237,48,0.06399997022250059,-0.0009697816218938206,-0.006056506443963407
583,447,0.0008613540779807589,-0.00031591811788407587,-0.007083269432303099,48,0.03932945344841832,-0.0001143753943120187,-0.0015008484625138527
584,411,0.001080844722487,-0.00040397424112833744,-0.00455853973366066,48,0.05024393854544873,0.0005690607316096215,-0.0025887206659918303
585,431,0.0008192508658367182,0.0006202242381573037,-0.000502421849040223,48,0.09163050688230379,-0.0034261278566596626,-0.007691687190423027
586,444,0.0008953574145804419,0.0003976918369496562,0.002295644505789441,48,0.019856615487736873,0.0016024614977762103,-0.00034350729590853363
587,464,0.0010082246685299313,-0.0005025167459190572,-0.008275502901106735,48,0.01871708199184441,0.002596045576399003,0.0010972299988735515
588,433,0.0008615183362898995,0.0010571693178206658,0.008495641949748237,48,0.03907373214988419,0.000890458252159651,-0.0013863249819748326
589,440,0.0010956430680162563,0.0005473401504171409,-0.01067147202412903,48,0.0540232376161095,0.0005402889606407682,-0.0022788169891291843
590,386,0.0008143449601423123,0.000606315454462835,0.008464849640876224,48,0.07053570302120182,-0.001380196466401258,-0.004598388236508332
591,457,0.001081177114023655,-0.0006566441097080808,-0.00778458323748181,48,0.024476875454423785,0.0033424591936538324,0.0072519110632258375
592,426,0.0008734922056943561,0.0006321227642103093,0.0031886614012217873,48,0.05129216386408686,-0.001163001659588249,-0.003822697787928122
593,419,0.0009320628649488491,0.00046279624523396304,-0.0013451166832809322,48,0.09866923062693278,-0.0013018313027132501,-0.007527255653085513
594,403,0.0010410992080775474,0.0003289508062737428,-0.0035209467576617325,48,0.09348510071049498,-0.0031133951835775435,-0.009246772069803056
595,428,0.001008025685705829,-0.00028139432895354574,-0.0057507732024638936,48,0.06439124035937871,3.7325665532550456e-05,-0.004688075870050178
596,473,0.0010760737575140453,0.000606792816379122,-4.364440354774884e-05,48,0.0752843095283442,-0.0024298159376860886,-0.006639323156600131
597,451,0.0008897757955139834,-0.00027658142925985826,-0.007363794954374656,48,0.05067303400809853,0.00146064931714838,-0.001598161816601943
598,424,0.0009273222538592604,5.2214349664646276e-05,-0.005470247680392726,48,0.05606305865128036,-0.0004375709384051539,-0.004375175873724154
599,467,0.001049846374808358,-0.0004985540246598835,-0.008485897042660506,48,0.025698831830589186,0.0036656531884981403,0.00337003322997274
600,381,0.0008565819872354925,0.0004946025767224747,-0.008806200955959513,48,0.05571916558604462,-0.0015563229202862038,-0.003323912101354149
601,458,0.0009321719725728971,-0.0006663966433127153,-0.007854714617999595,48,0.07571448044959062,-0.001620512315820305,-0.004931323048883711
602,455,0.0009012186979750819,0.0010489097008787992,0.008495641949748237,48,-0.0012403441064440246,0.004186090044329906,0.0014698159213958721
603,444,0.0007077254963728389,-0.0003269396325062193,-0.00687287529074973,48,0.057631113094580466,0.0002467932235580648,-0.004623084198611165
604,391,0.0008560450014914603,-0.0007583337421597086,-0.005212486900289137,48,0.08446323780298992,-0.0024195764705304598,-0.007529270052629274
605,415,0.0011332578223329647,0.000646360232988202,-0.0025336119418243874,48,0.06538936523649297,-0.0004762134784322188,-0.0014158168916836682
606,433,0.0011340772593854682,0.0007529373196674179,0.0020857296219615393,48,0.06996137916207013,-2.5228649783461815e-05,-0.005679200532906759
607,422,0.0008432323902994967,0.000679351373036827,-0.0031195444495565675,48,0.01926363194629488,0.0032977241844567807,0.005731419125671378
608,399,0.0009428244652476734,0.00044660321574755205,0.008109775579582507,48,0.018341826331878308,0.0026968942479463753,0.0005953710228577408
609,460,0.0008174087798904009,-0.0006461427950569913,-0.007994977379035581,48,0.009301934581521287,0.0016814111604553147,0.00026141622893414637
610,446,0.0006786959209594112,-0.0005729481935687515,-0.0070131380517853,48,0.022566992670786212,0.001148747125681221,-0.0011203004719367929
611,416,0.0009690836985522984,0.0005956900345470313,-0.002618504460291708,48,0.03737192202605033,0.0023070688198407255,-0.0007190540440556344
612,418,0.0010535605898560388,0.0007964445362326836,0.007593455256498655,48,0.033686911230375594,0.0026306221443586266,-0.003120959436823754
613,467,0.0009015877750296226,0.00015552197374129814,-0.008485897042660506,48,0.035737740487748915,0.0024708245296240095,-0.003501559397444249
614,435,0.000859858136775234,0.00013315834664413828,0.0008641496050915513,48,0.0493514938271461,0.0016599276501733182,-0.0007071316594357384
615,399,0.0008453633828968314,-0.0004964495611037359,-0.004128278122843082,48,0.020902049679349166,0.002937496198294429,0.0018386918384825299
616,457,0.0008229320074582694,-0.0003415103074812173,-0.00778458323748181,48,0.05675331422004981,0.0005806623472130838,-0.001142119619238411
617,387,0.0008107814709601025,-0.0005492161047096281,-0.005754591289011388,48,0.04212641994029942,0.001186871022685272,-0.00037981768455483227
618,416,0.0007562633147627108,-0.0006455639364840171,-0.004909196636249613,48,0.007422456820956325,0.004287882702816307,0.002165723724603403
619,460,0.0007797801026639501,-0.00046197600006512435,-0.007994977379035581,48,0.021755675517266537,0.0031016095002261226,0.00391194489856006
620,446,0.0008268807620533105,-0.0003490679054563364,-0.0070131380517853,48,0.059471549394625955,0.0005803581665747293,-0.003915070894064853
621,429,0.001043310926563745,0.00033951340487653296,0.0018662615341358945,48,0.10372976614426677,-0.004696098032017064,-0.011511448226281664
622,443,0.000900005619828741,-0.0004993368474703677,-0.0068027439102319315,48,0.05375666313770755,0.002569695920627389,3.1727686973254815e-05
623,496,0.0006634530890170208,-0.0010964564953073533,-0.004531381795874562,48,0.06441709203366297,-0.00013797845205131172,-0.004983625150286147
624,432,0.001024455915271021,-0.0007740679979953285,-0.0062095825984715,48,0.06762868828452329,-0.0010481468076830817,-0.005321842165008774
625,441,0.0005019436780667841,0.0007510284696092377,0.006372849730337776,48,0.0369345590455179,0.0011158312261403264,-0.0015963638021478169
626,429,0.0009005818687783263,-0.0007551333037939985,-0.0062095825984715,48,0.027168883357695295,0.0018385978816516223,-0.003399486210620764
627,431,0.0009725929519802882,0.0011537942022371173,-0.0013140448074022773,48,0.04706216522026252,0.0005981774077929818,-0.0036677096080560845
628,429,0.0008491184517754559,-0.0002929536555021199,-0.005820904582982081,48,0.03971786882221684,0.0029684902135789365,0.00180125403052828
629,445,0.0010070281799234738,-0.0009879183814955617,-0.0062095825984715,48,0.05085188723822698,0.001040713133269925,-0.0019127550464776537
630,419,0.0007330184003854919,0.0003172330224022,-0.0013451166832809322,48,0.03973290139001118,0.0017692973034693776,-7.35047920332986e-05
631,397,0.000668594707217713,-0.00028622767162966856,-0.0043993303172049775,48,0.043667387866099916,0.0015311077584887912,-0.00015140099190218137
632,451,0.0009001473152527714,-0.0004987061802855554,-0.007363794954374656,48,0.025543913311598443,0.001702473065967866,0.0013638868125853826
633,435,0.001040828424705931,0.0007573990082795365,-0.0028710573064437174,48,0.06592096188989316,0.000627242883829645,-0.003892325526525447
634,429,0.0005014890280590767,0.0005090579638789648,-0.000470790839148371,48,0.06280535537133114,-0.000992898523632671,-0.003488645282278059
635,427,0.000858956299537142,0.00015170621493083847,0.0010795599775068644,48,0.034576672295562494,0.0028193288830092762,0.00035098206276410956
636,384,0.0010087023052030358,-0.000459994692240423,-0.006161169580553849,48,0.04283159823603533,0.0011586875936762334,-0.0008550168342869244
637,473,0.0009723629260759911,-0.0012143820535239908,-0.004531381795874562,48,0.06266390758910201,-8.342601448461592e-05,-0.004474691377679052
638,425,0.0008892918412668344,-0.00047316954085776033,-0.005540379060910525,48,0.03956045477198655,0.0026048024562816147,-0.0004513649397302963
639,403,0.000888935871209519,-0.0006937698949501386,-0.003997488689517548,48,0.04103037655910502,0.003271724821085154,0.007097132824965035
640,457,0.0007161721929452025,-0.001019761852137313,-0.0062095825984715,48,0.06362589500436344,-0.0008601901263823736,-0.002837817140808819
641,389,0.0008901113698035075,0.00046669586239557817,-0.0008010633131405875,48,0.07816298839518565,-0.0014367039153714515,-0.00631686126905763
642,367,0.0010301255225171574,0.0003383266783497166,0.0018533056002863757,48,0.030670606700009873,0.0021932080572669346,0.002238502247634668
643,433,0.0010822462189037374,-0.00042860872392087856,-0.006101430105053235,48,0.04770649213702172,-0.0014457177024402405,-0.004415814930647622
644,466,0.0005637637525712632,-0.0008427893348204527,-0.0062095825984715,48,0.0673210471157989,-0.0022527206870512594,-0.006187787850745131
645,430,0.0007312042550358475,-0.0004837132535840359,-0.005891035963499866,48,0.02512926002043725,0.0019833997040171365,0.0024866059513869304
646,439,0.0010899092151224242,-0.00045532386249249115,-0.006522218388160375,48,0.10090299438602834,-0.003451097236496602,-0.009199347379620155
647,387,0.0007090062838324574,0.0008559274602115002,0.008495641949748237,48,0.013157733894070267,0.001520001420683162,0.0011053221357300788
648,395,0.0010120467192564061,-0.00026178577640260936,-0.0046703825115661235,48,0.06219123264237436,-0.00019062727310463663,-0.005079474242213347
649,403,0.0009981483606230379,0.0006722934830723833,0.0031886614012217873,48,0.08256455134645757,-0.0006016022396966216,-0.0045737257925789546
650,484,0.0009759347532459078,-0.0008553013538632158,-0.0062095825984715,48,0.04649811668137949,0.0018220638217768103,0.0005376025468364597
651,392,0.0006262056429043516,8.796518433361322e-05,-0.004850918896812478,48,0.03684037352655811,0.0007036245224805934,-0.0029507182771461547
652,483,0.0009085026419569982,-0.0007451068019432641,-0.0062095825984715,48,0.043249256690461646,0.0017549985897639892,-3.358869917193495e-05
653,450,0.001149205000184603,0.0010339628371770822,0.005895221480970228,48,-0.005536800316104706,0.004934731221043669,0.005753952034959859
654,432,0.000894179908971799,-0.0006941687591678729,-0.00603129872453545,48,0.07126769246820475,-0.0011315828935211623,-0.005228627872569523
655,423,0.0009608343184364463,-0.0008384859191241552,-0.0062095825984715,48,0.04235551959356121,0.0010322170391559478,-0.002261642908902243
656,448,0.0007867867817752438,-0.0007047085930771708,-0.007153400812821287,48,0.018840130721665016,0.0042378418577424665,0.005704957698162443
657,404,0.0008967872934636455,0.000987514955875319,-0.0016249073435066486,48,0.05134861997852569,0.0010457804126491731,-0.0011024289444754656
658,419,0.0009320628649488482,0.00046279624523396304,-0.0013451166832809322,48,0.06421583663622044,-0.0029733813515795925,-0.007928380479479493
659,472,0.0009407971306921205,-0.0006972474547294206,-0.008836553945249459,48,0.010005375387601823,0.003007819479216349,0.001325613084090651
660,430,0.0009251568844592106,-0.00043991231202236,-0.005891035963499866,48,0.039234069418562445,-0.0007378401267503793,-0.004798453411726923
661,414,0.0008534993562357091,-0.00029761090815327157,-0.004768933875214029,48,0.0221937018689089,0.0025814936910417557,0.0024259016097352877
662,428,0.0011917430134674716,0.0007126476131356875,0.0031886614012217873,48,0.06026986815665525,0.0017539807077835302,-0.0018741024823188644
663,430,0.0009251568844592106,-0.00043991231202236,-0.005891035963499866,48,0.03039167940990417,0.00046831967872632864,-0.002913857656753522
664,430,0.0009765006190969568,-0.0008729091040777064,-0.0062095825984715,48,0.022559962473634676,0.004245657198020652,0.006827162794730383
665,450,0.0008170048451181032,0.00041985820091270266,-0.0013451166832809322,48,-0.004575075112981386,0.0031341235180184683,0.004215315260946921
666,463,0.0009652143632512145,-0.0006895783100951472,-0.0062095825984715,48,0.036011719220878424,0.0015019337640120659,-0.003128780110425146
667,452,0.0007390147060586548,0.00011470995919068798,-0.002149702540704991,48,0.061878473632453024,-0.0006460410873568648,-0.003281462554717906
668,400,0.0010243315153490276,0.0002459704396601675,0.003149386230606073,48,0.05004514904079038,0.0018432081003515602,0.0005238201890258413
669,464,0.0010354308075239274,-0.000799947736678696,-0.0062095825984715,48,0.06256622288201108,0.0010176428137458893,-0.0001942926002179192
670,462,0.0010486615472812847,0.0010778399983430434,0.008495641949748237,48,0.03478571573919176,0.001986085248325657,-0.0005690911695652376
671,434,0.0008743379912178198,-5.795823615070694e-05,-0.006171561485571034,48,0.01889158035406513,0.0038115065156434924,0.002328220711012737
672,428,0.0008416142648359683,-0.0009828314090896996,-0.0062095825984715,48,0.06062327465409256,0.0008190901727086197,-0.0012064641161309286
673,407,0.0009974860518338789,-5.468423274632844e-05,-0.004278014211589104,48,0.035593557612284554,0.0008871222263940014,0.0003545872096129745
674,454,0.001039832678953005,-0.00026586878211552756,-0.007574189095928427,48,0.03182514164424133,0.0010200454193896643,-0.0015115499213755532
675,423,0.000960834318436448,-0.0008384859191241517,-0.0062095825984715,48,0.04806902459926665,-0.00011600400651198134,-0.002863036956359182
676,426,0.0008328603007080474,0.0008906024242328996,0.008495641949748237,48,0.07780978114861437,-0.0008754353405663138,-0.004448533865001651
677,388,0.001165710012250553,0.0006750624612922671,0.008468955282059154,48,0.05948734495633945,0.0006102938994658868,-0.003762120455651788
678,428,0.0009675836494344092,-0.00011109107652675435,-0.0057507732024638936,48,0.034009138606568734,0.0020511659485707313,0.000299103121106788
679,425,0.0009291604457134454,-0.0012567079328077851,-0.004531381795874562,48,0.07640057350733598,-0.0015768328026500283,-0.005598278082196154
680,450,0.0007087866756412117,-0.0008605004111057052,-0.0062095825984715,48,0.06333391250700504,-0.00033108878771661784,-0.002335638049369971
681,476,0.0009662916427977519,-0.0011950673968889394,-0.004531381795874562,48,0.04328909713922857,0.0005632050701009621,-0.00113220089898617
682,445,0.0010185644698210514,-0.0005205167817522484,-0.006943006671267515,48,0.019911140701549535,0.0018611441784311114,0.003867577994700158
683,360,0.000883913217431065,0.0006055885121417524,0.0005137323313652992,48,0.06574134824381495,5.542911396253826e-05,-0.002901115388944806
684,421,0.0009002247343068018,-0.0007243480677994914,-0.0052598535388389545,48,0.04254406123483001,0.0015239470162039439,-0.0009895761645236055
685,463,0.0008113826394233522,-0.0011928063474334859,-0.004531381795874562,48,0.061351504087832076,-0.0010343592906739817,-0.006239652074065294
686,498,0.0009378133780938245,-0.001083314175163344,-0.004531381795874562,48,0.043629006718810315,-0.00022399332636459726,-0.003985791451501821
687,492,0.0006262836703878876,-0.0009899374906441882,-0.004531381795874562,48,0.07267720022575275,-0.0010718713438894346,-0.006438803855568803
688,444,0.0007077254963728389,-0.0003269396325062124,-0.00687287529074973,48,0.030033365773792897,0.0014925669540068309,-0.0016658746509899437
689,420,0.0008637099051465287,-0.0007559968994232981,-0.0051897221583211695,48,0.07575828342933166,-0.0023408258676031017,-0.005986967319282027
690,450,0.001040802227731911,0.00020552717251767685,-0.0022363044117270775,48,0.031437809155312246,0.003730479729800673,0.0036128258452262033
691,445,0.0008692263265351226,-0.0012917290205500497,-0.004531381795874562,48,0.059745635788139295,-0.0006280528725127466,-0.005924310900570568
692,418,0.000737319283912216,-0.000736018609383559,-0.005049459397285586,48,0.059407615307308315,-0.0010593289536146005,-0.0037356131594606136
693,428,0.0006071475004186403,-0.0004622966415286922,-0.0057507732024638936,48,0.03770488135422323,0.0012036423620315952,-0.0031869122493279767
694,466,0.0009580800740791214,-0.0011839977885458042,-0.004531381795874562,48,0.050856138817808816,0.00022576261477347606,-0.0005724314649950199
695,411,0.0010626014448287216,0.0010303526179922676,-0.0022777522173659526,48,0.09524491560259696,-0.0025143572194228844,-0.007508453707245122
696,483,0.0008978739690699948,-0.0010934932622683573,-0.004531381795874562,48,0.04949869310700872,-0.0003574119502428724,-0.0036025686181170233
697,459,0.0009655146327233301,-0.0006362513582151667,-0.007924845998517394,48,0.028730142335405273,0.0021161562163139695,0.0001657139292416919
698,457,0.0010433014214105982,-0.00047229678537191386,-0.00778458323748181,48,0.07820812679394396,-0.0009079791699955278,-0.004483150289691743
699,513,0.0008028376566553072,-0.0013635660957918294,-0.004531381795874562,48,0.058610493031530986,-0.0008339000649106813,-0.005395747275884974
700,446,0.0008656906085200552,-0.0005311364651815371,-0.0070131380517853,48,0.05662037873487569,-0.001190570238457993,-0.006309325336753827
701,482,0.001075731417553935,-0.0009518229545538888,-0.0062095825984715,48,0.10066004136784834,-0.003216063347899433,-0.009277226297560594
702,458,0.0007500592689030144,-0.0009975713528088959,-0.0062095825984715,48,0.055233933698665805,0.0011832164496058256,-0.0038374284510913834
703,397,0.0009213699595366429,-0.0008714429899928273,-0.006142454566367583,48,0.062270544430754304,9.499765841720909e-05,-0.004563268917784111
704,473,0.0009365401842370731,-0.00047740888156124275,-0.008906685325767646,48,0.03262587454342414,0.0017047331902625903,0.0006346550187507176
705,482,0.0006937636730969645,-0.0008707137910558618,-0.0062095825984715,48,0.009896014686182064,0.002063016825772838,0.0017397774819883326
706,447,0.0008394050748339668,-0.0006618356570023756,-0.0062095825984715,48,0.07028169086591407,-0.0016303200961208936,-0.007223279653046581
707,405,0.0008919242667080681,0.0013765934165301712,0.008495641949748237,48,0.03175575274433151,0.00128017652994376,0.0010037370180610867
708,444,0.0008955625023459157,-0.00028153610196412354,-0.00687287529074973,48,0.048205537244665364,0.0007332670548628635,-0.0014303325783726027
709,424,0.0009968617209439607,-0.0008149898879221025,-0.0062095825984715,48,0.03898207404107479,0.0007063414828785645,-0.0004765744179052213
710,464,0.0006648857422038544,-0.001197598132975767,-0.004531381795874562,48,0.042506474149015094,0.0016778847941351423,-0.0005734382024256725
711,422,0.0008434481698442143,-8.584611463597486e-05,-0.005329984919356753,48,0.07256431135175911,-0.0014077824890248707,-0.004241453571609271
712,390,0.0008850784213103049,0.0008935822192411829,0.008495641949748237,48,0.027251586488435953,0.0010832934182171874,-0.0006635226567944658
713,422,0.0006746707098150648,-0.0008316820137442976,-0.0062095825984715,48,0.06371247240718736,0.00022430348249864382,-0.0023349557876126154
714,462,0.0007147510023056375,0.0005552814999790897,-0.0009927025023643565,48,0.05575363461270111,-0.0004964433122818957,-0.004905953294349209
715,412,0.000915203891436245,-0.00041528616525593476,-0.004628671114178445,48,0.00251675430487619,0.0038204401742875736,0.0021862819411229834
716,445,0.0009185180733652749,-0.0004271523921581914,-0.006943006671267515,48,0.078725178633413,-0.0015574047352298337,-0.006491156423020495
717,423,0.0007235960792624143,-0.00026965324538451643,-0.005400116299874941,48,0.07493713270452196,-7.175003495377488e-05,-0.003030581578638624
718,390,0.0010989236281104238,0.0010856087784068104,0.008495641949748237,48,0.029654781230196714,0.002152997749112989,0.00029252961127390967
719,394,0.0011030063845238356,-0.0005250554353959554,-0.004805908608746676,48,0.08195448458365917,-0.0031232175406083144,-0.008769294759248734
720,426,0.0008846861361405146,-0.0002584630867798962,-0.00561051044142831,48,0.01024133108544567,0.005321666214509075,0.004014575707822651
721,473,0.0009731346694890112,-0.0006673143806005342,-0.008906685325767646,48,0.061719007170072726,0.001151173543509557,-0.0013075497736086683
722,407,0.0008592078338455142,0.0008249688144995439,-0.0013451166832809322,48,0.06281585485974983,-0.0009141412990642701,-0.004293095722986483
723,467,0.0008340008049066798,-0.00013308540539027497,-0.01067147202412903,48,0.06784117627305675,-0.0002658208171256605,-0.001842854716469184
724,436,0.001045890216975068,-0.0004614011686145808,-0.006311824246607006,48,0.07071954481437248,-0.0013098433244055543,-0.007858189586022966
725,419,0.0009847545257942692,-0.0005445503139640609,-0.0051195907778033845,48,0.04091010718407184,-0.000617525296555281,-0.002226864190969558
726,402,0.0010151620453823203,-0.00048469412492093897,-0.003927357308999749,48,0.037299452802656785,0.0018353324189569527,5.7233190002073386e-05
727,462,0.0007787678702965107,-0.0009537403823112571,-0.0062095825984715,48,0.07780449175904669,-0.0014636338583611727,-0.005055989830034349
728,477,0.0009725884139742892,-0.0006664358548651786,-0.0091872108478388,48,0.028166748010083564,0.0026539850333711194,0.0024728294332108207
729,428,0.0010594152524234018,-0.00010931072056622262,-0.0013451166832809322,48,0.04526950592736756,0.0015736870456492594,0.00018269724349518138
730,389,0.000675695898644621,-0.0005257870156860737,-0.0054835390946502555,48,0.08026287503439322,-0.0013933760238451932,-0.004627256943321934
731,400,0.0007186150090739479,-0.0007056368062323681,-0.00399275202566253,48,0.05229932525372427,0.00033367539023209,-0.0023112232790770647
732,458,0.0010386812468168088,-0.00026648591866450244,-0.007854714617999595,48,0.04475105013684366,0.0004735890462480661,-0.001277286709920767
733,412,0.0008083771117429247,-0.0010377863419251364,-0.0062095825984715,48,0.0843642969830064,-0.001506053983556535,-0.0069469265852757575
734,398,0.0009172768091152287,0.0008358791785295465,0.008489483487973834,48,0.05938804542036247,-0.0023392160888467423,-0.007157695622385812
735,483,0.0008269395259173293,-0.0005578670259150618,-0.0062095825984715,48,0.07572773216227369,-0.0006100895608430121,-0.0070725796065275424
736,446,0.0009918772334556215,-0.0006545228498191363,-0.0062095825984715,48,0.04088741702804877,0.0013036363432221611,-0.000955690582422019
737,441,0.0011978690035258886,0.0002712784395973739,-0.001270352478082118,48,0.05998001729151481,0.0003922384522968194,-0.0036780124008177328
738,466,0.0005637637525712624,-0.0008427893348204527,-0.0062095825984715,48,0.07939581171762133,-0.001005145415127683,-0.005169339828055352
739,460,0.0008174087798904009,-0.0006461427950569913,-0.007994977379035581,48,0.06481163575794857,-0.0003508936678831547,-0.0019361945604440649
740,431,0.0006659087796931484,-7.193178188324555e-05,-2.795670066201364e-05,48,0.06762242304413091,-0.0009217750670757006,-0.004838474875566327
741,438,0.0009645700009232091,-0.0006918213609604061,-0.0062095825984715,48,0.06602719120602185,-0.00182996644642532,-0.003686997702385451
742,398,0.0006771181136364535,0.0015253110859514921,0.008654875329090164,48,0.011883426066555125,0.004080705203302304,0.0023195972915164287
743,452,0.0009340771950456239,-0.00046614456793862835,-0.0074339263348924545,48,0.04826797157947893,0.0009479736726014688,-0.0016858347640834187
744,435,0.0010109693830333511,-0.0004936719320878524,-0.006241692866089221,48,0.01200612411830515,0.0003617052223030808,-0.0017444516133023197
745,465,0.0008887671333778048,-0.000806853290487592,-0.0062095825984715,48,0.06924221147316856,0.00018331822106910228,-0.003655744926418212
746,400,0.000883841106893643,-0.0004623070565441846,-0.00399275202566253,48,0.01477284452001637,0.0032781375205684672,0.0011402137228406703
747,429,0.00104352318523011,-0.00024728109955070646,-0.005820904582982081,48,0.040471562102523784,0.0013213684620582821,-0.0005638165584928231
748,453,0.0008116365355677075,-0.000430434715787735,-0.007504057715410253,48,0.044761565096122946,0.0010192925921295344,-0.0020243702365482577
749,419,0.0010897966098841207,0.0009190640058613928,0.0075403854510134385,48,0.06542862962024076,-0.0006595661935730902,-0.0035295762677592015
750,364,0.0008841778381115857,0.0005972354658691937,0.0003323812079850941,48,0.038155870450580553,0.00018244398927009728,-0.0040058604602159625
751,456,0.0006441777361187902,-0.000900877063017811,-0.0062095825984715,48,0.09397009295655567,-0.0024245588271374578,-0.005278175570153823
752,406,0.0011651451768446845,0.000710417903990959,0.0031886614012217873,48,0.031288398052950694,0.0018690553930607538,0.00029558782471832135
753,454,0.000942888552887702,-0.0008874476987882386,-0.0062095825984715,48,0.05413157124052792,0.001753926434376732,-0.0005863588206539809
754,414,0.0008944465652177616,-0.0009056912904167082,-0.0062095825984715,48,0.024582516042206737,0.0016013981662757705,0.0013134781962117134
755,418,0.0008540399423631042,0.0006493926661192313,0.007593455256498655,48,0.04646211268529443,-0.0008291280704232767,-0.0056904399295420564
756,459,0.0009647367525368444,-0.000980184348910347,-0.0062095825984715,48,0.1059614103520583,-0.004075175193359834,-0.009089109763079747
757,420,0.0008111437006364545,2.874894936776961e-05,-0.009993418193901288,48,0.045628531401727845,0.001853737389889103,0.0006065072141828269
758,389,0.0011045063072123665,0.0006481349359022601,-0.0008010633131405875,48,0.02715909508440384,0.002991670938218869,0.0013023348830394285
759,432,0.0009559934314474477,0.0008090258120850187,0.008495641949748237,48,0.0877561254626642,-0.001970347402662307,-0.0071364329624548015
760,377,0.0010772556843271488,0.0007635809153940494,-6.645707128924427e-06,48,0.05423294879056151,-0.00011597237663565213,-0.0008250223355350892
761,497,0.0009070314070605684,-0.0011012052808933338,-0.004531381795874562,48,0.05240156792130268,0.0004848068923610678,0.0004639247012280783
762,426,0.0009253180411268229,-0.0004400513040515759,-0.00561051044142831,48,0.04747710323396803,0.0015116345980007917,0.0013504105107793474
763,474,0.0010154129823813259,-0.0005288184400239516,-0.008976816706285431,48,0.07188157240377602,-0.0018654124748603423,-0.007645203798897576
764,453,0.0007144784048091048,-0.001022843029009464,-0.0062095825984715,48,0.08207256003349794,-0.0018374377075677899,-0.005665950993324167
765,414,0.0008116897148729854,-0.00011754515791693662,-0.004768933875214029,48,0.09336324135948892,-0.002501805514094865,-0.006777649685598363
766,430,0.0009251568844592106,-0.0004399123120223565,-0.005891035963499866,48,0.015135477758642879,0.002197235743133694,0.0019730665621585618
767,421,0.0008882470857639255,-0.0011409415185137557,-0.004531381795874562,48,0.026381267214557025,0.001401592864292438,0.0011157751570665085
768,457,0.0007169709558212613,-4.2773969685511e-05,-2.795670066201364e-05,48,0.04137371576218962,0.0016387107925965368,0.0009553924044808128
769,446,0.0008541801847433226,-0.000994434154528625,-0.0062095825984715,48,0.032413556354799034,0.003940484189759874,0.004250712993607134
770,451,0.0009273459881743128,-0.0010987576818530416,-0.004531381795874562,48,0.06519086021597797,6.135825105825499e-05,-0.0001732258172526327
771,410,0.0010678095911393897,0.0005505806329259063,-0.01067147202412903,48,-0.0018589510322827296,0.004467799487939846,0.0038971966945991945
772,422,0.0010931978504299176,0.0004991060701011341,-0.0013451166832809322,48,0.024265632937683357,0.0023249826022148437,-0.00018548089778853624
773,416,0.0008632840994329521,-0.0007575839139286299,-0.004909196636249613,48,0.038879590874638215,0.0010634948245897557,-0.0018932100734048614
774,373,0.0009597125248554448,0.0006857467396298306,0.004674615954809051,48,0.06508762643730182,-0.00011094311329807975,-0.0034688998161522544
775,377,0.0007838575794181326,0.00015737236825297696,-0.0002570099430002429,48,0.05573263807464168,0.0006309881025553521,-0.002046942198029658
776,439,0.0006588338123144927,-0.0008661915288011163,-0.0062095825984715,48,0.08550449174355035,-0.0024125875596708556,-0.00750554409910921
777,430,0.0008849029506820755,-0.0002591086339470486,-0.005891035963499866,48,0.05405089112134154,0.0005669902928480859,-0.00211568657631692
778,388,0.0007936367947137903,0.0006987682783572346,-0.0026486976970069055,48,0.04460412845661088,0.0008005383726976921,-0.0025956395912400277
779,429,0.00104352318523011,-0.00024728109955070646,-0.005820904582982081,48,0.07084239460730579,-0.0016879042729808866,-0.00741978049391152
780,446,0.0008541801847433226,-0.000994434154528625,-0.0062095825984715,48,0.07311559926568933,-0.00041474743036354,-0.005246332487577547
781,435,0.0006283436030368114,0.0004030153472314212,-0.01067147202412903,48,0.055350997754206266,0.0005728597544501701,-0.0026876904883332085
782,362,0.0007993365731508639,-0.0005411254946651387,-0.009142743718528551,48,0.12141940362552428,-0.005188104025952394,-0.011453883424720566
783,385,0.0008316324870845226,-0.00047134349410446474,-0.006025643483372506,48,0.06405557885955593,-0.0015499346499978032,-0.005820646463806884
784,333,0.0010352038834325473,0.0006635633449309361,0.0017378524141809445,48,0.06409986725081163,-0.0016980807698726407,-0.0063671640519840055
785,436,0.0008718038785932025,-0.0009374237165181432,-0.0062095825984715,48,0.05787219554079759,-0.00025171266951506954,-0.005808266442761443
786,496,0.0006634530890170208,-0.0010964564953073533,-0.004531381795874562,48,0.011512223331622384,0.002304799629659536,-0.00013642659562519352
787,478,0.0007832839209928749,-0.000958636073130497,-0.004531381795874562,48,0.054424992729052324,0.0008450188764587939,0.0007242830674719647
788,466,0.0007798771048807326,-0.0009510124359397437,-0.0062095825984715,48,0.0546587931592305,-0.00039454669070850684,-0.003396391459903454
789,444,0.0009842899461458225,-0.0005523112073683792,-0.00687287529074973,48,0.059630733994400664,0.0009442749328268558,-0.0031987305728987912
790,373,0.0009724970137832299,-0.00027958406112266534,-0.0076519566495408115,48,0.028023418773113873,0.003169824726573912,0.0033580500348131155
791,426,0.0007295442602534745,-0.000484084917393688,-0.00561051044142831,48,0.034404214785938136,0.0018840284208631979,0.0007326129415624986
792,413,0.0007627953380284032,0.0008439342932608108,0.00785880428392504,48,0.04967431830858704,-0.0003079128672448996,-0.005040972832220915
793,467,0.0008122101431487037,-0.0011888012067509356,-0.004531381795874562,48,0.05234012861373283,-0.0004368369926971011,-0.0037899219312118974
794,429,0.00046114126226847515,0.0008204441074996056,-0.003956496178718676,48,0.059336310865327646,0.0005685286816750519,-0.0033630337782545178
795,459,0.0008900933188925363,-0.0002777055244446158,-0.007924845998517394,48,0.04623971850569231,-0.0007597803042364622,-0.004490492919244252
796,398,0.0005851439802596562,-0.000684968710045919,-0.004263804220023662,48,0.03712686652163821,0.0011433394323057643,-0.0017946618689673455
797,357,0.0006786553411846051,-0.0006766134445010882,-0.009820374204432145,48,0.09975414515459335,-0.003063933708977177,-0.006737625943948826
798,391,0.0005862817366672213,-2.502058880732988e-05,-0.008985443345346539,48,0.027592906532007855,0.0008527815132151001,8.849675564249343e-05
799,484,0.0008036214667747378,-0.0008835572203189507,-0.0062095825984715,48,0.06351418517056451,0.0004678369455234019,-0.0024470388939363107
800,395,0.0010118161902238224,0.00034016898396745966,0.001973487462617888,48,0.03667810683993733,0.001261401116505658,-0.0035064046399718857
801,464,0.0008659674103644842,-0.001011305888968507,-0.004531381795874562,48,0.07043742377923823,-0.0015676989196572108,-0.005367893538016651
802,457,0.0008978846298083286,-0.0012437979710695594,-0.004531381795874562,48,0.057080673342133625,-0.00033982282702682207,-0.0026035416814231584
803,430,0.0007201144541752347,0.0001484473881814951,-0.003806999718835642,48,0.052399258641687374,0.001347788718176278,-0.002422672098433023
804,452,0.0007775108354658167,-0.00046237043600961744,-0.0074339263348924545,48,0.0315051479259274,0.0011623092076735436,-9.919032447207321e-05
805,488,0.0008303451090361062,-0.001080083618771769,-0.004531381795874562,48,0.08603677652869923,-0.0013206719353851763,-0.005789133035587273
806,414,0.0008829281730195404,-0.0006667346766453426,-0.004768933875214029,48,0.052348668837565615,0.0018221333393978034,8.087287299788498e-06
807,382,0.000871159648460026,-0.00043742225689264586,-0.006432221774914981,48,0.005346772717434112,0.0047778917429531186,0.0030150432538819244
808,446,0.0008268807620533097,-0.0003490679054563364,-0.0070131380517853,48,0.02669806394090346,0.004040850345396398,0.004703721020850479
809,374,0.0008966049211857679,0.0006952774290781795,-0.002901705837997915,48,0.04403383108688208,0.00040865189153400407,-0.004675356514631541
810,445,0.0007319055258451666,0.0006336238697380089,-0.0026799133502032092,48,0.0857013763405845,-0.0007229302923992646,-0.005692869288701847
811,432,0.0008148712607247228,0.0010848942540679527,-0.0016095071952559846,48,0.07859105052223925,-0.0017514333731976084,-0.0057893064859421434
812,427,0.0007253234574366163,-0.0002702375879220058,-0.005680641821946095,48,0.06558546417438427,-0.0007535284142976568,-0.0057624504833523466
813,466,0.0007427329170606317,-0.0008137156064824437,-0.0062095825984715,48,0.010769858094669571,0.0037514492050350207,0.002083887837932036
814,388,0.0007490254763525338,0.0009877485539641576,0.008495641949748237,48,0.0116247113148098,0.00321935175900237,0.0012428246312060787
815,502,0.0009720562322954717,-0.0011917811531528127,-0.0045481638039005234,48,0.08555974107200848,-0.0011005274218791796,-0.0066932182255203775
816,433,0.0008896373721322673,-0.0004725493338308302,-0.006101430105053235,48,0.07982568815199831,-0.0004575260574135147,-0.003608121041275534
817,443,0.000850168586207452,0.0005490980028655347,-0.00491060245891177,48,0.019829784925742056,0.0029790067948613688,0.0018572260936000166
818,424,0.0008001644788400777,-0.0008454873772133151,-0.0062095825984715,48,0.02300817655373788,0.003683569370646676,0.003804395691064477
819,470,0.0007918901163325052,-0.00048815947300301366,-0.008696291184213875,48,0.03432648918142378,0.0022003914950254454,0.0007502078689357039
820,485,0.0008354417379393729,-0.000861896786155416,-0.0062095825984715,48,0.0617566793387595,-0.00026814731326016243,-0.004292689106491571
821,361,0.0010953185291108676,0.0005776721393670817,0.008413529126089517,48,0.04378618379899113,0.0018139278699067368,0.0006180722402089646
822,464,0.0008659674103644842,-0.001011305888968507,-0.004531381795874562,48,0.053432403509206416,0.0016891482493436236,-0.0013401010399545915
823,427,0.000765860205736775,-0.00045122902080481364,-0.005680641821946095,48,0.09790718154669331,-0.0027663647922019814,-0.009080125527210893
824,409,0.0008028035616090626,-0.0008708214329756596,-0.0062095825984715,48,0.05796610272312874,-0.00036556930405801796,-0.004409309440215732
825,457,0.0006782965003321456,-0.0008783914885925094,-0.0062095825984715,48,0.04812467743712945,0.0018003595442338434,-0.0003354308915479477
826,371,0.0009821532346012476,0.0006253202391456516,0.005581595225314928,48,0.041560087154843495,0.001339848771719155,-0.00039416680999875345
827,414,0.0006938606143809308,-0.0005345402301276496,-0.004768933875214029,48,0.08106781259458684,-0.002153879987413289,-0.00787594315086855
828,442,0.0010146276397342046,0.00019307631277609705,0.00040255252664681343,48,0.05762297866802657,-0.0010633806811693614,-0.006188574602454632
829,466,0.0009690964882516995,-0.0008425747956907308,-0.0062095825984715,48,0.04672445827228333,0.0006733030339776212,-0.0024305013227674394
830,489,0.0009165975516261518,-0.001049749269308408,-0.0062095825984715,48,0.026180827325290146,0.003882583647384412,0.005359831748280712
831,431,0.0008184224505105057,-0.0005363848078501383,-0.005961167344017665,48,0.040702315600517625,0.0010260173827904163,0.0022746819235494476
832,425,0.0008252648885641216,-0.0005620553631774869,-0.005540379060910525,48,0.05748374474274165,0.00020217001801092413,-0.002243019872745243
833,434,0.0009249986984214151,-0.00043978420988850797,-0.006171561485571034,48,0.044242249545323076,0.0006584811204639884,-0.0012515887507930194
834,478,0.0008557073164914795,-0.0011817404162513256,-0.004531381795874562,48,0.04243505201228881,-0.000206142766847257,-0.0041623019638621465
835,437,0.0010923987107257982,0.0010170347448810301,-0.004702604605986371,48,0.05570286936728486,-0.0009117051469842308,-0.004621614368401923
836,468,0.0008663266094157147,-0.0010080879549861158,-0.004531381795874562,48,0.039944644747018754,0.0019307896277596546,0.0016429463015310182
837,452,0.0007878770811095216,-0.0001410477696329529,-0.0013451166832809322,48,0.039185317034575395,0.0016868528581949135,-0.0008866988791179017
838,455,0.0007827244197154493,-0.0006771458918729788,-0.007644320476446226,48,0.0886775489913536,-0.001084367242077125,-0.00653322441875343
839,423,0.0009608343184364463,-0.0008384859191241482,-0.0062095825984715,48,0.03734788628046237,0.002972492562643797,0.004799390659731152
840,469,0.0007111067402261516,-0.0008338317272818738,-0.0062095825984715,48,0.03287822604103108,0.002591612714331339,0.001289365937220406
841,405,0.000608290472309081,-0.00010320137182276944,-2.795670066201364e-05,48,0.05432735599794902,-0.00047129575481152756,-0.003773944196949616
842,457,0.0008607902216714166,-0.0008488249005597914,-0.0062095825984715,48,0.03536665742306133,0.0004571677216369946,-0.0025539455676888145
843,423,0.0008167095483366414,-0.0008853740341700049,-0.0062095825984715,48,0.041214167849683236,0.0017334524610228969,-0.0005166416084636458
844,444,0.0009063206149558809,-0.00019946427110398637,-0.00687287529074973,48,0.10394111480940638,-0.00393920855062962,-0.007469498036067255
845,452,0.000923728621146965,-0.00024350917969525113,-0.0074339263348924545,48,0.02521722522957881,0.00253169564877748,0.0036013240869003545
846,467,0.000907543433133335,-0.001255063306086851,-0.004531381795874562,48,0.06864147172511537,-0.003127855838529637,-0.007371367200014398
847,430,0.000782547989673592,-0.0009034621490888288,-0.0062095825984715,48,0.043890280131517745,0.0008228870929371628,-0.0015795252981397993
848,408,0.000872850090564049,-0.00023643981172889045,-0.004348145592106889,48,0.07706630965246819,-0.0013312410975654665,-0.006965915442540979
849,475,0.0006756289542966375,-0.0010773059817078857,-0.004531381795874562,48,0.08206186696008078,-0.0017305461661386804,-0.005159111902018589
850,429,0.000849118451775455,-0.00029295365550211644,-0.005820904582982081,48,0.017289634833629997,0.0024497966135167927,0.0017848358442514173
851,347,0.000964360001535098,0.0003155925090922657,0.00010224164813549957,48,0.05625811372394118,0.00028893960686828674,-0.002511121865818762
852,476,0.0007191047379767786,-0.0006969530224448656,-0.0062095825984715,48,0.035654666826409054,0.0017342546268418677,-0.0006172504834327658
853,456,0.0009615493488597127,-0.00041953029102255457,-0.007714451856964025,48,0.05057963864351489,0.001525408158169459,-0.0030560019225642325
854,411,0.0009737580236216792,-0.0010311122600137196,-0.0062095825984715,48,0.05386022698104265,2.9895836746065066e-05,-0.0035206344848597512
855,466,0.0007427329170606334,-0.0008137156064824437,-0.0062095825984715,48,0.05215261737234533,0.001358301562408749,-0.002089978046399918
856,422,0.0008024311283177507,7.696218902485813e-05,-0.005329984919356753,48,0.03961262807581378,0.001889117456132964,-0.0024480525378491914
857,437,0.001008841168126039,-0.000994086299628865,-0.0062095825984715,48,0.061269036236032304,0.00011596980557145031,-0.0034372256894502906
858,403,0.0008889358712095207,-0.0006937698949501386,-0.003997488689517548,48,0.09127990445862622,-0.0033382206801169222,-0.007480274874637174
859,398,0.0007937936879140496,-0.001023783229575654,-0.006159236574393642,48,0.07712269857557752,-0.002002283326039883,-0.008417078619405109
860,443,0.0007009802360316533,1.7214135567026993e-05,-0.010185951997546218,48,0.030223114036630805,0.001629320493915093,-0.0018027989686622212
861,411,0.0009191525722139163,-0.001251286843497592,-0.004531381795874562,48,0.058561754675413136,0.00048712324142176355,-0.0024902011345616544
862,420,0.0008637099051465287,-0.0007559968994233016,-0.0051897221583211695,48,0.06397470820573281,0.0009525344735219123,-0.0038631505029872552
863,447,0.0007522237701424773,-0.0007352109746840974,-0.007083269432303099,48,0.09314364907252648,-0.0009046054215250017,-0.006958496117020561
864,390,0.0010545410857407634,0.0013082242720499002,0.008473060923242084,48,0.031112729537182804,0.0023584931499117216,-0.001669577821925252
865,478,0.0008656834971819908,-0.0013095159639255512,-0.004531381795874562,48,0.07591373128861278,-0.001993577853655285,-0.00584280126013512
866,454,0.0009428885528877037,-0.0008874476987882421,-0.0062095825984715,48,0.07172942415403549,-0.00036265575903270814,-0.0023744364793135773
867,504,0.0007260168149982021,-0.0015274169215645783,-0.004531381795874562,48,0.0889997853628316,-0.0031998594570163963,-0.008257533665129897
868,410,0.0009478139769320396,0.00079139804237836,0.008308835275924652,48,0.054572545482735935,0.0011469269555112148,-0.0025244379681307848
869,429,0.0009417805311525125,0.0005134449536303752,-0.01067147202412903,48,0.06218095193470097,0.0003387543715366731,-0.0021949331084958196
870,472,0.0008565767238006856,-0.0008249170290700568,-0.0062095825984715,48,0.05641559877096147,0.0013227326663951058,-0.0022050552486908917
871,439,0.0009213320386606181,0.0014000321489901473,0.00836836707307722,48,0.02454582892166235,0.001958057635862733,0.003141842756255368
872,456,0.000972024353243099,-0.00033077556396732266,-0.007714451856964025,48,0.05734146577625432,6.474317133497477e-05,-0.0056674000420475455
873,431,0.0009717645366540744,-0.00031526537004963884,-0.005961167344017665,48,0.04104350609170404,0.0024276843572064175,0.002293356845576751
874,452,0.000923728621146965,-0.00024350917969524766,-0.0074339263348924545,48,0.08885474929362291,-0.003448625790432973,-0.007580759176427311
875,431,0.0007671793100859315,-0.0004510333956037997,-0.005961167344017665,48,0.06314408517406467,-8.330858316062291e-05,-0.00412450534185374
876,472,0.0006806390465836339,-0.000467142075967545,-0.008836553945249459,48,0.061196240740846175,5.181335922176816e-05,-0.005123968549812712
877,430,0.0011191280897634125,0.00048264962856726587,0.0031886614012217873,48,0.030816246659362,0.002569948314558791,0.003393502802870473
878,461,0.0008244445752960115,0.0008995200155752989,-0.006940929887790007,48,0.06910854144901257,-0.00028047473232412946,-0.0023981205776782075
879,437,0.0011320078446483783,0.0007435068936323674,0.0019262965519003666,48,0.030486291787027442,0.003066700835937173,0.0038660737997120737
880,394,0.0009482734460664281,-0.0005783950135155556,-0.004805908608746676,48,0.05960400275868083,-0.0005643140657586934,-0.0021181475125691684
881,374,0.0008365973261895395,-0.0004865706199890553,-0.007516430552360259,48,0.04379628601827856,0.0004239659754146814,-0.004577240743093625
882,407,0.0009972623197260881,0.0006647498320185366,0.0031886614012217873,48,0.03180198781620225,0.002811990772200873,0.0005415737748320042
883,417,0.0008463496053858557,-0.0006961695159944277,-0.004979328016767801,48,0.06427345514796767,-0.001143589491856771,-0.006124209084283523
884,470,0.0007918901163325052,-0.0004881594730030102,-0.008696291184213875,48,0.07124475386515994,-0.00039463241105292847,-0.0034779118374525138
885,364,0.001099216215244511,0.00014886567824602334,0.0031886614012217873,48,0.05957229480700865,-0.00015131774016284745,-0.0030001186015992387
886,459,0.001109502517533524,-0.00040863272980563164,-0.007924845998517394,48,0.060985597082880316,-0.002573669723220028,-0.006010011313421899
887,432,0.00108723460955524,-0.0006529617199787091,-0.00603129872453545,48,0.059373638530372363,-0.00023963208331685693,-0.005137114062673465
888,381,0.0010497274629452857,-0.00042574296412628554,-0.006567747872095547,48,0.07234093432803246,-0.0016143753264774713,-0.006195710491898262
889,433,0.0009406253765069355,-0.0008937703900719976,-0.0062095825984715,48,0.054102079298184225,0.0004956953064500502,-0.00425126588496302
890,469,0.0008889311126185767,-0.0008047522861678903,-0.0062095825984715,48,0.0574374759337436,-0.0007259349394209448,-0.0022809716599795082
891,371,0.0008445184249577646,0.0014303758234556546,0.008495641949748237,48,0.07378507649406996,-0.0013534073261611962,-0.005300184984575476
892,472,0.0008932487397417194,-0.0009610103129080796,-0.0062095825984715,48,0.032927752216816764,0.00022870414018806313,0.0009197694150940797
893,438,0.001015601465673709,0.00020328820753926164,0.00027420730772181705,48,0.10358891276022453,-0.000775651021256013,-0.006849142127072046
894,460,0.0011911759762132585,0.0010079430081696597,-0.0003249766761240251,48,0.06436236732062106,0.00012932843674859536,-0.004513109501601369
895,342,0.0008547416731726149,-0.0006380296543665141,-0.011853265662142135,48,0.03929969219970897,0.0004949011998342297,-0.002844679221714653
896,434,0.0010772992209021506,0.0007396425510211198,0.008495641949748237,48,0.0942543757186225,-0.0014167310012003047,-0.006764306453074829
897,429,0.0007465249011142736,-0.0009267557592968767,-0.0062095825984715,48,0.019978226944851962,0.0016823850392595468,-0.001430008494416258
898,454,0.0009428885528877037,-0.0008874476987882421,-0.0062095825984715,48,0.09587995423830664,-0.002252672269143925,-0.008967447232937086
899,460,0.0008277753328688004,-0.0008691761520830468,-0.0062095825984715,48,0.05806678491539374,0.00020185484833064662,-0.006869711905321152
900,468,0.001008325484976049,-0.00011960912845836516,-0.008556028423178291,48,0.06050644544833805,-0.000503651341987035,-0.0036875779207755713
901,434,0.0008969444529842133,0.0011893868341901603,0.008495641949748237,48,0.032483954158763484,0.0006439840281747249,-0.002415082171422698
902,442,0.0006266529692929221,-0.0004887881615691647,-0.0067326125297141465,48,0.06153296332367708,-0.0006565924828833974,-0.0047793283897562405
903,459,0.0008900933188925363,-0.0002777055244446158,-0.007924845998517394,48,0.041200774904653015,0.0015772506874217138,-0.002432529976104613
904,403,0.0007912013863003425,0.0005170664107748395,0.0031886614012217873,48,0.04758758217135295,5.728238077977975e-05,-0.0024316898679392976
905,417,0.0007933860717575791,-0.0006138731435063431,-0.004979328016767801,48,0.07003179965329742,0.00010210276580640068,-0.005280968723403272
906,440,0.0007452439479915321,-0.0005105521622365515,-0.006592349768678174,48,0.026681458429447247,0.0009014411997497144,-0.0022727195658832494
907,459,0.0009655146327233301,-0.0006362513582151633,-0.007924845998517394,48,0.07454002234887636,-0.001440600667321679,-0.005221600384747069
908,461,0.0008987641762563956,-0.0006948484066330099,-0.008065108759553366,48,0.03721610270495279,0.0013656237356741568,-0.0010595354969438371
909,469,0.0005340436620887377,-0.0004779433448296143,-0.00862615980369609,48,0.1037460279363206,-0.0027041248603072877,-0.009819979679068714
910,430,0.0007714581888129809,-0.0006744378335603735,-0.005891035963499866,48,0.06674822406472392,-0.00041363891017216596,-0.002581748434849051
911,438,0.0009367719586406862,3.516082497622558e-05,-0.00645208700764259,48,0.04830141074562189,0.002589722103631134,0.0008968217646891409
912,494,0.0008042685189583228,-0.001221568009121158,-0.004531381795874562,48,0.08050857108463427,-0.0005063687242982517,-0.0058512890651606295
913,435,0.0010109693830333503,-0.0004936719320878559,-0.006241692866089221,48,0.03374566402339385,0.0025288758347937514,0.0025035172826038815
914,465,0.0006721890211708915,-0.0007037841458995969,-0.0062095825984715,48,0.0626108070078839,-0.0012201366170837835,-0.005302693546012859
915,473,0.0009256868036780401,-0.0009392116641658149,-0.0062095825984715,48,0.07323165699653966,-0.0007601365792287065,-0.003713338930107458
916,413,0.0007743416197961133,-0.00015345499110652056,-0.004698802494696244,48,0.06581172607989894,0.00014084608077824523,-0.004140484034162364
917,346,0.0008701944393840742,0.0005688320868590911,0.006107500702911391,48,0.03932715006282461,-4.052384446975171e-05,-0.002859232673213658
918,444,0.0009230028855632729,-0.0006380182352552811,-0.00687287529074973,48,0.022104024650075993,0.0035028228509931068,0.0008905787715980246
919,420,0.0009451418785442253,-0.0003723040057886269,-0.0051897221583211695,48,0.06340552176454961,-0.0017984765203137142,-0.00742171599249407
920,371,0.0010554994742202582,0.0008906476634518053,0.008434057332004197,48,0.0693387430915473,-0.0012242263309791487,-0.0047754003021053745
921,436,0.0009224410480753835,-0.001227692803256547,-0.004531381795874562,48,0.060754098157032255,0.0016330601544922666,-0.002016786855934722
922,413,0.0009638669691336066,-0.00029350085191632777,-0.004698802494696244,48,0.06828285575419424,-0.0013658448333539464,-0.0041393769475131445
923,473,0.0005738005155205457,-0.0006675638543824115,-0.008906685325767646,48,0.004463386710042094,0.0041211775865388905,0.003153160510957459
924,422,0.0011342148919563813,0.00010431321720933036,-0.010010160263783437,48,0.05991774914324299,0.0013859193184044723,-0.0028414507472465864
925,398,0.001126823619798763,0.0009901819253380177,0.008489483487973834,48,0.05784688677179728,0.0008964912004348971,-0.0002123366449326529
926,449,0.0008211958378996241,-0.000673635884736061,-0.007223532193339072,48,0.06966892615196829,-0.0024267838710309245,-0.006114470008180724
927,459,0.000965514632723331,-0.0006362513582151633,-0.007924845998517394,48,0.02141805175228262,0.001096721542617602,-0.0022375021460248543
928,446,0.0009036999011625873,-0.0010511919609649152,-0.0062095825984715,48,0.08518437406494261,-0.0018802684493967395,-0.004546543375157669
929,462,0.0009585137223451015,-0.0011879904715467807,-0.004531381795874562,48,0.10706171441942414,-0.0025981590473403027,-0.010278538996883847
930,434,0.0009648816282006025,-0.0006316048231379302,-0.006171561485571034,48,0.05084963250011343,0.000978241288791929,-0.0029471683790038387
931,428,0.000853608771855645,-0.000505216253504092,-0.0057507732024638936,48,0.0683067826837398,-0.0016428455090300963,-0.004600909154585359
932,386,0.0008848409572890818,0.0009023225137721955,0.008495641949748237,48,0.07854618383548995,-0.004048391227130244,-0.00799281884000903
933,454,0.0005268421766165916,-0.0008876533354206552,-0.0062095825984715,48,0.07633072273734309,-0.0008217362978795838,-0.004318955812794937
934,435,0.0009602158062650044,0.00044163001812115056,0.0031886614012217873,48,0.05771057404562585,0.0005305447795098828,-0.002748510497493353
935,379,0.0007628185466349723,7.697170933678756e-05,0.001034030493571661,48,0.02551270213781398,0.0024264539118191014,0.0012086815624404133
936,409,0.0009641907689165647,9.667278157804351e-05,-0.0013451166832809322,48,0.03758547977850124,-0.0006819553360947403,-0.003701865092423543
937,463,0.0008325731457011374,-0.001029248007632405,-0.0062095825984715,48,0.06568107818034641,-0.002160739647890937,-0.005218832898825097
938,447,0.0009380013621926994,-0.0010292639674221588,-0.0062095825984715,48,0.03644535617271727,0.001238944815410722,-0.001761290519332364
939,498,0.0008051016529374393,-0.001217753235362249,-0.004531381795874562,48,0.06663465833575888,-0.0010244718952829891,-0.004840798745790331
940,430,0.0008849029506820764,-0.0002591086339470486,-0.005891035963499866,48,0.06289868628924089,-0.0005453185390983054,-0.004694743876763139
941,413,0.0008160320133948941,9.204704048866542e-05,0.001456528129233435,48,0.07030611311625101,-0.00138262217309767,-0.0067877376414785945
942,389,0.0011045063072123665,0.0006481349359022601,-0.0008010633131405875,48,0.05681279372322112,9.057363603749355e-05,-0.006680090214296438
943,426,0.0007701761652397845,-0.0006756366511937589,-0.00561051044142831,48,0.03322675986964019,0.0018498692009581222,0.0030514899704667618
944,405,0.0008133141661799152,-0.0010652593807853501,-0.0062095825984715,48,0.07882188299457538,-0.001114771356606965,-0.00584127721170748
945,410,0.0007991193970485833,0.0009810363062167198,0.008018013700380688,48,0.04601964443411266,0.0004043631236207018,-0.00027884918316408575
946,435,0.0007577211541201787,-0.00023342618586427374,-0.006241692866089221,48,0.014106385503757313,0.003172632861187751,-0.0007479938473419837
947,372,0.0010963084890251015,0.0010088688698417954,0.008436110152595655,48,0.04331482530480191,0.00036263467740873037,-0.003186587350662625
948,451,0.0008513962134204861,-0.00011126518984930917,-0.007363794954374656,48,0.06801045444619769,-3.3710776060222325e-05,-0.0028464733309292896
949,435,0.0011917303400034262,0.00024991255199414714,-0.004231462311172725,48,0.056358341623456765,0.00036552079256806785,-0.0019928684895658653
950,418,0.0006959097348113365,-0.0005339522425128612,-0.005049459397285586,48,0.05092709319080935,-0.0013202229854200123,-0.005087396089022178
951,446,0.0009643736426762136,0.000861752070002263,0.006107500702911391,48,0.04500534606038786,0.0005976036962074844,-0.002208981093518466
952,428,0.0009960311786861506,-0.00081256185001179,-0.0062095825984715,48,0.060861087622163024,-0.000887278100425359,-0.004743328192737251
953,430,0.0008968416692970108,0.0011987873550181648,0.008495641949748237,48,0.0793994629202025,-0.002612521238892723,-0.007320888918196183
954,428,0.0010080256857058307,-0.00028139432895354574,-0.0057507732024638936,48,0.06210759305457314,-0.0013065252145872883,-0.004917790776095079
955,468,0.0005004915054230667,-0.0005093484394622823,-0.008556028423178291,48,0.10127205737814748,-0.0010374731761802012,-0.006986246364357702
956,448,0.0007368944122200672,-0.0009937509743342537,-0.004531381795874562,48,0.07824836211002784,-0.001074468031692223,-0.004393231515375106
957,401,0.0007141477932344972,-0.0004737676317039148,-0.0038572259284819638,48,0.044051255903608366,0.0009129425753806736,-0.0014817659805874926
958,444,0.0010718552259413767,-0.0004164720580014068,-0.00687287529074973,48,0.03910800444450069,0.001603404028143662,-0.0017212047832473355
959,484,0.0005856763755039997,-0.000855501873404968,-0.0062095825984715,48,0.0029762369604006134,0.003835242428822914,0.00242047890029529
960,415,0.001025979156253879,0.000630922765222466,0.007752664672954608,48,0.05853797116671222,0.001629026358474138,0.001760110058530679
961,428,0.0010889097582486686,-0.0006540345434701209,-0.0057507732024638936,48,0.06608929833887811,-0.0022003455338817004,-0.005347046209304693
962,413,0.0009000742458796524,-0.0007271878590532771,-0.004698802494696244,48,0.06247344149853151,0.0004363146610293269,-0.0030985064991781892
963,393,0.0010334975378429043,-0.00020405415295528945,-0.004941434705927242,48,0.061443515060014886,-0.0013216570687333146,-0.0037406995807275183
964,483,0.0008269395259173293,-0.0005578670259150584,-0.0062095825984715,48,0.04107334627442305,0.0025101757337294573,0.0005677776951797664
965,413,0.0008047062133895839,0.0005551252309269651,-0.002363826904889739,48,0.03802774343384219,0.0022592812703329263,0.0009838410278901442
966,442,0.0010032190649908752,-0.0008267609188018811,-0.0062095825984715,48,0.041617304856341186,0.001278786928745678,7.820745017555683e-05
967,409,0.0009346248247096315,6.77513808951119e-05,-0.004418276972624688,48,0.01699026257132663,0.0010969399117259984,-0.0025622647428404158
968,423,0.0007757894738114248,-0.0007426814935185509,-0.0062095825984715,48,0.0600757862338025,-0.0005234640500337579,-0.005460722947363474
969,404,0.00030850436665474674,-5.8676778428045674e-05,-0.0016095071952559846,48,0.12938999124260608,-0.003306268266171421,-0.009386099876394365
970,427,0.0010754360040611723,0.0010724517397143491,0.008343733225979602,48,0.04488374391287653,0.004124233086992887,0.0014611081224611307
971,481,0.0009002688652447102,-0.00044874706703321166,-0.0062095825984715,48,0.098642974647844,-0.002776827377377337,-0.00819213153048458
972,426,0.0008846861361405146,-0.0002584630867798962,-0.00561051044142831,48,0.07514255382533619,-0.0002044346176692663,-0.005380108062664417
973,407,0.0009442652860527261,-1.2034562690227055e-05,0.00017539235232472833,48,0.035171571535077883,0.0011959472832892056,-0.00087730686279891
974,479,0.0006882867997761149,-0.0007179055681232234,-0.0062095825984715,48,0.07145635094145752,-1.2942626232644028e-05,-0.0060990031351707205
975,427,0.0009611942063944014,0.0004532686019819397,0.0031886614012217873,48,0.030069660490972594,6.180058771974167e-05,-0.002628270463966541
976,445,0.0009796674102161814,-0.00033782095061812845,-0.006943006671267515,48,0.025877684703420334,0.003772847750634043,0.005616338598948271
977,466,0.0009056291212736229,0.000670004826922802,-0.0013451166832809322,48,0.0765167612996811,-0.0025082331453346995,-0.008542259833026231
978,433,0.0009296124102943174,-0.000663163886817749,-0.006101430105053235,48,0.020680468599173607,0.0024656845064201178,0.0026890247948506
979,414,0.0009474292399506514,0.0007843637356300046,0.008317046558290526,48,0.02443474125297651,0.0023087371721254354,0.002432577792838453
980,450,0.0008933257504110947,-0.0011177062840336364,-0.004531381795874562,48,0.054820358577664985,0.0003748785433510867,-0.0010316480151841764
981,334,0.0011325405320024786,0.0004006303858764843,0.0023266045548654204,48,0.04266679531128548,0.0009581710201137256,-0.0015529846640258277
982,421,0.0010047678061206923,0.0007356559656632447,-0.003138658845180605,48,0.06000229131214052,0.00033287907784781794,-0.006243383567083413
983,478,0.0008762495592433139,-0.0007528807178834064,-0.0092573422283566,48,0.069419343821994,-0.001288565058397504,-0.00541924890139513
984,410,0.0008817933029226805,-0.001270965632237074,-0.004531381795874562,48,0.01773433799975843,0.0019167216699460515,-0.0003893709522127184
985,435,0.001112147850237139,0.0008395245798373877,0.008495641949748237,48,0.07340540962294351,-0.001140191220292866,-0.004142655387837438
986,390,0.0007599982992495071,1.2992708917757695e-05,-0.008900550826879218,48,0.015529319487563309,0.0018981766048829282,-0.0006130948039019465
987,441,0.0007803714061176787,-0.0004777478555006015,-0.006662481149195959,48,0.05167113131164114,7.297036617498649e-05,-0.004013223350356705
988,398,0.0010162391141865807,-0.0004851487479978975,-0.004263804220023662,48,0.050254578250292115,0.0005879975211581755,-0.0009481498546898004
989,397,0.000700183062769612,0.00025379467730757624,-0.003252562431306255,48,0.04643832667872261,0.001524300576922502,-0.00031744991664023336
990,433,0.0009296124102943174,-0.000663163886817749,-0.006101430105053235,48,0.0023846725998736273,0.001861661585107463,0.0003893563046972852
991,426,0.0010177757815455985,-0.0010231986819618268,-0.0062095825984715,48,0.04361283109336889,0.0010362551191368703,-0.002753031922052937
992,433,0.0010822462189037374,-0.0004286087239208751,-0.006101430105053235,48,0.054734440687918884,0.0003414477298701226,-0.0030996655872481405
993,403,0.0008889358712095199,-0.0006937698949501421,-0.003997488689517548,48,0.08650853466290231,-0.0028051286804406904,-0.00833791482463138
994,430,0.000822801923450728,-0.0010495585876958945,-0.0062095825984715,48,0.04123837622944393,-3.256119367143519e-05,-0.0035761106606514333
995,429,0.0009005818687783263,-0.000755133303794002,-0.0062095825984715,48,0.027038098307356928,0.0015697859487048323,-0.0014612848597537718
996,461,0.0008133086772386987,-0.0004303623741412181,-0.008065108759553366,48,0.040944842986301744,0.0013139351369034647,0.0006749406677894997
997,422,0.0008844652113706771,-0.00025781729159282327,-0.005329984919356753,48,0.0009631495887170161,0.0033621326293732587,0.0006380481589402867
998,389,0.0011045063072123665,0.0006481349359022601,-0.0008010633131405875,48,0.06466408612979446,-0.00017631871394093585,-0.0012048634096795095
999,430,0.0007312042550358458,-0.0004837132535840359,-0.005891035963499866,48,0.043417280262588065,0.0018547037922312486,-0.0019771146116154166
1000,436,0.0009060810653157641,0.00035985602631952857,-0.00460934105257798,48,0.09013976137983204,-0.004189993617133738,-0.010518277031422617
1001,389,0.0009346080061124209,5.347687231736526e-05,-0.008815658308411897,48,0.07530532818177782,-0.0022069764260410907,-0.007519954539723199
1002,422,0.0007156877513415285,-0.0009729214435527378,-0.0062095825984715,48,0.05549113458672161,-0.000627417701807827,-0.005034365643366311
1003,305,0.0010747184269200593,0.0002374429584841159,0.0031886614012217873,48,0.035335085811284195,0.0014530576908286606,-0.00040347929561408355
1004,383,0.0008342942680142,0.0014760192560999193,0.009282710937300348,48,0.09253678852346003,-0.0009301328006517551,-0.006535070442548321
1005,405,0.0009765201581716171,-0.0005176888988838724,-0.00413775145055352,48,0.054019595850401725,0.000620651988724694,-0.0031858242684295913
1006,447,0.0008613540779807572,-0.00031591811788407587,-0.007083269432303099,48,0.07064309414612124,0.0001686853471920928,-0.0032117263919866027
1007,407,0.0006850873396767117,0.00027349666335814904,-0.0009129859673337945,48,0.029471995062642087,0.00037813401092128343,-0.003403328883005506
1008,443,0.0008884172473582613,-0.0009749423176170051,-0.0062095825984715,48,0.0236815838818476,0.0022548961258670626,-0.001441093544597847
1009,419,0.0009847545257942675,-0.0005445503139640609,-0.0051195907778033845,48,0.040725613793663684,0.0017472604432331538,-0.0006602202659141132
1010,400,0.0006753420302635284,-0.0005076383919935361,-0.00399275202566253,48,0.04178244649136775,0.00121260442166422,-0.0024165995688798514
1011,450,0.0009045492563340119,-0.0001898384082535086,-0.0013451166832809322,48,0.060521476778603756,-0.0004549472720534846,-0.006083503600676204
1012,389,0.000890111369803508,0.0004666958623955799,-0.0008010633131405875,48,0.03609626878199501,0.0020641595238649795,0.0006443853599365449
1013,451,0.0010746973712391413,-0.00023191803988552653,-0.007363794954374656,48,0.002490044116604695,0.004155994791272216,0.002618993543015268
1014,442,0.0006658140360896823,-0.0006859372215906549,-0.0067326125297141465,48,0.0395172274528961,0.001481093711600566,-0.00025433305676879
1015,448,0.0010432146263295973,0.0010066609373969148,0.008495641949748237,48,0.02883661024510631,0.001066482594990344,-0.0011304780091124927
1016,454,0.0009045620099536978,-0.0007229355935493304,-0.007574189095928427,48,0.031117595533073805,0.0029749056383667344,0.0019467658033099147
1017,447,0.0009388001250687549,-0.0006947040255544466,-0.007083269432303099,48,0.030506126190840144,0.002668709990952412,0.002682860601933115
1018,416,0.0009690836985522984,0.0005956900345470313,-0.002618504460291708,48,0.01229929593913015,0.003552454204187025,0.0040777062234621155
1019,424,0.0009968617209439607,-0.000814989887922106,-0.0062095825984715,48,0.06807050102206802,0.0003719601728530437,-0.003313117259220318
1020,439,0.0008605041532176103,-0.00031504515584248813,-0.006522218388160375,48,0.03013002607120785,0.003508499279661549,0.0007813231238062331
1021,429,0.0010151419672353645,0.001435962022870451,0.008495641949748237,48,0.037214811364410294,-0.000878251967752465,-0.0026388997707914655
1022,472,0.0009041251147510875,-0.0005086765159116394,-0.008836553945249459,48,0.11124912880996252,-0.0025408544494841274,-0.008484130815866752
1023,412,0.0008856516037669591,0.0011202636328882364,0.008495641949748237,48,0.04618567536952678,0.0003014139104796556,-0.00263802272278953
1024,430,0.0008849029506820764,-0.0002591086339470486,-0.005891035963499866,48,0.02776251032749144,0.0029823600067822977,0.003063547817911322
1025,446,0.0008656906085200535,-0.0005311364651815337,-0.0070131380517853,48,0.0631655066562995,-0.0018009983998633124,-0.004937263265517269
1026,466,0.0008584301200823766,6.337135310632847e-05,-0.008415765662142319,48,0.04715484983358509,0.002776144370457062,0.0016336429899781943
1027,399,0.0008453633828968306,-0.0004964495611037359,-0.004128278122843082,48,0.06056468927543168,-0.0011435749516783625,-0.005063664089551445
1028,455,0.0007446822405414548,-0.0004933854588599525,-0.007644320476446226,48,0.08216579426603876,-0.0029549961705475584,-0.00774262738356209
1029,441,0.0008188116431212377,-0.001019918199552522,-0.0062095825984715,48,0.03563126163160857,0.0003416886171588411,-0.002283401676523824
1030,427,0.000765860205736775,-0.00045122902080481364,-0.005680641821946095,48,0.05342276232589083,0.0006180734724884063,-0.002667062180071067
1031,473,0.0008999456989851311,-0.0002997076596572418,-0.008906685325767646,48,0.04684516130042593,0.0026605794006379618,0.0004006792911516628
1032,454,0.0009045620099536987,-0.0007229355935493304,-0.007574189095928427,48,0.024922160199794097,0.001502840839293541,-0.0014052377744256939
1033,455,0.0009384586032274095,-0.0007276126885213986,-0.0062095825984715,48,0.0482299458383062,-0.00020989175433365655,-0.003711042764766529
1034,490,0.0008674646340401052,-0.0008379557917041237,-0.0062095825984715,48,0.06763680535203709,-0.0019945012310304874,-0.007299037351896402
1035,423,0.000682676004737196,-9.818304858607435e-05,-0.005400116299874941,48,0.05671381530189734,0.0017393924494242107,-0.0017930849633317862
1036,418,0.001082688682008539,-0.0006239255545145775,-0.005049459397285586,48,0.04916008525905524,0.0015227871076024628,-0.0015827403011334923
1037,409,0.0008028035616090626,-0.0008708214329756631,-0.0062095825984715,48,0.05172179231289764,0.0008070825735793808,-0.0017519538407279808
1038,451,0.0009385446082747838,-0.00011270541900974384,-0.0013451166832809322,48,0.020892406048227508,0.0015824338517776513,-0.0022406262084540586
1039,382,0.0009546596430401472,0.000261831105632113,-0.0013451166832809322,48,0.04102431975744947,0.0027646947554439884,-0.00042021571209265723
1040,470,0.0007918901163325052,-0.0004881594730030102,-0.008696291184213875,48,0.04659879784264842,-3.5873944586277753e-05,-0.0027292089343478043
1041,412,0.0009696768053405877,0.0006032666279132941,-0.002278934386422418,48,0.037482598536849876,0.001642127304781485,-0.001455412045087999
1042,416,0.0008858664316091841,0.0011113597960605726,0.008495641949748237,48,0.04494807539337908,0.001735670819192162,-0.00039393548652198046
1043,425,0.0008884329362448158,-0.0011367335231501803,-0.004531381795874562,48,0.04879437327015723,0.0009520890315701473,-0.0027356172607795604
1044,453,0.0007734263997527697,-0.0002549902731940404,-0.007504057715410253,48,0.03818101423565867,0.002435785006201745,-0.0010488604410932231
1045,401,0.0007701149765975627,0.0006260888095149693,-2.795670066201364e-05,48,0.06720599478910094,0.00022793783656716547,-0.0009828195156074034
1046,459,0.001013614427699868,-0.0010038889770264542,-0.0062095825984715,48,0.06496531903617797,-0.0013302898292599612,-0.006095021112211309
1047,373,0.0009597125248554448,0.0006857467396298306,0.004674615954809051,48,0.04674645520473175,0.0014845238606982416,0.0024384021276534704
1048,423,0.0011699175824756859,0.000240097325161291,-0.002659816476241382,48,0.05706172491966299,-0.001411255862790067,-0.003778418111962903
1049,392,0.0010508031283596947,-0.0006525363949314265,-0.005076960803107794,48,0.07008214452899197,-0.0005696779804501961,-0.005156215361501966
1050,413,0.0010600995222183425,-0.000477800509497011,-0.004698802494696244,48,0.042964805551127916,0.0014831510447380677,-0.0009213617446327746
1051,430,0.0007825479896735937,-0.0009034621490888288,-0.0062095825984715,48,0.05431082043133839,1.602130833616884e-05,-0.0025014169189022557
1052,469,0.0008260638758511704,2.706626891010519e-05,-0.00862615980369609,48,0.07981805145153698,-0.0016879887171501913,-0.006810349169986612
1053,424,0.0009679310570580735,0.0005807885816336254,-0.003297644608031239,48,0.0839097754752085,-0.002491072556986787,-0.0063945665850132696
1054,405,0.001127932071153877,0.0005895922557844508,0.0031886614012217873,48,0.0572319134875241,4.214723654982419e-05,-0.0034739207296822644
1055,418,0.0008954494914639841,0.00035346990431976005,-0.0013451166832809322,48,0.04015805088172053,0.0028124703117944445,0.0021522623558128794
1056,444,0.0008840182199683,-0.0004584871165369958,-0.00687287529074973,48,0.05635638047987579,-0.00018654897289424426,-0.0019073712327733645
1057,432,0.0008541123359991909,-0.0005047399935476961,-0.00603129872453545,48,0.050444409191944706,9.209947048291305e-05,-0.00203691539518697
1058,427,0.0007141557422842425,0.0005910084556490806,0.0031886614012217873,48,0.09950366081011253,-0.0022718190457039437,-0.007720188857189548
1059,454,0.0009428885528877046,-0.0008874476987882456,-0.0062095825984715,48,0.019869145614949235,0.0031148641374371105,0.0002350870231004297
1060,399,0.0009676221488209178,-8.490474159430703e-05,-0.004128278122843082,48,0.015333849092998175,0.002691443840776496,0.0038311924857081115
1061,475,0.0008718791073227894,-0.0005389185083101468,-0.00904694808680323,48,0.0845168282980161,-0.0017437628607960623,-0.0039377358718941
1062,369,0.000913364784415934,0.0009730124017247946,0.008429951690821266,48,-0.003601742264365826,0.0030649125269470497,0.002733084135515044
1063,358,0.001044170498229549,-3.2941787334065005e-05,-0.0026728522863789517,48,0.043416731331749725,0.001050900959324294,0.00014857574917294045
1064,356,0.0008072059791547669,0.0002900256360048245,0.0031886614012217873,48,0.0745380761597324,-0.0006653973320041272,-0.007259224341799292
1065,405,0.0008142154862647505,0.00011090658449947792,0.0016719385016485955,48,0.06385243162787402,0.0008177924608990302,-0.0013657928166823374
1066,415,0.0007313126441815107,-0.0005007654096988168,-0.004839065255731828,48,0.03952605482495686,0.0024588209622945605,-0.0013416300147188528
1067,507,0.000741125911446731,-0.0013988830929633558,-0.004531381795874562,48,0.031831817020253395,0.00038340735600135914,-0.0021134494502908115
1068,471,0.0006476118407767583,-0.0004986453138959394,-0.00876642256473166,48,0.0677411455530913,-0.0012602693659592382,-0.006525795686770305
1069,434,0.0007446623351780404,0.0007678234259187889,-0.0013451166832809322,48,0.0014616341248133713,0.002729013530511991,0.001296665223904982
1070,377,0.0008424193987662245,-0.0007259732953231214,-0.007109852260818561,48,0.080580695233895,-0.0022750154643892493,-0.007622796423181782
1071,411,0.0006758758312497871,0.0006500575454280073,-0.0033298028014211133,48,0.02856802870824604,0.0036428070248746055,0.0023475176815743078
1072,432,0.0006218165601412817,0.0008634706506236659,-0.004236286838943865,48,0.10421339011973407,-0.005389149781429459,-0.010872632152952429
1073,475,0.0009083195105315627,-0.0007254564964300093,-0.00904694808680323,48,0.06170188793952658,0.0003722363752177438,-0.0025463079986375453
1074,485,0.0008248568946312863,-0.0011921134750798,-0.004531381795874562,48,0.03627086898467069,0.0013146086662255132,0.0019745943155929785
1075,494,0.0009028316538486911,-0.0009720230746596559,-0.0062095825984715,48,0.06084553956846961,-0.000981515240417936,-0.0074132198701104615
1076,431,0.0007389297914786328,0.0011481464627843066,0.008495641949748237,48,0.0790815409202249,-0.0008044845389441838,-0.0029182023544896407
1077,439,0.0009991686606990384,0.00010653655383643327,-0.0013451166832809322,48,0.08754524383754059,-0.0014179797713826884,-0.004472628816008909
1078,388,0.0007490254763525338,0.0009877485539641594,0.008495641949748237,48,0.08129958628354994,-0.0011457156160084052,-0.004756425353702935
1079,427,0.0007538563149272646,-0.0006226473616386674,-0.005680641821946095,48,0.014732651203625768,0.0039011821850704585,0.003359048954497231
1080,464,0.0008659674103644842,-0.001011305888968507,-0.004531381795874562,48,0.05051612871419853,0.0011311003979079907,-0.003135449741264583
1081,485,0.0007997526832503659,-0.0007298707749653598,-0.0062095825984715,48,0.07556549653876399,-0.00018460114022780805,-0.0026638770816985805
1082,441,0.001040869533918928,0.0013211056310507441,0.008372472714260157,48,0.05976956659803945,8.883529325490712e-05,-0.000948150491709425
1083,403,0.0009016744543470432,0.0005081303739796986,-0.01067147202412903,48,0.029611100900020948,0.0009306099357060966,-0.0013707465697675482
1084,466,0.0005637637525712615,-0.0008427893348204492,-0.0062095825984715,48,0.022617597282406532,0.0028392376716802788,0.0025220095335128367
1085,402,0.001015162045382322,-0.0004846941249209355,-0.003927357308999749,48,0.06697092162749574,-0.0003789057323396461,-0.004578361600645096
1086,417,0.0010056960949145757,0.0007441704564945927,-0.003215116427676766,48,0.023357483536376122,0.0014872678968636793,-0.0012168985674765077
1087,439,0.0007985190623322948,-0.00040613646356356045,-0.006522218388160375,48,0.03146218440424475,0.0035267075916819712,0.0010690751175326148
1088,454,0.0011852057630058871,0.0007748759209195181,-0.0019859002377117414,48,0.07143937882904483,-0.0023359928538254637,-0.006088893194953333
1089,438,0.0007632726378590318,-0.0004380907964187282,-0.00645208700764259,48,0.03416959188935398,0.0010038765631015575,-0.0022677286247595983
1090,458,0.000980376788935847,-0.001025985549129655,-0.0062095825984715,48,0.06763694420715305,-0.0026993477435393164,-0.007701865220310803
1091,405,0.000922007057198207,0.00044608398292042377,0.0031886614012217873,48,0.04751952151050454,0.001327318363779295,0.002113925113733723
1092,436,0.0008321038980331867,-0.0008018022112879358,-0.0062095825984715,48,0.10203264762208342,-0.002689077569716253,-0.008962566576592456
1093,429,0.0010838709510207108,-0.0004286800694128408,-0.005820904582982081,48,0.028062619424760626,0.0019362656530949743,0.002432307266661101
1094,440,0.0008167713481723139,5.799441516690651e-05,-0.006592349768678174,48,0.06886190427621908,-0.0011805333555787046,-0.007006909229363041
1095,337,0.0010336939702684637,0.0006542652010470803,0.0015565012908007464,48,0.0995823839678408,-0.0014569921648351618,-0.007557247737009828
1096,378,0.0009415723805277264,-0.0007795425826911534,-0.006974326163638009,48,0.084377979780624,-0.0015558984112575818,-0.005452541848963495
1097,448,0.0007481501935516551,-0.0005097884087841391,-0.007153400812821287,48,0.09053845156889562,-0.0023790860657981142,-0.0062492312023320964
1098,415,0.001025979156253879,0.0006309227652224678,0.007752664672954608,48,0.10701117256993131,-0.0031224930081903256,-0.00971984628657679
1099,390,0.001054541085740763,0.0013082242720499002,0.008473060923242084,48,-0.005220938171691114,0.0027042431714898313,-0.00024394780867548899
1100,442,0.0008536931846110599,-0.0009975177945784966,-0.0062095825984715,48,0.03582883091599598,0.0002702127181461664,-0.00019826389413257935
1101,401,0.0008917639731155455,0.001387668218419483,0.008495641949748237,48,0.05849408826975888,0.00020741676759532778,-0.0035666006054761237
1102,469,0.0008629704675871359,-0.00013140450739191137,-0.00862615980369609,48,0.051970730253718345,-0.0003746648408612229,-0.0023916407564273986
1103,412,0.0009572164922230595,-0.0006043576148882408,-0.004628671114178445,48,0.08454567643338506,-0.0017478068076708826,-0.007297409963687922
1104,470,0.0009317483974437416,-0.0007088464104506587,-0.0062095825984715,48,0.06585628268182564,-0.0006812390033042477,-0.0047649093359662074
1105,427,0.0011674639629617068,0.0002328391144903316,-0.0023510466988728544,48,0.0343099065448107,0.0015051440601811517,0.0011082100701016624
1106,416,0.0008093349635469194,-0.0010342344413674306,-0.0062095825984715,48,0.04470233831513459,0.0009119640883391428,0.0005901122221478629
1107,376,0.000918532695709821,0.0005582173135264597,0.004515406538353403,48,0.035707840030300586,0.002012349011689441,-0.0030918767452039267
1108,397,0.0009340716976639785,4.1752758806557454e-05,-0.009494798456150942,48,0.05194472389253968,0.0008897498628245085,-0.00013995424908447296
1109,495,0.0007655085218155524,-0.0009818776938975565,-0.004531381795874562,48,0.07678720002983541,-0.004324951119542441,-0.008312129171242473
1110,421,0.0008477833901399828,0.0001464473650183021,-0.003492031541548493,48,0.05077107654286839,0.0010151304836241524,0.00046737897058171836
1111,422,0.0009889025110136913,-0.0007755893318780599,-0.005329984919356753,48,0.06286297537946772,0.00029495306588654853,-0.0029230004201614597
1112,424,0.0009160755218543936,0.0010439653141942687,0.0083375747642052,48,0.11788321011062863,-0.0036004635721678096,-0.008670738400540319
1113,399,0.0008324970946651973,-0.0010000051260729871,-0.00617601858241959,48,0.04914174912890901,-0.001181357845944881,-0.003925957972800143
1114,434,0.0008235871011088632,-0.0010461560393587588,-0.0062095825984715,48,0.05585646157621427,6.104861764996694e-05,-0.0024435817562410977
1115,458,0.0008573655619992342,0.001071224627398737,-0.0016095071952559846,48,0.05912280650420665,-0.001276757489565683,-0.004297805128410156
1116,429,0.0009409296345689244,-0.0008964986096531118,-0.0062095825984715,48,0.02379067340978791,0.0017934633788238,0.002046895273351867
1117,453,0.0010331636330745868,-0.0009421176156493467,-0.0062095825984715,48,0.08675640721206634,-0.000945168605039402,-0.004972510570438092
1118,458,0.0007122662743087611,-0.0008557219941979256,-0.0062095825984715,48,0.05538177317096171,0.0009021125236594579,-0.0028187969144131183
1119,436,0.001057664641297137,0.0008596569201280557,-0.0013451166832809322,48,0.02215544097997224,0.0022611176659372255,-0.00014824861386069851
1120,409,0.0007065028344247137,-0.00024826739279972324,-0.004418276972624688,48,0.07514799063722877,-0.0028570115013494234,-0.00746038838534686
1121,407,0.0009017365599491209,0.0005001738451968678,-0.01067147202412903,48,0.06619003157689174,-0.00043512335636386283,-0.002364609992097755
1122,480,0.0007928004440056566,-0.0009673338529259216,-0.0062095825984715,48,0.03961594876239816,0.0006185809362001804,-0.0018043501901036062
1123,440,0.0010340058045372061,-0.00024498097431465554,-0.006592349768678174,48,0.017242948222132237,0.002646970019413695,-0.0008052181464176106
1124,463,0.0009541265684252492,-0.001056518853797369,-0.004531381795874562,48,0.10505147485179978,-0.0018998315112353937,-0.007612527746507093
1125,400,0.0010362530512741863,-0.0004139392062698852,-0.00399275202566253,48,0.05932096838224077,-0.0005275312119958197,-0.003857131991128235
1126,408,0.0006982812471025279,-0.0009592727449962944,-0.0062095825984715,48,0.03435083559225982,0.005718891925615432,0.004690303981971747
1127,427,0.0009206574580942436,0.0007184745048302247,0.008495641949748237,48,0.04236140735163707,0.0001054160926245943,-0.004559546212791782
1128,426,0.0008734922056943561,0.0006321227642103076,0.0031886614012217873,48,0.061752600772952526,0.0004209959705559433,-0.0020962952993647394
1129,409,0.0007604827999362802,-0.0007288223186435114,-0.0062095825984715,48,0.03607898909074814,0.0023016060943525686,0.0009659205374708581
1130,447,0.0008781280983779652,-0.0007946412703031952,-0.0062095825984715,48,0.036084942238316486,0.0001325790676409925,-0.0025665095316020105
1131,415,0.001091548927094007,0.0009275177143014028,0.007752664672954608,48,0.06090694513681827,0.0005287192420188949,9.860420237968112e-05
1132,443,0.0008110959191100085,0.0008259040544047669,0.006266710119367039,48,0.032471431658378735,0.001631009769442306,-0.002284208283890577
1133,429,0.0007868726669048717,-0.0010723704118108038,-0.0062095825984715,48,0.06350947351842129,-0.00026070047138727556,-0.005345585222627153
1134,440,0.0006163889731220641,0.0010191838226572564,0.008495641949748237,48,0.04760197592744708,-0.0018831342266959015,-0.005172068697536083
1135,381,0.0006251483057371449,0.0002388321999411548,-0.0009129859673337945,48,0.08749805778756015,-0.0023365998368155214,-0.006339227573556611
1136,450,0.0008660666359941727,-0.0005306604154803538,-0.007293663573856871,48,0.09205359276103575,-0.0013877934895059393,-0.006983298103296483
1137,451,0.0009001473152527723,-0.0004987061802855589,-0.007363794954374656,48,0.051658027099333204,0.00014729682870022812,-0.0025725199590509
1138,425,0.0010040712473932132,-7.485710553817304e-05,-0.005540379060910525,48,0.049934291786125296,-0.0013362114678704493,-0.005689030222658403
1139,457,0.0010054257287975413,-0.000298907936366985,-0.00778458323748181,48,0.05581579687831806,-0.0010974917455201638,-0.006631198848403842
1140,438,0.0008027913399690041,-0.0006195261642967763,-0.00645208700764259,48,0.0970223640131157,-0.003111782945359083,-0.008488581576178371
1141,429,0.0008380028005631878,0.0005165515386253445,0.0031886614012217873,48,0.029260372895394515,0.0013084095071736607,-0.0008391528320182973
1142,466,0.0009580800740791214,-0.0011839977885458042,-0.004531381795874562,48,0.056883986279569365,-6.131774568415502e-05,-0.003317778994300101
1143,397,0.0006685947072177147,-0.00028622767162966856,-0.0043993303172049775,48,0.014942985538460518,0.0005125860045791103,-0.0025801518774480336
1144,383,0.0009246816911169025,0.0010501013570758215,0.008495641949748237,48,0.04460743733958261,3.449478249364056e-05,-0.0039657453762300884
1145,397,0.0006129831054690199,0.0008721749309093408,0.008487430667382362,48,0.053969592999305926,-0.00039704321588473687,-0.0018083376333370323
1146,425,0.0009005121103728662,-0.0007572695814025733,-0.0062095825984715,48,0.07681322856399364,-0.001088778099225994,-0.0067359025268622676
1147,369,0.0010201046148181,-0.00047517174078303206,-0.008194061038263839,48,-0.02297545149662461,0.004103300060152699,0.0048335489796614995
1148,477,0.0008234625666694063,-0.0011998369887265097,-0.004531381795874562,48,0.04401218252706096,0.0023981303123841394,-0.0015041763976179207
1149,422,0.001134214891956381,0.00010431321720932949,-0.010010160263783437,48,0.03422166187375164,0.003291900674148921,0.0027127078397919183
1150,436,0.0006922764261244295,-0.0008456229437647511,-0.0062095825984715,48,0.08195220362880973,-0.001821574833534718,-0.006770526834639308
1151,418,0.001082688682008539,-0.000623925554514574,-0.005049459397285586,48,0.0415046859578444,0.0022736609902887697,-0.0013381625893723569
1152,441,0.0008688746950355937,-0.0012964018583038993,-0.004531381795874562,48,0.0352190326387577,0.0023704736827096923,0.000982006283938016
1153,427,0.0007770279208891484,-0.000740605669877565,-0.0062095825984715,48,0.08985939233915752,-0.0013383028827097018,-0.007597017632281738
1154,407,0.0010641209312706897,0.001040213992549938,-0.0019046980037318376,48,0.0666840108257496,-0.0006567335713457689,-0.004823043290103558
1155,427,0.0008063969540369311,-0.0006439815998088259,-0.005680641821946095,48,0.09799429917644376,-0.0037524074580316587,-0.00939839180280418
1156,392,0.0011080552725652802,9.050388041837321e-05,-0.009070335863814342,48,0.06152638020468881,-3.2544368335805235e-05,-0.0004630060564015555
1157,438,0.0007237539357490622,-0.00026685758171465096,-0.00645208700764259,48,0.05273406956576465,-0.00010692689458377189,-0.0023436257405739305
1158,448,0.0007755310004436532,-0.0011076615753719161,-0.004531381795874562,48,0.037485418088775035,0.0028849216770453993,-2.1567050729802417e-05
1159,446,0.0008161888015823151,0.00042589796229438887,-0.0013451166832809322,48,0.07034100123401454,-0.0010381759282233824,-0.00499556112085538
1160,435,0.0008482659757716683,-0.0008386036241654175,-0.0062095825984715,48,0.0855376111047238,-0.0013373997477817631,-0.006203131494906814
1161,460,0.00056162406968435,0.0009499307964743299,-0.0016095071952559846,48,0.0008876162937305754,0.004372375545432487,0.004313817657696534
1162,469,0.0008520245208826112,-0.000672324865072748,-0.0062095825984715,48,0.048805759855836905,0.000738020002087298,-0.003035967274175152
1163,400,0.000926221468190068,-0.0010369692982640476,-0.006192800590445552,48,0.0336585501424147,0.0007713866235040303,-0.0028798254048094662
1164,423,0.0009727553350713206,6.247606990291213e-05,-0.01001853129872456,48,0.03589488071287583,0.0009971835769508677,-0.000620320456211805
1165,443,0.0006726719354580545,-0.00035999493117122236,-0.0068027439102319315,48,0.04614412097213827,0.0012944119832527384,-0.002265563819032153
1166,415,0.000848877066428431,0.0010010333934646187,0.008495641949748237,48,0.04033210771695228,0.0018561993169892268,0.0013689369362230985
1167,413,0.0008581633705184739,-0.000523401055867366,-0.004698802494696244,48,0.05599384090963466,0.00026810059329008054,-0.0025033275775137344
1168,460,0.0009612816018376808,-0.0005387447129653403,-0.0062095825984715,48,0.08238656492801233,-0.0014110993622442596,-0.004317578626284553
1169,382,0.0010760653271940186,-0.0005743332957013347,-0.006432221774914981,48,0.052545396743767125,0.0009780518911666706,-0.0037295532824895596
1170,458,0.0009425837943415928,-0.0008849381657613578,-0.0062095825984715,48,0.06940975133093652,0.00010736204227647372,-0.005144610676303198
1171,429,0.00108387095102071,-0.0004286800694128408,-0.005820904582982081,48,0.043700125592712746,0.00027931921562342893,-0.0004764687265271239
1172,461,0.0010157162296362938,0.0009586383673755652,0.008495641949748237,48,0.044706116666029416,0.0008446739256163186,-0.0012359467640706973
1173,383,0.0006935243029799094,-0.0004489869366812588,-0.006296695677734415,48,0.0405731844706152,0.001989619952252929,0.0003321481200812843
1174,414,0.0008411185316568167,-0.0004805933401823524,-0.004768933875214029,48,0.056926528387302056,0.0004815408839264814,-0.00045316905534094343
1175,462,0.0010750155354192622,-0.000440671922616466,-0.008135240140071151,48,0.09071869398583188,-0.0038270948632428033,-0.008250113631828954
1176,451,0.0009387288019313475,-0.0007294648094678322,-0.0062095825984715,48,0.049104764649154364,0.0020178734756943553,-0.0029402510360943025
1177,435,0.0009884148901445813,-0.00079487010841588,-0.0062095825984715,48,0.047584113738281975,0.0012190254011408708,-0.003004369364838895
1178,412,0.0010108033997333265,-0.0010075604793811782,-0.0062095825984715,48,0.04065460487969219,0.002073783306515052,0.0012300973458696154
1179,445,0.0008196132795817981,-0.0010167167740255771,-0.0062095825984715,48,0.02029545889062978,0.0013053546392885352,-0.0002386927024681726
1180,382,0.0008968434296291747,0.0006755553862898339,-0.002050224612120722,48,0.07213554953986734,-0.00032016073276103403,-0.004568278966355291
1181,428,0.001048467721977248,-0.0004618857511955385,-0.0057507732024638936,48,0.08120024206767018,-0.0012430367320615272,-0.006897842476604479
1182,387,0.0009692357984996769,0.000757406489255116,-0.002581601615418129,48,0.06514954557725194,-0.0005089212608494018,-0.004192790298867752
1183,452,0.0007497661957443502,-0.0006038830059617306,-0.0062095825984715,48,0.05528129723808006,0.0002258265169285817,-0.00390699069366756
1184,401,0.0011173238529063947,-0.0005658000230512848,-0.0038572259284819638,48,0.018292839185934384,0.0033312010913228137,0.00512221482504235
1185,367,0.0008897696087536685,2.5499640622158627e-05,-0.006948022902129397,48,0.06169244505362925,0.0001912978535964019,-0.003019453389417351
1186,473,0.0010396717859362508,-8.695539600953386e-05,-0.008906685325767646,48,0.016764568492200982,0.0027906203269285404,-0.00017822390866690033
1187,465,0.0009259912011717114,-0.0009444991304064648,-0.0062095825984715,48,0.0734361527604609,-0.00032029550522532334,-0.005286290323839328
1188,414,0.0010843765562370431,-0.0006249930949566544,-0.004768933875214029,48,0.062166807486247255,0.001625063118662522,0.00153331409336031
1189,438,0.0009760827635637375,0.0006700401293877074,0.0006408554430897516,48,0.05471261993812804,0.0004570809304373768,-0.0009225956949107453
1190,420,0.0009272895282643381,0.000872593886674375,0.0074873156455282225,48,0.00675237113737881,0.005798490376095544,0.009940895658973131
1191,469,0.0007480133319621189,-0.0009701356606711294,-0.0062095825984715,48,-0.0057413382638341615,0.004518132055309905,0.004161189018017174
1192,412,0.0007786038071613329,-7.072714674283189e-05,-2.795670066201364e-05,48,0.11260155156835383,-0.0041326792353449104,-0.010318672789058394
1193,439,0.0008488101919319098,-0.0008361670249040151,-0.0062095825984715,48,0.10214509853958043,-0.0029716459667230126,-0.007951668925650291
1194,477,0.0007871749534111901,-0.0010871761549976523,-0.004531381795874562,48,0.029011734572853443,0.002272500951479647,-0.0005133269154759916
1195,429,0.0008894662175660557,-0.00047285278954191726,-0.005820904582982081,48,0.09765298303691872,-0.004504164636045301,-0.010288329102240593
1196,401,0.001130125970124404,0.0005966542237938934,0.0031886614012217873,48,0.04308585896371253,0.0015937133903472876,-0.0013530267239796057
1197,441,0.0005520067299811396,-0.0003379671875643926,-0.006662481149195959,48,0.013445237788614173,0.003029987789851361,-0.00013150689597615436
1198,434,0.0007446623351780408,0.0007678234259187898,-0.0013451166832809322,48,0.044452024871800444,0.0003438505489010094,-0.004616680873493803
1199,389,0.0008769143286610354,-0.0006644701614320972,-0.0054835390946502555,48,0.07540945705152091,-0.0017477461309242468,-0.006983532411433872
1200,403,0.0008157727594380231,0.0010847350653027214,0.008495641949748237,48,0.03523381023529504,-0.00037672131478945665,-0.003402050930964365
1201,438,0.0005845649454471937,-0.0003039093338433191,-0.00645208700764259,48,0.06364522045593679,0.0008727364522734208,-0.0020451038709634953
1202,417,0.0008056969806410829,0.0005478927344526735,-0.0027033969787595077,48,0.059983163044660115,-0.0007991713301651639,-0.00404854653100839
1203,391,0.001011965149195341,-0.000685011376749263,-0.005212486900289137,48,0.06444103109040655,-0.00031139124557202046,-0.004778576315635288
1204,459,0.0009278039758079323,-0.0004514151368084675,-0.007924845998517394,48,0.04790179598166633,0.0008571140239873615,-0.002254145899455679
1205,455,0.0008518937737364233,-0.00011250217123376371,-0.007644320476446226,48,0.05209466081505465,3.8452596640580275e-05,-0.004133480041380696
1206,465,0.0009259912011717105,-0.0009444991304064648,-0.0062095825984715,48,0.047679278169694084,0.0017646976304207859,-0.0018046373922340868
1207,393,0.0011025061788881537,0.00063989927999263,-0.0009824144365207857,48,0.05089891072951236,0.0005552932345263759,-0.0007333104765314576
1208,441,0.0011077283412747408,-0.0003842638469158943,-0.006662481149195959,48,0.03323030446478248,0.003270049166152913,0.0006847617509667253
1209,490,0.00107299284256299,-0.0009467632521714536,-0.0062095825984715,48,0.03012924143517548,0.0013314285437241568,-0.001308480691751275
1210,407,0.0011250722301446936,-0.0005946528659985795,-0.004278014211589104,48,0.029236063601798534,0.0036158598416508904,0.0025942510504060913
1211,464,0.0008183859321441575,-0.000696703043608856,-0.0062095825984715,48,0.025781595486270015,0.002534374613757044,0.0016400048201107263
1212,452,0.0010212519133551792,-0.00023859162917934558,-0.0013451166832809322,48,0.04533782390633567,0.0010519148576463265,-0.0016672568053581298
1213,473,0.00039747994331749015,-0.0007070434671093521,-0.008906685325767646,48,0.10145679649394368,-0.0041593126551533,-0.009919263535735141
1214,448,0.0009345133400246843,-0.0005738065440800064,-0.0062095825984715,48,0.07842134550376845,-0.002073143164824662,-0.0071761157066105065
1215,414,0.0009362562065804835,-0.0010508260977065698,-0.0062095825984715,48,0.058343904067433616,-0.0023324324060128715,-0.006025171508921089
1216,400,0.0008405681280832245,-0.0002746125818087475,-0.00399275202566253,48,0.033885010005781924,0.0006163847065619038,-0.0030257067395827973
1217,464,0.0007124672204241785,-0.0014280738890832187,-0.004531381795874562,48,0.04779644545689388,0.001123310927601243,-0.0006526172854441244
1218,441,0.0009578633999416811,-0.0006085689891356869,-0.006662481149195959,48,0.08111921970338454,-0.0010565829803020378,-0.005245861551729824
1219,463,0.0009278295003480467,-0.0005609627161494712,-0.0062095825984715,48,0.08902006366313231,-0.0008204793998449252,-0.005435075826849881
1220,435,0.000644741194952201,-0.001222948170244799,-0.004531381795874562,48,0.03685776866470902,0.0009871315988378426,-0.00241857056234996
1221,368,0.0010513195423797195,0.0012483865735777883,0.008290359890601437,48,0.07047223732742136,-0.0007527784614943384,-0.004100652024422034
1222,430,0.0010505403649432405,0.0015743408068253145,0.008495641949748237,48,0.08019355916681226,-0.0014381668361824664,-0.004575557188772839
1223,455,0.0009392608771490764,0.000817061076213722,-0.0013451166832809322,48,0.03809381969601655,0.0013601155530474727,-0.0013652031702602353
1224,416,0.00091515376369694,0.0003598834415343491,0.007699594867469392,48,0.048017683596557004,-0.00048083814722155865,-0.003241642328485287
1225,348,0.0008320331860818568,-0.0007283358772210945,-0.011040109079057975,48,0.08615999821432574,-0.0023831730771800303,-0.0073260119085934335
1226,460,0.0010090788777645538,-0.0008396027741003238,-0.0062095825984715,48,0.03555072401478376,-0.0009138671921592855,-0.0037549430373977864
1227,436,0.0010458902169750688,-0.0004614011686145808,-0.006311824246607006,48,0.021351926272556998,0.0028687414362502522,0.0005663569537508774
1228,454,0.0006350938996079344,0.0010905299116980858,0.008495641949748237,48,0.042354190372366984,0.00035769585977566895,-0.0004887026693765721
1229,477,0.0009363008007160769,-0.00047725831535422834,-0.0091872108478388,48,0.047870780233401744,0.00039424626871801746,-0.001266309280880902
1230,400,0.0010619013272243952,0.0014507585910651394,0.008495641949748237,48,0.038187933528230134,0.001727241016904267,0.0005985781358484061
1231,422,0.0007269877853938109,-0.0011461500277364367,-0.004531381795874562,48,0.03548459964420225,0.001868383424648519,0.00035287289559972346
1232,419,0.0010484858902560356,0.0011457263732945824,0.008495641949748237,48,0.01397254495049327,0.003611445301914061,0.005242142039329097
1233,436,0.0008049972569456904,0.0011823547238574948,0.008495641949748237,48,0.1005791066311793,-0.0023971595211390306,-0.00931197089772473
1234,433,0.0005452193056788568,1.6503514159733196e-05,-0.0016095071952559846,48,0.07951086502349891,-0.003271776836221131,-0.00753476646794389
1235,395,0.001067729591547852,-2.84076795913071e-05,-0.0013451166832809322,48,0.04137937745914888,0.002558109917127632,-0.0002960585291852183
1236,439,0.0007985190623322957,-0.00040613646356356045,-0.006522218388160375,48,0.031490049653710384,0.0016777566501614168,-0.001379732399862603
1237,423,0.0008919745382040237,0.0015428522592628984,0.008495641949748237,48,0.07485689613400959,-0.001750361593063094,-0.005366415549316696
1238,461,0.0006435343135779066,0.0007165505235237008,-0.0013451166832809322,48,0.03449687582357541,0.001372628528868377,-0.0004449388119199503
1239,414,0.0008829281730195412,-0.0006667346766453426,-0.004768933875214029,48,0.029014182895207075,0.002516862889019311,0.00022533084382686877
1240,444,0.0006969853739177407,0.0005049241102128921,-0.0049954949773790905,48,0.10013434957830403,-0.0022630528947913606,-0.009371920436379072
1241,396,0.0008835971413131919,-0.0004626423548052712,-0.004534856414385557,48,0.052735495078560346,0.0007535545330247312,-0.002927930150214914
1242,406,0.0008213328457968038,0.0006930859390443201,-0.0013451166832809322,48,0.0581745309434758,0.0001964939509309111,-0.003975642189840967
1243,471,0.0009075472570503184,-0.001250856564364744,-0.004531381795874562,48,0.05159116672323327,0.0010584639445614646,-0.0022860245193371993
1244,442,0.0008145321178143006,-0.0008567858898742876,-0.0062095825984715,48,0.006324029351891136,0.004844488838895399,0.004424047843546896
1245,424,0.0009560381560284707,-0.0006783189606248408,-0.0062095825984715,48,0.044654708198238025,0.0009411070612664954,0.0016118519742972844
1246,452,0.0008854339496333205,-7.753955488977449e-05,-0.0074339263348924545,48,0.04333544675071399,-0.00010107913220188704,-0.003117177556574032
1247,392,0.0010638991717383224,0.0005040592807813767,-0.0009370766556758003,48,0.042773635294633516,0.0008719213086415874,-0.002570603068438704
1248,455,0.0009279781320844132,-0.0004515563148212269,-0.007644320476446226,48,0.05606031849511994,-5.043715436857388e-05,-0.0033683259096489726
1249,470,0.0008588519377783427,6.138828707439106e-05,-0.008696291184213875,48,0.0394427573513656,0.000562588216546955,-0.0012049024087453508
1250,446,0.0010411927817854903,-0.0006571156067912282,-0.0070131380517853,48,0.06075476974832528,-0.000970674358133649,-0.006155808302680383
1251,460,0.0010090788777645538,-0.0008396027741003238,-0.0062095825984715,48,0.021493170216267954,0.0034196167374876216,0.0036864528183558204
1252,463,0.0007585918316320743,0.0006354635836895387,-0.0013451166832809322,48,0.0760166647113848,-0.004538513873886032,-0.008138815673063175
1253,436,0.0010576646412971365,0.0008596569201280557,-0.0013451166832809322,48,0.05072142327197726,0.0004890058641829238,-0.0012851467440468702
1254,458,0.0008943789779786446,-0.0004827152420630934,-0.007854714617999595,48,0.04306861396739614,0.0014092030092238842,0.0011487314513392664
1255,379,0.0011437272759338207,0.00023205602224972855,-0.0003476855046904634,48,0.07722446875951416,-0.0008438622444359584,-0.004305404154322765
1256,462,0.0006772852197857943,0.000847147547149249,-0.007034193441198402,48,0.061307578077364866,-0.0006147005467532843,-0.0025229017906001072
1257,439,0.0008488101919319115,-0.0008361670249040082,-0.0062095825984715,48,0.03257157219687701,0.0033349703031487557,0.0027787408502461426
1258,466,0.0010845982857629933,0.0008436933712748637,-0.0013451166832809322,48,0.05401370546654605,0.0017489839685280797,-0.0015991809299666891
1259,465,0.0007568922414255084,-0.0011297534793661482,-0.004531381795874562,48,0.07158141856365907,0.0004830911909441942,-0.0018038647077732763
1260,482,0.0008202300426477082,-0.001065519458299826,-0.004531381795874562,48,0.04888167863621662,0.0006693049857336916,-0.00280033349566218
1261,400,0.0008534022505942798,0.0012314714528065636,0.008495641949748237,48,0.0715395100054782,-0.0015023733722595856,-0.005011693596856701
1262,356,0.0008206009633403384,-0.00046151359505623366,-0.00995590030161271,48,0.04002267344885824,0.002507848951050518,0.001376647347951971
1263,374,0.0007189164886664164,-0.0011367795470971429,-0.005756468381770366,48,0.057565666681946626,0.0006907876086174776,-0.001605300792179732
1264,476,0.0008933726469653874,-0.0009583184302431533,-0.0062095825984715,48,0.03153030672164825,0.0011769701196857937,-0.0008704122301187271
1265,410,0.0009775104221021519,-0.0005269458853197212,-0.004488408353142875,48,0.020137704557379288,0.0034681361661402085,0.003922351609289238
1266,412,0.0009276642045537736,0.0008889920878956577,0.007911874089410256,48,0.010793637560248426,0.0015918777221756502,0.0011626606551792176
1267,404,0.000896787293463646,0.000987514955875319,-0.0016249073435066486,48,0.03240172610646308,0.0020866390575019645,-0.0015914647773026293
1268,418,0.0008831680345156067,-0.0006654395881225995,-0.005049459397285586,48,0.03984830543846374,0.00028401245871924156,-0.0029205011770487097
1269,457,0.0008608077000713281,-0.000513478970837318,-0.00778458323748181,48,0.05773449913431239,-0.000950350417380539,-0.005464602196252239
1270,416,0.0009274750650807417,0.0008807438877108144,0.007699594867469392,48,0.1021746728828804,-0.0026172370782903947,-0.008788850604420567
1271,427,0.0010137348455040707,0.0009298604851155088,-7.874204432178206e-05,48,0.07709914353526093,-0.0019598555976136946,-0.0049864559626764116
1272,460,0.0008277753328688004,-0.0008691761520830468,-0.0062095825984715,48,0.028357810317755527,0.002541301234220035,-0.0016927709433117583
1273,451,0.0009281553776074808,-0.00045170762623861216,-0.007363794954374656,48,0.03745235835039262,0.0010485211232709943,-0.0004531490938193966
1274,374,0.0008238470203872309,0.00027940563753578625,-0.001709352554763302,48,0.10336808051708424,-0.0044383031180786625,-0.009782061826294864
1275,440,0.0008838002610647546,-0.00045877072967158775,-0.006592349768678174,48,0.04627172063016061,0.0018500374582305374,-0.0006574607328838737
1276,449,0.0009569748529379713,-0.0006068321177767622,-0.007223532193339072,48,0.07895217897807028,-0.001247526038525978,-0.00467068394414427
1277,463,0.0009652143632512154,-0.0006895783100951472,-0.0062095825984715,48,0.08808573329050373,-0.0032577222998105386,-0.008512414850336485
1278,409,0.0008451243232818432,-0.0010178185582848456,-0.0062095825984715,48,0.08128853030673289,-0.0014491103699056148,-0.007181615756541571
1279,426,0.0011320907493028783,9.827114971998948e-05,-0.01004364440354779,48,0.07227890385814573,-0.001596775434111396,-0.0052904045578343675
1280,454,0.0007000382477222811,-0.0006273950236989553,-0.007574189095928427,48,0.028065063137449386,0.0020642172202570835,0.00174138964697103
1281,438,0.0005450462433372232,-0.00012984641097077074,-0.00645208700764259,48,0.05557163114223451,-0.0009669883695978265,-0.0066860789031845495
1282,399,0.0011952275283459535,0.00027592770340644814,0.0031101110599903586,48,0.02809302228195354,0.003048963200851771,0.0010852123523011382
1283,454,0.0009045620099536978,-0.0007229355935493304,-0.007574189095928427,48,0.0582932484834231,-0.0006502068487081094,-0.0053978212690118585
1284,485,0.0008354417379393721,-0.000861896786155416,-0.0062095825984715,48,0.043547364394511345,-0.0009206968277760772,-0.005136138728660963
1285,431,0.0008192508658367188,0.0006202242381573029,-0.000502421849040223,48,0.05061785137851649,1.5673022760506056e-06,-0.002043104218816696
1286,493,0.0008615005963145596,-0.001280281464035398,-0.004531381795874562,48,0.048727970809733456,0.0007523501227706588,-0.004130946554968644
1287,471,0.0007879312444452917,-0.0002775942246300532,-0.00876642256473166,48,0.03421313690705918,0.0005461298869651326,-0.0028365204140380525
1288,421,0.0010161136540988978,0.000679789875622042,0.007434245840043006,48,0.02461484291066507,0.0033427445643772428,0.0023916178287070565
1289,424,0.0008409880437555677,-0.0009860461528811044,-0.0062095825984715,48,0.02407884418150852,0.0018118466270448663,0.0034141508420411654
1290,428,0.0007615830769528453,0.0006846707329620557,0.008495641949748237,48,0.06085523046783081,-8.989249196811322e-05,-0.003117434068636432
1291,454,0.0006724158310832838,-0.0007206461306230767,-0.0062095825984715,48,0.06761382899032109,0.0009180777767716503,-0.003254381097520055
1292,465,0.0007196681736316053,-0.001016558919165654,-0.004531381795874562,48,0.04350385758589492,3.0988072207938436e-05,-0.0024565564828271103
1293,449,0.0009684083696516054,0.00045970522775058264,-0.0013451166832809322,48,0.03339195231668379,0.0026258992592069434,0.00017466878639881
1294,373,0.000945970805349652,0.00015829997009044784,0.0020889566239808838,48,0.07627584228883322,-0.0017890549798404588,-0.007842239108903356
1295,416,0.0009274750650807417,0.0008807438877108153,0.007699594867469392,48,0.04094274091988881,0.0007234655864513401,-0.0019325684686699214
1296,430,0.0007833969074279145,0.00045981552094232284,-0.01067147202412903,48,0.09621778330824826,-0.002463349560228782,-0.005743390927235857
1297,415,0.000919924618341476,-0.0006353284425530022,-0.004839065255731828,48,0.021980336905167874,0.0010228378328923683,-0.0006819330761168585
1298,356,0.0008072059791547673,0.0002900256360048245,0.0031886614012217873,48,0.053672657464971185,0.0008662493785897996,-0.002522500832250413
1299,429,0.0009298139833566572,-0.0006642872139962543,-0.005820904582982081,48,0.0635460094131941,0.0012687185851444106,-0.0038027882938061475
1300,461,0.0007068982146135362,-0.0013164064000612818,-0.004531381795874562,48,0.06712151740451366,-0.0007020654001641969,-0.004922168012300571
1301,462,0.0011124813179391067,-0.0006254418507657365,-0.008135240140071151,48,0.04120861400279474,0.0002627064879001037,-0.0026544384244789505
1302,420,0.0009685018890361655,0.0005881979897587528,-0.00295807453416147,48,0.01262302936052484,0.002262465900757722,0.00036686527729431
1303,425,0.0008252648885641216,-0.0005620553631774869,-0.005540379060910525,48,0.09658960341117595,-0.0026198406890053094,-0.008745807778064295
1304,418,0.0010298709645582267,0.00022747630448908748,0.0031886614012217873,48,0.046327239018093214,-0.0001516278781199705,-0.0023367201647128445
1305,432,0.0010471670365826318,-0.000461637326941447,-0.00603129872453545,48,0.09971661365365703,-0.004357094241039947,-0.010121965046948612
1306,387,0.0007404676340126799,-0.0006435391307487714,-0.005754591289011388,48,0.041405299105294446,0.001627132121865247,-0.002216359558088441
1307,456,0.0009720243532430999,-0.00033077556396732266,-0.007714451856964025,48,0.08547175978999644,-0.0011263044052373713,-0.006624515282602279
1308,373,0.001006117864062329,0.0003258673830572852,-0.001642256473174529,48,0.032471858042060986,0.00359614135170604,0.0009284004502925006
1309,441,0.0009294267170525559,-0.0007135438046826058,-0.0062095825984715,48,0.030402863376429612,0.0013838435562350156,0.002741388073621275
1310,411,0.0008242086238342571,0.0005077217530117892,0.007964943894895472,48,0.06922391637593406,0.00010625067474679013,-0.003753522430737854
1311,475,0.00104745727711657,-0.0004980291526432076,-0.00904694808680323,48,0.08165727390095479,-0.0017397504781666226,-0.005239014855508383
1312,465,0.0006983729835789484,-0.001179313217756512,-0.004531381795874562,48,0.030209745420867407,0.0001908469812355925,-0.0023579005094022942
1313,428,0.000853608771855645,-0.0005052162535040886,-0.0057507732024638936,48,0.04779738487664453,0.0005567353664245045,-0.00217771547637469
1314,411,0.0009200407343413096,-0.0006364735506008239,-0.00455853973366066,48,0.03474751043480806,0.0015511838242279127,-0.0012854529771720233
1315,438,0.0007632726378590318,-0.0004380907964187282,-0.00645208700764259,48,0.030236699605635242,0.0030486593343343783,0.0033098243325433586
1316,454,0.0008829514275602753,-0.0009486210090289583,-0.0062095825984715,48,0.05239233082643602,0.0017843304719279036,-2.8418963606918757e-05
1317,410,0.00103135872916125,-0.0009424264508616845,-0.0062095825984715,48,0.08120229304279813,-0.0011017375467977288,-0.004466089649756214
1318,435,0.000859858136775234,0.00013315834664413828,0.0008641496050915513,48,0.038985882006059125,0.003546765031458123,0.006577340639697681
1319,430,0.0008849029506820764,-0.0002591086339470486,-0.005891035963499866,48,0.022567654353881417,0.0018206245173645035,-9.808551586710547e-05
1320,413,0.0009228206143670932,0.0012424075900395442,0.008495641949748237,48,0.05703180699848187,8.155431523817688e-05,-0.0026682435930334703
1321,437,0.0009187107392509839,-0.00042740513544480344,-0.006381955627124791,48,0.0772253690207414,-0.000411555799918778,-0.004144821919765201
1322,375,0.0009827169013964512,-0.0007487159821408379,-0.007380904455179679,48,0.03842366053127699,0.003446708627740198,0.0004446367150233929
1323,425,0.0008483500754032159,0.0001400432068091569,-0.0033188277995040844,48,0.031720028801034195,0.000613115282163389,-0.002633559509411562
1324,376,0.0011403402240397309,0.0007250153380269483,0.004515406538353403,48,0.024333917713831532,0.0025732341240786247,0.00280459145329893
1325,433,0.0009179667058219158,-0.0010961172138854655,-0.004531381795874562,48,0.028326036551431177,0.0031972549172449016,0.0007223293186783206
1326,465,0.0009463227224642207,-0.0010416166563300203,-0.0062095825984715,48,0.044055837488469085,-9.946705749711883e-05,-0.002454169300124407
1327,453,0.0010444961915832439,-0.00047254721081266965,-0.007504057715410253,48,0.07103984297391408,-0.0006463317998306062,-0.002494817615291682
1328,377,0.0010772556843271488,0.0007635809153940494,-6.645707128924427e-06,48,0.05203785001737671,0.0033414920173446844,-0.0004637738498516515
1329,459,0.0007461054340823425,-0.0004930359720948241,-0.007924845998517394,48,0.04773102199817558,-0.0007776018540124816,-0.003298571198110889
1330,441,0.0005804434128702648,9.086674222869018e-05,-0.0026260128313269383,48,0.05340381216659218,-0.0017859978958990747,-0.004915004477618858
1331,403,0.0010656705812152282,0.0010501963346508684,-0.0015316437900977226,48,0.07098121267417801,0.00021212616163713248,-0.003553159146127402
1332,425,0.0009819671293101236,-0.0010464247305391784,-0.0062095825984715,48,0.060131082572922545,0.00026007055655576095,-0.0028495127652540635
1333,469,0.0007950875449562154,-0.0012415340548512475,-0.004531381795874562,48,0.0829920963599089,-0.001123397311389376,-0.006901521792997686
1334,470,0.0007550620492598088,-0.0003103657540055836,-0.008696291184213875,48,0.07661762950577578,-0.0019428491684262486,-0.006400565854179984
1335,389,0.001104506307212367,0.0006481349359022601,-0.0008010633131405875,48,0.06571517002502425,-0.001053593223936805,-0.004661934443703386
1336,382,0.000871159648460026,-0.00043742225689264586,-0.006432221774914981,48,0.05403477487126018,0.00038826598602435466,-0.0029891537410120586
1337,371,0.0008911739277183243,0.0012141764552306335,0.0014220375482453945,48,0.08430982032495571,-0.0020554208421977582,-0.007393386555268163
1338,483,0.0010809841568310678,-0.0006846835766734227,-0.00960799913094594,48,0.013801905668715309,0.0014575614611832474,0.0012744940037122399
1339,424,0.000840988043755566,-0.0009860461528811044,-0.0062095825984715,48,0.06292413877771108,-0.00039561801258146834,-0.003779734810547922
1340,442,0.0009141082111030971,-0.00022343574723939635,-0.0067326125297141465,48,0.054104384961244256,-0.0006223052522269668,-0.0041077317935180185
1341,351,0.001041243163044917,0.0007653340901902263,-0.0036551389208394035,48,0.05559574007463575,-0.0010465522719160219,-0.004250399379795402
1342,442,0.000992430344696614,-0.0005775599788737339,-0.0067326125297141465,48,0.08174555257649263,-0.0009467512207612262,-0.006611953865181415
1343,452,0.000630485451036087,-0.0012434979181717362,-0.004531381795874562,48,0.048211888761901966,-0.00022942876227738905,-0.0022592141712571776
1344,413,0.0008038223522894433,-0.0008680303016534788,-0.0062095825984715,48,0.07163719653567246,-0.0006772210665992508,-0.00446041045486479
1345,411,0.0009850126119799476,0.0008850812194087024,0.008310888096516124,48,0.07966894923541334,-0.001723412049707421,-0.008481582844915191
1346,465,0.0008887671333778022,-0.0008068532904875955,-0.0062095825984715,48,0.005929485367339948,0.0017925721439006215,-2.7153015662272073e-06
1347,392,0.0008389598027310002,0.0002842510466480475,-0.0016095071952559846,48,0.014779203517987227,0.003240600179406578,0.004815947154686086
1348,454,0.0008448254550400807,-0.0008128752393213763,-0.0062095825984715,48,0.037501032731408035,0.0004874514840154751,-0.0037727882751255534
1349,408,0.0008728500905640481,-0.00023643981172889392,-0.004348145592106889,48,0.042822578411569,0.0022867128813855893,0.0008580802153710793
1350,405,0.001127932071153876,0.0005895922557844508,0.0031886614012217873,48,0.021906475028602324,0.0022766484684859055,0.001002860061678653
1351,443,0.0008609329527312975,-0.0003154803307340061,-0.0068027439102319315,48,0.05046788734772811,-0.0005727091703724759,-0.004805201422430964
1352,401,0.0011173238529063947,-0.0005658000230512814,-0.0038572259284819638,48,0.025759539178142887,0.00297781417091548,0.0023892140766110497
1353,416,0.00091515376369694,0.0003598834415343491,0.007699594867469392,48,0.03356901303250115,0.0036601296248337002,0.0013006946329517863
1354,416,0.0009389380803933953,-0.00014215043214894918,-0.004909196636249613,48,0.03594418707218783,0.0023933897732530234,-0.0003847952735006356
1355,383,0.0011290523680787434,0.0005794827396851578,0.008458691179101807,48,0.07772861943722831,-0.0020011509083270283,-0.007533696679059475
1356,461,0.0010421273847767394,-0.0004720576685131872,-0.008065108759553366,48,0.06753103130055294,-0.00046036907667456814,-0.002915385570377767
1357,433,0.0009296124102943183,-0.000663163886817749,-0.006101430105053235,48,0.032047907071046544,0.0017755066816253443,0.001010484319337486
1358,428,0.001048467721977248,-0.0004618857511955385,-0.0057507732024638936,48,0.04583138512426854,0.0002820055440421118,-0.0032961284351645734
1359,422,0.0008844652113706771,-0.0002578172915928198,-0.005329984919356753,48,0.08725697109712527,-0.002358296621090203,-0.007218665376592302
1360,452,0.0008149979082308807,-0.0012200331289157068,-0.004531381795874562,48,0.036285313548480524,0.00012682305290588267,-0.0038689438799807477
1361,404,0.0006658420112197554,0.00013459826728882095,-0.0015997942386833802,48,0.08390258252233718,-0.0026261726605255435,-0.006756157453545877
1362,494,0.0009030159837431634,-0.000976714446561059,-0.004531381795874562,48,0.03608258329757685,0.002396213702978816,0.00542166459487391
1363,406,0.0010023608440173967,0.0002039081778218892,-0.0017695792756180148,48,0.02794872199066778,0.0007781419698205724,-0.0033335262513743066
1364,373,0.0007953108499015159,-0.0005218503124599684,-0.0076519566495408115,48,0.0688704161831517,-0.00044555420145548155,-0.0033420117579280057
1365,374,0.0008966049211857679,0.0006952774290781803,-0.002901705837997915,48,0.0026468936066670334,0.004722716299660003,0.0030066068251847385
1366,444,0.0007351478894353286,-0.0009815404006938769,-0.0062095825984715,48,0.041847793260755495,0.00039516449993304975,-0.005187561662226937
1367,410,0.0005831845686181721,-0.00043783015351422927,-0.004488408353142875,48,0.07835364947631951,-0.0022644477910930393,-0.006620639731806122
1368,436,0.0010630874351345923,-0.0009081863446263917,-0.0062095825984715,48,0.07356557531217434,-0.00014065024669658935,-0.0030905431925840384
1369,415,0.0009322948569063468,0.0004694268037227483,-0.0013451166832809322,48,0.029271588748842503,0.0020672093133622046,0.00024581486317517415
1370,373,0.001125476165463992,0.0002731692096999425,0.0030228382281522245,48,0.07342508363364686,-0.000638169870569881,-0.00589595712532856
1371,409,0.0007911443577702758,-0.0006159331003421642,-0.004418276972624688,48,0.05394908581717284,-0.000486987353975378,-0.0034013611211142943
1372,382,0.000871159648460026,-0.0004374222568926493,-0.006432221774914981,48,0.0762333376327089,-0.0030405236487826177,-0.007313374771345284
1373,392,0.0008953011127386316,-5.9244182659832535e-05,-0.0013451166832809322,48,-0.00416532944109449,0.0076233484484816245,0.012045816853254999
1374,441,0.000729498723805142,-0.0004691717392534718,-0.006662481149195959,48,0.05292086640777194,0.0007949571809353385,-0.0005504767109486448
1375,465,0.0008998072387636563,-0.00029864391900679896,-0.008345634281624534,48,0.04927126055906661,0.0019291834180398034,-0.002562379189457363
1376,438,0.0009645700009232091,-0.0006918213609604061,-0.0062095825984715,48,0.04118385615832798,0.00341061801387702,0.004020623420087728
1377,412,0.0008856516037669595,0.0011202636328882364,0.008495641949748237,48,0.0377421655230783,0.002429019601718801,-0.0025752066882707945
1378,455,0.0009384586032274095,-0.0007276126885213986,-0.0062095825984715,48,0.07570132829762766,-0.002532930634873363,-0.007148308644033739
1379,430,0.0007312042550358475,-0.0004837132535840359,-0.005891035963499866,48,0.056016322485164305,0.0006196639662545498,-1.6189617698114667e-06
1380,459,0.0007461054340823425,-0.0004930359720948241,-0.007924845998517394,48,0.08835701867168644,-0.002855402412972283,-0.008512340265621006
1381,465,0.0009672932540575779,0.0013066351258609237,0.008495641949748237,48,0.048737050272527505,0.0005174686346296423,-0.0019313387147766245
1382,454,0.0008180070794459272,-0.00014549103485752765,-0.007574189095928427,48,0.042903089564136465,0.00011422729342018545,-0.0007882750510572085
1383,507,0.0008714818071624709,-0.0012829408337176017,-0.004531381795874562,48,0.08402990244787456,-0.002111099594836416,-0.008487258153469675
1384,450,0.0008660666359941709,-0.0005306604154803538,-0.007293663573856871,48,0.07665666467795351,-0.0010858983010178253,-0.005937789198611938
1385,400,0.0009271140857040625,-0.0006623042664313308,-0.00399275202566253,48,0.08125632746753453,-0.00046556181752712214,-0.004625930257548726
1386,458,0.0008565859833843921,-0.00030988013298653,-0.007854714617999595,48,0.04186740788611443,0.0008439868429569522,-0.002578170426949116
1387,392,0.001019743070911364,0.0008067982790083694,0.008495641949748237,48,0.061217400259610755,-0.00019001997074740568,-0.00326869150577316
1388,439,0.0006982624946018923,-0.0010071714446629743,-0.0062095825984715,48,0.04453882516280805,-0.0002187812521432849,-0.0030020486983102224
1389,470,0.0009685764645164388,-0.000840314585523437,-0.0062095825984715,48,0.037210405773291155,0.0037883317731557623,0.0026451136634730414
1390,484,0.0009653280404268542,-0.0011873683059099478,-0.004531381795874562,48,0.05344915991920385,0.0012315751051772163,-0.0010374003388198445
1391,374,0.0008238470203872309,0.0002794056375357871,-0.001709352554763302,48,0.05421748812541405,0.00016244809314259513,-0.0026185499557318456
1392,411,0.0006758758312497863,0.0006500575454280065,-0.0033298028014211133,48,0.030176808617130457,0.0032066048945472263,0.002629861922763356
1393,450,0.0007087866756412134,-0.0008605004111056982,-0.0062095825984715,48,0.09451708265454817,-0.0013855604018983992,-0.008549778699592165
1394,454,0.0010882792308365315,-8.723368404844369e-05,-0.0013451166832809322,48,0.033749804754941826,0.0020087413130047433,0.0014371642256187922
1395,452,0.00099952803717072,-0.0009642071300980069,-0.0062095825984715,48,0.02175062009722839,0.0030849038226856192,0.004224646892120718
1396,450,0.00070878667564121,-0.0008605004111057017,-0.0062095825984715,48,0.022947424304295416,0.002988489983144686,0.0033734794815482912
1397,454,0.0009047625803675092,-0.0007507059981930742,-0.0062095825984715,48,0.06767636800511156,-0.0025034086095606853,-0.007058852592706218
1398,344,0.0007669702560023878,0.00027490562186101037,0.0003035298929018257,48,0.07592107963007377,-0.0015083239767570665,-0.004489724231497577
1399,422,0.0009365854354349444,-4.160752820546454e-05,-0.0031278595710961116,48,0.0794307287507201,-0.0003373848823784043,-0.0046343853811522985
1400,459,0.0009655146327233301,-0.0006362513582151633,-0.007924845998517394,48,0.03234780172602936,0.0041479023256540005,0.0034065139174569645
1401,420,0.0010210680935462402,-0.0005112192809817936,-0.0051897221583211695,48,0.02839859980379933,0.003410249676266245,-0.0003888453125083062
1402,453,0.0008221632781064804,-0.0007133775314962891,-0.0062095825984715,48,0.06089209441518639,-0.0006524576538420711,-0.004224082910732875
1403,372,0.0009186460182512338,0.0005654338690713485,0.004727685760294566,48,0.06442423383153106,-0.00040759104358718476,-0.00722604088204782
1404,465,0.0008988435700035095,-0.0006936950794710142,-0.008345634281624534,48,0.038605424045265124,0.002430597297608493,4.294925067638636e-05
1405,439,0.0008999328355050089,-0.0004996719370944716,-0.006522218388160375,48,0.07221917214144258,-0.0006729890390639193,-0.005454660041594034
1406,441,0.0007803714061176796,-0.00047774785550059803,-0.006662481149195959,48,0.045998267585907304,0.0025263685646848832,0.0014230484574388677
1407,425,0.0010447987568618427,-0.00024657404500978697,-0.005540379060910525,48,0.047624114997584344,-0.0007199124382976652,-0.0028092305266094394
1408,452,0.0009725733244527867,-0.0007060624779365483,-0.0062095825984715,48,0.04408118560076035,0.0012806985005327873,-0.00014457640877912556
1409,417,0.0010056960949145757,0.0007441704564945936,-0.003215116427676766,48,0.06072244960106388,0.000963575501731288,-0.0019704031259089837
1410,457,0.0008608077000713281,-0.000513478970837318,-0.00778458323748181,48,0.033162839866130445,0.002557448473502864,0.0004163084007908699
1411,387,0.0009815577994559139,-0.0003031239813350156,-0.005754591289011388,48,0.07399161802656573,-0.0003575391699458634,-0.005040508102907397
1412,456,0.0007786554219911916,-0.00046216784693336663,-0.007714451856964025,48,0.04536250586810109,0.000605069259110233,-0.0015982201081015564
1413,440,0.0007452439479915321,-0.0005105521622365515,-0.006592349768678174,48,0.07818259101973624,-0.0018042548433708384,-0.00769117419039924
1414,473,0.0007236251267820756,-0.0003428595478678423,-0.008906685325767646,48,0.06538719918431768,9.037358042723008e-05,-0.0036151691343407726
1415,400,0.000883841106893643,-0.0004623070565441881,-0.00399275202566253,48,0.05891064922448319,-0.001468075430305818,-0.00613265775928333
1416,384,0.000792445576957076,0.0007074844559673129,-0.0023803133706514247,48,0.06557352788995663,-0.00016972307511019247,-0.004301388462651514
1417,440,0.0006665658046998623,-0.00015346727414155756,-0.006592349768678174,48,0.05617536834752879,0.001033599377970193,-0.00449643359444888
1418,453,0.0009949534972596473,-0.0008060334174536075,-0.0062095825984715,48,0.061230596121428116,-0.00014522623737890303,-0.0028866721705889976
1419,430,0.0008968416692970108,0.0011987873550181657,0.008495641949748237,48,0.05378456312819113,6.556729758710154e-05,-0.0017053045214148067
1420,418,0.0006959097348113383,-0.0005339522425128612,-0.005049459397285586,48,0.06291300731962923,-0.000629271558802864,-0.001808969307230705
1421,483,0.0008726658065032348,-0.0006174881745926904,-0.0062095825984715,48,0.012099772746147042,0.0035226468987854687,0.0030151608655023844
1422,477,0.0009363008007160778,-0.0004772583153542318,-0.0091872108478388,48,0.07843183153845723,-0.0023940908400495453,-0.004771788615617938
1423,469,0.0007111067402261525,-0.0008338317272818738,-0.0062095825984715,48,0.05536816708398207,-0.0005429473535351181,-0.005222587421515459
1424,466,0.0008955743079024784,-9.626368452901254e-05,-0.008415765662142319,48,0.0444228117505896,0.0016958935947668907,0.0012294245548198687
1425,409,0.0007488235960974926,-0.0004266759452866281,-0.004418276972624688,48,0.014074079752664725,0.0036669525337012926,0.00228705264730439
1426,438,0.0009762906607506568,-0.00012926540364998837,-0.00645208700764259,48,0.03534331832259674,0.0016406471738172838,0.0014192231654991498
1427,435,0.0006681348479199555,-7.83876644778617e-05,-2.795670066201364e-05,48,0.05095934273959524,0.001706185332550075,-0.0030904713668097952
1428,398,0.0010280118353698819,-0.00012868454283945785,-0.0013451166832809322,48,0.02976674595035378,0.0042401075806390714,0.0038693006250058136
1429,394,0.0011409172113824022,0.0008013464947328698,-0.0030512741865399325,48,0.0902210746029194,-0.003333977924613103,-0.0087449733052924
1430,456,0.0008166141753336645,-0.0006470767448340832,-0.007714451856964025,48,0.047461010737827936,0.0013342649455097694,-0.001903544588532046
1431,412,0.0008731912906494305,-0.00023712510161093617,-0.004628671114178445,48,0.0203517414592731,0.002654510124888638,0.0013478616386826854
1432,477,0.0007614588077348482,-0.0005186134518855509,-0.0091872108478388,48,0.046720520147793376,-0.00012155487783863106,-0.001978780547167956
1433,442,0.0009648838684075973,0.0008694823833257301,0.006319779924852262,48,0.06111663087240915,-0.0004977383523714889,-0.003469537285168224
1434,426,0.0009253180411268229,-0.0004400513040515759,-0.00561051044142831,48,0.09309371127308685,-0.0031568415524511357,-0.007639493643669351
1435,422,0.0011342148919563809,0.00010431321720932949,-0.010010160263783437,48,0.08175377312902421,-0.0011817835237800858,-0.003148522213116133
1436,432,0.0010244559152710192,-0.0007740679979953285,-0.0062095825984715,48,0.06071261279263185,-0.0002627545918153767,-0.003522160410873665
1437,466,0.0009056291212736233,0.0006700048269228003,-0.0013451166832809322,48,0.03774305759480945,0.001882429270211745,0.0022403690428692818
1438,460,0.0008174087798904009,-0.0006461427950569879,-0.007994977379035581,48,0.03270309565873386,0.0014503319777816569,-0.0025123976635490104
1439,446,0.0008656906085200535,-0.0005311364651815337,-0.0070131380517853,48,0.05067397957879227,-0.0016375453915329179,-0.005423742910114323
1440,407,0.0008348779484045189,0.0001656993820801948,-0.0018544717940853356,48,0.06765697680566407,-0.0003230712577424223,-0.0026540552539580445
1441,454,0.0010779586514731978,-0.00044084220984271297,-0.007574189095928427,48,0.06413328875165458,-0.00022074614953726535,-0.004589608703061236
1442,413,0.0007503651951605537,-0.0004264894001153943,-0.004698802494696244,48,0.0656207448765257,0.001013306747746424,-0.002758175542597479
1443,445,0.00054449062550349,0.00046299597644625535,-0.005080387495846411,48,0.1251153678934792,-0.004215090911388547,-0.010359407296522894
1444,439,0.000770784341330598,0.0010587992800976664,0.008495641949748237,48,0.014062983365699222,0.0038884128296036054,0.0028582056846587524
1445,455,0.0009279781320844123,-0.0004515563148212304,-0.007644320476446226,48,0.022071578236694367,0.0030037665591981857,0.004139452734602438
1446,451,0.000927345988174311,-0.0010987576818530416,-0.004531381795874562,48,0.04158605972677787,0.00010866823764793185,-0.0043834960528906786
1447,388,0.0007936367947137908,0.0006987682783572346,-0.0026486976970069055,48,0.085768205144643,-0.0024738530780341623,-0.008085537070542704
1448,414,0.0006520509730182063,-0.0003445513006613138,-0.004768933875214029,48,0.04391802648763221,0.0019504642524294027,0.002018404439468784
1449,455,0.0008899359529104169,-0.0002771432147385955,-0.007644320476446226,48,0.05450719396751613,-0.0007373838719257897,-0.003998778738053873
1450,386,0.000928737736796359,-0.0008955394025336946,-0.005957852478082004,48,0.0657199211426982,-0.001408439508245607,-0.003926897390218394
1451,402,0.0006432763304353422,-0.001075808730007264,-0.0062095825984715,48,0.04785282172578709,0.0015602591873356692,-0.0013152569222526327
1452,446,0.0008656906085200535,-0.0005311364651815371,-0.0070131380517853,48,0.023446121933154873,0.0025885545665190364,0.001486361710860409
1453,398,0.0009172768091152282,0.0008358791785295465,0.008489483487973834,48,0.07104422820058554,-0.0011607969179282546,-0.006046641309241485
1454,466,0.0009427733090937257,0.0003621540018493045,-0.0074072476548319825,48,0.07562946496846612,-0.00044806296276507854,-0.005511469085544292
1455,453,0.0010444961915832465,-0.0004725472108126766,-0.007504057715410253,48,0.10922369940368193,-0.004239807036272027,-0.010760439500635054
1456,477,0.0007871749534111901,-0.0010871761549976523,-0.004531381795874562,48,0.043789857144590605,0.0006386056949614135,-0.002644216568869224
1457,481,0.0009255818434562423,-0.0009504692339770103,-0.004531381795874562,48,0.08394558483325454,-0.0008693266490136624,-0.006239398567193218
1458,444,0.000784890667640265,-0.001038830118734596,-0.0062095825984715,48,0.032434418321741876,0.0012069592879821109,-0.002275008254175752
1459,437,0.0009807711418385867,1.1749634719950344e-05,0.0011921376172584382,48,0.04663113714637723,0.0004051553228680404,-0.001740011279266096
1460,465,0.000746637156758709,-0.0009729319045614256,-0.0062095825984715,48,0.09364322822089577,-0.002308243290481545,-0.007780192565322974
1461,358,0.0007497728300531028,-0.0003351654856738606,-0.009684848107251565,48,0.0937900604678431,-0.0017196487740090754,-0.007811932615390184
1462,389,0.0009023700185697373,-0.00037558673445197907,-0.0054835390946502555,48,0.06277393737637971,0.00022393386903597594,-0.0033856814049627766
1463,477,0.0009363008007160769,-0.0004772583153542318,-0.0091872108478388,48,0.013384573267164024,0.003217622526027991,0.0033037009254887947
1464,381,0.0009463495169652375,0.0009091260389437281,0.008290359890601437,48,0.04350245142796161,0.0009769319554145499,-0.0005428048764209818
1465,454,0.00088295142756027,-0.0009486210090289549,-0.0062095825984715,48,0.0549609753104332,0.00010210741079473215,-0.006364319774496417
1466,426,0.0007174934409942685,-0.0009697553183011833,-0.0062095825984715,48,0.03545368284503858,0.0016353062068163665,0.0011481885825337396
1467,457,0.0008495743324467737,-0.0009677084908984827,-0.0062095825984715,48,0.038395683907350264,0.001879089408901689,0.0020642926691629357
1468,452,0.0011186073239854608,0.0004950665249623338,-0.0013451166832809322,48,0.03888049697734153,0.00034868212400825625,-0.0033517042892909216
1469,472,0.0010332708565380724,-0.0007958307437216962,-0.0062095825984715,48,0.04229698186491326,0.0019867221321291425,0.00021314756515351807
1470,398,0.0008492655620201562,-0.0013221816256601335,-0.004531381795874562,48,0.07042683490761781,-0.00036490730096596334,-0.0046759320175994885
1471,415,0.00102720328442056,-0.0007474717970759361,-0.004839065255731828,48,0.045886044851826124,0.0006210531451571744,-0.001531051765198044
1472,464,0.0009606259755924494,-0.00041957891063554645,-0.008275502901106735,48,0.07478566388271712,-0.0029233777676576887,-0.007387055308272286
1473,438,0.0008531972894992119,-0.001000650039924167,-0.0062095825984715,48,0.0410627224457053,0.0033552072197720415,0.002157733683429419
1474,428,0.001008025685705829,-0.00028139432895354574,-0.0057507732024638936,48,0.023277259004513495,0.0019865440565613873,-0.0013548560393962343
1475,426,0.0009881428038619987,-0.0007739391596948593,-0.00561051044142831,48,0.03731342130101101,-0.000319822586410376,-0.003485895814249289
1476,416,0.0009682254124811496,-0.0005014124466332127,-0.004909196636249613,48,0.0751609820913679,-0.0009111099917450769,-0.006651211735847776
1477,418,0.0010535605898560384,0.0007964445362326836,0.007593455256498655,48,0.005477729749638449,0.001737642792433488,-0.000525718927011927
1478,440,0.0007837533954683715,-0.0012679633567197444,-0.004531381795874562,48,0.016418647744208037,-9.639275176488368e-05,-0.0011222153365712702
1479,445,0.0011563663232093998,0.0006377285335403939,-0.005080387495846411,48,0.013383790141442642,0.002018433639509846,-0.001074351164857417
1480,429,0.00104352318523011,-0.00024728109955070646,-0.005820904582982081,48,0.0704191322913661,-0.0004844490471625513,-0.004849640376373813
1481,461,0.0007868975220982513,0.0011206960997091533,0.008495641949748237,48,0.027398109473402932,-0.00025282755176064993,-0.0019045567481310657
1482,449,0.0009569748529379696,-0.0006068321177767622,-0.007223532193339072,48,0.1131390299661933,-0.003469214263621335,-0.008976442976748183
1483,421,0.0007422499282517406,-0.00021345650638766867,-0.0052598535388389545,48,0.03957908471967253,0.0018770049266974105,0.0017714778912656312
1484,447,0.0010751866524786376,-0.000627218942246318,-0.007083269432303099,48,0.04508155744128606,0.001189291760773866,-0.0019181235926309936
1485,417,0.0008463304504008175,-0.0010109211034494796,-0.0062095825984715,48,0.05108527130787033,-0.0008901885631697401,-0.004255625155192604
1486,464,0.0008183859321441575,-0.000696703043608856,-0.0062095825984715,48,0.07138764923822782,-0.0016357922096198602,-0.004282895261375812
1487,442,0.0008536931846110591,-0.0009975177945784966,-0.0062095825984715,48,0.09069206758959802,-0.0020710104985618913,-0.007756498324620158
1488,454,0.0008829514275602735,-0.0009486210090289583,-0.0062095825984715,48,0.040180760695041395,0.0010690653750531284,-0.0009079575662089348
1489,398,0.001083333188833517,0.0012102421134077626,0.008290359890601437,48,0.05343156346476041,0.001151269795638751,-0.0023136646791149726
1490,447,0.0008894090604284167,0.00016459132573278055,-0.002366207218260443,48,0.06442418150769058,-0.00022162817161356513,-0.0022535924765228615
1491,444,0.0007077254963728397,-0.0003269396325062124,-0.00687287529074973,48,0.04917180719571368,-0.0004140047843849866,-0.002598038171045043
1492,411,0.001069242254433317,0.0003353670189550906,0.0031886614012217873,48,0.009442185324672558,0.0023378471889571005,-0.0019108718227311104
1493,388,0.0010655064446494548,0.0005113099886458437,-0.0007557255322955952,48,0.05337847963830722,0.0004834223606558982,-0.0023941480298057885
1494,423,0.0011058031712918026,-0.00036130848690115597,-0.005400116299874941,48,0.04246176550241798,0.0018961650656036631,-0.0019474379601758414
1495,461,0.0009364914275867137,-0.0011096834530496778,-0.004531381795874562,48,0.043894517433846314,0.0008786742234553578,-0.0016079054870311547
1496,411,0.001009105710214705,0.0013592134500060304,0.008310888096516124,48,0.08213850008378121,-0.0019492039203761243,-0.004745227805435813
1497,429,0.0006950614841114049,-0.0005158271217086084,-0.005820904582982081,48,0.06828272015807724,-0.00035195787123777113,-0.005629186181851455
1498,438,0.0009762906607506568,-0.00012926540364998837,-0.00645208700764259,48,0.04293845747869984,0.0011137685329114053,0.0009570846710218392
1499,388,0.0010775619998097464,-4.6635801679364985e-06,0.0015369475755949817,48,0.07828137267911672,-0.0013365630919925896,-0.005940761053930783
1500,472,0.0007165546070043334,-0.0009889122289449687,-0.0062095825984715,48,0.04181169501523385,0.0011200821793766347,-0.0023775071687272796
1501,458,0.000980376788935847,-0.0010259855491296585,-0.0062095825984715,48,0.0462389916748166,0.00015016345085938805,-0.004735060234768114
1502,371,0.0010554994742202574,0.0008906476634518053,0.008434057332004197,48,0.028621026843092645,0.0010434486206347508,-0.0018042071473228123
1503,432,0.000843073876809227,8.34511057236087e-05,-0.0013451166832809322,48,0.09369357793446309,-0.003982753441999852,-0.010073850449940604
1504,431,0.0009717645366540744,-0.00031526537004963884,-0.005961167344017665,48,0.04609766186034403,0.001157938305702333,-0.00024141165303156846
1505,379,0.0011437272759338207,0.00023205602224972942,-0.0003476855046904634,48,0.02244078734139565,0.002275962446250465,-1.2923789119850815e-06
1506,390,0.0005461326113500023,-0.0007479921113610483,-0.005348012997469703,48,0.03125101026226795,0.004257812980898104,0.0053088494144020795
1507,426,0.0008846861361405146,-0.0002584630867798962,-0.00561051044142831,48,0.07646240676346461,-0.0035586000259524107,-0.00702554993437263
1508,432,0.0009052183681617608,-0.0009170448748921402,-0.0062095825984715,48,0.047246693495318404,5.68898583837435e-05,-0.006025741473276062
1509,449,0.0010175794295496704,-0.0005200923255881396,-0.007223532193339072,48,0.06326168043070735,-0.0005317969343036633,-0.002817630120720345
1510,425,0.0010855262663304732,-0.0004287615769679627,-0.005540379060910525,48,0.053018809103818176,0.0007547594846415116,-0.002341134410159972
1511,409,0.0008151326326030744,0.00010143553724891851,0.0015642333154410916,48,0.04090423403649279,0.0023114467293903745,-0.00044489872409931436
1512,413,0.0007627953380284032,0.000843934293260809,0.00785880428392504,48,0.06144393707425,-0.0005851619610825094,-0.004820649194701727
1513,428,0.001100904265268345,0.0005713599984368493,-0.01067147202412903,48,0.050184598077857356,-0.0009054973864437987,-0.004169828428713149
1514,472,0.0009033517362884644,-0.001117407942827501,-0.004531381795874562,48,0.08007020421066202,-0.003809009863501958,-0.009558115905735937
1515,435,0.0007975123990033202,-0.00040616382559850034,-0.006241692866089221,48,0.05556584991309388,-9.473073412505362e-05,-0.003971810737574459
1516,442,0.0006650062374344828,-0.0010263174088463063,-0.0062095825984715,48,0.06205645043623487,-0.0002345922305309247,-0.0035707980552368013
1517,445,0.0009185180733652758,-0.0004271523921581914,-0.006943006671267515,48,0.015975425600861404,0.0026383762720862255,0.00022689515480686304
1518,429,0.0008894662175660565,-0.0004728527895419138,-0.005820904582982081,48,0.05599668387678347,-0.0002021739390947741,-0.0035756135219538986
1519,437,0.0005260886264296652,-0.0006097868417374967,-0.006381955627124791,48,0.02529197453972798,0.001290357821965158,4.062957932250005e-06
1520,450,0.0010513991485542737,-0.00048787694625198816,-0.007293663573856871,48,0.027215744455940993,0.0017813353459669723,0.00014918718267262557
1521,361,0.0011432664280697797,0.00024940504195336555,0.0031886614012217873,48,0.05741737133703806,-0.00020082865073141852,-0.003859462092803998
1522,371,0.0006525397507467128,-0.0004989653079964657,-0.00792300884390272,48,0.042613552239611385,0.002060492241315346,-0.0005997583798494441
1523,429,0.0010838709510207108,-0.0004286800694128408,-0.005820904582982081,48,0.028482774962531265,0.0035520051715665583,0.003152794082649202
1524,409,0.000706502834424712,-0.00024826739279972324,-0.004418276972624688,48,0.04155424309541289,0.0005851216853356139,-0.0025680390865858334
1525,468,0.0006786958444231659,-0.00046725488757164146,-0.008556028423178291,48,0.03825542886012745,0.0006645480418503817,-0.002662902262696068
1526,406,0.0009597273673568863,0.0005492472766022594,0.0031886614012217873,48,0.04725112081406402,0.0015719038639058092,-0.0002830329127985233
1527,464,0.0008659674103644842,-0.0010113058889685105,-0.004531381795874562,48,0.02553938760824037,0.001866059764168218,-0.0009141070773996986
1528,422,0.0008844652113706762,-0.0002578172915928198,-0.005329984919356753,48,0.01233727022630604,0.004575238769208269,0.004362284130340944
1529,414,0.0007356702557436536,-0.0007375060279636962,-0.004768933875214029,48,0.04494236974575727,0.0005010102732798255,-0.00035850649581065444
1530,337,0.0010336939702684633,0.0006542652010470803,0.0015565012908007464,48,0.047017529725352336,-6.112044688027542e-05,-0.004439974059832177
1531,466,0.000716605143413109,-0.00014195240685956761,-0.008415765662142319,48,0.08580180030306817,-0.0030221796219150818,-0.009167336405831682
1532,371,0.0010554994742202587,0.0008906476634518053,0.008434057332004197,48,0.0374144835914767,0.0033284561895053624,0.0017814427716054907
1533,431,0.0008585829876895483,-0.000724648223001001,-0.005961167344017665,48,0.03142768974628041,0.0028264154978944103,0.001215477568214305
1534,484,0.0009759347532459078,-0.0008553013538632193,-0.0062095825984715,48,0.008733959087830478,0.003093006409229049,0.0012373364432614574
1535,394,0.000985278062250892,-0.0005362941755402244,-0.004805908608746676,48,0.10581072493584076,-0.002849465587859479,-0.008793792052802729
1536,470,0.0009685764645164388,-0.0008403145855234335,-0.0062095825984715,48,0.04929627591764396,0.0006314750007387435,-0.001897239219128894
1537,436,0.000731976406684447,-0.0009876623012350025,-0.0062095825984715,48,0.038744467353648226,0.0015368684960404902,-0.00188963332731518
1538,436,0.0010576646412971365,0.0008596569201280548,-0.0013451166832809322,48,0.06260186173686466,-0.001500419996159113,-0.0052369958175037465
1539,359,0.0008268486247608349,-0.0006981962628828733,-0.009549322010071012,48,0.021079563156321646,0.0019696792001845844,-0.0011206619294904796
1540,432,0.000894179908971799,-0.0006941687591678729,-0.00603129872453545,48,-0.010370113114488655,0.005239041925381014,0.006254723865261141
1541,488,0.0009753778593615849,-0.0008531198958247783,-0.0062095825984715,48,0.07420172862969887,-4.76544496300739e-05,-0.004596297623997426
1542,431,0.0006138372239423611,-0.0006844881740833975,-0.005961167344017665,48,0.07018396090746659,-0.0006734183710713684,-0.003726178782244547
1543,421,0.001045034182649362,-0.0006541747108138249,-0.0052598535388389545,48,0.024788307527001785,0.0033238576941474725,0.006343061048297441
1544,466,0.0008948081126114987,-0.0005827919140683965,-0.0062095825984715,48,0.04976759621281501,0.0005231785763259878,-0.0014089256103950454
1545,474,0.0009680652175530777,-0.000838088730729443,-0.0062095825984715,48,0.04901646061369014,0.00039418360252912836,-0.002565978294554787
1546,375,0.0011462417674172921,0.00023838240504081305,-0.00016633438131026523,48,0.06316664481753664,-0.00021210248361433655,-0.0025392018617428173
1547,441,0.000729498723805142,-0.0004691717392534718,-0.006662481149195959,48,0.02182267554398465,0.001959141563286018,0.0008691033874646901
1548,427,0.0009721486686946196,5.68060708425501e-05,-0.010052015438488864,48,-0.014781361089819756,0.003262766636789179,0.001506296841321128
1549,451,0.0009159808853457987,-0.00119607279097338,-0.004531381795874562,48,0.0492329830519459,0.00023075392277553328,-0.002768007892252646
1550,376,0.0011863753078806022,0.00036793167997812865,-0.0018435447179408482,48,0.09627564755870788,-0.004466785418218358,-0.009308889815693798
1551,445,0.0009185180733652749,-0.00042715239215818795,-0.006943006671267515,48,0.024484065113679176,0.002212196490092088,-0.0022813972445896065
1552,426,0.0008220020006722501,-0.001053015806928976,-0.0062095825984715,48,0.018464026387224997,0.002714820005406831,0.0026865380310716787
1553,429,0.0009298139833566572,-0.0006642872139962543,-0.005820904582982081,48,0.0778026537851586,-0.002415650515921618,-0.0078100882220615425
1554,420,0.0009798557327744114,-0.0003215746248966603,-0.0051897221583211695,48,0.0891051282813311,-0.002853362917424015,-0.009576161725571748
1555,407,0.0010940558947805331,3.780174254521505e-05,-0.0013451166832809322,48,0.06171662691230784,9.756200268285116e-05,-0.005748392849828485
1556,385,0.0008316324870845234,-0.0004713434941044613,-0.006025643483372506,48,0.0676236451416532,-0.0021032237796076575,-0.007003521981957694
1557,459,0.0008900933188925346,-0.0002777055244446158,-0.007924845998517394,48,0.07548532858688639,-0.0015249496230030374,-0.006831603757894331
1558,449,0.0008703846876167536,-0.0007542181694770826,-0.007223532193339072,48,0.04078860664148587,0.0018592979907242051,0.0005910858387625645
1559,455,0.0006313404217130913,0.0014029558619423933,0.008495641949748237,48,0.08126458718064677,-0.001487872113551024,-0.005926482857023668
1560,422,0.0009365854354349448,-4.160752820546454e-05,-0.0031278595710961116,48,0.054040432834789875,0.0006336329341841088,-0.001592583256687919
1561,444,0.000884822379890818,0.0006855007438792164,-0.0026990277458272503,48,0.056034590360021896,0.0005249884807533986,-0.003024227567656808
1562,365,0.0009262388659020254,0.0007535958993496418,-0.0011054878204635743,48,0.060605924271948,-0.0013218748731945434,-0.005308406873636932
1563,424,0.0010200013539784303,-0.0005107797756414602,-0.005470247680392726,48,0.04607982535826416,0.001200838177731551,-0.0006450059064168207
1564,468,0.0008561372624711332,-0.0008270940645402035,-0.0062095825984715,48,0.054194482711632186,-0.0011002357342275275,-0.006425673419483802
1565,433,0.0009069537396092977,-0.0009177175881432027,-0.0062095825984715,48,0.053892771231045744,0.0014836822849718274,-0.0011893437784383544
1566,419,0.0011311073295122043,0.0006385064027661733,-0.0028731820156941493,48,0.08730430516434529,-0.00169508396670498,-0.006591796018998338
1567,423,0.0006826760047371977,-9.818304858607435e-05,-0.005400116299874941,48,0.04066474343990045,0.0012984462693559455,-0.003020969677018242
1568,441,0.0008793636651381999,-0.00025623963025164787,-0.006662481149195959,48,0.043923839370688667,-0.0003484754152886446,-0.003174823664649362
1569,428,0.0008416142648359701,-0.000982831409089703,-0.0062095825984715,48,0.03235290068115404,0.0012556209933272475,-0.0011535001948445867
1570,388,0.0009953738289312777,0.00022347011722971023,0.0031886614012217873,48,0.04569346545702435,0.001654490891984787,0.0014924966378216924
1571,492,0.0008309763983883247,-0.0010767864221440104,-0.004531381795874562,48,0.058712944754019114,0.00016915479676597213,-0.003730511794537785
1572,430,0.0005380819674859669,0.0006816701829309825,-0.0016095071952559846,48,0.08327623685229224,-0.00084954006719371,-0.007435837748797771
1573,401,0.0009780941054056574,0.0009340729787645618,-0.0009129859673337945,48,0.06999410681982532,-0.0002607949600956193,-0.005199726981481049
1574,454,0.0008448254550400807,-0.0008128752393213763,-0.0062095825984715,48,0.034126567945831576,0.0005694865199143695,-0.0007307163086444114
1575,421,0.0009636533369421474,0.0010052189466930282,0.007434245840043006,48,0.004907005719746782,0.0047340607451930306,0.004098686642717226
1576,440,0.0009223097085415913,-0.001223249339611758,-0.004531381795874562,48,0.03091867842811058,0.0016601492918355762,-0.0013241438522578301
1577,460,0.0008654040100952529,-0.001010328757300099,-0.0062095825984715,48,0.05991445122208949,0.000994469489488052,-0.0018903913242558912
1578,459,0.0009389883962968694,0.0008093417944162688,-0.0013451166832809322,48,0.04155847904668819,-0.0017998017065527904,-0.0057628591453724246
1579,429,0.001095837498816565,0.0010358203985377122,-0.003956496178718676,48,0.043614727182905044,0.0006299858491254778,-0.003645226213781407
1580,396,0.0010375486002834377,-0.0004141604070927833,-0.004534856414385557,48,0.011590230139518765,0.003260443459358924,0.0025870120409115134
1581,400,0.0009271140857040625,-0.0006623042664313308,-0.00399275202566253,48,0.027785898566147327,0.0019334057463847483,8.992810518166153e-05
1582,417,0.0008171325067083818,-0.0003330572596909852,-0.004979328016767801,48,0.034707171263020586,0.0027139371331208993,0.0016802208929865524
1583,488,0.0009753778593615849,-0.0008531198958247783,-0.0062095825984715,48,0.06409240057412746,-0.0012762970021144762,-0.004919530633312595
1584,452,0.0009620232926606104,-0.0004195179577159702,-0.0074339263348924545,48,0.03629993939379228,0.0015010169508226437,-0.0006153908475844353
1585,402,0.0009602421302225424,0.000556029555283593,0.0031886614012217873,48,0.07759689255318136,-0.001746070980943584,-0.005475217040503161
1586,473,0.0007968140972859543,-0.0007068159745654955,-0.008906685325767646,48,0.05529507780313403,-0.0012412168791658598,-0.003920680307192902
1587,446,0.0009045004549867964,-0.0007254537805254056,-0.0070131380517853,48,0.09992080260524117,-0.004297897482960068,-0.0074534435471709255
1588,431,0.0010008610033689336,0.00011622331715827397,-0.0013451166832809322,48,0.09872959100600232,-0.0034488724972577735,-0.008911880694852577
1589,388,0.0006233006113945151,9.422081672290882e-05,-0.005069971627942614,48,0.048762149355855766,8.754245289126217e-05,-0.001844009192691124
1590,456,0.0006821364894612613,-0.0010417746093994741,-0.0062095825984715,48,0.04255482398478583,0.0011646782037348265,-0.0019120747385818447
1591,419,0.0007743291200135779,-7.030060945165204e-05,-0.0028731820156941493,48,-0.00712076025292141,0.0037205056213443378,0.0029726036752436777
1592,399,0.0009006962297495409,-0.0009342491736100238,-0.00617601858241959,48,0.05494945114929961,0.0010792491530023044,-0.0030129678477689437
1593,375,0.0008776849082807216,0.00045149272685588923,0.004568476343838612,48,0.061204417776279274,-0.0007108950692505823,-0.005475017544486146
1594,489,0.0007008809377712678,-0.0010230795275910677,-0.0062095825984715,48,0.011039564044086347,0.0015766095279978604,-0.0002618816229613373
1595,455,0.000900416424053415,-0.0005950683757531237,-0.0062095825984715,48,0.01842627007880504,0.0020536225940713977,0.002339228580455436
1596,444,0.0007077254963728397,-0.0003269396325062124,-0.00687287529074973,48,0.01714150731216557,0.0027822176902215414,0.0005195404519016608
1597,412,0.000606817442698148,-0.0007170256509367832,-0.004628671114178445,48,0.07315428074775931,-0.0024670459592757536,-0.0070695057971115055
1598,401,0.0009340386477254452,-0.00033271243361812294,-0.0038572259284819638,48,0.07028546197537089,-0.00041588500886959034,-0.004069147256307484
1599,417,0.0008171325067083818,-0.0003330572596909852,-0.004979328016767801,48,0.0029602333733089736,0.003106426032465094,0.0015805115740513374
1600,420,0.0010389204438261274,-0.0009594302678732798,-0.0062095825984715,48,0.0558539112823081,0.000891717625359229,0.00012057712765827129
1601,477,0.0007614588077348491,-0.0005186134518855509,-0.0091872108478388,48,0.028444112440862646,0.0020749352186350805,-0.0006494080523725271
1602,373,0.0010189023529901123,-0.0004746800757331471,-0.0076519566495408115,48,0.05184854865912569,-0.00039310331803246723,-0.0029989634745898504
1603,401,0.0007692046657886888,-0.0009169682164419726,-0.0062095825984715,48,0.08284832479031878,-0.0015384285247573432,-0.005031394559021617
1604,432,0.000996061004420058,0.0005480242434354864,0.0031886614012217873,48,0.007621714269960722,0.0015657793588697757,-0.0017491919007277812
1605,464,0.0008922078037260032,-0.0014080005533163402,-0.004531381795874562,48,0.0037711608297370525,0.003941235060734013,0.0009103358622664197
1606,468,0.0009033120613904291,-0.0011210455349255875,-0.004531381795874562,48,0.037117719706067365,0.00039142692961503106,-0.003366622660414282
1607,471,0.0010009923382257894,-0.0008181628691532883,-0.0062095825984715,48,0.027989950263697216,0.0027959306081758433,0.0010564094145433557
1608,446,0.0009530673869888786,-0.0005256122844043906,-0.0062095825984715,48,0.06011009762034725,-0.0008893121053651434,-0.0046269871642370015
1609,459,0.0010136144276998707,-0.0010038889770264507,-0.0062095825984715,48,0.0204486446257357,0.0017781116654954892,-0.0011666056491651915
1610,434,0.0008009806393424676,-0.0012180324812736641,-0.004531381795874562,48,0.08043888414338674,-0.0031704703746713893,-0.007202368639663365
1611,385,0.001048254904362565,-0.0004254923624314247,-0.006025643483372506,48,0.04287198851363172,0.0023681538170723156,-0.00043796211427472864
1612,421,0.0008358057415971069,-0.0008245934046666493,-0.0062095825984715,48,0.04050436151232861,0.0031769698161845782,0.0017117457984643196
1613,438,0.0009762906607506568,-0.00012926540364999184,-0.00645208700764259,48,0.06741273184523977,-0.0010364327003959135,-0.005630299954962951
1614,459,0.0007838160909977394,-0.0006760556164867072,-0.007924845998517394,48,0.07249083380388299,-0.0013265895858953543,-0.003949961267347934
1615,454,0.0005268421766165916,-0.0008876533354206552,-0.0062095825984715,48,0.02903603545146638,0.002850672892761502,0.0027476281273203142
1616,388,0.0010076640721530927,-0.00045955695211593803,-0.005619065191830835,48,0.014301262046508056,0.003672545418746104,0.003436815541635498
1617,508,0.0007375553121278522,-0.0012868107805803324,-0.004531381795874562,48,0.05580909562351599,0.00041017760069188367,-0.002329517255441565
1618,432,0.00108723460955524,-0.0006529617199787091,-0.00603129872453545,48,0.05107398757558568,0.0003893014166431825,-0.0007776449287923669
1619,444,0.0009842899461458233,-0.0005523112073683792,-0.00687287529074973,48,0.04394377262032856,-0.0015879838464743761,-0.00457363895936428
1620,401,0.0008542878515441078,0.00021693199304624426,0.0031886614012217873,48,0.07897155959478008,-0.00039882729978237864,-0.004897193404450058
1621,399,0.0008887448152882279,-0.0006952043766450568,-0.004128278122843082,48,0.07151776275384958,-0.0018725425475805881,-0.006927360173355709
1622,445,0.0011563663232093998,0.0006377285335403939,-0.005080387495846411,48,0.09533003705211474,-0.0017291854612890272,-0.0066296552606973196
1623,468,0.0008301211459759497,-0.00016457635912097215,-0.008556028423178291,48,0.062063403193303945,0.000488327480867851,-0.003933971217360693
1624,471,0.0006476118407767583,-0.0004986453138959429,-0.00876642256473166,48,0.052885349970541506,0.00044265634716456927,-0.002251954726902393
1625,398,0.0005296721061535479,0.0002130766634529978,-0.00331965851289541,48,0.02246931678987374,0.0027917091028723234,0.002697760024602716
1626,468,0.0006779329234710366,-0.0008558981093318915,-0.0062095825984715,48,0.06651997256781472,-0.0017773070574737624,-0.006811731842957806
1627,426,0.0011320907493028787,9.827114971999035e-05,-0.01004364440354779,48,0.07743801634682468,-0.0006608867432050854,-0.005498485128417694
1628,463,0.0007848888997092794,-0.000674987712224611,-0.00820537152058895,48,0.02037068827183408,0.0016558722224598657,-0.0013922928462721737
1629,440,0.0008444611894189193,-0.0002885047356627063,-0.006592349768678174,48,0.053132667902996755,0.00018090883905827297,-0.002979964280273459
1630,469,0.0008998770593230997,-0.0002991752774422797,-0.00862615980369609,48,0.054937107572225696,-0.00010912087028338777,-0.002240571065754666
1631,478,0.0008300449702830807,-0.0006761991760753268,-0.0092573422283566,48,0.09521828873422888,-0.005217341062527131,-0.010085325193383534
1632,430,0.0008228019234507271,-0.0010495585876958945,-0.0062095825984715,48,0.05358817391193227,0.0009939975331952778,0.0008209518522030029
1633,441,0.0009186135325399405,-0.0004272737397665628,-0.006662481149195959,48,0.039558003166588196,0.0011964603991609177,-0.0033084888699262717
1634,402,0.0010582197357409465,-0.0006832850045249313,-0.003927357308999749,48,0.0536721047250025,0.000376080056744877,-0.0037618355229294305
1635,416,0.001009814844922032,-0.0010041661659069036,-0.0062095825984715,48,0.09105535973296097,-0.003108266818727227,-0.007698534051693292
1636,434,0.0008969444529842129,0.0011893868341901577,0.008495641949748237,48,0.08002956407960315,-0.0016848276002093716,-0.006613235440241991
1637,412,0.0007547902042326568,-0.000646760659883689,-0.004628671114178445,48,0.04410904816791561,0.0024158170492808995,-0.0016405881852987227
1638,404,0.0011460665562760563,0.001030256038401056,0.00023563504843697805,48,0.05628924508574418,0.0001301782737961818,-0.0033239994784698256
1639,417,0.000605697866367591,0.0003886403089202401,-0.0013451166832809322,48,0.013522659465395326,0.004293016796784836,0.0028174393111833652
1640,426,0.0011320907493028787,9.827114971998948e-05,-0.01004364440354779,48,6.256321954956068e-05,0.003306093301904697,0.0002105343854816484
1641,439,0.0010217250692969556,0.0007177314951741093,-0.0013451166832809322,48,0.060965596048186854,-0.0007287707384799752,-0.003945229577384211
1642,425,0.0008772126671387822,-0.000963057151227336,-0.0062095825984715,48,0.055801895559216996,-0.0008662244967854362,-0.004195053374414049
1643,481,0.0007881796831072201,-0.0010837433264099874,-0.004531381795874562,48,0.023340668073139503,0.001924004084204775,0.001199590769901171
1644,414,0.0010425669148743204,-0.00043715477282390766,-0.004768933875214029,48,0.034708868765905954,0.002311064213937406,-0.001736240452476969
1645,447,0.001047948302322607,0.0006738403240814303,0.0060544308974261815,48,0.03552549943507577,0.0017784264507046607,0.0017598045100413982
1646,459,0.0008900933188925346,-0.0002777055244446193,-0.007924845998517394,48,0.06340097502358955,-0.00012799550612423508,-0.004853708606895039
1647,413,0.000792276070521734,-0.0006148908571783733,-0.004698802494696244,48,0.0884823312634021,-0.0024116859565897868,-0.008576303578698406
1648,443,0.0010376236282987573,-0.00044804134011135893,-0.0068027439102319315,48,0.03852556892207393,9.911590167726875e-05,-0.0002637202912613157
1649,456,0.0009987251043828945,-0.0009613234286134122,-0.0062095825984715,48,0.0663684218833317,-0.0007526607175502072,-0.004752793675576159
1650,423,0.000682676004737196,-9.818304858607435e-05,-0.005400116299874941,48,0.03758624253348697,0.0010402307189736355,-0.0010885460597452115
1651,455,0.0010845145895180398,0.0012301828943208958,0.008495641949748237,48,0.07467034446073129,-0.0028725441696319538,-0.007330333998231808
1652,447,0.0008894090604284173,0.00016459132573278055,-0.002366207218260443,48,0.039211708323176775,0.000885323050112673,-0.0008239889271096888
1653,476,0.0009041576238654342,-0.0005083713482939289,-0.009117079467321015,48,0.07089825949438822,0.00015988545028032541,-0.004224753862980501
1654,455,0.0009279781320844123,-0.0004515563148212304,-0.007644320476446226,48,0.0840084698703718,-0.0027999404707992597,-0.008034060159578218
1655,439,0.0008605041532176111,-0.00031504515584248813,-0.006522218388160375,48,0.0727345764722439,-0.0011552418682569225,-0.005047221912515061
1656,444,0.0009337430080183706,-0.000870248508511872,-0.0062095825984715,48,0.06200410668572831,0.0007021792250891581,-0.0017687890329047481
1657,471,0.0008614309961402699,-0.0006476568963835281,-0.00876642256473166,48,0.02537386634531691,0.0017288839282206987,-0.0005440714955024482
1658,501,0.0007751220458655835,-0.0012314278947263384,-0.004531381795874562,48,0.020056805647381215,0.004345386219651207,0.004331377794132264
1659,397,0.0011323640786459763,0.0006038007780496072,0.00340094062316295,48,0.04804394317099103,0.0003018693874633979,-0.001975541185764252
1660,461,0.0010421273847767394,-0.0004720576685131872,-0.008065108759553366,48,0.06744727153475394,-0.0020650626223258205,-0.0063036131829080355
1661,448,0.000972964501152045,-2.056505684494992e-05,-0.005335065051248859,48,0.06121875775266317,-0.0006601608467470682,-0.005381158728430008
1662,464,0.000602110554621278,-0.00011892585613587983,-0.008275502901106735,48,0.05337698707141747,0.0013532162254561164,-8.04275534571526e-05
1663,386,0.0008715413484693367,-0.000437107184919034,-0.005890117386191954,48,0.039438131416688726,0.002382351952388886,0.0016777628083942363
1664,470,0.0009685764645164388,-0.000840314585523437,-0.0062095825984715,48,0.053718538759572554,0.0017421712196850434,3.810397788196404e-05
1665,401,0.00029907992715346235,0.0006205312889281597,-0.0016095071952559846,48,0.03698215089997181,0.0023290321171921397,-0.00023705281463275857
1666,447,0.0007135007465984772,-0.0005416517066263241,-0.007083269432303099,48,0.034211950311398676,0.0008256347366592601,0.0008709023133362127
1667,427,0.0006110816597698441,-0.0006857365361955421,-0.005680641821946095,48,0.058914760605545013,0.0003574895170143817,-0.0035061521373388888
1668,400,0.0009399482082151165,0.0006958105731684709,-0.00013439185389658992,48,0.031069464580259387,0.0020466317091622707,-0.0010347481380887508
1669,457,0.0007161721929452051,-0.0010197618521373096,-0.0062095825984715,48,0.03805227693743707,0.0026322421201331707,-0.0007508955484312151
1670,403,0.0010529319980777056,-0.00045047126181989305,-0.003997488689517548,48,0.0370900596553182,-0.00027065648177489014,-0.004417461676963844
1671,439,0.0008093815096445146,-0.0006991976311801935,-0.0062095825984715,48,0.05454455100100586,6.382976675628049e-05,-0.00314353039166111
1672,432,0.0009559934314474477,0.0008090258120850187,0.008495641949748237,48,0.05359986452727428,0.0005276312575028808,-0.002864863941667267
1673,377,0.001123168659192315,0.0002603363621452113,0.0016258019579275676,48,0.04246673230084763,0.0019888330972580148,0.004145569158886793
1674,351,0.001041243163044917,0.0007653340901902271,-0.0036551389208394035,48,0.03364949184228627,0.0013869448949683696,0.0003648651710520534
1675,436,0.0009954618983366269,-8.120508842491062e-05,-0.006311824246607006,48,0.05409902674284617,-0.003002283106021084,-0.008364902510349423
1676,451,0.0010850866019064434,0.00038446366204614515,-0.0013451166832809322,48,0.0362881596128839,0.0008963775493125402,-0.0015412773965899143
1677,433,0.0010822462189037374,-0.00042860872392087856,-0.006101430105053235,48,0.07229249870888177,-0.001205134709923214,-0.005475820517225831
1678,422,0.0009478854694872276,-0.0005764769014204793,-0.005329984919356753,48,0.02347086955434663,0.0012758041851254065,-0.0009458830141888079
1679,439,0.0008882388742193076,-0.0009779546615281028,-0.0062095825984715,48,0.054892688606393736,-1.745493420684391e-05,-0.0017274048644180216
1680,374,0.0007775657596274248,0.0006402817194825685,0.004621546149323835,48,0.058789837268791056,0.0014617722474962007,-0.0032934872801342087
1681,360,0.0009319943049981975,0.000171230360740968,-0.006603340745852962,48,0.014457711049116528,0.003111356367642362,0.003531709820592855
1682,390,0.0010304532647527828,-0.0007477269736315371,-0.005348012997469703,48,0.07646666870943086,-0.001089311994380263,-0.004305545075178881
1683,416,0.0007562633147627108,-0.0006455639364840171,-0.004909196636249613,48,0.059351420518955256,-0.0004932490654768508,-0.00416540414856283
1684,320,0.0011285845482516684,0.00035719349684834156,0.0019138358510339334,48,0.05915725821674933,0.0008442204550846849,0.0003580442888796373
1685,372,0.0009651761029936196,0.00020283952483966371,-3.0321038775052434e-05,48,0.08044311736515863,-0.0007526877430119802,-0.0062261181409670446
1686,387,0.0007975162280546184,-0.0010541370282555924,-0.005974634486107952,48,0.056356886633465275,-0.0004530155832645766,-0.0049642264288328325
1687,481,0.0009255818434562423,-0.0009504692339770103,-0.004531381795874562,48,0.04895611230540353,-0.00025172564460325224,-0.00348051288091528
1688,432,0.000996061004420058,0.0005480242434354864,0.0031886614012217873,48,0.05163259751716898,0.00047674159591764437,0.00020505195488130894
1689,439,0.0008991013215315265,-0.0011431660752799049,-0.004531381795874562,48,0.048299790539301224,0.00028439614250985214,-0.002122915003836375
1690,412,0.001046065290970548,0.0014752915111459469,0.008312940917107589,48,0.05217853001442596,-0.0017101585897276225,-0.005750062623886637
1691,343,0.0009284558850762145,-0.0002980224794479451,-0.011717739564961568,48,0.043393306760492356,-0.00011225361851485184,-0.0031873234492679585
1692,451,0.0010850866019064443,0.00038446366204614515,-0.0013451166832809322,48,0.047960706919130014,-0.0003499499948530875,-0.0030482613938003326
1693,462,0.0008944968543542278,-0.0004824268294241346,-0.008135240140071151,48,0.07543445655110304,-0.0016614449948415405,-0.0060358327697475275
1694,404,0.0006658420112197554,0.00013459826728882095,-0.0015997942386833802,48,0.0859820413680994,-0.0019615988418126224,-0.004833724345185277
1695,450,0.0008933257504111,-0.0011177062840336364,-0.004531381795874562,48,0.06839796342202342,-0.0011418634034181772,-0.0044955413326273515
1696,397,0.0007557946645183038,-0.0006743273573968957,-0.0043993303172049775,48,0.10800951058022412,-0.004499190443074128,-0.009900564852046247
1697,458,0.0010386812468168088,-0.00026648591866450244,-0.007854714617999595,48,0.03693949581082179,0.0011768767371587111,-0.00278168484663191
1698,442,0.0009532692778998555,-0.0003952426237555859,-0.0067326125297141465,48,0.03560168837740518,0.0011269131667947466,-0.003024328558200281
1699,441,0.0005912565973828802,-0.0005213235897107184,-0.006662481149195959,48,0.0305880499984007,0.002687231074322184,0.0016162856862036064
1700,402,0.0010151620453823212,-0.0004846941249209355,-0.003927357308999749,48,0.10843437412243773,-0.003716966756494397,-0.010687875440004171
1701,423,0.0010249487296203298,-0.0007444307473921732,-0.005400116299874941,48,0.04727193928077156,0.0015292982898812753,0.0009096392147551098
1702,363,0.0010716361177494252,0.0006507091726303833,0.00037771898883007943,48,0.025092031844792362,1.6657997472630318e-05,-0.0026719235574048927
1703,401,0.001020368780015558,-0.0007156803466735195,-0.0038572259284819638,48,0.03913035685147037,0.0020017481087546227,0.0004346821552863381
1704,426,0.0008440542311542055,-8.724466591680455e-05,-0.00561051044142831,48,0.07915356598219991,-0.0005840528421863257,-0.00290564296335589
1705,470,0.0006504954913064704,-0.001246268476037156,-0.004531381795874562,48,0.020475639689573888,0.0038227156244136293,0.002192784406493082
1706,453,0.0007144784048091048,-0.0010228430290094605,-0.0062095825984715,48,0.04730906662200951,-0.00061046977538343,-0.004701758868393288
1707,382,0.001057610140952959,0.0013295637580616002,0.008456638358510349,48,0.026991674158419188,0.0032698080062902174,0.002208549117213087
1708,453,0.0010166117851329705,-0.0005196820413365805,-0.007504057715410253,48,0.08767750159641352,-0.0030542358080254683,-0.007607102242194377
1709,441,0.0008793636651381999,-0.00025623963025164787,-0.006662481149195959,48,0.07073298963215369,-0.0017024471137649932,-0.006665666975002524
1710,478,0.000866447167965168,-0.0008443584689889448,-0.0062095825984715,48,0.05265574122301875,0.0011568751641217977,-0.0013170250164014075
1711,407,0.0008224882922950559,-0.0008114719995898564,-0.0062095825984715,48,0.06963167463976772,-0.0014049119511314843,-0.00506373560154208
1712,387,0.0007984594700038666,0.00014047906506345614,-0.005124734810725073,48,0.03813460890024811,0.0025723201046254363,0.0002209177222226022
1713,413,0.000816252495157291,-0.00033273827219770097,-0.004698802494696244,48,0.049390355511610196,0.000756956384026411,-0.004262248409059442
1714,466,0.0007427329170606326,-0.0008137156064824437,-0.0062095825984715,48,0.06513029790542624,3.8996919353297826e-05,-0.004716509772458112
1715,390,0.0011301634490040288,0.00016017157095031716,0.0031886614012217873,48,0.061771953831065374,0.00021412896336177843,-0.0024878354700904083
1716,400,0.001061901327224395,0.0014507585910651394,0.008495641949748237,48,0.054615733720573156,0.00025900193297051857,-0.0054295216538081705
1717,398,0.0007937936879140496,-0.0010237832295756574,-0.006159236574393642,48,0.025928914888919463,0.000983880168410908,-0.0005774249837689864
1718,431,0.0011542030895125045,0.0005873304245749703,0.0031886614012217873,48,0.03395337433993473,0.0002654637304162939,-0.00399231017678044
1719,419,0.0009198107193535698,-0.0006342091343688912,-0.0051195907778033845,48,0.06020926261954851,0.0008066805637439497,0.0004671234526282854
1720,430,0.0009132367417251149,-0.0006117555783311975,-0.005891035963499866,48,0.049449172632874294,0.0013017555003283499,-0.0022119061540964505
1721,394,0.0009603765282239496,-0.0008499905334724174,-0.006092108542289726,48,0.0398080588047065,0.001333398514818113,-0.0002309963741557279
1722,398,0.00048618167518830243,0.0005599393743083089,0.0033478708176774355,48,0.04212658109328771,-0.00021640584661893232,-0.004470287515838042
1723,455,0.0009660203112584068,-0.0006371385413901608,-0.007644320476446226,48,0.0555697646176504,-0.00023345458171588306,-0.004639588771903597
1724,489,0.0008965174043145448,-0.0013819580734355484,-0.004531381795874562,48,0.026267657668218702,0.0024475394461343607,-0.0002194644061798666
1725,476,0.0005331104529842003,-0.0010823324919733562,-0.004531381795874562,48,0.052038999400711994,-0.00037961049373998364,-0.003409878939825327
1726,415,0.0007730215394204688,-0.0007051634055860352,-0.004839065255731828,48,0.04856983642295609,0.001947469654543889,0.0021050409794698185
1727,428,0.0008536087718556459,-0.0005052162535040851,-0.0057507732024638936,48,0.02300895427240779,0.0021322789338274794,8.650224025271921e-05
1728,444,0.000785694827562783,-0.0007058878187509825,-0.00687287529074973,48,0.05713255586353716,0.0004952730129000292,-0.0028705243163053614
1729,427,0.0008055607783797932,-0.0010055254710391558,-0.0062095825984715,48,0.05759782950934833,-0.000634114739883754,-0.004601688602115928
1730,480,0.001041878006010957,-0.000289635643974169,-0.009397604989392572,48,0.054595385550047726,0.001998988428039434,-0.0032133012852504084
1731,422,0.0010931978504299176,0.0004991060701011341,-0.0013451166832809322,48,0.05493227117737043,0.000846238482151037,0.00046935648321895854
1732,403,0.0010410992080775487,0.0003289508062737428,-0.0035209467576617325,48,0.06681180193647585,-0.000780674110953377,-0.006362987024800201
1733,402,0.001015162045382322,-0.00048469412492093897,-0.003927357308999749,48,0.08302234991429569,-0.00018129754491697653,-0.005751347147923781
1734,449,0.0011156031115845196,0.0008990775647875291,0.005948291286455444,48,0.024686212187023382,0.0020966234274180234,-0.0008655873592028802
1735,437,0.0009178754197215616,-0.0010922328947607744,-0.004531381795874562,48,0.06569863408620702,-9.280426344825121e-05,-0.006157484128998931
1736,439,0.0007816467886428147,2.2563362927479486e-05,-0.006522218388160375,48,0.04841517918470328,0.0004723104131127429,-0.0016131420136006082
1737,417,0.0007641881280651421,0.0008359798473171823,0.007646525061983878,48,0.03863037997690377,0.0018450517540535786,0.0015849437996276368
1738,460,0.0009610836475597035,-0.0004195506779167725,-0.007994977379035581,48,0.06342558646152852,2.3726186763424126e-05,-0.0019116334782294294
1739,422,0.000925482252897139,-0.0004402014845053988,-0.005329984919356753,48,0.03140643258513243,-6.841687049240555e-05,-0.0022784397158891363
1740,451,0.00094911803259865,-0.0005820559459233654,-0.007363794954374656,48,0.06244642956280666,-0.00010226904798059724,-0.0033569838760380034
1741,442,0.0010931557890921351,-0.000685677012439977,-0.0067326125297141465,48,0.06469522267728889,-0.0004683721368182233,-0.0036092523815280594
1742,414,0.0006814604960127604,-0.0010210767840351,-0.0062095825984715,48,0.05164316225848886,-0.0015558380009698253,-0.0039014869630359036
1743,470,0.0006512721607412732,-0.0007174315257005483,-0.008696291184213875,48,0.020363945882247325,0.002863747647867047,0.0024722147858054887
1744,459,0.0007942052290588796,-0.000891648894909277,-0.0062095825984715,48,0.06517777467714903,-0.0007007323931657056,-0.005163308875267076
1745,384,0.0007924455769570756,0.0007074844559673129,-0.0023803133706514247,48,0.04917851086131586,0.00027598949871520013,-0.0023405668113436855
1746,447,0.001047948302322607,0.0006738403240814303,0.0060544308974261815,48,0.060667794625622884,-0.00026767657246977265,-0.005231373025567039
1747,443,0.0007508172696529423,-0.0007365561173073576,-0.0068027439102319315,48,0.06568319188235272,0.00014282250640813322,-0.002539386510245982
1748,449,0.0008318341497010129,-0.000562039078040151,-0.007223532193339072,48,-0.005205360290548633,0.0028763779286612723,0.001983281676967836
1749,474,0.000969010588805122,-0.0005524173624782552,-0.0062095825984715,48,0.04619606123200637,0.0009483884319872876,-0.00016882589142819954
1750,408,0.0008726269068192682,0.0002775726110711722,-0.0035209467576617325,48,0.042994291214196734,0.0012534271334447965,-0.0009437510886461664
1751,391,0.0009686092808614028,0.0007483520161040225,-0.002849985941773228,48,0.03522294841231843,0.0009799550697463244,-0.0011580639429170682
1752,459,0.0010075549672762681,0.0015546198835991298,0.01072490926053736,48,0.05665774888980779,0.0006725049346566325,-0.0031302040015046134
1753,410,0.0006254021089210204,-0.0006264163896309918,-0.004488408353142875,48,0.008372756437453499,0.0031427471042540425,0.00254149136680595
1754,430,0.001119128089763413,0.0004826496285672676,0.0031886614012217873,48,0.0676897153183772,-0.000963242961361091,-0.005133127750707591
1755,382,0.0009546596430401468,0.00026183110563211213,-0.0013451166832809322,48,0.03880437339548104,0.0008176488605413403,-0.0008645730152872753
1756,374,0.000659884922104303,-0.0007384321692584378,-0.007516430552360259,48,0.047795867564081274,0.00046408250071966993,-0.0017251572877506217
1757,396,0.0010623243689870097,0.0004968936854577053,-0.0011184277790557418,48,0.06418913655940994,0.0002327856721413661,-0.0022101723253674446
1758,346,0.0010612072692334344,0.0010301557339957006,0.00838273681721749,48,0.02830270740877372,0.0028898233011707946,9.741142339005776e-05
1759,414,0.0005987229394572619,0.0008007378402744205,0.007805734478439817,48,0.05986747776836454,-0.0012144413770998445,-0.0061823726554853485
1760,384,0.0006193844473679159,-0.001064985466399205,-0.005924288462029997,48,0.05855583974551393,-0.0007218135233812515,-0.005389914036765676
1761,492,0.0007957951148026155,-0.0009664895740690987,-0.004531381795874562,48,0.07351182093546738,-0.001444009792966723,-0.006321126358786892
1762,481,0.0009615676886208287,-0.0010604717298547811,-0.004531381795874562,48,0.020051062209242465,0.001265233970766555,-0.001411228312531064
1763,376,0.000742760251220781,5.676295661551263e-05,-0.0002116721621552506,48,0.08490553652580879,-0.0013718415596696305,-0.00558503040996022
1764,430,0.0008849029506820764,-0.0002591086339470486,-0.005891035963499866,48,0.045217337586948014,-9.676009773124973e-05,-0.0035824878136317163
1765,423,0.0011058031712918035,-0.00036130848690115597,-0.005400116299874941,48,0.05581363924757965,-6.186900721330026e-05,-0.0034182638771862884
1766,456,0.000865030416329785,-0.0010133406925097246,-0.0062095825984715,48,-0.008353405670277536,0.0036765847549427005,0.002565685463055394
1767,434,0.0009368273827634007,0.0009657684182938567,-0.004422813945760655,48,0.048556808491792225,0.0005050061288479745,-0.003774310996467231
1768,451,0.0010746973712391422,-0.00023191803988552653,-0.007363794954374656,48,0.04279548524751653,0.0031957533833212853,-0.0016635263520963853
1769,430,0.0009370956030741451,0.000974812020616468,-0.004049759732127074,48,0.017893486918040047,0.000240525481514077,-0.002964050370731823
1770,443,0.0007001562300850209,-0.0010040154287552783,-0.0062095825984715,48,0.029582133945204037,0.0014825557434566781,0.00020184836366203204
1771,404,0.0011032220228003942,0.0012474934118813777,-0.0006246325690770077,48,0.05799886744412752,-4.683664712835933e-05,-0.0029869894446131664
1772,452,0.0008263555387716384,-0.0008740567506540196,-0.0062095825984715,48,0.04297875351100855,0.0012287872674846493,-0.0026075478611035097
1773,462,0.0008952696833706725,0.0008168623254800776,-0.0008005281420136526,48,0.08992021032407138,-0.0022879441457627735,-0.008936166727205893
1774,446,0.0009643736426762136,0.000861752070002263,0.006107500702911391,48,0.10296113364397852,-0.004073320619576482,-0.009645172116934806
1775,414,0.0010425669148743212,-0.00043715477282391113,-0.004768933875214029,48,0.04800119581270945,-0.000744668991619294,-0.004689402990483614
1776,427,0.0007538563149272646,-0.0006226473616386674,-0.005680641821946095,48,0.046816212390099476,0.0006269183783694267,-0.0010065483405585947
1777,466,0.0006482852062588123,-0.0012504643876198596,-0.004531381795874562,48,0.052620923177847834,-8.51934382233039e-05,-0.003503098935683853
1778,442,0.0005874919024961654,-0.00030439973203949186,-0.0067326125297141465,48,0.016760803169180494,0.0031800944725655002,0.0023378242328189087
1779,442,0.0006158642489986627,0.00021559885329402052,-0.0016095071952559846,48,0.1078609021113115,-0.003197958546475487,-0.006928371227774075
1780,459,0.0007091726573534326,0.001008587344723334,-0.0016095071952559846,48,0.04473239896680792,0.0011860098127781105,0.0006608777339557337
1781,401,0.0007141477932344972,-0.0004737676317039148,-0.0038572259284819638,48,0.031719779260761194,0.001327236802674471,0.001204015188479124
1782,429,0.000981277400359526,-0.0010429917116476645,-0.0062095825984715,48,0.07455592416979961,-0.0015729845637050197,-0.005305430913203742
1783,490,0.0007576200674273212,-0.0013856885060396958,-0.004531381795874562,48,0.053562719119461866,0.0014428200915838404,-0.0024311225116336634
1784,404,0.0009396318269393074,0.0006863521611489157,2.6271310993586372e-05,48,0.04437924073903465,0.0005719780087861358,-0.002295259159311131
1785,455,0.0008899359529104169,-0.0002771432147385955,-0.007644320476446226,48,0.023687117952748693,0.0033573556273821872,0.00030332413888217724
1786,416,0.0007800668324898386,-0.0003673577082103502,-0.004909196636249613,48,0.09649304562615191,-0.0015831843309162767,-0.00534485458482499
1787,414,0.0009474292399506527,0.0007843637356300028,0.008317046558290526,48,0.06249180271468735,-0.0013109072706713899,-0.005391956893979751
1788,418,0.0008954494914639841,0.00035346990431976005,-0.0013451166832809322,48,0.06813009005154858,-8.136242935680854e-06,-0.004316375999202718
1789,403,0.0006399240221509192,0.0007554645417401648,-0.001589809702732422,48,0.08234694097596584,-0.0021284003726832947,-0.007898261301369728
1790,447,0.0008119630133404188,0.0008184419085451467,0.0060544308974261815,48,0.03640598970257358,0.00012350517378606485,-0.0012127537077366544
1791,419,0.0009733735845769333,6.819852752071309e-05,-0.00998504715896021,48,0.036772401938426236,0.001972963794714337,-0.0009151726769405927
1792,434,0.0007218460601216229,0.00014335200543638509,-0.004146569792704925,48,0.04923303232844278,-0.0016283029479569992,-0.00612919138009084
1793,416,0.0008858664316091849,0.0011113597960605726,0.008495641949748237,48,0.042072887195609976,0.0013170301443712253,-0.0013383030014945188
1794,426,0.000936298218127277,-0.0006909147283750937,-0.00561051044142831,48,0.035239121746255764,0.0010408126521656846,-0.003694712569469301
1795,415,0.0008905859616673878,0.0007624750445323035,0.007752664672954608,48,0.05764596798043076,-0.0006267642377461372,-0.0020149078152874797
1796,377,0.0010313427094619826,0.0010665955220956255,0.0010166653886461569,48,0.03897191842010961,0.0004254249844589091,-0.003493172061375161
1797,439,0.0008093815096445146,-0.0006991976311801901,-0.0062095825984715,48,0.054918260518961315,-0.00042399679389228465,-0.0032813427978851117
1798,412,0.0008731912906494305,-0.0002371251016109327,-0.004628671114178445,48,0.042463312421432975,0.0007732805051254591,2.720517044590802e-05
1799,412,0.000915203891436245,-0.00041528616525593476,-0.004628671114178445,48,0.06806961120594623,-0.00022366965365453947,-0.005802398700409696
1800,411,0.0008358110918879396,-0.0002710819191434101,-0.00455853973366066,48,0.05014606858338577,-0.0009525361089248278,-0.00405763314245745
1801,413,0.000792276070521734,-0.0006148908571783733,-0.004698802494696244,48,0.04674396623241639,0.0008803638611418665,-0.001344707784586438
1802,456,0.0007786554219911925,-0.00046216784693336663,-0.007714451856964025,48,0.05823343666191105,0.0006119637155673052,-0.002571749621047951
1803,455,0.0003675924310844944,-0.0006774103071650432,-0.007644320476446226,48,0.03934188394465821,0.001645142547325935,0.00033954249123564414
1804,441,0.0009686765844542974,-0.0008498803780978698,-0.0062095825984715,48,0.07170425176621542,-0.0013183354537563557,-0.004461271324353512
1805,431,0.0008585829876895492,-0.000724648223001001,-0.005961167344017665,48,0.043164846297065296,0.0005763375910112362,-0.0020188659971753543
1806,437,0.0009178754197215599,-0.001092232894760771,-0.004531381795874562,48,0.052207261866506594,0.002375794633472244,-0.002618586638431609
1807,444,0.0006580007083227691,0.0007841197831270595,0.00621364031388183,48,0.08158690446668926,-0.002583819223162356,-0.008015435729102818
1808,437,0.0009411620079160074,0.0004982296883628921,-0.01067147202412903,48,0.049801951898664654,0.0004795773863211696,-0.002634252607173669
1809,443,0.0007117446025554988,-0.000542194350607577,-0.0068027439102319315,48,0.08111898068105361,-0.0018216966389844567,-0.005668615154943657
1810,449,0.0010175794295496686,-0.0005200923255881361,-0.007223532193339072,48,0.04835184089095057,0.0012448616548705813,-0.0044485409278280826
1811,438,0.0009367719586406836,3.516082497622558e-05,-0.00645208700764259,48,0.048618440630088466,0.002952930535969383,0.0008636791440634721
1812,450,0.0009045315060478773,-0.0007241818637393205,-0.007293663573856871,48,0.03114415975166751,0.000868807440034168,-0.0005834858981877758
1813,399,0.0010543850136037133,-0.00045072971328681544,-0.004128278122843082,48,0.05849930060975739,-0.0010700531658964004,-0.0054610075505472505
1814,425,0.0010558235639934986,0.0003792181072647281,-0.0013451166832809322,48,0.06847662719691161,0.00010238788272324932,-0.005578891069408006
1815,428,0.0006475895366900601,-0.000654331336367709,-0.0057507732024638936,48,0.02923615936084889,0.0021606504949707546,0.00045715572284544224
1816,434,0.000924998698421416,-0.0004397842098885045,-0.006171561485571034,48,0.05876444363917166,-0.00017943704062933774,-0.005225283835946882
1817,393,0.0010584624345518503,0.0009327744406574263,0.008495641949748237,48,0.02965924470058423,0.00185628710006157,0.0033480433711469727
1818,362,0.0007383481590784017,0.0007028275165024984,-0.0009041995756972482,48,0.02811371721518241,0.0014520425071181137,0.0008835662932767784
1819,370,0.0007890438747926668,-0.0002917318574015039,-0.008058534941083273,48,0.051408755164781605,-0.0002689873884373032,-0.0016290239630923284
1820,448,0.0009721496917003527,-0.0010071703628858446,-0.0062095825984715,48,0.02714966603304414,0.001274272454629806,-0.0014245378632854397
1821,390,0.0009163182422039112,4.811646297865277e-05,0.0031886614012217873,48,0.0986309259402206,-0.002339919886848304,-0.006880594042143034
1822,465,0.0008143189977899848,-0.000545247262723883,-0.0062095825984715,48,0.046127826643215686,0.0011655696227592686,0.003011386437065451
1823,460,0.0008174087798904009,-0.0006461427950569948,-0.007994977379035581,48,0.034206903448757764,0.000933923507290494,-0.0021934732825678004
1824,412,0.0009276642045537736,0.0008889920878956577,0.007911874089410256,48,0.022922703633095454,0.0023348799144363268,0.0015203913921514774
1825,436,0.0008953344069878889,-0.00028031584017684796,-0.006311824246607006,48,0.04507489399309528,-0.0008240253764043078,-0.004706633543629452
1826,449,0.001006145912836035,-0.000984905929193751,-0.0062095825984715,48,0.044520060546965445,0.0007883552708340628,-0.0015846011190542436
1827,431,0.0006257482425141053,0.00040987806633537884,-0.01067147202412903,48,0.08324386907388237,-0.001997783744426794,-0.006595889521537942
1828,444,0.000785694827562783,-0.0007058878187509807,-0.00687287529074973,48,0.063248903752254,-0.00030858296179201057,-0.00532999045154179
1829,457,0.0007161721929452025,-0.001019761852137313,-0.0062095825984715,48,0.07010810807481027,-2.078491685110484e-05,-0.0018457573885381183
1830,362,0.0011371448673774725,0.0006830263447528337,0.008415581946680989,48,0.03559279255561809,0.0027594117708504545,0.0027384157295455014
1831,438,0.0009654034133304195,0.000877299891270414,0.006532059146793424,48,0.025002339965707554,0.0012367932547473655,-0.00024513574074434136
1832,423,0.0007235960792624143,-0.00026965324538451643,-0.005400116299874941,48,0.05751688684898004,3.053370648792644e-05,-0.0012275619020049554
1833,433,0.0008896558193118541,0.00026843156902037896,0.0031886614012217873,48,0.09529992883119276,-0.002984761342863176,-0.009325018249796358
1834,447,0.0008886102975523575,-0.0006666793469148544,-0.007083269432303099,48,0.07531977631522668,-0.0010087574882574803,-0.005558845243343796
1835,469,0.0007480133319621189,-0.0009701356606711259,-0.0062095825984715,48,0.08039953711765702,-0.0008794886658435239,-0.005522045096930335
1836,436,0.0010351618788966427,-0.0002443291811853529,-0.006311824246607006,48,0.0319771969849455,0.0023182869358905674,-4.274951551343567e-05
1837,434,0.0009758876235896,-0.00052538880477105,-0.006171561485571034,48,0.035784205864859864,0.00172788593216203,0.00186102126350674
1838,476,0.000728948315772901,-0.0005489226889289003,-0.009117079467321015,48,0.07649226642523177,-0.003125384569083794,-0.007540109780376444
1839,425,0.0010206592030263528,-0.0009147317554458329,-0.0062095825984715,48,0.046155299371434255,0.0009386014973542627,0.00025171249620160006
1840,404,0.0010905347421675694,0.00048224507555933577,0.0031886614012217873,48,0.04900417809748969,0.0013929760433651732,-0.0034144749377994187
1841,483,0.0009337108045237592,-0.001205263661168788,-0.004531381795874562,48,0.04428301386885647,0.0009520178883061538,-0.0005061483978463892
1842,402,0.000960242130222542,0.000556029555283593,0.0031886614012217873,48,0.03832480000019001,-4.942775853783443e-05,-0.0031004083572251824
1843,452,0.0007880608672579947,-0.0007366735891004179,-0.0062095825984715,48,0.024137876876305864,0.0016059673510181848,0.00028869758489498756
1844,384,0.0010087023052030358,-0.000459994692240423,-0.006161169580553849,48,0.024917871292223448,0.002839292802828108,0.0013843270649045551
1845,438,0.0008136785873892388,-0.00085930307057221,-0.0062095825984715,48,0.0462495622689173,0.0012510316097929033,-0.002534782696232526
1846,455,0.0007819221457937807,-0.0012343895556205138,-0.004531381795874562,48,0.06172169367815605,0.0005128545511182882,-0.004492857535868672
1847,470,0.0007918901163325052,-0.00048815947300301366,-0.008696291184213875,48,0.047015934880110466,5.841197376541679e-06,-0.004782180945775951
1848,460,0.0007797801026639519,-0.00046197600006512435,-0.007994977379035581,48,0.04953665855379241,0.0014333488271095485,-0.0019179783972028373
1849,448,0.0007368944122200655,-0.0009937509743342607,-0.004531381795874562,48,0.017805633188197056,0.0022593928277405157,-1.681174167754429e-05
1850,440,0.0008452726598861863,0.0009584668514472415,0.006425919535822992,48,0.06995509796152755,-0.0007333560482241045,-0.004435485603515733
1851,406,0.0006041500067552512,0.0005539855609831201,-0.0001070342253917285,48,0.05631755632702651,-0.002156791777992691,-0.004725127875871163
1852,406,0.001056739676269197,-0.0006819357205429359,-0.004207882831071319,48,0.03913651642708893,0.003955518264918738,0.004830030664953806
1853,469,0.0008627763120053222,0.0005994350189940378,-0.0011034110369859233,48,0.04969596562544676,0.0018690611677691753,0.00014000913481829191
1854,400,0.0006753420302635284,-0.0005076383919935396,-0.00399275202566253,48,0.10739294359260965,-0.003991435971300288,-0.008842260089374835
1855,468,0.0010713270534459477,-0.0009353044201734391,-0.0062095825984715,48,0.07657802605917219,0.00011458862496223007,-0.0028570425458987816
1856,394,0.0009852983354203342,0.00027716214862879944,-0.001027752217365771,48,0.059745832968552515,-0.00062233069629309,-0.004021420432230471
1857,434,0.0008009806393424676,-0.0012180324812736676,-0.004531381795874562,48,0.05626138240189371,7.511865801163378e-05,-0.0033182329805733386
1858,431,0.0009205399290108485,0.0007117969895653452,0.008495641949748237,48,0.04454050426144485,-0.0004757933887716611,-0.003488878619626195
1859,347,0.0007240152446127755,0.0001485663944199543,0.0011031234823506292,48,0.07330135086621714,-0.0006067630075010585,-0.0035278358929639354
1860,446,0.001013875449613952,-0.0003044035499191397,-0.0070131380517853,48,0.057334884741883196,-0.0002780213013816625,-0.0034097957921733184
1861,419,0.0009320628649488482,0.00046279624523396304,-0.0013451166832809322,48,0.02759123346507264,0.0015776919880954449,-0.00028124137443005445
1862,462,0.0007147510023056372,0.0005552814999790897,-0.0009927025023643565,48,0.03697501718510887,0.0018090903315471554,-0.0027933084774350476
1863,457,0.0006678618955836485,-0.0006569182521473232,-0.00778458323748181,48,0.025966593040984698,0.0037271754119933276,0.004739732826553626
1864,455,0.0010351896652793817,-6.693942713364986e-05,-0.007644320476446226,48,0.03558812833314373,0.0015950917643273547,-0.001428506408386019
1865,449,0.0006242198452746841,-0.0011127783919980087,-0.004531381795874562,48,0.07133091443186546,0.00030546419661250067,-0.0040681642623581135
1866,449,0.0010175794295496686,-0.0005200923255881361,-0.007223532193339072,48,0.07120858056116186,-0.0021426420718931843,-0.006005187982344638
1867,400,0.0006634204943383689,0.0001398721821451619,-0.0012997789024359468,48,0.11380684639855942,-0.0027084816211187315,-0.007592952037886841
1868,465,0.0008515430655838948,-0.0006738818398477377,-0.0062095825984715,48,0.02062184592614258,0.0031228237988407404,-7.12012133250936e-05
1869,416,0.0007562633147627116,-0.0006455639364840171,-0.004909196636249613,48,0.023896102652722462,0.002782271629095878,0.0037897824173454275
1870,386,0.0009163838135578528,-0.000632749602528293,-0.005890117386191954,48,0.03793576769385332,-0.00041503821481025244,-0.0036772027835194933
1871,338,0.0011298831730362769,0.00039031512199363093,0.0023416851979653954,48,0.0637481513879905,-0.0019228256693454501,-0.005030464905519342
1872,475,0.0006498045301121819,-0.0004983859238564606,-0.00904694808680323,48,0.07826282691192232,-0.0006980850066216297,-0.005358482389022593
1873,438,0.0008136785873892396,-0.00085930307057221,-0.0062095825984715,48,0.06259788254744714,-0.0005517232594201959,-0.004058757580997899
1874,495,0.0010039287515132937,-0.001181339687256186,-0.004531381795874562,48,0.029642600416564746,0.002101888141899551,0.0004788515684838214
1875,363,0.0011193198409564988,0.00021889050143852028,-0.006439051197505277,48,0.04947718341581964,-0.0008357205563924424,-0.006783554603917767
1876,413,0.0008162524951572919,-0.0003327382721977114,-0.004698802494696244,48,0.02583244122709305,0.00458909233595404,0.005388465078616761
1877,456,0.0009235905955172425,-0.00024423502873304956,-0.007714451856964025,48,0.036982173906089266,0.002772167626995897,0.0023628270733994892
1878,428,0.000853608771855645,-0.0005052162535040886,-0.0057507732024638936,48,0.044469170025589255,0.0005343031185737375,-0.001831153112421803
1879,429,0.001031575256615516,-0.0004252664822224153,-0.005820904582982081,48,0.028400104928039904,0.002651087163398732,0.0011390665311421001
1880,387,0.0009692357984996769,0.000757406489255116,-0.002581601615418129,48,0.056056008578008854,-0.001612883697730768,-0.006089461074451821
1881,425,0.0009005121103728654,-0.0007572695814025698,-0.0062095825984715,48,0.10113427884649107,-0.0012963280740701869,-0.007229964127626694
1882,463,0.000976105486440312,0.0005041479570317611,-0.01067147202412903,48,0.055268275932975786,0.001279474403792327,-0.00028739223314387316
1883,467,0.0010118050790344918,-0.000998045381692094,-0.0062095825984715,48,0.055088048869304074,2.5792362499183624e-05,-0.0021617619635617494
1884,410,0.0008529677041076832,-0.00029710343950094253,-0.004488408353142875,48,0.048183387953319334,-0.0002842621111413899,-0.00289186430660026
1885,362,0.0010775598046563167,7.564669919355848e-05,-0.0065235603097923145,48,0.04062604634015976,0.00028404130769766646,-0.0031395517168403345
1886,376,0.0011267081459129724,0.00018205710192303708,0.002206782135828027,48,0.08164390689004652,-0.0015201857887781837,-0.0072646158435576424
1887,418,0.0010412791329076606,-0.00043692604438578045,-0.005049459397285586,48,0.012133915267533713,0.002538793580285555,-0.00019603957096989144
1888,458,0.0008831701373576365,-0.0009458262049687055,-0.0062095825984715,48,0.053708045322319986,-0.0024995601145404844,-0.0071993670865183775
1889,455,0.0007066400613674603,-0.0003204020640683765,-0.007644320476446226,48,0.03397331598873954,0.0005209649757012911,-0.0031979874878190796
1890,453,0.0008108483523323953,-0.0008352638474878049,-0.0062095825984715,48,0.08814560465696997,-0.003163174996124141,-0.008671701625533178
1891,448,0.0009238691115200778,-0.00024278178199146905,-0.007153400812821287,48,0.07419565277360374,-0.0005865491635409364,-0.003136215623347951
1892,402,0.0008077002775911633,-0.0005292954495483906,-0.003927357308999749,48,0.042560822209566584,0.0007812304313485272,-0.0010232799418110824
1893,359,0.0008883466913185804,-0.0011162500696928826,-0.005504738261380759,48,0.05413155088732968,-0.0009506116932819775,-0.0031769795851321163
1894,440,0.00099466673289137,-8.254994201857546e-05,-0.006592349768678174,48,0.07276546902401537,0.0004037897961993511,-0.004283906468237342
1895,372,0.0010963084890251015,0.0010088688698417971,0.008436110152595655,48,0.019991403630474136,0.0027192238211221943,0.0033756803233196946
1896,390,0.0009738435060496257,0.00018336330706363382,-0.004960445262377704,48,0.07040011938880009,-0.0019019690933478623,-0.005392039693149022
1897,365,0.0009736613084339913,0.00033235405487701784,0.0008299785292538407,48,0.0734228436215919,-0.0009445964800507828,-0.005300197667861949
1898,482,0.001013630089717046,-0.0005280362480580662,-0.009537867750428156,48,0.0006085405401634603,0.0025154824342123686,0.0022729423652605683
1899,457,0.00081247992430986,-0.000430394202466728,-0.00778458323748181,48,0.0733071401732811,-0.0015944348165191635,-0.005299862323255432
1900,437,0.0008673541247690864,-0.0007788936924658964,-0.0062095825984715,48,0.032295260869848796,0.0016784769825674162,-0.0004090723980542804
1901,440,0.0007335765638905745,-0.0009845772382622263,-0.0062095825984715,48,0.024472048687566472,0.0031559165598632286,0.000221478838043649
1902,399,0.000999052166751004,0.0006799277996273828,0.0032948010121922194,48,0.07029685951039155,1.717487826108366e-05,-0.004658316963124454
1903,432,0.0008659957827686846,0.0006879714559956422,-0.0013451166832809322,48,0.05342629214323902,0.0011472769549222862,0.001332577359702214
1904,435,0.0009602158062650039,0.0004416300181211523,0.0031886614012217873,48,0.08186261027844166,-0.0006862245525333932,-0.00455237717410438
1905,436,0.0006525764455644102,-0.0007083913540505173,-0.0062095825984715,48,0.08298653842937331,-0.002764374190915575,-0.005837960032392588
1906,418,0.0009482672089142974,-0.0005772808610658847,-0.005049459397285586,48,0.022710226440004866,0.0029666036774799297,0.0007678500137190819
1907,393,0.001102506178888154,0.0006398992799926291,-0.0009824144365207857,48,0.03344443517147433,0.0011836143093877111,0.0001187486454790436
1908,389,0.0008901113698035075,0.00046669586239558077,-0.0008010633131405875,48,0.07562991675252562,-0.00217551470230397,-0.004520133067945761
1909,422,0.0006633706757627816,-0.0005731577642596464,-0.005329984919356753,48,0.01849576895573779,0.0013800175591104583,0.0011978399900902624
1910,367,0.0010698525491566078,0.0006420396991345632,0.00019636786544988127,48,0.06673620669582225,-0.0017741284689370366,-0.0033368436863408374
1911,387,0.0009245092054139727,0.0010403397818488265,0.008495641949748237,48,0.07228252927550838,-0.0014065710710477394,-0.0066684784529874
1912,412,0.0005227922411245199,-0.00032131254503239143,-0.004628671114178445,48,0.10396975894386307,-0.0016467518708040488,-0.007958348144134387
1913,384,0.0010087023052030358,-0.00045999469224041606,-0.006161169580553849,48,0.029297298302290664,0.0013359913886000618,-0.0015095030414211605
1914,388,0.000950762510570022,0.0005377321317655819,0.008468955282059154,48,0.04610639140902817,0.0025377326457027317,0.0013269554755820263
1915,478,0.0007274189801780625,-0.0014292889534728674,-0.004531381795874562,48,0.04689949248309255,0.0015053015630987852,-5.185106988157828e-05
1916,372,0.0009186460182512338,0.0005654338690713485,0.004727685760294566,48,0.06835924383252134,-0.0017592150361000584,-0.005228623485758466
1917,425,0.0008772126671387839,-0.0009630571512273325,-0.0062095825984715,48,0.04137924674173854,-0.001364303412023463,-0.006242992657099863
1918,442,0.0005874919024961654,-0.00030439973203949186,-0.0067326125297141465,48,0.029079248067244268,0.0017963803107992182,-0.0029169703906815787
1919,419,0.0009198107193535707,-0.0006342091343688912,-0.0051195907778033845,48,0.03689018503621533,0.0002108160611842564,-0.0021945642148247617
1920,366,0.0010757066231776513,6.920522202086537e-05,-0.006863130383661591,48,0.04272499928615148,-0.0006582018036851347,-0.0041556959431971185
1921,376,0.0009645677795506917,0.00019679006135914744,-0.0002116721621552506,48,0.010714132052870418,0.006784225918161753,0.007994974377634094
1922,467,0.0010127817248636742,-0.000320563785361095,-0.008485897042660506,48,0.033142071486242264,0.002314000978033302,-0.0008210777533887229
1923,474,0.0008552660811930266,-0.001185592260262578,-0.004531381795874562,48,0.0727376615574723,-0.0007545504444665674,-0.004239605721286201
1924,391,0.0008117759694603417,-0.0005484514852748638,-0.005212486900289137,48,0.07290479237144598,-0.0006908487199258698,-0.0043237334738321365
1925,472,0.0008674530988100537,-0.0003319772816111656,-0.008836553945249459,48,0.06649410651557697,-0.0006473245186088966,-0.00471856461338881
1926,435,0.0010109693830333511,-0.0004936719320878524,-0.006241692866089221,48,0.1004056771732933,-0.002645712533946947,-0.006908804933697825
1927,446,0.001052685296080695,-0.0004881325436120326,-0.0070131380517853,48,0.10302924797835322,-0.0048010031855328095,-0.009312800831708854
1928,444,0.0007467101619678118,-0.0005101633213691649,-0.00687287529074973,48,0.06224991326420193,-0.0003607132833056085,-0.0032148295922704746
1929,444,0.0008955625023459165,-0.00028153610196412354,-0.00687287529074973,48,0.06348486448921231,-0.0016147110818110124,-0.004969814517165057
1930,425,0.0007966165532235434,0.0007865093705283488,0.008495641949748237,48,0.043230679585835374,0.0009171813470166129,-0.003212074593480465
1931,468,0.0008561372624711341,-0.0008270940645402035,-0.0062095825984715,48,0.0814120639547975,-0.001820096428910352,-0.004897305351568324
1932,443,0.0008493445802608196,-0.0008337698552836927,-0.0062095825984715,48,0.048420130211164425,-0.00015576272225578842,-0.0018093301010386129
1933,347,0.0004984418461217526,0.0007689593027405935,-0.0016095071952559846,48,0.035796120906602336,0.0002298155189366987,-0.002107847653058669
1934,431,0.0009717645366540762,-0.00031526537004963884,-0.005961167344017665,48,0.035066028457558907,0.0019569857040186295,0.0006364553312687427
1935,481,0.0007881796831072201,-0.0010837433264099874,-0.004531381795874562,48,0.06239935515980832,-0.00044917624266255923,-0.002671608741321666
1936,424,0.0009679310570580735,0.0005807885816336237,-0.003297644608031239,48,0.09753913600327024,-0.0040917516071855755,-0.009769465273569151
1937,364,0.0008841778381115857,0.0005972354658691946,0.0003323812079850941,48,0.04625429467738684,0.0003838078141799872,-0.0032288198805065747
1938,478,0.0006555687555298458,-0.0007151718900634194,-0.0092573422283566,48,0.055732718800655,0.0018576763521087163,0.0012392578025914713
1939,418,0.000737319283912216,-0.0007360186093835555,-0.005049459397285586,48,0.0344988823391682,0.0025799893783423535,0.00034773189965687026
1940,444,0.0009337430080183697,-0.000870248508511872,-0.0062095825984715,48,0.04351624816327282,0.0016762188173878641,-0.0006632831901703766
1941,382,0.0011017491083631665,0.00011664212634605615,-0.0004836988472254264,48,0.025225873066035298,0.002579719503872282,0.0025108014110670138
1942,445,0.0009796674102161805,-0.00033782095061812845,-0.006943006671267515,48,0.04090013646606816,0.0031220009621763505,0.0032142397477210143
1943,477,0.0005766029740852255,-0.0006666830156254137,-0.0091872108478388,48,0.08287997454202434,-0.0011951123924872943,-0.005011765099021789
1944,438,0.0009536827535029744,-0.0003952073108054732,-0.00645208700764259,48,0.011035336259093032,0.0035087877614772,0.0013888313536199078
1945,431,0.000807339847264975,-0.0006429574310623069,-0.005961167344017665,48,0.032448355266069706,0.002717055766538865,0.0012031104162493964
1946,423,0.0011289975079504667,0.0006307399165211948,-0.003212752089563911,48,0.06668635408556634,-0.0003964366016760085,-0.003246294908719029
1947,452,0.0010003179641742558,-0.0006070330536054359,-0.0074339263348924545,48,0.07007219217813676,-0.0006181741342223997,-0.00484235312327575
1948,407,0.0009017365599491205,0.0005001738451968687,-0.01067147202412903,48,0.13874887935077995,-0.004790336200827064,-0.011702371956348791
1949,396,0.0007961769821002249,-9.62710771868977e-05,-0.004534856414385557,48,0.06449268459884883,-0.002277838643798071,-0.006169278886123956
1950,385,0.000615937464626216,0.0006521458118020308,-0.0024474094522405863,48,0.10023600988805326,-0.0032199913444438434,-0.00929419835305222
1951,444,0.001093952533163483,0.0005394964930319195,-0.01067147202412903,48,-0.00022412881818201225,0.004147516002247192,0.003311607322908413
1952,471,0.0008239230587097704,-0.0008469719238172191,-0.0062095825984715,48,0.021819298905863316,0.004013341401147381,0.004719051064177691
1953,427,0.0007538563149272629,-0.0006226473616386674,-0.005680641821946095,48,0.03714107725926885,0.001291194010111166,0.0011512496545436814
1954,400,0.0010923601525956602,0.0004886001236859613,0.0032417312067070034,48,0.06322718265864868,0.0004638272972839839,-0.001353463582231533
1955,432,0.000906063355741294,0.0003664021766941151,-0.004236286838943865,48,0.04426345146113342,0.001141666933851447,-0.0017379882627405786
1956,441,0.0007411215387159381,-0.00029272117064926134,-0.006662481149195959,48,0.09080623888946471,-0.003191923823707761,-0.007284954911290997
1957,424,0.0010376852858594516,-0.0009563154339384816,-0.0062095825984715,48,0.08441104942100353,-0.001838240385299136,-0.007371537629597498
1958,443,0.0006726719354580562,-0.0003599949311712154,-0.0068027439102319315,48,0.028573618798127587,0.0027025318504984566,0.003532572793816373
1959,442,0.0008865617348140791,0.0012816074308052445,0.008374525534851629,48,0.036292752284701524,0.0023738692026214203,0.0028889384676431817
1960,384,0.0012134705767706988,0.0003679639434590416,0.0031886614012217873,48,0.0830681812516072,-0.00014122599679511523,-0.004757217327897982
1961,493,0.0009421335213708661,-0.00121691422094318,-0.004531381795874562,48,0.04565361687171732,0.0015242056134936377,-0.0015099444390552687
1962,391,0.0007995800247798718,0.00013378571548329846,-0.004905682079595245,48,0.04646347697539199,-7.255653405766407e-05,-0.0035486429171620384
1963,396,0.0006600282532918077,-0.0010104290457971475,-0.0061256725583416355,48,0.06438245111823615,-0.0017078858114925235,-0.005507592316869207
1964,491,0.0008989514921163826,-0.0008533237332030916,-0.004531381795874562,48,0.057815715225652875,0.000922102684747508,-0.0019118525887997142
1965,464,0.0008929945163000516,-0.0009665158423733285,-0.0062095825984715,48,0.03785888582120456,0.0013320682075833711,0.001764963158450322
1966,414,0.0010549670332424882,0.0008041435274644647,0.007805734478439817,48,0.037072000710684394,0.0018186624055865682,-0.0004699845594961921
1967,439,0.0007707843413305975,0.0010587992800976664,0.008495641949748237,48,0.07628265690118541,-0.002505963142125348,-0.006599407345451239
1968,441,0.0010907261029129418,0.001007800169295416,-0.005075658819619959,48,0.061296298074001165,-0.0009796356953028391,-0.00359194931862189
1969,487,0.00097958343718891,-0.0010108561841674392,-0.0062095825984715,48,0.06520183153949866,-0.0005215279601121104,-0.006786187296960233
1970,461,0.0008135062021147714,-0.0005462965321536631,-0.0062095825984715,48,0.032137740655920344,-0.0006800301223766504,-0.0031181902452066743
1971,406,0.0010567396762691961,-0.0006819357205429359,-0.004207882831071319,48,0.06258867901720433,0.00012530165817112478,-0.003979683828129084
1972,443,0.0007117446025554971,-0.000542194350607577,-0.0068027439102319315,48,0.07976214888746269,-0.0012962401072891677,-0.005788675988347394
1973,453,0.0008977953665010429,-0.0012481350929976834,-0.004531381795874562,48,0.07290940015494629,-0.0023402847509907173,-0.006464892389373825
1974,400,0.0010923601525956598,0.000488600123685963,0.0032417312067070034,48,0.026192692927622163,0.0009181992442194621,-0.002981131113148322
1975,456,0.0010099655898558359,-0.0008418831924017732,-0.0062095825984715,48,0.03575882760097615,0.0018996260312436168,-0.001028697121107442
1976,435,0.0007686834860053809,-0.0005679479176698456,-0.0062095825984715,48,0.041914983285644025,0.00013972698785485148,-0.004440212459407334
1977,441,0.0009686765844542982,-0.0008498803780978698,-0.0062095825984715,48,0.06322451889222769,0.00034257803135256774,-0.0038324402449372557
1978,399,0.0010543850136037133,-0.00045072971328681544,-0.004128278122843082,48,0.06743892113519001,-0.0014035959730225242,-0.006160761348419957
1979,414,0.0010843765562370431,-0.0006249930949566475,-0.004768933875214029,48,0.06369813140263303,-0.0006360770699287022,-0.004100745189156034
1980,402,0.0008077002775911616,-0.0005292954495483906,-0.003927357308999749,48,0.05214376069177262,0.00024747159062106505,-0.003484386200309317
1981,471,0.0008239230587097704,-0.0008469719238172191,-0.0062095825984715,48,0.05723693805474317,-0.0007409169479211074,-0.005359386148152468
1982,444,0.0007467101619678118,-0.0005101633213691649,-0.00687287529074973,48,0.06120313531335142,-0.0009991540683885053,-0.004579234231775666
1983,468,0.000725107722390329,-0.0011445088556461605,-0.004531381795874562,48,0.027400616563406754,0.0044740597044100085,0.005122274450282358
1984,371,0.0011021549769808176,0.0006075432492449462,0.004780755565779782,48,0.05000209090820684,-0.0009205213928930086,-0.005728722030028787
1985,413,0.001005777844494785,-0.0004698390805455248,-0.004698802494696244,48,0.04413469036443074,0.000700747875469112,-0.0017384322241832083
1986,341,0.0009894634134933354,0.00033454171215293454,0.0008321511642766788,48,0.05661205668399871,-0.00035430984918507005,-0.004759018394082763
1987,424,0.0010089693836902395,-0.00028086719136979216,-0.005470247680392726,48,0.06325024364917287,3.26203098714728e-05,-0.0047563686126476205
1988,461,0.0008987641762563947,-0.0006948484066330099,-0.008065108759553366,48,0.0793812849725487,-0.0021674917871498268,-0.007251551202015035
1989,415,0.0011332578223329638,0.0006463602329882011,-0.0025336119418243874,48,0.04127356763339951,0.001770741179122664,0.000883733443875186
1990,400,0.0010795260300846049,-0.0005981659098722447,-0.00399275202566253,48,0.10639938661388959,-0.0022016013286180296,-0.008353771981427506
1991,438,0.0008746453492830299,-5.9421690378140546e-05,-0.00645208700764259,48,0.05700915127278294,0.0006850653315191423,-0.0009948948200120683
1992,429,0.0008260362527673318,-0.000561280785368802,-0.005820904582982081,48,0.02266640043317869,0.0031975081712779137,0.0037108263969352837
1993,361,0.0010953185291108667,0.0005776721393670834,0.008413529126089517,48,0.009712985502546623,0.003860878009049549,0.0037385178456278718
1994,426,0.0007701761652397845,-0.0006756366511937589,-0.00561051044142831,48,0.027149457072039862,0.0018153799811466108,-0.0005780441789228208
1995,403,0.0009551975131685273,0.0009381988171563264,0.008495641949748237,48,0.06645905066368119,-0.0004272850507555971,-0.00322505074617142
1996,422,0.0011342148919563813,0.00010431321720933036,-0.010010160263783437,48,0.03186222202678757,0.0036400550261829426,0.005805265384640471
1997,441,0.0007803714061176796,-0.00047774785550059803,-0.006662481149195959,48,0.04831056872467643,1.656481970245538e-05,-0.004031104848922214
1998,454,0.000894259024486312,-0.00048301554953855685,-0.007574189095928427,48,0.06167598128070462,-0.0008143214464878257,-0.005025342745827593
1999,439,0.0006982624946018923,-0.0010071714446629708,-0.0062095825984715,48,0.11016320364378818,-0.0018787658080761487,-0.00785257568257016
2000,420,0.0008637099051465287,-0.0007559968994233016,-0.0051897221583211695,48,0.052551453550413796,-0.0010363759141918723,-0.00459445030366858
2001,447,0.0008885924281367887,-0.0009719768891174249,-0.0062095825984715,48,0.06408917937201397,-0.00030985912042315496,-0.004092644413607292
2002,443,0.0008884352781229595,-0.0006678538312911361,-0.0068027439102319315,48,0.05226561139924879,0.0014447071753539292,-0.002587713011976543
2003,390,0.0011876887128497444,0.00042149546159113253,0.002537733558264957,48,0.07476929546501321,-0.0001155643726979752,-0.005075577912923009
2004,428,0.000944447520054772,-0.0003724151428486054,-0.0057507732024638936,48,0.061801994163642626,0.0005333642024332452,-0.003605938115737556
2005,436,0.0010855901975350855,-0.0006519128581292562,-0.006311824246607006,48,0.04294916097431645,0.0015953759375785786,-0.0008136921739032819
2006,460,0.0008277753328688004,-0.0008691761520830468,-0.0062095825984715,48,0.12145516742178164,-0.004631731313941694,-0.011957300989563949
2007,444,0.0008955625023459165,-0.00028153610196412354,-0.00687287529074973,48,0.07221106013368339,-0.0004749521322897198,-0.00419514844158431
2008,443,0.0007117446025554988,-0.000542194350607577,-0.0068027439102319315,48,0.033384231941176346,0.002729156442474021,0.005985257350782761
2009,359,0.0010734594316033632,0.0006594926292861061,0.0005590701122102845,48,0.09093226516129838,-0.0028272036266900977,-0.008660018572320828
2010,462,0.0009422843129997492,-0.0008824673091835725,-0.0062095825984715,48,0.04770206583354053,0.0011567655902090142,-0.003239620507960523
2011,425,0.0010855262663304723,-0.0004287615769679627,-0.005540379060910525,48,0.09031999352423681,-0.0027922907297744833,-0.005725965712017257
2012,397,0.001075832994191092,-0.0003806856509201463,-0.0043993303172049775,48,0.024579645715377407,0.0023310468568391376,-0.0009825689765424403
2013,422,0.000925482252897139,-0.0004402014845053953,-0.005329984919356753,48,0.062413241942195774,-0.0006891698385059972,-0.00514368029610603
2014,466,0.0007908935190533125,-0.0004883806100135189,-0.008415765662142319,48,0.06024231881252584,-0.00013069548955049227,-0.004911449538154413
2015,446,0.0010527032055622212,0.00029198616292593765,-0.0013451166832809322,48,0.057517510956524465,-0.0009079189556397398,-0.004153516763803752
2016,357,0.0009266477211747112,0.0007728428320251833,-0.0005687191677530012,48,0.09910297230087828,-0.002783292231401311,-0.008243967621712377
2017,408,0.0008304256015342253,-6.710261745593304e-05,-0.004348145592106889,48,0.04819018274282827,-0.00036558648817236906,-0.0032875499681512023
2018,450,0.0009045315060478782,-0.0007241818637393187,-0.007293663573856871,48,0.005982693754074009,0.0028592214323496738,0.0025584711708346655
2019,460,0.0010467075549910046,-0.0009816108619411755,-0.0062095825984715,48,0.05052462460735496,0.002672472273774252,0.0020120509820049023
2020,449,0.0011927041874160006,0.0002569573576630315,-0.0006528129233441815,48,0.05550611004372674,-0.00018465887194462662,-0.006195477405202755
2021,402,0.0008077002775911616,-0.0005292954495483906,-0.003927357308999749,48,0.07493310262690422,-0.0026825486604938487,-0.006216353813197892
2022,448,0.0008850292666717787,0.0006777460999999917,-0.0026225701633309784,48,0.03307026101425925,0.0021469925663359715,0.0011292624936334143
2023,423,0.0007645161537876343,-0.00045143656348218403,-0.005400116299874941,48,0.07010709980784724,-0.0008640284184629806,-0.004951600324424266
2024,423,0.0008965046378249727,-0.000901545908285329,-0.0062095825984715,48,0.04574597796158475,0.0013502049182058905,-0.0011174855452418635
2025,333,0.0010352038834325473,0.0006635633449309361,0.0017378524141809445,48,0.08199442680656188,-0.0017477723737751461,-0.008445067187754616
2026,409,0.0009346248247096324,6.77513808951119e-05,-0.004418276972624688,48,0.09343847483682899,-0.0033312397384074243,-0.006866612161295317
2027,431,0.0008192508658367184,0.0006202242381573029,-0.000502421849040223,48,0.04243273460026653,0.0018436570579943388,0.0003461320864438233
2028,471,0.0010118918053264748,-0.00032099128828006265,-0.00876642256473166,48,0.019117626033065993,0.0033731019861758024,0.0008373295811294895
2029,421,0.0008882470857639237,-0.0011409415185137627,-0.004531381795874562,48,0.058796503947118994,-0.0004230634574274514,-0.0029657664175719058
2030,415,0.0007721611851901136,-0.0010573714851779617,-0.0062095825984715,48,0.06728205484111305,-0.0014161009823225323,-0.006734127900313375
2031,394,0.0009852780622508902,-0.0005362941755402244,-0.004805908608746676,48,0.04346173535362918,0.0010190719613937561,-0.0011699247690451064
2032,430,0.0009251568844592106,-0.00043991231202236,-0.005891035963499866,48,0.03212816327983736,0.0026137919194864426,0.0012776348864884345
2033,421,0.0007021258491475488,-0.000765955715683244,-0.0052598535388389545,48,0.06535868886880569,3.448571753598452e-05,-0.0009007181671221512
2034,435,0.0009719989358642255,0.0011436202166137189,-0.0012746498223551,48,0.01662312704859148,0.0022363603264586845,0.0011261067932046096
2035,442,0.0006650062374344836,-0.0010263174088463063,-0.0062095825984715,48,0.0239436580926925,0.004194547117289042,0.007962781717729994
2036,435,0.0007975123990033202,-0.0004061638255984934,-0.006241692866089221,48,0.04849440204195743,0.0015146674855302852,-0.0009547499458794975
2037,400,0.0010923601525956598,0.000488600123685963,0.0032417312067070034,48,0.035138771948309167,0.0025067582564280164,0.0022925301430774606
2038,416,0.0009567431961378216,-0.0006033932299213084,-0.004909196636249613,48,0.009212176712218634,0.004611364850138146,0.006946572978512198
2039,416,0.0009151345626662657,-0.00041516946714238723,-0.004909196636249613,48,0.004682527950887749,0.00472810567488679,0.005506657759536923
2040,390,0.001030453264752781,-0.0007477269736315337,-0.005348012997469703,48,0.08234854219240606,-0.002499453303778614,-0.005392519304382906
2041,424,0.0009447914240236057,-0.00037235563938583377,-0.005470247680392726,48,0.04785620574266958,0.0010055966231676903,-0.001347681701252327
2042,375,0.000937511182680265,0.0009394054748428984,-0.0008380140837870326,48,0.07099966535953961,-0.00132384606239745,-0.0060102003798696915
2043,448,0.0007648867719390502,-0.0009385568440808123,-0.0062095825984715,48,0.07037823223931605,-0.0029695620620939795,-0.006248721463324263
2044,469,0.0007689497755343474,-0.0003079107835259748,-0.007687038315057702,48,0.04582051659606967,0.0009461197958330614,-0.003407826536311113
2045,456,0.0007406966686487196,-0.0002883126973437754,-0.007714451856964025,48,0.04591914956128884,0.0023178105449270254,0.0016350965249943873
2046,433,0.0009014933744519488,0.0008165771568480794,-0.0013451166832809322,48,0.03388124131760584,0.0020367270109026914,0.0006926283589242469
2047,419,0.001089796609884119,0.0009190640058613928,0.0075403854510134385,48,0.03178750171317857,-1.8504979506088134e-05,-0.0017431502872030345
2048,478,0.0008294717994326867,-0.001211376815186637,-0.004531381795874562,48,0.05635794495028512,0.0001224217236421403,-0.0029190990489539326
2049,418,0.0008954494914639841,0.00035346990431976005,-0.0013451166832809322,48,0.05274768337206737,0.0002463043117105039,-0.0026886480684314776
2050,479,0.0007244228989914947,-0.0008510588569615174,-0.0062095825984715,48,0.04112130433699035,0.0018589855531090174,-2.912100916272614e-06
2051,376,0.0009645677795506917,0.0001967900613591483,-0.0002116721621552506,48,0.046676800901774174,0.0019533027282137,-0.002010377647106057
2052,447,0.0006641096819581401,0.0003876450541741511,-0.0013451166832809322,48,0.10811755577581561,-0.004392028517371763,-0.010796082737774352
2053,394,0.001029210020434059,-0.0007460523700621412,-0.004805908608746676,48,-0.021020446985213492,0.0023491882976015704,0.0002285893633443975
2054,445,0.0009185180733652758,-0.0004271523921581914,-0.006943006671267515,48,0.03022709490800235,0.0018014942810131301,0.000580467713538313
2055,433,0.0009806004146689857,-0.0010396131769420738,-0.0062095825984715,48,0.053485805628097016,0.0018300730413671595,0.0017591761183322532
2056,385,0.0010615890576208043,0.0009508086023278916,0.008495641949748237,48,0.06720607564903469,-0.00023551433180774364,-0.003518369017305647
2057,399,0.0008453633828968306,-0.0004964495611037359,-0.004128278122843082,48,0.0400111279966876,0.0005129579453275815,-0.002771025812661629
2058,459,0.0007838160909977403,-0.0006760556164867038,-0.007924845998517394,48,0.06725641362732859,-0.0001620158849120843,-0.007057635496335132
2059,407,0.000943388020682708,-0.0007750761957824141,-0.004278014211589104,48,0.08273012152636472,-0.0020385940795641707,-0.0075228872527690165
2060,450,0.0007087866756412117,-0.0008605004111057017,-0.0062095825984715,48,0.06786486474279585,-0.002584043968986033,-0.005023011708225337
2061,475,0.0010366495950019988,-0.0009519306114159701,-0.0062095825984715,48,0.03185359932061982,0.0020896592533631245,0.0007594169639286406
2062,336,0.0007260183998451773,0.0002564524192093,-0.0016095071952559846,48,0.07850494465380498,-0.0006070924941363465,-0.006930203116102852
2063,434,0.0009767103125425884,0.0006788987764558526,0.0005685514275489863,48,0.06463235971892767,0.00015632160242608564,-0.004038866967720295
2064,370,0.0008358254735066342,-0.00048713014758051607,-0.008058534941083273,48,0.05070935047389136,0.00109753624883778,-0.003335989827844641
2065,437,0.0009692320342034582,-0.0008523705343340265,-0.0062095825984715,48,0.0487548462913272,0.0015604768208326942,0.0004549965343884875
2066,371,0.0009821532346012476,0.0006253202391456516,0.005581595225314928,48,0.0949042416835576,-0.003962979976794815,-0.009591394179313158
2067,441,0.0009578633999416811,-0.0006085689891356869,-0.006662481149195959,48,0.038586443511535395,0.0005159252835018596,-0.0016608559614592934
2068,453,0.0008116365355677075,-0.0004304347157877385,-0.007504057715410253,48,0.04944282640756181,0.002082394772140013,0.0011271013746069827
2069,459,0.0009759037707844703,-0.0008623643490830064,-0.0062095825984715,48,0.08880256334755099,-0.002286317449322303,-0.007274732272214868
2070,429,0.00107275529980844,0.00033869933658270315,-0.0035209467576617325,48,0.04557429478773667,7.95322228634536e-05,-0.0025795210636656418
2071,465,0.0007094130889648007,-0.0008360681161157651,-0.0062095825984715,48,0.08876173742408322,-0.002286062286676145,-0.007439912309927422
2072,447,0.0007135007465984781,-0.0005416517066263241,-0.007083269432303099,48,0.04322564038988996,0.0019001424856390035,0.0006972004596622026
2073,434,0.0009142209209970073,-0.00022190953146186687,-0.006171561485571034,48,0.043611587348091896,0.0014608928256395516,0.0009885365800729514
2074,463,0.0011562342783453794,0.0007446364311870764,0.0008899815965033205,48,0.05513090224747319,0.0013227729053083958,0.00018426428447771218
2075,403,0.0009007686612096779,-0.0009310757028271228,-0.0062095825984715,48,0.015318519164226885,0.006461054386947407,0.0060813017572394976
2076,440,0.0008946380209967162,-0.0007368518239955352,-0.0062095825984715,48,0.09676205625644207,-0.003236752839426097,-0.010217713068371933
2077,423,0.0010017543929616672,-0.0009794065312297047,-0.0062095825984715,48,0.06219267118109317,-0.0011682098410503074,-0.0041730922488117765
2078,413,0.0008466170887507644,0.00015944048266880104,-0.0038384390256370714,48,0.06017410099973508,-0.0001532554778068372,-0.003737182564769667
2079,433,0.0009296124102943174,-0.000663163886817749,-0.006101430105053235,48,0.04508375328922776,0.0009839842080651834,-0.002143981056740473
2080,442,0.00038801623502532833,0.00042917290676920076,-0.004825709940444456,48,0.03740343831047821,0.0020247617495569893,-0.0005557215717482897
2081,444,0.0011224021640688312,0.0005081819443686847,-0.0013451166832809322,48,0.06757134326904823,-0.0006237183948787171,-0.0063761865751815645
2082,402,0.0010582197357409473,-0.0006832850045249313,-0.003927357308999749,48,0.07464736722985876,-0.0033588066799657857,-0.0065401903426007615
2083,392,0.0011080552725652802,9.050388041837321e-05,-0.009070335863814342,48,0.06396488725827476,-0.00016839531529947577,-0.004734586076259751
2084,440,0.000934788563109819,-0.00046659378548059155,-0.006592349768678174,48,0.08426256054287828,-0.0013105995524403356,-0.006481182253394897
2085,443,0.001059770816575541,0.0003929745705020995,-0.005262185926437284,48,0.06215190158865691,-0.0005509642116386694,-0.004104852949151572
2086,423,0.0009727553350713212,6.2476069902913e-05,-0.01001853129872456,48,0.044617965173465945,0.0008350171902772995,-0.002150808957639843
2087,474,0.0007928698934044536,-0.0004879491437586349,-0.008976816706285431,48,0.05502501559789008,-0.0005727495618165681,-0.0057120109758059985
2088,429,0.0009812774003595268,-0.001042991711647661,-0.0062095825984715,48,0.07324129246032107,-0.0017318080178201443,-0.008364279366821888
2089,397,0.0010322330155407948,-0.00020484857717339294,-0.0043993303172049775,48,0.006263006268380611,0.0038692005409745106,0.002348987185346176
2090,436,0.0007652972763856733,0.0013675709525004225,0.008362208611302817,48,0.0865070376387077,-0.0023902712156187375,-0.007233614640961554
2091,459,0.000975903770784472,-0.000862364349083003,-0.0062095825984715,48,0.06412040556278675,-7.633960677984157e-05,-0.0038946510786717695
2092,471,0.000834822525810454,-0.0003636669997193233,-0.00876642256473166,48,0.02965478385279785,0.0004712499920951768,-0.001254687939915313
2093,427,0.0008055607783797932,-0.0010055254710391558,-0.0062095825984715,48,0.043246150000735506,-0.00028563467378718045,-0.004155906636041935
2094,422,0.0010289315093617146,-0.00022434286655994076,-0.005329984919356753,48,0.005406704598558187,0.003755384286289562,0.004091347609605984
2095,429,0.0008610849995713118,0.0010658051218724145,0.008495641949748237,48,0.07927122639393891,-0.0004887790828540708,-0.003232505746763356
2096,456,0.0006441777361187893,-0.000900877063017811,-0.0062095825984715,48,0.08090729281228326,-0.0007258673900064107,-0.007323388465283909
2097,484,0.0007678586743694342,-0.0007519254376681661,-0.0062095825984715,48,-0.010146054513658465,0.0032115183426360532,0.0014851424751992776
2098,450,0.0009045315060478782,-0.0007241818637393239,-0.007293663573856871,48,0.03266473985735996,0.000856287372189065,0.0009510247328623888
2099,440,0.0009239508031778567,0.000324363614875537,-0.0001229455818828329,48,0.027897206677851005,0.00262947243350496,0.002644063198848476
2100,400,0.001104054041101143,7.809738902073843e-05,-0.009749476011553387,48,0.04416408123061677,0.0006082506053384645,-0.0033373176301220338
2101,404,0.0011333792756432308,0.0001366986685494096,-0.0013451166832809322,48,0.04168820878248125,0.0012121983145488152,-2.483587096586623e-05
2102,409,0.0006948436305859273,0.0005726400765680827,0.008071083505866203,48,0.0784407584183534,-0.003699652247364507,-0.008528030671835631
2103,420,0.0008224975443747,-0.0005554169069586883,-0.0051897221583211695,48,0.11289645735741605,-0.0028759179288515083,-0.007767517110587874
2104,452,0.0008263555387716375,-0.0008740567506540196,-0.0062095825984715,48,0.013167561351567048,0.0013688610773270587,-0.0014625856930564618
2105,449,0.0007828481039212345,-0.0005814709069590571,-0.0062095825984715,48,0.022418672544474383,0.0027302315521150478,0.002125672258004134
2106,416,0.0007686038171771867,0.00042807060614131164,-0.0013451166832809322,48,0.0581422651600344,0.0006472063538895505,-0.0018160374207028072
2107,440,0.0008946380209967179,-0.0007368518239955352,-0.0062095825984715,48,0.03372694692761935,0.0023592005403793425,-0.0012021142371380598
2108,369,0.0008664564063016597,0.0012056477252821232,0.008290359890601437,48,0.024470417183105275,0.003185943732022657,0.004215569702101022
2109,480,0.000756739628330309,-0.0008289249623486677,-0.0062095825984715,48,0.07431668824018611,-0.0013232111825213881,-0.004913430663769723
2110,463,0.0010127019376062049,-0.0010009451910208828,-0.0062095825984715,48,0.0755200948957313,-0.0010404487672685345,-0.003802249876642424
2111,401,0.0009221468413163091,0.00045218968770849473,0.0031886614012217873,48,0.064537777360133,1.5044180221024384e-08,-0.002410383141406784
2112,444,0.0005978578215897045,-0.0007462623253774794,-0.00687287529074973,48,0.026481359099041146,0.0017425114242652449,0.0001180405741266731
2113,442,0.0008536931846110591,-0.0009975177945784966,-0.0062095825984715,48,0.06441612175986988,0.00036784429190063125,-0.0017687168107721647
2114,370,0.0008358254735066325,-0.00048713014758051607,-0.008058534941083273,48,0.03889894526490578,0.0008406174198383794,-0.0026477422252071878
2115,451,0.0010363177891456422,-6.547846916323333e-05,-0.007363794954374656,48,0.009397508047962022,0.0025175052689222766,0.0014403482313206963
2116,420,0.0009977080830542977,-0.000817459211601184,-0.0062095825984715,48,0.05159301397116467,0.001730907459505231,-0.001070393084059519
2117,397,0.0011441463340671173,0.00022224253340801577,-0.004577102982900195,48,0.023769209199871355,0.002929036954297284,0.001871606925661115
2118,500,0.0008670091761879221,-0.0011795759872310907,-0.004531381795874562,48,0.04161666997627578,0.0020672090397606292,0.0008999419044898559
2119,420,0.0009039295177723982,-0.00020194983344410875,-0.0051897221583211695,48,0.0020811357542733777,0.0027247283847433587,0.004634999119015047
2120,415,0.001091548927094006,0.0009275177143014037,0.007752664672954608,48,0.08731609972201226,-0.0026711040767405953,-0.008059661420177434
2121,356,0.0010692899511394057,0.0011277076642479573,0.008495641949748237,48,0.0035051332608379004,0.0029916563018877393,0.0029393438471286715
2122,508,0.0006074560225060414,-0.0014025241179718602,-0.004531381795874562,48,0.008069125650355224,0.004426721442630337,0.005784075912526436
2123,446,0.0007175057674261541,-0.0007651739445675744,-0.0070131380517853,48,0.03551841150822277,0.0017011038094710672,-0.0003424812823373362
2124,441,0.0007411215387159381,-0.00029272117064926134,-0.006662481149195959,48,0.06509978599917665,-0.0009482499691079657,-0.005757354301135685
2125,413,0.0007503651951605546,-0.0004264894001153943,-0.004698802494696244,48,0.04831758070940584,-0.0006366754954373402,-0.0031690624219026693
2126,442,0.0010423982033459164,-0.0006582450657898371,-0.0067326125297141465,48,0.061836505693343535,-0.00045889015931745505,-0.005123719388551794
2127,473,0.0008999456989851311,-0.0002997076596572418,-0.008906685325767646,48,0.0345076282367629,0.002554438451723203,-0.001011197332784368
2128,410,0.0006792504159801194,-0.0010245797830426562,-0.0062095825984715,48,0.062038261676307216,0.00029098613533360546,-0.005173578390964873
2129,388,0.000623300611394516,9.422081672290795e-05,-0.005069971627942614,48,0.05074866400671296,0.0011955608514146784,-0.0033779377844866676
2130,437,0.0006999849708286664,-0.0001175798313821988,-0.006381955627124791,48,0.0906792096434802,-0.0026129397727080745,-0.006380975064972684
2131,407,0.0008592078338455146,0.0008249688144995439,-0.0013451166832809322,48,0.043561840619995906,0.0012971084193631327,-0.0005753648015870277
2132,427,0.0007373460546366674,0.0011573444927777963,0.008495641949748237,48,0.07302478382079536,-0.0003365367217256325,-0.005166802761994483
2133,429,0.0009298139833566581,-0.0006642872139962543,-0.005820904582982081,48,0.10926372186364819,-0.0052786542348234895,-0.010714563689499721
2134,487,0.0007629809234824658,-0.0009835600713971465,-0.0062095825984715,48,0.025719101123214294,0.0013119416920759196,0.0006069182864108427
2135,477,0.0007977464209930609,-0.0007057405974623503,-0.0091872108478388,48,0.06651178219800769,-0.001042661326064738,-0.005402578436612279
2136,397,0.0008657583577879524,-0.000425253068142048,-0.0043993303172049775,48,0.08043122638234879,-0.0023986964117321315,-0.006049039411751268
2137,389,0.0009346080061124213,5.347687231736526e-05,-0.008815658308411897,48,0.04996482625476595,0.00198990429783843,-0.0004983318878723914
2138,401,0.001086960903979349,0.0008673609787545247,0.008495641949748237,48,0.0148913406461042,0.004153129696539413,0.0031743514613456845
2139,422,0.0010931978504299174,0.0004991060701011341,-0.0013451166832809322,48,0.019480752196552098,0.0020044996545653115,-0.0004154320834983301
2140,411,0.0008242086238342571,0.0005077217530117892,0.007964943894895472,48,0.035306517729918885,-0.001049074014677213,-0.003690649382662413
2141,405,0.0009774017557163024,0.0009227101931112008,-0.0007846407484087981,48,0.07984570358605825,-0.0023459319015255303,-0.006067135468774187
2142,440,0.0005440319487722868,-0.0010136509426791895,-0.0062095825984715,48,0.023619528794963096,0.0017802621587570556,0.001944653406601873
2143,479,0.0008616533627123311,-0.000987332472687858,-0.004531381795874562,48,0.07166542540438992,-0.0010304944927427735,-0.0052216360260497665
2144,360,0.0010532598222983353,0.0004813234510256982,0.008411476305498045,48,0.04034127013623101,0.0017715179557700293,0.0010828476291153116
2145,467,0.0010017889004430708,-0.0008203143971917924,-0.0062095825984715,48,0.05739994296279671,-0.00036761109582768986,-0.002063338058740486
2146,441,0.0009186135325399422,-0.0004272737397665628,-0.006662481149195959,48,0.04792182878448825,0.002234885803811402,-0.0014101756819251618
2147,448,0.0007262501837154607,-0.0008015930514756187,-0.0062095825984715,48,0.0382034776605078,0.001651410038198093,-0.001538539790343553
2148,408,0.0010898434230553916,0.0013008488845815906,0.008495641949748237,48,0.08021209994477663,-0.0013939439318825034,-0.005451906785196279
2149,436,0.0007032136150465912,-0.0010351021407701798,-0.004531381795874562,48,-0.011056765090678877,0.0017904571631732306,0.00033567791113352577
2150,401,0.001130125970124404,0.0005966542237938934,0.0031886614012217873,48,0.043054237103862913,0.0004565762956937787,-0.0034139374785544796
2151,446,0.0008656906085200526,-0.0005311364651815337,-0.0070131380517853,48,0.05047928996080242,0.001762521428211216,0.0014303135187862057
2152,428,0.0008544429938313408,0.0008373945796661692,-0.000702487986606333,48,0.053201048185682165,0.0008992427769482034,-0.0006049198872025464
2153,441,0.0008688746950355972,-0.0012964018583038993,-0.004531381795874562,48,0.041258710534962884,0.0007742648488793628,-0.0032576393718239255
2154,445,0.0009574151329701458,-0.000607690449699487,-0.006943006671267515,48,0.12327693924872063,-0.005336122427345885,-0.010985916936921917
2155,456,0.0007786554219911925,-0.0004621678469333701,-0.007714451856964025,48,0.0813933097033459,-0.0014955390045394389,-0.005946482062394344
2156,407,0.0006425586135731061,0.0007455647677785436,-0.0015504147176852445,48,0.05872020792372412,-0.00017755145225821153,-0.003889577428821546
2157,427,0.0009731980972039127,0.001164086223789585,-0.0013534397924494582,48,0.07960765785341617,-0.0011817981769976366,-0.005715463646438098
2158,444,0.0008840182199683008,-0.0004584871165369958,-0.00687287529074973,48,0.018614320385414218,0.0021908074280778253,0.0039930284781998365
2159,459,0.0007461054340823425,-0.0004930359720948206,-0.007924845998517394,48,0.061760014261029283,-0.00023978836918680732,-0.003313495536767269
2160,449,0.000849328657770391,-0.0006180782198930874,-0.007223532193339072,48,0.09996620936398526,-0.004188501512237647,-0.007186920391314839
2161,424,0.0008001644788400795,-0.000845487377213322,-0.0062095825984715,48,0.026958415319513485,-0.00031213033632308297,-0.0032346963937454447
2162,384,0.0009636262856088486,-0.00027586633321604465,-0.006161169580553849,48,0.03603848384048358,0.0018173133344662386,-0.0032041158140272107
2163,405,0.0009220070571982074,0.00044608398292042377,0.0031886614012217873,48,0.032717265417425034,0.003957681092712835,0.003839108608162771
2164,435,0.0010119995117079906,-9.26873766483767e-05,-0.006241692866089221,48,0.0239290765082808,0.002954685946511401,0.0014873586229372758
2165,440,0.0006557280447678998,0.0007914059583989299,0.006425919535822992,48,0.044395966683899446,0.002167622857152258,0.0018873727879898314
2166,442,0.0008037433975200368,-0.0006185785631361747,-0.0067326125297141465,48,0.08079011644387413,-0.002540949193245365,-0.007543856630533623
2167,404,0.0009269247749481655,-0.0006610625396906988,-0.004067620070035735,48,0.027666829550306415,0.0020184578266711287,0.00015931232466836684
2168,430,0.0010176034706284123,0.00022396471413114278,1.75168698720099e-05,48,0.042861016366704585,-0.0005071716695084511,-0.0038598125998644435
2169,431,0.0006257482425141058,0.00040987806633537884,-0.01067147202412903,48,0.027715446998573645,0.005001082282198303,0.006259424624555629
2170,480,0.0007665011763114621,-0.0007335522994896641,-0.009397604989392572,48,0.06578773195901022,0.0006567543038644846,-0.003564706210008789
2171,429,0.001071923022406115,-0.0006018588439214642,-0.005820904582982081,48,0.06684388369951921,0.0012116583636295267,-0.0019045279327873227
2172,416,0.000969083698552298,0.0005956900345470313,-0.002618504460291708,48,0.06436821235355572,0.00032901505269487645,-0.003329059726568554
2173,445,0.0009689514228677231,0.0004660131580811952,-0.0013451166832809322,48,0.06141002318532984,0.0004926689743964749,-0.0037332601844940368
2174,419,0.0009733735845769333,6.819852752071309e-05,-0.00998504715896021,48,0.07272606103484924,-0.0016923558195813641,-0.005214410650848714
2175,439,0.0006479713650022782,-0.0006294889344085168,-0.006522218388160375,48,0.04530445371603331,0.0022411919250007895,0.001974447979482697
2176,404,0.0010778276901764272,-0.0005971007420774062,-0.004067620070035735,48,0.03386788487726944,0.0019913853759719194,0.00014704480654512304
2177,433,0.0009814434507760482,1.938640867254343e-05,0.0010565715819338788,48,0.02197834668295595,0.0006659334559716967,-0.0006540778231879721
2178,377,0.0009591637840013654,0.0006776946701818262,0.00446233673286818,48,0.043199144736597805,5.707361602251548e-05,-0.0015994782810645515
2179,457,0.0007161721929452034,-0.001019761852137313,-0.0062095825984715,48,0.017559946553480033,0.0017150155666608088,0.00036607233748605153
2180,414,0.0009892388813133764,0.0005347308700226917,0.007805734478439817,48,0.07378317179425031,-0.0015499313042440961,-0.006282779159593946
2181,439,0.0008488101919319115,-0.0008361670249040117,-0.0062095825984715,48,0.06171449949689256,-6.96222184857799e-05,-0.005368722257997205
2182,424,0.000812057379869681,2.337394893598896e-05,-0.010026902333665638,48,0.03435124679463153,0.0038344184476252798,0.004045803980540757
2183,486,0.00073114250360975,-0.0010048366038921293,-0.0062095825984715,48,0.054194010875511234,0.0010549617500925056,-0.0035695776452687976
2184,381,0.0010951584118276134,-0.000623062107076109,-0.006567747872095547,48,-0.013160281969283427,0.003522261143478692,0.003104601489218723
2185,451,0.0008511943088354073,0.0005354459194118052,-0.005589742606650815,48,0.02938745983444413,0.0032428044856882016,-0.00028019445913479366
2186,375,0.0011000839233528442,0.0006000181173304378,0.004568476343838612,48,0.09419769547105561,-0.001700574460873655,-0.005967581945508765
2187,431,0.0008192508658367182,0.0006202242381573029,-0.000502421849040223,48,0.024207591878487755,0.00032803618038736507,-0.004202260283268144
2188,478,0.000819495618742179,-0.0010688634656995447,-0.004531381795874562,48,0.06073710235011531,0.0005542249937392444,-0.0040269655291631165
2189,445,0.0009681311203186037,-0.0008474301594226831,-0.0062095825984715,48,0.050639356142656355,-1.017608576574236e-05,-0.0020897392294715322
2190,447,0.0009985393682666968,0.0009910907250253688,0.0060544308974261815,48,0.0858848639344797,-0.0026957349668987867,-0.008600520583197865
2191,429,0.0009298139833566572,-0.0006642872139962543,-0.005820904582982081,48,0.06966741330940496,-0.00027820901992525217,-0.0053099129670741724
2192,436,0.001045890216975067,-0.0004614011686145808,-0.006311824246607006,48,0.05511884616472895,4.049571322368127e-05,-0.0016844978023087855
2193,380,0.0011711356188377547,0.0006899218975026464,0.008452532717327418,48,0.03893222835837995,0.0013251460524009821,9.069069270578947e-05
2194,425,0.0008884329362448106,-0.0011367335231501803,-0.004531381795874562,48,0.06165278715422651,-0.0006775479277435752,-0.003337188201355229
2195,423,0.0007235960792624143,-0.00026965324538451643,-0.005400116299874941,48,0.07749794315067282,-0.0006833437387883216,-0.004921313726894295
2196,415,0.000919924618341476,-0.0006353284425529987,-0.004839065255731828,48,0.04061843047311953,0.001672003468461719,0.0012821090589334398
2197,438,0.000763272637859031,-0.0004380907964187282,-0.00645208700764259,48,0.06033405688808602,-0.00046772414829824617,-0.00605913179921273
2198,418,0.0010535605898560388,0.0007964445362326836,0.007593455256498655,48,0.04509238224770806,0.0016805424603818422,-0.002119179516332722
2199,379,0.0009819282660187409,-0.0007468277118787732,-0.006838800066456666,48,0.02718029930327337,0.002631526985283221,0.0028588132652223822
2200,465,0.0008887671333778031,-0.0008068532904875886,-0.0062095825984715,48,0.057143011837248237,0.0005885545595290444,-0.0045840816793683535
2201,426,0.0008726540671835622,-0.00043600857817083574,-0.00561051044142831,48,0.01735763611524599,0.0017199875717147598,-0.00028465176657896385
2202,459,0.0009655146327233301,-0.0006362513582151633,-0.007924845998517394,48,0.067131479066324,3.6311251858586746e-05,-0.0053557127592208514
2203,433,0.0008615183362898995,0.0010571693178206658,0.008495641949748237,48,0.05654370194275338,0.0008950502025110146,0.0009523933249063199
2204,477,0.0006130814866471511,-0.0008378251112979643,-0.0062095825984715,48,0.0658238191917393,-0.001470469479660258,-0.005834537745113305
2205,428,0.0009675836494344092,-0.00011109107652675435,-0.0057507732024638936,48,0.057177925589098844,-0.0009451787585289702,-0.0055445963900104395
2206,439,0.0009607607209480154,0.0012187162103111018,0.008495641949748237,48,0.06681615132092145,-0.0004667649691186219,-0.004489690725752997
2207,465,0.0008998072387636563,-0.00029864391900679896,-0.008345634281624534,48,0.07872830710467693,-0.0007842280971520014,-0.0035102250520687786
2208,435,0.000859858136775234,0.00013315834664413741,0.0008641496050915513,48,0.03722328188613089,0.0018481474975112749,0.002871740076461406
2209,417,0.0009001502118602643,-0.0007257527252516778,-0.004979328016767801,48,0.03892350521792487,0.0024225781554255673,0.0035086670789282147
2210,416,0.0008620629138820566,0.0005948424734809974,0.007699594867469392,48,0.07307750307864724,-0.0011420952627925803,-0.005806922845041813
2211,421,0.0008477833901399832,0.0001464473650183021,-0.003492031541548493,48,0.0951316248826738,-0.00212337168244992,-0.0076640803784989685
2212,482,0.0008202300426477082,-0.001065519458299826,-0.004531381795874562,48,0.03920456771450054,0.00048288652403554594,-0.0029050449165663565
2213,393,0.001077541282179211,-0.0003807289219170465,-0.004941434705927242,48,0.033396647261073165,0.0025865450875122813,0.000762748528233461
2214,447,0.0005656474152161998,-0.0007746019969389999,-0.007083269432303099,48,0.042671529170699274,0.002260808916125655,0.0010105710673297425
2215,376,0.0010829737540794698,2.1715867848497335e-05,-0.00014697236919458678,48,0.027111108229108227,0.0015027304288186176,-0.0021378698451823726
2216,492,0.0007957951148026172,-0.0009664895740690987,-0.004531381795874562,48,0.04156586974582299,0.0025764392165065087,-0.00042006008674932635
2217,458,0.0009433808131939052,0.00037476504743892084,-0.006661139227564287,48,0.032725425665768526,0.0020031784517764665,-0.0004313835702087314
2218,484,0.0009295652480215515,-0.0010753827638684925,-0.004531381795874562,48,0.007597071194826555,0.0028481777042975425,0.0026840985346350873
2219,430,0.0007714581888129818,-0.0006744378335603769,-0.005891035963499866,48,0.05293057063600515,0.0007248528038737781,-0.003671742250800778
2220,429,0.0011242187168113106,-0.000622044251059755,-0.005820904582982081,48,0.032475018850688486,0.003566615641103473,0.004802617156753897
2221,369,0.00096027316253021,0.0006939041658130495,0.004886895176750214,48,0.02585071138621664,0.0022931854746261887,-0.0017068126680257756
2222,456,0.0008166141753336653,-0.0006470767448340832,-0.007714451856964025,48,0.040809606726643244,0.0010731354035556102,-0.0029184925105320628
2223,431,0.0008192508658367182,0.0006202242381573046,-0.000502421849040223,48,0.0863860538772252,-0.002903716228963543,-0.009135237295403543
2224,440,0.0005440319487722868,-0.001013650942679193,-0.0062095825984715,48,0.07271882523837314,-0.0009059814425593019,-0.00762175671321829
2225,495,0.0008354446491859249,-0.0012038797058354818,-0.004531381795874562,48,0.008212065127335522,0.0017734949455477482,-0.00021859535333084573
2226,462,0.0007038363052568244,-0.0006826752703233581,-0.0062095825984715,48,0.09460050590671909,-0.0017790028963114574,-0.0085987099033559
2227,443,0.000900005619828741,-0.0004993368474703677,-0.0068027439102319315,48,0.03805554845501058,0.0008789743233729511,-0.003348017088539622
2228,422,0.0009367822869494231,-0.0007351825725108695,-0.0062095825984715,48,-0.004354851051411646,0.0029858123331303055,0.0034031990544360798
2229,440,0.0008954494914639845,-0.00028092577858711623,-0.006592349768678174,48,0.03172779840157525,0.001245759379623925,-0.0033033276888571224
2230,465,0.0009259912011717105,-0.0009444991304064648,-0.0062095825984715,48,0.04667862412141188,0.00013098072903849727,-0.004441853824412728
2231,446,0.0006291762045401482,-0.0004885173329570967,-0.0070131380517853,48,0.03801904636766362,0.0016879983604425946,0.002334907271568305
2232,454,0.001001506136019001,0.0005744597494357368,-0.005844420162053263,48,0.054245029649566345,0.00043623141337498055,-0.001594619001349308
2233,428,0.0009960311786861523,-0.0008125618500117969,-0.0062095825984715,48,0.02513106407239618,0.00424073024038113,0.0072895499721459915
2234,497,0.0007392253091691257,-0.0011238277512257977,-0.004531381795874562,48,0.029588945242637332,0.0028804587663830133,4.791328189631544e-05
2235,360,0.0008971593684590183,-0.00036025225585023524,-0.009413795912890446,48,0.1263706909250727,-0.005540755445107501,-0.011251847161983783
2236,460,0.0008277753328688004,-0.0008691761520830468,-0.0062095825984715,48,0.035808440393240715,0.0010572014739334001,-0.003934997409385483
2237,429,0.0008491184517754559,-0.00029295365550211644,-0.005820904582982081,48,0.057220944360539705,-0.0020253963324158835,-0.0058838644557125536
2238,472,0.0010332708565380724,-0.0007958307437216962,-0.0062095825984715,48,0.032630751349798426,0.0020434444943195776,0.0002918077757433756
2239,399,0.000833411968435518,0.00017676571806457802,-0.0012544411215909615,48,0.011707302454186164,0.0018044122572964342,-0.0019378439619064589
2240,426,0.0007295442602534745,-0.000484084917393688,-0.00561051044142831,48,0.04463943391852554,0.0004903212616810815,-0.0014039610500323433
2241,440,0.001022338420436246,-0.0007696932135605981,-0.0062095825984715,48,0.09079143780744925,-0.0027653618207944403,-0.007303810639575078
2242,388,0.000805927037935604,-0.0003156875994301013,-0.005619065191830835,48,0.0068114490780161185,0.0018637667502274975,0.0004987529852435481
2243,333,0.0010352038834325473,0.0006635633449309343,0.0017378524141809445,48,0.0676024995218647,-0.0010056703110433718,-0.006247241960887346
2244,431,0.0009717645366540779,-0.0003152653700496423,-0.005961167344017665,48,0.08018903593394378,-0.0029156282816857285,-0.006953882003663758
2245,417,0.0008586413592843239,-0.0005228706429294822,-0.004979328016767801,48,-0.0016873322956174608,0.003912756873549212,0.0011248040801290667
2246,420,0.0010088641378899026,-0.0006849590907152536,-0.0051897221583211695,48,0.02096834512477508,0.0017313211488387981,-9.68762193304766e-05
2247,442,0.0010148336554986178,-0.0003039079622453138,-0.0067326125297141465,48,0.061339339343351895,0.0006696189625723242,-0.0038788470789802854
2248,453,0.0007847589582614268,0.0011379795829811268,0.008495641949748237,48,0.07560949719793386,-0.0007365371901674102,-0.0034792115275865676
2249,370,0.0007761557278465497,0.0006481007276560469,0.004833825371264998,48,0.05636039978544183,0.0003147141706287115,-0.0044526822931507115
2250,473,0.0009731346694890125,-0.0006673143806005342,-0.008906685325767646,48,0.0642141041791161,-0.0004657181975193953,-0.0026753755670403216
2251,478,0.0010037742247735598,-0.0009708083198383989,-0.0062095825984715,48,0.05535456485619039,-0.0012499804784336151,-0.005896562358830484
2252,502,0.0008059215098810361,-0.0012139885723349043,-0.0045481638039005234,48,0.047022628354907337,0.0014914810647597906,-0.0019050223021821328
2253,473,0.0009365401842370731,-0.0004774088815612462,-0.008906685325767646,48,0.0539142190683477,-0.00037675212622944286,-0.002152759233778126
2254,436,0.0008159344458678556,6.003878338251695e-05,-0.006311824246607006,48,0.04857315007998242,0.0009166080883577848,0.0005756161902145708
2255,378,0.0009415512492347098,-0.0011007634323397658,-0.005823596413874171,48,0.07862563523056987,-0.001238011072701821,-0.006701982311906647
2256,448,0.0009731499282482712,-0.0007078275531577118,-0.0062095825984715,48,0.048780221033278726,-0.0013912650934115329,-0.004373560535179639
2257,458,0.000856585983384393,-0.00030988013298653,-0.007854714617999595,48,0.00357428995471587,0.0033718226682590835,0.0023127324755097805
2258,393,0.0010332658356345843,0.00031688054797966887,0.0031886614012217873,48,0.05881850650286935,-0.0004383002156742085,-0.003819433498986502
2259,338,0.0010786725472251301,0.0008263320765697791,0.0007061063824348526,48,0.05125255282957142,0.00037787658766274407,-0.002504355699878627
2260,416,0.0009690836985522984,0.0005956900345470313,-0.002618504460291708,48,0.047422016647530874,0.0017511131896046448,-0.002156198651447356
2261,452,0.0005816407477302679,-0.0009643913507488382,-0.0062095825984715,48,0.055178856581854174,0.0008488007928206722,-0.0019332589388842206
2262,417,0.0009641872423386349,0.0010141852208492407,0.007646525061983878,48,0.021489764349786,0.0017101009513791846,-0.0023681832248464603
2263,456,0.0009615493488597145,-0.00041953029102255457,-0.007714451856964025,48,0.030589424936782295,0.0008776500752864739,0.0005208888655398383
2264,418,0.0007373192839122151,-0.0007360186093835555,-0.005049459397285586,48,0.060147025175377844,-0.0014074327641387073,-0.005806220463061028
2265,434,0.0009368273827634007,0.0009657684182938575,-0.004422813945760655,48,0.04492853952470954,0.0016226089540372617,-0.0037946153904181157
2266,427,0.0006968093063365087,0.0013520233130157409,0.008495641949748237,48,0.08439106624437454,-0.0038268246760628562,-0.008040370082146229
2267,483,0.0008627763613710936,-0.0006867138157737422,-0.0062095825984715,48,0.06798756770108572,-0.000501462295240996,-0.005038819037702884
2268,414,0.0010425669148743204,-0.00043715477282391113,-0.004768933875214029,48,0.024939507765922242,0.004393998081877166,0.0047013713295474165
2269,441,0.0011586191361241487,0.0006452432446397809,-0.004740817421976649,48,0.04150550030729383,0.0002756333871770031,-0.0036674112622478387
2270,416,0.0007562633147627116,-0.0006455639364840102,-0.004909196636249613,48,0.03429107115305974,0.0028661461312852847,0.0007297572877527393
2271,389,0.0011490029435212812,0.00023740789149166632,-0.005015208445160155,48,0.04108560070767597,0.0007711997866943661,-0.003275248381184894
2272,415,0.0008782157231025161,-0.0004481533552474909,-0.004839065255731828,48,0.0665030068161937,-0.0009266290344626602,-0.005021221616113441
2273,474,0.0006534385872274942,-0.0007162904934623869,-0.008976816706285431,48,0.0006545587448791856,0.003567204606029259,0.0032092860910875876
2274,464,0.0011887347496886485,0.0009970349627064553,-0.0003350410883623412,48,0.03303248653431101,0.00099099522181143,-0.00016291580429951893
2275,434,0.0007845452649572289,0.0004525760230513383,-0.01067147202412903,48,0.038016609918321675,0.0007649564614187095,-0.004680201667258126
2276,404,0.0007760416310782225,-5.6502007178689875e-05,-2.795670066201364e-05,48,0.04146974055905761,0.0009909065533450362,-0.002766399505938162
2277,412,0.0008616169839259762,0.0006013580326578172,0.007911874089410256,48,0.030339924115485917,0.0009345476987783312,-0.001618462647556218
2278,468,0.0009033120613904273,-0.001121045534925591,-0.004531381795874562,48,0.02539686789692841,0.0023796449842748216,0.00270310146714056
2279,432,0.000894179908971799,-0.0006941687591678729,-0.00603129872453545,48,0.022843631158998234,0.000587138143844845,-0.0025205111990270375
2280,342,0.0007901866851777869,0.00030046873211838146,0.0008714263348926221,48,0.06657264159975218,-0.0008246595556111094,-0.007144408318572874
2281,490,0.0009125376820462118,-0.0008938977305272648,-0.0062095825984715,48,0.1226134493434663,-0.004397949971018046,-0.011252331243663562
2282,380,0.0010220717521124334,-0.0007135579825008655,-0.0067032739692760995,48,0.09639835293194565,-0.004580324254673402,-0.008993081857194534
2283,370,0.0007890438747926668,-0.00029173185740150043,-0.008058534941083273,48,0.04421452986470642,0.000660935062004344,1.4754115187688016e-05
2284,451,0.0009385268973462688,-0.000693597501114333,-0.007363794954374656,48,0.061727951569854556,-0.0015306156397356524,-0.0038253959624188795
2285,448,0.0009238691115200778,-0.00024278178199146905,-0.007153400812821287,48,0.07393338070112054,-0.0018091462881985147,-0.00541275566097052
2286,388,0.0006802021729775858,-0.0007706520600827445,-0.005619065191830835,48,0.021660562849052822,0.001879470606617334,-0.0003427945703955368
2287,410,0.0009066133981445634,-0.00015012852446051085,-0.01067147202412903,48,0.06782280998814283,-0.00043103331893491227,-0.004239496481315793
2288,442,0.0010032371365491562,-0.0004790946559063737,-0.0067326125297141465,48,0.035213422367262215,0.001269066539325488,-0.0025894719565617563
2289,413,0.000880909739005912,0.0014307799631797392,0.008314993737699047,48,0.07837168564663555,-0.0008423987673750188,-0.006443269746713571
2290,467,0.0009647242504983878,-0.0006879395831777095,-0.0062095825984715,48,0.026491336715358638,0.001703355799222526,0.0004699516454353715
2291,403,0.0008459850237550089,-0.0004959349994089271,-0.003997488689517548,48,0.08874909804356568,-0.0018436090931514253,-0.007368998842355895
2292,405,0.0009647458017023238,0.00010164736639498191,-0.0013451166832809322,48,0.045149561930922344,0.0020865392361681338,0.0014900862697558408
2293,428,0.0007000260799811572,8.302546404895684e-05,-0.0006944364568157411,48,0.0378840387749263,0.0018714323542867138,-0.002829266091699638
2294,459,0.001013614427699869,-0.0010038889770264507,-0.0062095825984715,48,0.044207000612215275,0.0004416256056998455,-0.0016453387369954366
2295,446,0.0008268807620533097,-0.0003490679054563364,-0.0070131380517853,48,0.03915023052518607,0.0021899088856413996,0.0003018665052801836
2296,391,0.0007995800247798718,0.0001337857154832976,-0.004905682079595245,48,0.03028551598117102,0.0025636141759208773,0.0017891125493045817
2297,370,0.001047376741821187,-0.0006281780420296194,-0.008058534941083273,48,0.023335043232880603,0.0020489829213211613,-0.001017013890882365
2298,385,0.0009339363764829609,-0.0010716288955844935,-0.005941070470056042,48,0.04609170975050658,0.0019900004959370107,0.000613624574891794
2299,492,0.0006262836703878893,-0.0009899374906441882,-0.004531381795874562,48,0.061916586662605244,-0.0015649180934737949,-0.004951181066535075
2300,410,0.0008529677041076841,-0.000297103439500946,-0.004488408353142875,48,0.04880225090034496,0.0005517718722509134,-0.004475361334436195
2301,383,0.0007387180145312627,-0.0006448674187008244,-0.006296695677734415,48,0.0725576444043472,-0.001441800769335871,-0.00551757776994638
2302,456,0.0008270716629873122,-0.0008715973380824249,-0.0062095825984715,48,0.07775322805048179,-0.001553766457364391,-0.006218847982335608
2303,468,0.0010183373290592827,0.0005925279810277129,-0.0013451166832809322,48,0.09977007113512903,-0.0031528405702675386,-0.009741815584420695
2304,452,0.000739216163952173,-0.00028780567208619087,-0.0074339263348924545,48,0.02648852432405302,0.001994370381626303,-0.0005194919907806194
2305,443,0.0010101213029070953,-9.549956936464807e-05,-0.0068027439102319315,48,-0.005669082180666085,0.003977086030198429,0.005789000546225036
2306,445,0.000792252509874504,-0.00038162728309766233,-0.006943006671267515,48,0.039374578185502274,0.0007803931197907527,-0.0018298798326341834
2307,415,0.0009314152553777707,-0.0008820081632499206,-0.0062095825984715,48,0.041749021749171056,0.00021838806100957578,-0.0021684101302139845
2308,474,0.0009680652175530768,-0.000838088730729443,-0.0062095825984715,48,0.050966974519399466,0.000512962556836416,-0.00124804080259152
2309,424,0.0009568990867698827,0.0008235859014343386,0.008495641949748237,48,0.09922804187256762,-0.0018563254245741265,-0.005858798677778904
2310,430,0.0008849215265629151,0.0006223078247666759,0.008495641949748237,48,-0.002184155881812422,0.002431064729718306,0.0016928172631266274
2311,442,0.000626652969292923,-0.0004887881615691647,-0.0067326125297141465,48,0.07934463259341584,-0.0013441583867577055,-0.006369375085443309
2312,469,0.0007111067402261534,-0.0008338317272818738,-0.0062095825984715,48,0.005616657397813141,0.002227625644743941,-0.0019481735777236685
2313,403,0.0011494257247724594,0.0005506549413241014,0.008294465531784374,48,0.07552593013438891,-0.0011743871490921213,-0.0032527568283939098
2314,396,0.0007841350266202655,0.0009129124981341104,0.00848537784679089,48,0.03883002236209554,0.00013537679750889875,-0.003944678701830292
2315,390,0.0007156157568798467,0.00042426690325723937,-0.000846401093985566,48,0.061252838340465465,0.0007569814717785159,-0.0027295237139424652
2316,428,0.0010593965897393817,-0.00071140867933768,-0.0057507732024638936,48,0.006286518277623054,0.002303309009627828,0.000784367891552222
2317,376,0.000918532695709821,0.0005582173135264597,0.004515406538353403,48,0.06575417204724987,1.084363425205015e-06,-0.005216312489474378
2318,443,0.0008493445802608187,-0.0008337698552836892,-0.0062095825984715,48,0.07920642740396389,-0.0011261282700812114,-0.007270251855687176
2319,399,0.0007900305360441207,0.0005236583636524256,0.0032948010121922194,48,0.05685286310811255,0.0015551024409458745,-0.00209354281440784
2320,455,0.0009279781320844132,-0.0004515563148212269,-0.007644320476446226,48,0.0498471123185491,0.0017918089834129906,-0.001007100547665507
2321,429,0.0004895224802632225,-0.0006645773626968755,-0.005820904582982081,48,0.021719756622148867,0.0004930386045572926,-0.0023034307503283537
2322,449,0.0011541536495002602,0.0006302922053135927,-0.0054199575697161766,48,0.06761166924205608,-0.0012218570792851338,-0.004299652491832416
2323,388,0.000837327888833817,-0.0006968924841027312,-0.005619065191830835,48,0.05057346100073534,0.000836916717912483,-0.0029932782510867333
2324,483,0.0008986131968248589,-0.0008200646213894248,-0.0062095825984715,48,0.08863368029018093,-0.0018315741093459306,-0.006335032013378254
2325,406,0.0009597273673568859,0.0005492472766022594,0.0031886614012217873,48,0.05342212913044864,0.001074612973466586,-0.0028554300339893764
2326,445,0.0009796674102161805,-0.0003378209506181319,-0.006943006671267515,48,0.036811757166877235,0.003481581081671929,-0.0007262439552156302
2327,392,0.0008953011127386321,-5.92441826598308e-05,-0.0013451166832809322,48,0.0856753660655094,-0.0022897379957642055,-0.00478151108965753
2328,396,0.0008396571148181456,0.00027619735346589257,-0.0016095071952559846,48,0.0839534657299108,-4.633094438236465e-05,-0.005674719453432304
2329,416,0.001169563579927409,0.0008049791208123913,-0.003086499629374087,48,0.0743866829158445,-0.0008348250084189972,-0.0055079830403763075
2330,460,0.0010098724313175062,0.0006811598016330323,0.0010385275285638186,48,0.041076175649671254,0.00021342322174916495,-0.0028934606893480756
2331,421,0.0010572281232774424,0.0003852405691701878,-0.0013451166832809322,48,0.05360767670910094,-0.00019837626564690042,-0.0035586044979232893
2332,373,0.0009133071856485615,0.0009639170482874798,0.008438162973187141,48,0.042121230562360945,0.0018681732173759583,0.0003079987500278908
2333,442,0.0009141082111030971,-0.00022343574723939635,-0.0067326125297141465,48,0.008587056128663062,0.0030009856876814893,0.003110862173723139
2334,457,0.0008229320074582712,-0.0003415103074812173,-0.00778458323748181,48,0.04698682665301135,0.0006059928021250882,-0.0020798947343389843
2335,433,0.0009179667058219123,-0.001096117213885462,-0.004531381795874562,48,0.03983453248466795,0.0017687763306803127,0.00027137546850284147
2336,385,0.0008765914261083339,-0.0006659087071586231,-0.006025643483372506,48,0.05527859311237049,0.0004945132409871454,-0.0018504498737013202
2337,401,0.0007141477932344972,-0.00047376763170391134,-0.0038572259284819638,48,0.08245605410714685,-0.001611067692200702,-0.007179582018480082
2338,430,0.0007312042550358458,-0.0004837132535840359,-0.005891035963499866,48,0.030548255759352827,0.002383851583124076,8.29500732584254e-05
2339,442,0.0010032190649908743,-0.0008267609188018811,-0.0062095825984715,48,0.05524378250617967,-0.0009803330438618117,-0.005177201172360025
2340,430,0.000964580476362862,-0.0009957479282076999,-0.0062095825984715,48,0.038359918468744536,0.002096216627401006,0.000508627149144316
2341,373,0.0009597125248554444,0.0006857467396298306,0.004674615954809051,48,0.010404795379001186,0.0022868623239681238,0.00022894371582620268
2342,434,0.0009939867805553821,-0.0005790459328038587,-0.006171561485571034,48,0.0487970459057826,0.0016107958577956053,0.00217887125142977
2343,428,0.0008416142648359666,-0.0009828314090896961,-0.0062095825984715,48,0.07560163774049233,-0.0010664193209110207,-0.005404151040964873
2344,428,0.0010080256857058281,-0.00028139432895354574,-0.0057507732024638936,48,0.0805837712877221,-0.001069208435607441,-0.0060958271348785145
2345,423,0.0007755930876669559,-7.48358339062484e-05,-0.003212752089563911,48,-0.0010944637066976348,0.004387656495479408,0.002663141744130116
2346,426,0.0008734922056943561,0.0006321227642103076,0.0031886614012217873,48,0.06007768450244688,0.0002585999569286908,-0.0019822715493602143
2347,442,0.0007370358544342625,0.000946698200124026,0.008495641949748237,48,0.031492213307293015,0.0018039101152803882,0.00036880006470192336
2348,444,0.000746710161967811,-0.0005101633213691649,-0.00687287529074973,48,0.06086871622392953,0.00018832053129882315,-0.0036084356959051045
2349,418,0.0006959097348113365,-0.0005339522425128612,-0.005049459397285586,48,0.04178652847893971,6.956113894568405e-05,-0.0036883514002805547
2350,434,0.0008009806393424676,-0.0012180324812736641,-0.004531381795874562,48,0.034281208015190856,0.0037509025810665616,0.0005967790861938216
2351,360,0.0008839132174310654,0.0006055885121417533,0.0005137323313652992,48,0.07960020331384021,-0.0014931381498267133,-0.00678241133145119
2352,376,0.0005806198848585019,1.834550469475074e-05,-0.0016095071952559846,48,0.05506988287567682,0.0016077749743676293,-0.0026431468114627397
2353,382,0.0011482341803465059,0.00082994905775206,-0.002246121207473882,48,0.03596500545611003,0.002152008996563176,0.00033306786065900873
2354,445,0.0009185180733652749,-0.00042715239215818795,-0.006943006671267515,48,0.038203945725109434,0.0009151849978073379,-0.003426175163304304
2355,439,0.0008602967296005935,0.00012399938445664194,0.000756444418884044,48,0.08522010291678894,-0.0030024452541403557,-0.006538572914649252
2356,425,0.0009300193507354639,-0.0006654357128848647,-0.005540379060910525,48,0.11264012302316073,-0.003664115145127572,-0.010512340049100337
2357,382,0.0009164716681567984,-0.0006340199625369976,-0.006432221774914981,48,0.054551946168922116,-0.0006509815930549976,-0.0017567336599354673
2358,443,0.0008884172473582631,-0.0009749423176170051,-0.0062095825984715,48,0.02469669311380418,0.004133121999244725,0.002384116556764092
2359,488,0.0009399082045989469,-0.0007212929065420932,-0.0062095825984715,48,0.11210212305309519,-0.005776302537101001,-0.012169003927782519
2360,387,0.0007404676340126799,-0.0006435391307487749,-0.005754591289011388,48,0.08178403070042406,-0.0013228032599009489,-0.005191118222107431
2361,440,0.0009339770926425532,-0.0008728173359357945,-0.0062095825984715,48,0.07546719849945649,-0.0008805692473430465,-0.004399629307224484
2362,487,0.0007629809234824666,-0.0009835600713971465,-0.0062095825984715,48,0.03757952732096148,0.002303834646114354,0.0002749299471181549
2363,421,0.0008358057415971086,-0.0008245934046666528,-0.0062095825984715,48,0.054633697851826035,-0.000889155665863034,-0.004124508748883673
2364,411,0.0008779259131146263,-0.00044845178058729174,-0.00455853973366066,48,0.06078554103819678,-0.000826145212193697,-0.006174411569835541
2365,442,0.0009756725887018567,-0.00013048935673172501,-0.0067326125297141465,48,0.03552961383029718,0.000358312361732966,-0.003390563141912512
2366,437,0.0006999849708286682,-0.00011757983138219533,-0.006381955627124791,48,0.05532126132863424,-0.0003464904441646717,-0.0023692967353875737
2367,467,0.0010017889004430708,-0.0008203143971917924,-0.0062095825984715,48,0.05220327715880679,-0.0017765050137440262,-0.0060292648352082145
2368,402,0.0009721043550236941,-0.000298166160886109,-0.003927357308999749,48,0.03390253374385244,9.316343730932444e-05,-0.00039004449643699826
2369,440,0.0010340058045372053,-0.00024498097431465554,-0.006592349768678174,48,0.07668522743886441,-0.003199574422110031,-0.007739994367211501
2370,469,0.0008889311126185732,-0.0008047522861678903,-0.0062095825984715,48,0.042929204029697576,0.0005828089245789479,0.00014653534815219776
2371,460,0.0010090962421749035,-0.0005028991379626112,-0.007994977379035581,48,0.11705211802057569,-0.00401110498321154,-0.009734584308335875
2372,379,0.0009371996525132801,0.0009274359437692961,-0.0008495482197173106,48,0.07182873464139494,-0.0004997187494872758,-0.00492713048409686
2373,450,0.0010025397109401403,-9.946483482610458e-05,-0.007293663573856871,48,0.042141331178489505,-1.4108164330166317e-05,-0.0009419478820966685
2374,395,0.0010238886316670205,-0.0005012702712355981,-0.0046703825115661235,48,0.035844984848980466,0.002868227391927715,0.0019880446331697367
2375,389,0.0009900573446858358,0.0006365807446900868,0.008471008102650626,48,0.04207888875891752,0.0011810950347470959,-0.0006995407860777049
2376,455,0.0008518937737364242,-0.00011250217123376371,-0.007644320476446226,48,0.07705531561430234,-0.0016900605727941335,-0.006408843073601284
2377,353,0.0009734430396355102,0.0006241106913908358,-0.0007388556603532409,48,0.016183565166113523,0.00245664987268422,0.004302779228110988
2378,444,0.0007848726774854018,-0.0012634151396289407,-0.004531381795874562,48,-0.0035269268112544383,0.0023347670786818793,0.0032891065753651375
2379,471,0.0006476118407767583,-0.0004986453138959394,-0.00876642256473166,48,0.023140409022166852,0.001728630409374399,-0.0009360830797709267
2380,487,0.0009342327318028892,-0.0009557116839410025,-0.0062095825984715,48,0.04298704637369255,0.000543863256283277,-0.0019987434549653613
2381,465,0.0008887671333778031,-0.000806853290487592,-0.0062095825984715,48,0.07005002379773473,-0.0002663457800946515,-0.0029248479877509812
2382,397,0.001075832994191092,-0.00038068565092014284,-0.0043993303172049775,48,0.07985575642427967,-0.001949086996329506,-0.006265077870125521
2383,402,0.0010024116439503279,-0.000659959007498552,-0.003927357308999749,48,0.06696103667562359,-0.0005793422566096693,-0.0027396253704603333
2384,362,0.000616766299316944,-0.0008070022354685173,-0.009142743718528551,48,0.042798427879927825,-0.00033014141192945143,-0.002994635618140489
2385,362,0.000954574593543553,0.00021393281254114722,0.0031886614012217873,48,0.05184467230234702,-0.0008743738380942358,-0.004860013424900875
2386,365,0.000745169169661262,0.0001133582177947649,-0.006329524831940367,48,0.048608508214016855,0.0008524319283466399,-0.002010452598866501
2387,435,0.0009214546900564997,0.001409652460585449,0.008360155790711352,48,0.06414996503299564,-0.0003642422341271767,-0.0035004103322068512
2388,388,0.0010655064446494548,0.0005113099886458437,-0.0007557255322955952,48,0.04143520258236588,0.00042893787740056616,-0.0013600150629602924
2389,432,0.000701125208388359,-0.0007342795154716628,-0.00603129872453545,48,0.04088626423571817,0.0001875917895812016,-0.002587708929740213
2390,400,0.0008838411068936422,-0.0004623070565441881,-0.00399275202566253,48,0.045912102059014526,0.0003116723996066939,-0.0030455432009816666
2391,413,0.0008457332276506236,-0.0010143412070427946,-0.0062095825984715,48,0.030150423128942117,0.003027380802806517,-0.0008268274116680734
2392,481,0.0008241655282718117,-0.0011959488212021155,-0.004531381795874562,48,0.04478172392241431,0.0005969706066831088,-0.0031574293488978653
2393,392,0.000981618444862803,-0.0007919232977857023,-0.006058544526237816,48,0.022432500784849707,0.0019269038091152876,-0.00225822357536188
2394,457,0.0007858375993213566,0.001129289636482217,0.008495641949748237,48,0.05946255861554084,-0.0014196665783497153,-0.005937643921821976
2395,442,0.001003219064990876,-0.0008267609188018846,-0.0062095825984715,48,0.08032424405654337,-0.0020319751341318307,-0.007469601515803621
2396,394,0.0008483064475425742,0.0005921652161755744,0.007658314802034674,48,0.03978249055258287,-5.190813708341041e-05,-0.0009049802672326454
2397,429,0.0008491184517754559,-0.00029295365550211644,-0.005820904582982081,48,0.05437136286500788,0.0005005272425174928,-0.0022325449877578403
2398,412,0.0007127776034458414,-0.0004594029789736047,-0.004628671114178445,48,0.06840526205087305,-0.002076488687431306,-0.006197365706997155
2399,449,0.0010175794295496704,-0.0005200923255881361,-0.007223532193339072,48,0.05314901045235365,0.0018384511722949063,0.0026183506427335263
2400,456,0.0010099831065855727,-0.0005032945349050001,-0.007714451856964025,48,0.0505851782423512,0.0013048685199667353,-0.0008624469958713465
2401,443,0.0010376236282987573,-0.000448041340111352,-0.0068027439102319315,48,0.05961778132189621,-0.001236222629147514,-0.005859199774952438
2402,448,0.0009729466716235603,-0.0006633717601223169,-0.007153400812821287,48,0.06474118510738414,-0.0005562633929564811,-0.006161097133432079
2403,398,0.0010042576710457187,0.0002155809924938648,-0.0012091033407459761,48,0.09311542768090753,-0.003960190425228468,-0.009314595528297196
2404,486,0.0008671310614860438,-0.0008400580776550363,-0.0062095825984715,48,0.06605218335139973,-0.0025179493260643285,-0.005391090619898946
2405,412,0.0009152038914362441,-0.00041528616525593476,-0.004628671114178445,48,0.076140266046275,-0.0015394163005698416,-0.005839985051379486
2406,427,0.001012898669846934,-0.0004945030940278969,-0.005680641821946095,48,0.0591337124098994,-0.000858761293187309,-0.0028714396764229107
2407,465,0.0010047131475888413,7.590999732533243e-05,-0.008345634281624534,48,0.03688878844652177,0.0013746141624749724,-0.00134083607076535
2408,393,0.0010584624345518498,0.0009327744406574254,0.008495641949748237,48,0.07257735372242846,-0.0007521064130295227,-0.005207136766118281
2409,458,0.0008677948240054007,0.0009255330585029083,0.008495641949748237,48,0.031174209737081737,-0.0012853817234070083,-0.004583004545264526
2410,372,0.0007082321223469729,0.0011401937703701464,0.0013209860567954465,48,0.06831380697829859,-0.001105410847351546,-0.006496236400616031
2411,451,0.001036317789145644,-6.547846916323333e-05,-0.007363794954374656,48,0.04854953185679656,-0.00037089585282447206,-0.004308369214731836
2412,443,0.0008385802137369728,-0.0005878058797288525,-0.0068027439102319315,48,-0.003935667850018865,0.002001964439326471,0.0004818128541239815
2413,427,0.000908634860894192,-0.0004044639020900076,-0.005680641821946095,48,0.08871724110446044,-0.0014566323931590533,-0.007243578777175437
2414,410,0.0006254021089210204,-0.0006264163896309918,-0.004488408353142875,48,0.09791929773959784,-0.001838773716286322,-0.006913970583470539
2415,425,0.0008078368223295761,-0.00012193613598739453,-0.005540379060910525,48,0.0891430212911748,-0.00309601474787379,-0.009280494129607506
2416,482,0.00047491424534792416,-0.0008423975151951972,-0.0062095825984715,48,0.035556739768084156,0.0015373368788285206,5.982086681900235e-05
2417,441,0.0009294267170525542,-0.0007135438046826058,-0.0062095825984715,48,0.058969159268318916,0.0002782383764750058,-0.004027451479839402
2418,410,0.0008951852444105306,-0.0004896986400210468,-0.004488408353142875,48,0.054100294077809474,0.0010161453157865406,-0.0030531329072423855
2419,425,0.0007845373790954929,-0.00038330145698684676,-0.005540379060910525,48,0.03264397272579811,-0.0001630593548822834,-0.002822134558445537
2420,411,0.0008654352829335511,-0.000949243397138845,-0.0062095825984715,48,0.05834272279340835,-4.390998999523679e-05,-0.0044672863338422325
2421,439,0.0008819033563732203,0.0015614231349964838,0.011708457940342018,48,0.049227946305968384,0.0018281045311800432,-0.002089080462850581
2422,452,0.000739216163952173,-0.00028780567208619087,-0.0074339263348924545,48,0.04932254235436351,0.0005351199059910831,-0.0046333083981294106
2423,466,0.0009319523004315978,-0.0007105672206875156,-0.0062095825984715,48,0.03755259905883346,0.0005248052366789886,-0.004099631095372574
2424,375,0.0009238427523451677,9.129360036031799e-05,-0.00016633438131026523,48,0.0180879731328748,0.002171461899173093,0.0016411203830690377
2425,431,0.0007790903286576758,0.0009174999638377835,-0.004143023285535466,48,0.05250040640578246,0.00016786224177740144,-0.0029858582655573375
2426,403,0.0010402132353589414,-0.000628772464870031,-0.003997488689517548,48,0.05396658577014335,0.0014443113750341307,-0.002987193899101525
2427,496,0.0008664950692109999,-0.001186108050964179,-0.004531381795874562,48,0.06525918811612419,-0.0018271324003197465,-0.00632773581162149
2428,353,0.001112814716193622,0.0002192316601826354,0.0008310967972804534,48,0.07200909515646903,-0.0004697262742680425,-0.0024850926888070612
2429,437,0.0009294145273566886,-0.0006620651137003025,-0.006381955627124791,48,0.05689727572887837,-0.0008728644711685479,-0.004158999882738795
2430,422,0.0008844652113706771,-0.00025781729159282327,-0.005329984919356753,48,0.06671010366093577,0.00045991371180611335,-0.004662590568724537
2431,486,0.0008671310614860447,-0.0008400580776550398,-0.0062095825984715,48,0.04059901129821797,0.0016518041301832112,0.0007013055164826476
2432,427,0.0011565095006614884,0.000594068509444063,0.0031886614012217873,48,0.019070940747147214,0.003987711009148681,0.0032791898882236024
2433,398,0.0010279917659508859,-0.0007444139764550065,-0.004263804220023662,48,0.031947397640767705,0.0017821819818901906,0.0012163423763852585
2434,399,0.001042433599142401,0.00033574705256635574,-0.0033867545944841863,48,0.024981635426281956,0.0012061346776504334,-0.001539792354288999
2435,407,0.0008592078338455146,0.0008249688144995422,-0.0013451166832809322,48,0.02611327510620387,0.001112452292589156,-0.001232704052652158
2436,444,0.0008955625023459157,-0.00028153610196412354,-0.00687287529074973,48,0.0479348223367293,-0.0021421547309298863,-0.006378786878605661
2437,469,0.0007581809532202499,-0.0011260501059191415,-0.004531381795874562,48,0.027564791680449008,0.0015329339178028513,9.965635624593211e-05
2438,420,0.0009685018890361664,0.0005881979897587528,-0.00295807453416147,48,0.07186226938304219,-0.0008542372526376789,-0.0044039392254566385
2439,418,0.0010412791329076606,-0.00043692604438578045,-0.005049459397285586,48,0.09335290498655713,-0.002709298681392724,-0.009116035064247113
2440,476,0.0009299277950579055,-0.0010821731556524827,-0.004531381795874562,48,0.030718830280917375,0.0012508769101353245,-0.002879826903091274
2441,450,0.0008442639595350274,-0.0008151357487133359,-0.0062095825984715,48,0.0551336644614876,-0.00017485436685077058,-0.004083647740376801
2442,425,0.0009005121103728662,-0.0007572695814025698,-0.0062095825984715,48,0.05469134150904953,0.0007675799522439252,-0.0032419851467321605
2443,462,0.000921047939825257,-0.0010751232569680969,-0.004531381795874562,48,0.027766331220694496,0.003078661148744567,-0.0010189971438252649
2444,431,0.001063996629583906,0.0004134655727906977,-0.004143023285535466,48,0.09495829779013099,-0.003723540239270266,-0.009039704332160534
2445,466,0.000600907940391365,-0.00097930766843023,-0.0062095825984715,48,0.046494872011943356,-0.0010034568860222276,-0.004826942112916996
2446,316,0.0010766009149333314,0.0007619466390626113,0.007699594867469392,48,0.09007149162236361,-0.0027690576406000558,-0.008335271685590616
2447,397,0.001100546355416821,0.0006317616816023533,-0.0011637655599007271,48,0.08999713158067435,-0.0013039441396880541,-0.0077088559767642464
2448,384,0.0010342523166785953,0.0005460504781845052,-0.009085991616184709,48,0.0313474048100717,0.0026943062574734137,0.004132555556250904
2449,403,0.0008587236068925328,0.0008335020788382136,-0.0013451166832809322,48,0.06656346120905676,-0.001192714856093095,-0.007027146091508785
2450,476,0.0009041576238654342,-0.0005083713482939289,-0.009117079467321015,48,0.0358007497156172,0.001259214242578327,-0.0005585994043533736
2451,431,0.0011542030895125045,0.0005873304245749677,0.0031886614012217873,48,0.05786489981710363,-0.0008941544888370814,-0.003580859525115658
2452,429,0.0008894662175660565,-0.00047285278954191726,-0.005820904582982081,48,0.05841123613768884,0.00030413025982009047,-0.004859404740374482
2453,434,0.0009142209209970073,-0.00022190953146186687,-0.006171561485571034,48,0.058828355371662755,-0.0003165007676981836,-0.004833063693791623
2454,445,0.0008204156324033646,-0.0006746464572979019,-0.006943006671267515,48,0.052599036606777116,0.0005846190050042884,-0.003509668447387076
2455,431,0.000767197842867278,0.00032550456684581584,0.0031886614012217873,48,0.036898717541667625,0.0010551614195648887,0.0003566023680739751
2456,452,0.0009237286211469659,-0.00024350917969524766,-0.0074339263348924545,48,0.07140529881393987,-0.0016650970718773504,-0.005542975589598247
2457,415,0.0009322948569063468,0.00046942680372274656,-0.0013451166832809322,48,0.06428378332931939,-0.0006686633162704004,-0.004480509865796723
2458,382,0.0011935462000432797,0.00044064328548557713,0.002507572272065028,48,0.060893917056371816,0.0008154409917195352,-0.003482721112407366
2459,496,0.0007966999420974223,-0.0009636684741788637,-0.004531381795874562,48,0.03785790350493734,6.976498883911122e-05,-0.0029764160182685143
2460,445,0.0009689514228677235,0.00046601315808119347,-0.0013451166832809322,48,0.0301737240076837,0.0004768299104397286,-0.002769384543675653
2461,386,0.0007003225942520336,-0.0006764427921363073,-0.005890117386191954,48,0.05083719473305792,3.8643106152494444e-05,-0.004207123031174459
2462,404,0.0007204900456114181,-0.0007041486417151688,-0.004067620070035735,48,0.025660782340719113,0.0017354650692184585,-0.0007208921896087513
2463,432,0.00104716703658263,-0.000461637326941447,-0.00603129872453545,48,0.06220962683176534,-0.0017004370965213733,-0.005697469958110584
2464,453,0.0008490584881473322,-0.0009706152016212034,-0.0062095825984715,48,0.059340214199940955,-0.0004079851920403485,-0.005822359840532695
2465,448,0.0010222453178802392,-0.0007446479961873559,-0.007153400812821287,48,0.04376933106708891,-0.00025281919613951744,-0.0036793962332655264
2466,449,0.0008212136277186899,-5.329048419413368e-05,-0.0054199575697161766,48,0.1127953631351688,-0.004235158896212652,-0.01039607200062017
2467,452,0.0009229386941434301,-0.0006972041814638265,-0.0062095825984715,48,0.07557501380013143,-0.001542725391368187,-0.004494259920421746
2468,507,0.0010016580993912842,-0.0011705817472750166,-0.004632073844030374,48,0.04179504637648479,-0.00010707903073622557,-0.004710671392353646
2469,467,0.000964529263415153,-0.000634536118473597,-0.008485897042660506,48,0.029718329021149126,0.0034589959894540338,0.005821888167659033
2470,434,0.0009249986984214151,-0.0004397842098885045,-0.006171561485571034,48,0.0637427528674559,-0.0005933402038869884,-0.00426143091504318
2471,442,0.0009756725887018576,-0.00013048935673172848,-0.0067326125297141465,48,0.07224680294533659,-0.0017027509515254585,-0.006196264768343264
2472,423,0.0009199142439112323,-0.000702157597126371,-0.0062095825984715,48,0.03256662734178062,0.0015258501511686822,0.0025103562470094078
2473,449,0.0007334742400858193,0.0006262220648855154,-0.0026034557677069407,48,0.01991030870760857,0.003174160497170493,0.005603656808474845
2474,440,0.0008954494914639836,-0.00028092577858711623,-0.006592349768678174,48,0.08001468835677272,-0.002214205815251488,-0.006663404632525138
2475,499,0.0008013384461328654,-0.0010882438566823423,-0.004531381795874562,48,0.02465579486003322,0.0013003834606460998,0.0009886666652601898
2476,428,0.0006191420074383182,0.0008718775908188167,-0.0038632326253097496,48,0.08827311443777008,-0.0034630297955659563,-0.00687705783055859
2477,428,0.0007900306062045889,-0.0005922064475634078,-0.0057507732024638936,48,0.07643552430967371,-0.0020152801027775377,-0.005193755163917671
2478,458,0.0010008882522225563,-0.00010204669379663966,-0.007854714617999595,48,0.04032361389731165,0.0014771440127040493,0.001244798753838509
2479,418,0.0011465725138494016,0.0009060574622989682,0.008325257840656394,48,0.06475711667645345,-0.0005950391980612726,-0.004237556576897384
2480,427,0.001012898669846933,-0.0004945030940278969,-0.005680641821946095,48,0.05621221324014081,-0.0001484743850739146,-0.002663577487507488
2481,428,0.001037326099617287,0.00022197236972371429,-0.003637214681900515,48,0.08042533152246678,-0.001757131419736187,-0.006618145722939884
2482,465,0.0007568922414255101,-0.0011297534793661482,-0.004531381795874562,48,0.007800872384181368,0.004256772684557286,0.008172455387811117
2483,375,0.001086394192674387,-0.0005933346735250596,-0.007380904455179679,48,0.06219244935698143,-0.0001147580673346825,-0.0033432739426036053
2484,395,0.0008317325720860226,-0.0010035855894653563,-0.006108890550315688,48,0.07575099550282627,-0.000541943730558575,-0.004797196404354373
2485,442,0.0008145321178142997,-0.0008567858898742911,-0.0062095825984715,48,0.056853870595455436,8.477208710431366e-05,-0.0037907257310996756
2486,425,0.0009002978539778776,-0.000722973123170996,-0.005540379060910525,48,0.07030794161995835,-0.0014934199512950108,-0.0038991035816025935
2487,463,0.0009761054864403118,0.0005041479570317602,-0.01067147202412903,48,0.0780156007048527,-0.002531477896070668,-0.005133856054175
2488,454,0.001077958651473197,-0.00044084220984271297,-0.007574189095928427,48,0.048681283629062544,0.001340217374758812,-0.0015843398781874816
2489,396,0.0009380864855905117,0.0007721797025606412,0.007838899113053598,48,0.045829876294917526,0.00022572029737637916,-0.004549415447701724
2490,500,0.0006899426168749841,-0.0014458978435063566,-0.004643032870689789,48,0.05293118521579565,0.00033959320919476135,-0.002490724852491355
2491,425,0.0010040712473932132,-7.485710553817651e-05,-0.005540379060910525,48,0.04219719013502199,0.001814980643159483,-0.00019923150258430514
2492,412,0.0007127776034458414,-0.0004594029789736012,-0.004628671114178445,48,0.060036543087464866,-0.0014854347189147271,-0.00480153888521025
2493,429,0.0008894662175660565,-0.0004728527895419138,-0.005820904582982081,48,0.056663304355379474,0.00021248504119957337,-0.0029789697063308876
2494,471,0.0008606729345572595,-0.0009826357380315828,-0.0062095825984715,48,0.004527518951104814,0.0018350000838026,-0.0007099059090734314
2495,389,0.0009346080061124217,5.347687231736526e-05,-0.008815658308411897,48,0.045324952824385645,0.0004675373409307425,-0.0030575649148124155
2496,467,0.000644599930565445,-0.0011161702061130013,-0.004531381795874562,48,0.061963278750525985,9.543271810394383e-05,-0.0021426210516421705
2497,469,0.0009258377043545405,-0.0009418355325674678,-0.0062095825984715,48,0.02847990263387945,0.0012167950881430863,-0.001769063711989878
2498,431,0.0008585829876895492,-0.000724648223001001,-0.005961167344017665,48,0.04435857535273424,0.000929902219860718,-0.00209216286710214
2499,369,0.0009731962367038249,-0.0002790890182981995,-0.008194061038263839,48,0.05322620343959383,-0.0004621664444325029,-0.0012601654090093565
2500,428,0.000842467149495684,8.812088609071438e-05,-0.0013451166832809322,48,0.04114408439130468,0.0024565482325070477,-0.0012948764092312985
2501,457,0.0008124799243098592,-0.000430394202466728,-0.00778458323748181,48,0.051001855522973094,-0.00014290992425235703,-0.001644738531748527
2502,361,0.0011432664280697797,0.0002494050419533638,0.0031886614012217873,48,0.05565850240153014,-0.00040405764278917365,-0.004277590439109948
2503,417,0.0010056960949145757,0.0007441704564945936,-0.003215116427676766,48,0.10552434831685353,-0.00430301448251413,-0.011959200808042287
2504,437,0.0008673541247690864,-0.0007788936924658929,-0.0062095825984715,48,0.05449245969907135,0.00024405127657270952,-0.004315161898054105
2505,434,0.0009650914414906283,-0.0006936239797402897,-0.0062095825984715,48,0.02433056596468741,0.003105613130291583,0.0035157224042175646
2506,436,0.0012262365845942948,0.00037200585786083956,-0.0035209467576617325,48,0.04956765996868984,-0.00016160128906266696,-0.0035193854954573174
2507,406,0.0010567396762691979,-0.0006819357205429359,-0.004207882831071319,48,0.08190258953682517,-0.002096297177122607,-0.007221831136240323
2508,394,0.0009731749800933698,0.0001762643874261005,-0.004741392531247564,48,0.0724042814537954,-0.0018375766193078433,-0.006789210425037787
2509,394,0.0010043084864071166,-0.00099669625425804,-0.006092108542289726,48,0.04663459427355876,0.0004750136752218071,-0.0018020735440206458
2510,455,0.00108451458951804,0.0012301828943208958,0.008495641949748237,48,0.07416966537073966,-0.0008931881589410301,-0.0063438293371007315
2511,384,0.0010342523166785953,0.0005460504781845043,-0.009085991616184709,48,0.025155096209422467,0.00184005772020732,-0.003052728209538544
2512,439,0.0006982624946018923,-0.0010071714446629708,-0.0062095825984715,48,0.05793467442435274,-0.00013188651464747167,-0.005012933090381973
2513,458,0.000856585983384393,-0.00030988013298653,-0.007854714617999595,48,0.08468457489331416,-0.002022852485822008,-0.007728969148935835
2514,421,0.0008066689209614386,0.0005407402625330349,-0.003042967052628791,48,0.06404493164221903,-0.00023255821517098943,-0.0034234334190572265
2515,430,0.0007312042550358458,-0.0004837132535840359,-0.005891035963499866,48,0.05172334414546942,-0.0004067064377093893,-0.0022958045289119267
2516,421,0.0007021258491475488,-0.000765955715683244,-0.0052598535388389545,48,0.01704723208944159,0.002366424084028689,-0.0019873764653261863
2517,378,0.0008967254373569073,0.0006853563803891644,-0.0024759652250596204,48,0.0504645720825001,-0.0008558533753481173,-0.0027622702070252136
2518,401,0.0006043906031256499,-0.0010996082938405233,-0.0062095825984715,48,0.08551957148112366,-0.0016764699087468207,-0.005634211638887655
2519,446,0.001013875449613952,-0.0003044035499191397,-0.0070131380517853,48,0.0054402875886490065,0.006675338643011104,0.01000110310567326
2520,446,0.0010419933356097008,0.0002121976819501846,-0.0024095081537714863,48,0.03557635497106981,0.0010592673849982616,-0.001158606865717067
2521,405,0.0009765201581716171,-0.0005176888988838724,-0.00413775145055352,48,0.04679452998436717,0.0018714188885487742,0.00032457225379118465
2522,389,0.000675695898644621,-0.0005257870156860703,-0.0054835390946502555,48,0.02080229401325351,0.0020704375465457423,-1.9412889852504084e-05
2523,446,0.0010031834891429574,0.0005885938305596854,-0.005165280014313732,48,0.050475878632715965,0.0014053887571375406,-0.001440401714462261
2524,469,0.0009098675561908048,0.00024350237067535547,-0.0013451166832809322,48,0.06302189231997202,6.675421018900382e-05,-0.003035660882002047
2525,434,0.00071022718906966,-0.000788143456728365,-0.0062095825984715,48,0.05056506651821302,-0.0012303427418005504,-0.005272862651988348
2526,417,0.0007001510975867724,-0.0007675925692807277,-0.004979328016767801,48,0.060517284387106574,0.000345097494531316,-0.0027419232558754322
2527,455,0.00056136879377045,-0.0008649715226384386,-0.0062095825984715,48,0.007549219838773991,0.0025021614212343583,0.0016662010410502803
2528,362,0.0010297443584569594,0.0005101349730089379,0.0004230567696750648,48,0.04195905095129626,0.003059188524539194,0.0019316623425814847
2529,419,0.0011311073295122043,0.0006385064027661742,-0.0028731820156941493,48,0.10225379638780208,-0.003347069737533785,-0.009076183837660373
2530,417,0.0009001502118602652,-0.0007257527252516778,-0.004979328016767801,48,0.05372031703224156,0.0006743955404247236,-0.0017133633891070373
2531,472,0.0008307810828690207,-0.00016560547939631007,-0.008836553945249459,48,0.07658060755821139,-0.0009416076434636128,-0.00654670713527691
2532,428,0.0005786999711668997,0.001108586153882058,0.008495641949748237,48,0.07154235880680537,-0.000562305030667851,-0.004646245347845024
2533,474,0.0008293871751010084,-0.0006771230936347301,-0.008976816706285431,48,0.04188255756623471,0.0026118663930853585,0.000833916498275588
2534,400,0.0008405681280832245,-0.0002746125818087475,-0.00399275202566253,48,0.08065296977594227,-0.0018131892408731753,-0.007570412525386878
2535,439,0.0008596726392441304,-0.0010261444345224212,-0.004531381795874562,48,0.03830232254567456,0.0011206999829302573,-0.0021549561810229496
2536,427,0.0008184195512369839,0.0006287443261018136,-0.00043915982925643235,48,0.058974779570817426,-7.471594512781059e-05,-0.0034501745820047676
2537,454,0.0007478813289747768,-0.001252881714738835,-0.004531381795874562,48,0.12468826801399469,-0.004610796491527614,-0.01063510794039231
2538,455,0.0010145429615753977,-0.0010068777303541554,-0.0062095825984715,48,0.05288064058339925,0.0008249954944893351,-0.0023960588645432664
2539,452,0.000864650210285282,-0.0010163988014911252,-0.0062095825984715,48,0.02552759327653442,0.0032545147646132113,0.0047300454718928655
2540,432,0.0007011067185069709,-0.0010331935949457263,-0.0062095825984715,48,0.007506292953979865,0.00203344871972244,0.0009716000333913136
2541,444,0.0008840182199683008,-0.0004584871165369958,-0.00687287529074973,48,0.05470008780830138,-0.0009995790170321817,-0.0032168457770270983
2542,444,0.0005978578215897045,-0.0007462623253774794,-0.00687287529074973,48,0.07330944341076306,-0.002112001046191537,-0.007942001835727013
2543,440,0.0010733448761830406,-0.00041654094014468776,-0.006592349768678174,48,0.08083645012927498,-0.002299368092819434,-0.008582600760651569
2544,427,0.0009723619215467752,-0.0003149118573945904,-0.005680641821946095,48,0.07029213555155533,-0.0002339692163747572,-0.0032149927630170366
2545,371,0.0011021549769808176,0.0006075432492449479,0.004780755565779782,48,0.04071214733549389,0.0014709448271816826,-0.0023239684303007248
2546,410,0.001001440188947553,0.0001981625134264151,-0.0021091493494877836,48,0.07011210961367653,-0.0014959732312359066,-0.00559762785929999
2547,435,0.0007802756470089468,0.0009088334001591614,-0.004516077499169581,48,0.050108381922246426,0.0015113485681437673,-0.0012721872947476925
2548,452,0.0009237286211469659,-0.0002435091796952442,-0.0074339263348924545,48,0.052661053561784965,0.0010242421766160897,-0.002514033911015328
2549,405,0.0007714767417606328,0.0006171958498961119,-9.121872044580426e-05,48,0.0885823629675665,-0.0023681254868714065,-0.008167670576586895
2550,488,0.0006690457491568208,-0.0010439192262542765,-0.0062095825984715,48,0.04706441876176115,0.00012438678904465837,-0.004020394290724386
2551,344,0.0007166528387809708,0.000654171411747357,0.00621364031388183,48,0.057272569535979256,-0.000682249169208303,-0.004769496296352361
2552,442,0.0010040449352043562,0.0005957715080743605,-0.004825709940444456,48,0.06353205194716838,-0.000388360919234056,-0.0010534497014863392
2553,379,0.0009819282660187409,-0.0007468277118787697,-0.006838800066456666,48,0.05400660251959777,-0.00016767763789516006,-0.003951016627748178
2554,432,0.0006618841331138925,0.0005583971930205574,-0.0005182373539861472,48,0.05320037590750426,0.001296972277500634,-0.002322273892855036
2555,470,0.0006035214362123589,-0.0009764888160735397,-0.0062095825984715,48,0.05759000067894671,0.0004680224084438814,-0.0033095792093728368
2556,443,0.0010766962953962008,-0.0006281899627191626,-0.0068027439102319315,48,0.026639780765025267,0.0011502017533115312,-0.000548991363839308
2557,432,0.0008030063038366175,0.00041347516714700973,0.0031886614012217873,48,0.07500628397307274,-0.0007208383747812856,-0.0027139581249257198
2558,439,0.0006982624946018914,-0.0010071714446629743,-0.0062095825984715,48,0.06227776926007722,-0.0003189061656221938,-0.004521698758019971
2559,478,0.0008302354702158605,-0.0007108801649255113,-0.0062095825984715,48,0.08966913455548475,-0.001162690019788781,-0.005486220019226627
2560,401,0.0008789817751712532,0.0007276736574465901,0.008495641949748237,48,0.0693171062491672,-0.0012423769241119414,-0.001288307446559514
2561,455,0.0008899359529104187,-0.0002771432147385955,-0.007644320476446226,48,0.07779698316635741,-0.0009142059896693928,-0.005873692340729906
2562,456,0.000827872177536344,0.00046626771005528825,-0.01067147202412903,48,0.03192644552733748,0.0017594723271110845,0.0006670415276940258
2563,452,0.0009733809232013667,0.0009723564458975409,-0.006101557907113378,48,0.041372820438073554,0.0005365530772778598,-0.004831039887989982
2564,452,0.0009237286211469659,-0.00024350917969524766,-0.0074339263348924545,48,0.0641741798966553,-0.000942117495336299,-0.00543776134509092
2565,433,0.001094102221223418,0.0010263740367259262,-0.004329550392352256,48,0.04188199491930289,0.002376899564072752,-0.0005001472447288095
2566,435,0.0010507606279164953,-0.0006829911942128689,-0.006241692866089221,48,0.055944653246039255,0.0004313579315788109,-0.002296834733068586
2567,415,0.0010259791562538794,0.0006309227652224678,0.007752664672954608,48,0.03682962598154882,-0.00012209954717191766,-0.0024174151506258755
2568,475,0.0009083195105315618,-0.0007254564964300093,-0.00904694808680323,48,0.07702378805067933,-0.0021642432057868283,-0.006850529984000472
2569,381,0.0009020129361178219,-4.587477589169681e-05,-0.0021566597653552982,48,0.04247810148205611,0.0006044771449053455,-0.0013681123958174252
2570,429,0.0008380028005631878,0.0005165515386253445,0.0031886614012217873,48,0.07157599142674809,-0.001311601313989292,-0.006759315565983606
2571,462,0.0007992314144545567,-0.0010509607047128437,-0.0062095825984715,48,0.037652965041273245,0.0005375836076789622,-0.0006765374166266287
2572,372,0.000872115933508848,0.000849898267999057,0.008436110152595655,48,0.0956036274607418,-0.002448412402806563,-0.007282413275994912
2573,426,0.0007701761652397845,-0.0006756366511937589,-0.00561051044142831,48,0.06332893197053957,-0.0009708745048435767,-0.004393952979312469
2574,419,0.0009847545257942684,-0.0005445503139640609,-0.0051195907778033845,48,0.06842029744504241,0.0001560701230175262,-0.003103681283865751
2575,429,0.0009298139833566581,-0.0006642872139962543,-0.005820904582982081,48,0.05738961202850967,0.0002429365770975564,-0.0029929364749638233
2576,423,0.0011289975079504665,0.0006307399165211957,-0.003212752089563911,48,0.04632899566017512,0.0014757382942009924,-0.0004306653687436487
2577,391,0.0007995800247798722,0.00013378571548329846,-0.004905682079595245,48,0.02510678552132206,0.003593651277573615,0.002953796181976026
2578,479,0.0006775693697042527,-0.0010739006219139882,-0.004531381795874562,48,0.06897568662332121,0.0007791232252559819,-0.0030886435408844747
2579,450,0.0010129342785005681,-0.0003049009301684391,-0.007293663573856871,48,0.043523122611599185,0.0003934225473259424,-0.0011073385335174865
2580,443,0.0007001562300850191,-0.0010040154287552783,-0.0062095825984715,48,0.03305907978490363,0.002236163145115367,0.00012455928575725098
2581,455,0.0010145429615754003,-0.0010068777303541554,-0.0062095825984715,48,0.030062390034059527,0.0017051002196528595,0.0013197544389772532
2582,418,0.00108268868200854,-0.000623925554514574,-0.005049459397285586,48,0.0707740777903354,0.00013312149623720664,-0.0023294499992465023
2583,458,0.0009425837943415954,-0.0008849381657613578,-0.0062095825984715,48,0.07467426658771747,7.631103836586509e-05,-0.004772550704334948
2584,413,0.0009228206143670932,0.0012424075900395442,0.008495641949748237,48,0.08004184379905366,-0.0021690515616877744,-0.006593232672533412
2585,405,0.0009765201581716171,-0.0005176888988838724,-0.00413775145055352,48,0.03448267051744902,0.0014565159676230705,-0.0014071429322727001
2586,429,0.000695061484111404,-0.0005158271217086015,-0.005820904582982081,48,0.028300749024485428,0.0014093926773481279,-0.00044849353715773616
2587,437,0.0011320078446483777,0.0007435068936323666,0.0019262965519003666,48,0.05147120878423139,0.00015423722565913872,-0.00027282016210053786
2588,376,0.0009772502645774561,-0.0005095585815130255,-0.007245378357999127,48,0.04622639218140345,0.0006542041705128662,-0.0006242146897460551
2589,476,0.0005331104529842003,-0.0010823324919733562,-0.004531381795874562,48,0.04146600077899942,-0.0004171096616016872,-0.00487888070570474
2590,389,0.0006756958986446219,-0.0005257870156860737,-0.0054835390946502555,48,0.046946554749208724,0.000531746849323193,-0.0042035290718289015
2591,323,0.0010790791865521532,0.00021243650243598158,0.0021912302226310687,48,0.04560109708882054,0.0006926041743037133,-0.004451791440488205
2592,391,0.0007995800247798722,0.00013378571548329846,-0.004905682079595245,48,0.06250409874510654,-0.000392994730775649,-0.006141004631705131
2593,497,0.0009070314070605684,-0.0011012052808933304,-0.004531381795874562,48,0.0504856876026325,-0.002272588167042856,-0.005284767495389735
2594,489,0.0009711894822615709,-0.0006990605937942686,-0.0062095825984715,48,0.004011670021271785,0.0021077696938317497,-0.000731159714732546
2595,493,0.0008966105182702765,-0.0013772967413140762,-0.004531381795874562,48,0.047409535939881065,0.00230614161830716,-0.0008787728865856069
2596,456,0.0005585857395994905,0.0009584929274479397,-0.0016095071952559846,48,0.03506128295771882,0.0022634374033084406,0.000609735525829963
2597,392,0.0006825265763080023,-0.0007688278472672803,-0.005076960803107794,48,0.053941731790633884,0.0006016386901223133,-0.0024911495963360827
2598,459,0.0009278039758079332,-0.000451415136808464,-0.007924845998517394,48,0.02957592652087726,0.002217943341817621,0.0006580853656485523
2599,450,0.0008660666359941727,-0.0005306604154803538,-0.007293663573856871,48,0.045308613243134954,0.0003667718004162629,-0.002673741441350401
2600,395,0.0009999742778132072,0.0006876549779049161,0.003507080234133389,48,0.04651879236568213,0.001530198139868445,0.0013855040685302692
2601,428,0.0007735589212885018,0.0013021593018852666,0.008495641949748237,48,0.03341045832379552,0.0009341182872635787,-0.0022937947995474647
2602,471,0.0010118918053264748,-0.00032099128828006265,-0.00876642256473166,48,0.06560184397254498,0.0002521343805055882,-0.001648803953756068
2603,421,0.0006496845049807289,-8.29551415489592e-06,-0.010001789228842362,48,0.024752808424849504,0.0009115867001235449,-0.0014828394235502397
2604,439,0.0009321944859728357,0.00022709960891837896,-0.006522218388160375,48,0.06365661780240939,-0.00016280067791338282,-0.0022818916892719046
2605,447,0.0007135007465984781,-0.0005416517066263241,-0.007083269432303099,48,0.016062699570065897,0.0024456734602367053,0.00021087681500599545
2606,457,0.0008608077000713289,-0.000513478970837318,-0.00778458323748181,48,0.024667519171475916,0.0026727424859522945,0.0007371533903087618
2607,464,0.0008183859321441575,-0.000696703043608856,-0.0062095825984715,48,-0.004287466920030347,0.001677026023769821,-0.001709338583385199
2608,451,0.0007808039945426549,-0.0012387037480475448,-0.004531381795874562,48,0.07579230371974532,-0.0016016562148625808,-0.005259677643168644
2609,404,0.0004720945625158327,0.0006800838138020428,-0.0016095071952559846,48,0.0015686405740938936,0.0028398115518896982,0.00299789931810337
2610,425,0.0009819671293101236,-0.0010464247305391784,-0.0062095825984715,48,0.014165954260684344,0.0009813281448826008,-0.003495141876020326
2611,462,0.0005974590709752862,-0.0014206839396035502,-0.004531381795874562,48,0.029571000206639497,0.0026056658936855458,0.0010080699344934656
2612,431,0.0010520856110121622,-0.0006842107679744178,-0.005961167344017665,48,0.016797026238451918,0.00047440608946973904,-0.0035775287219493197
2613,430,0.0009251568844592115,-0.00043991231202236,-0.005891035963499866,48,0.037262751963766494,0.0017898278201133946,-0.0009251003575062762
2614,489,0.0007266961698637331,-0.001198316713801599,-0.004531381795874562,48,0.1009164632010866,-0.0012081812908438221,-0.006743335390998091
2615,418,0.0010949701389569178,0.0005059684564870095,-0.0013451166832809322,48,0.021242097965372575,0.0023438941273336428,0.0019501284843566613
2616,392,0.0008953011127386312,-5.9244182659832535e-05,-0.0013451166832809322,48,0.07502493573782243,-0.0010874217187374496,-0.0073742881702201606
2617,413,0.0007503651951605537,-0.0004264894001153943,-0.004698802494696244,48,0.043807468823653606,0.002510623813555879,-0.0008287497859516789
2618,425,0.0008485643317982057,-0.00029248630074285575,-0.005540379060910525,48,0.055261183374381906,0.0004518602727779618,0.00017205581186465618
2619,471,0.0007879312444452908,-0.0002775942246300567,-0.00876642256473166,48,0.029930088350423545,0.001443411313839225,0.001998819111260477
2620,417,0.0007933860717575783,-0.0006138731435063431,-0.004979328016767801,48,0.04122902815781515,0.0021260860376504723,-0.00043127013801506214
2621,445,0.0008204156324033655,-0.0006746464572979019,-0.006943006671267515,48,0.04618938996272959,0.0007125761649914991,-0.0026394864030218138
2622,396,0.0010623243689870106,0.0004968936854577053,-0.0011184277790557418,48,0.05920402486426868,0.00041466750427875815,-0.003208986398684034
2623,431,0.0007790903286576758,0.0009174999638377843,-0.004143023285535466,48,0.023228422109782265,0.0041028639687037535,0.007609262166728099
2624,400,0.0010362530512741863,-0.00041393920626988864,-0.00399275202566253,48,0.07212976698786744,0.0001672611715858481,-0.0024592290320969885
2625,458,0.000856585983384393,-0.00030988013298653347,-0.007854714617999595,48,0.02531540327247661,0.0009181919831741155,-0.000517887192737293
2626,427,0.0008063969540369337,-0.0006439815998088259,-0.005680641821946095,48,0.030118961395886656,0.0026830326817646345,0.0009709140538647423
2627,406,0.0006467834834157633,4.331811190664593e-05,-0.0014400496511003356,48,0.06657463184352386,0.0001559103630137306,-0.0019425291854743981
2628,403,0.0008459850237550106,-0.0004959349994089236,-0.003997488689517548,48,0.06783100306036738,-0.0018365374404497592,-0.00610482009103374
2629,388,0.0008505383562968597,-0.0005140738766417179,-0.005619065191830835,48,0.09992692116711854,-0.0023061152630346454,-0.007425206311318003
2630,495,0.0006669605468585596,-0.0012261987629998555,-0.004531381795874562,48,0.03930604189456843,0.00021228810373802656,-0.0013838796076743286
2631,425,0.0010855262663304723,-0.0004287615769679627,-0.005540379060910525,48,0.040180643990518794,0.00197678640164327,-5.162437738422468e-05
2632,412,0.0009267781981597018,-0.0007191590235675754,-0.0062095825984715,48,0.023751461015312114,0.00033997353968495334,-0.004389405352789713
2633,402,0.0010151620453823212,-0.00048469412492094244,-0.003927357308999749,48,0.06908576076848383,-0.0007529605934324148,-0.004928054580087129
2634,391,0.0007995800247798711,0.00013378571548329846,-0.004905682079595245,48,0.03384469403370105,0.0007440666956094535,-0.0016788085430851883
2635,460,0.0007909402091953025,0.0007617718786813218,-0.0013451166832809322,48,0.09475647706634982,-0.002126264381953324,-0.008850882598347248
2636,430,0.0007312042550358475,-0.0004837132535840359,-0.005891035963499866,48,0.017381156082501237,0.0020997659876729694,-0.0012766397929938889
2637,399,0.000999052166751004,0.0006799277996273828,0.0032948010121922194,48,0.0595659223269146,-0.0002825503501462587,-0.002180617538328211
2638,443,0.0008218602856338523,-0.0001425859873784123,-0.0068027439102319315,48,0.07022805830462997,-0.0005424283875588697,-0.004414879310017449
2639,432,0.0008541123359991909,-0.0005047399935476961,-0.00603129872453545,48,0.057449673231922405,-0.00029669642122568535,-0.002916038472223475
2640,422,0.0008957652454229604,-0.0005969755017531074,-0.0062095825984715,48,0.08414554799098406,-0.0032209731621203417,-0.008596962922025872
2641,426,0.0010684278480569123,-0.0003937090277856582,-0.00561051044142831,48,0.04365141252076965,-0.00017207951629026434,-0.0002569292655664225
2642,405,0.0007714767417606328,0.0006171958498961119,-9.121872044580426e-05,48,0.05583485354322548,0.00011715233732185505,-0.002822359976306336
2643,447,0.0010364636289346384,-0.00044781999354756574,-0.007083269432303099,48,0.08942983051865105,-0.004030269644672024,-0.010040514000286119
2644,363,0.001071636117749425,0.0006507091726303841,0.00037771898883007943,48,0.0488563048700954,0.0007317729819191366,-0.002837139289418922
2645,482,0.000866791952458059,-0.0008421920751639812,-0.0062095825984715,48,0.03878608529794292,-0.0002234689779094766,-0.005544098324741842
2646,464,0.000855690224222101,-0.0008293050073048328,-0.0062095825984715,48,0.0486506230635555,0.0014192979253978485,0.000529393175539801
2647,384,0.0007924455769570756,0.0007074844559673129,-0.0023803133706514247,48,0.04869460367606693,-0.000856622522689485,-0.0017405638120347316
2648,424,0.0005634857638150397,-0.00028137566468399225,-0.005470247680392726,48,0.038375779630057893,0.0022419853830270547,0.001407584952790539
2649,421,0.0011906917236417969,0.00025560102390420093,0.0031886614012217873,48,0.0883049774968715,-0.0027660552813934,-0.007233416697749805
2650,410,0.0008527456090640967,0.00039163702346348746,0.002295644505789441,48,0.010618550167509122,0.0034851384493070105,0.0030978174418959323
2651,437,0.0010923987107257982,0.0010170347448810301,-0.004702604605986371,48,0.04171470326121107,0.0008249112681138742,-0.0028371728088618965
2652,434,0.0009758876235895983,-0.000525388804771057,-0.006171561485571034,48,0.06830661096403601,-0.0014717329521520273,-0.006000631425727803
2653,422,0.0008844652113706771,-0.00025781729159282674,-0.005329984919356753,48,0.05482828113949956,-0.0009534448883438268,-0.0052039989167324
2654,428,0.0006595840437097376,0.0005664383533100599,-0.0004549753342023566,48,0.040356039243278574,0.001544440034366894,0.001962244301158371
2655,498,0.0009725707907929561,-0.0011954505792775676,-0.004531381795874562,48,0.0753833410770608,-0.0011116248816401223,-0.005547550622425445
2656,378,0.0006760914938329751,0.0004467465832659525,-0.008526410295733793,48,0.03423789499539931,0.002255229996544106,0.0022939039677798926
2657,478,0.0008300449702830807,-0.0006761991760753268,-0.0092573422283566,48,0.004314465331913153,0.0025196391975096013,-7.56617345047516e-05
2658,412,0.000915203891436245,-0.00041528616525593476,-0.004628671114178445,48,0.06511584164642792,-0.0006063529810295051,-0.00691771620985019
2659,423,0.0011699175824756857,0.00024009732516129013,-0.002659816476241382,48,0.04672206093491338,0.0005846344170463667,-0.0016715803008316397
2660,429,0.0010435231852301092,-0.00024728109955070646,-0.005820904582982081,48,0.07092217203919104,-0.0012667919830836576,-0.007064527647648731
2661,454,0.0007105418036034766,-0.0008580923239475957,-0.0062095825984715,48,0.07698612551930417,-0.0016935464195276606,-0.006018908992352823
2662,479,0.000898534862774472,-0.0008221247312966071,-0.0062095825984715,48,0.01146039593926429,0.002603721273057434,-0.0004160779555721708
2663,475,0.0008984552094137661,-0.0008242165628560179,-0.0062095825984715,48,0.0824872269798691,-0.0029544390979864815,-0.006782555896697365
2664,448,0.0011090287648204767,-0.0005968229494359226,-0.007153400812821287,48,0.047840477322596775,0.0004315955372415827,-0.0002835462609228571
2665,375,0.0006689543235436956,0.000951262020983213,0.0012134805613065666,48,0.07887760675014976,-0.003327597589924779,-0.008962353549729005
2666,468,0.0008191518104964171,-0.000695036149038139,-0.0062095825984715,48,0.0755916616981569,-0.0016686158092622874,-0.0062020104729942765
2667,492,0.0008309763983883247,-0.0010767864221440104,-0.004531381795874562,48,0.10961058200588869,-0.003965464334178706,-0.009269633379210118
2668,430,0.000964580476362862,-0.0009957479282076999,-0.0062095825984715,48,0.07529232194789737,-0.00014965911408224182,-0.003821982706759451
2669,443,0.0009390782869261854,-0.0006958346224401162,-0.0068027439102319315,48,0.033726401290884445,0.0030352939388190708,0.0023405266162650866
2670,432,0.00085411233599919,-0.0005047399935476961,-0.00603129872453545,48,0.049730902144877076,0.0022960121883109467,0.002010944773897485
2671,414,0.0008001713226747651,0.0009721883528045977,0.007805734478439817,48,0.05053520873285866,-7.499078923300408e-05,-0.003566258064626777
2672,472,0.0010441472315474406,-0.0002884621537325195,-0.008836553945249459,48,0.001862539578076472,0.0017771150429396008,0.0031442029446328464
2673,398,0.000972748683221337,-0.0002977490745932482,-0.004263804220023662,48,0.05006755420346687,0.00028167529738062913,-0.0024819359658252507
2674,446,0.0010138754496139511,-0.0003044035499191397,-0.0070131380517853,48,-0.005560076238362965,0.0031056221649193028,0.0018201309289145456
2675,366,0.0010284137501608,0.0005025314660154342,0.00024170564629512337,48,0.018491795925835608,0.0028174722508857546,0.0016152043482490844
2676,428,0.001008025685705829,-0.00028139432895354227,-0.0057507732024638936,48,0.02282042817295038,0.0015448793665290336,-0.00042329035719114796
2677,398,0.0009292582522560915,-0.00012093775212563412,-0.004263804220023662,48,0.08096327972496953,-0.0017942993765102076,-0.007294290622881505
2678,447,0.0010364636289346392,-0.0004478199935475692,-0.007083269432303099,48,0.04938727801420606,-1.1673586170435346e-05,-0.002648688579103964
2679,418,0.0010412791329076614,-0.00043692604438578045,-0.005049459397285586,48,0.06738993067676091,-0.0004999423030261439,-0.004428735670478873
2680,430,0.0007825479896735946,-0.0009034621490888253,-0.0062095825984715,48,0.04078265171159179,0.0012764363639852158,-0.004022196765396384
2681,418,0.0011061604628856095,2.123300533260139e-05,0.003361194182450223,48,0.06007522724059711,-0.0007298931072958897,-0.00540040503380548
2682,409,0.0008978817324109857,-0.000383003187666469,-0.004418276972624688,48,0.05931862005443256,0.00048007223107207966,-0.0016938475770733492
2683,429,0.001095837498816565,0.0010358203985377113,-0.003956496178718676,48,0.0662705579112639,-7.665659875789703e-05,-0.0059668433207545855
2684,350,0.0009200812638528312,0.00018310811669974055,0.0009671101398154164,48,0.04928078063617192,0.0014271479837816362,0.0010369894521565937
2685,426,0.0007183503298073169,0.0001535920523923831,-0.0034674296449658804,48,0.08703491500489147,-0.0034523065724417976,-0.009209111651796574
2686,450,0.0010295964720951293,-0.0007854918956170173,-0.0062095825984715,48,0.0421071640716012,0.0008490655296802645,-0.002104536712558787
2687,430,0.0007312042550358467,-0.0004837132535840359,-0.005891035963499866,48,0.03728423281430182,0.0006683057048953028,-0.002199200327564415
2688,444,0.0008955804925007819,0.0006440886019073062,0.00621364031388183,48,0.04977169063458142,0.0024242305578878343,0.0013576804337604928
2689,433,0.0006578780761262266,0.0010206668488034597,-0.0016095071952559846,48,0.07469364249697785,1.3651610102121542e-05,-0.006245539401252557
2690,424,0.0011238047342464665,0.0010489989451843082,0.007275036423587053,48,0.007919270490968855,0.002772647002237503,0.0027324591246124224
2691,442,0.0009648838684075964,0.0008694823833257283,0.006319779924852262,48,0.08523354726074239,-0.0010753144042417815,-0.005790666680113448
2692,387,0.0007660548778743986,-0.00035192859660877415,-0.005754591289011388,48,0.07862753856547444,-0.0005128415695364631,-0.004296058334415832
2693,406,0.0009597273673568863,0.0005492472766022594,0.0031886614012217873,48,0.04398779265452213,0.0001179863549543407,-0.0025787568733792315
2694,372,0.0007082321223469729,0.0011401937703701464,0.0013209860567954465,48,0.023084420016921348,0.0034907949514509694,0.0023503397108240245
2695,387,0.0009683131964180287,-0.0004932933451325672,-0.005754591289011388,48,0.05621793952772114,-4.239297072749712e-06,-0.0032847869354434497
2696,404,0.0008722767405565032,0.0002839381521849288,-0.0035209467576617325,48,0.04201694915212384,0.0014764949784764909,0.0004375585253389297
2697,410,0.0008643958578417156,0.0003510051292959504,-0.002184488663957561,48,0.07990202138277946,-0.0010065818245184668,-0.007353242259339355
2698,468,0.0006779329234710332,-0.0008558981093318915,-0.0062095825984715,48,0.05795233570381597,-0.0007957792392380703,-0.004149970716040209
2699,471,0.001000992338225792,-0.0008181628691532918,-0.0062095825984715,48,0.044254337011006895,0.0006805237141740486,-0.002483744615663693
2700,414,0.0009892388813133764,0.0005347308700226917,0.007805734478439817,48,0.054835703329660146,5.389341674980584e-05,-0.00283862529405679
2701,431,0.0009324324148012454,0.0013498937686463545,0.008495641949748237,48,0.08716784544931033,-0.0013800499487096104,-0.0066006537211566775
2702,440,0.0009454375245438048,-0.0001245626025135867,-0.01067147202412903,48,0.05075950881719693,-5.134210216649858e-05,-0.00534363591351706
2703,406,0.001056739676269197,-0.0006819357205429359,-0.004207882831071319,48,0.06920056871680669,-0.0009814985496424244,-0.0048819588444703015
2704,427,0.0007538563149272629,-0.0006226473616386743,-0.005680641821946095,48,0.10568513367511256,-0.0036267292296621872,-0.009722061094182142
2705,474,0.0009680652175530794,-0.000838088730729443,-0.0062095825984715,48,0.050244823432136765,0.0006528300307250268,-0.0023038148085219486
2706,440,0.0007452439479915321,-0.0005105521622365515,-0.006592349768678174,48,0.0780062922954966,-0.0022071116020916104,-0.007133573185366549
2707,459,0.0009278039758079332,-0.0004514151368084675,-0.007924845998517394,48,0.07361486293746877,-0.0013333732741899872,-0.0074350150275251
2708,470,0.0008956800048510391,-9.761942494890957e-05,-0.008696291184213875,48,0.053091914201819246,-9.16836943078321e-06,-0.0033840515738896813
2709,378,0.0011037994301515762,0.00012202044663927984,-0.0003023477238452213,48,0.06572103652201244,-0.0001650741801898347,-0.0035054962739232767
2710,468,0.0007149183754457502,-0.0009917743395779395,-0.0062095825984715,48,0.030375264747856456,0.0030671551135486586,0.0038484630584598445
2711,439,0.0009993760843160556,-0.0002774842582875664,-0.006522218388160375,48,0.03995000295321516,0.0014057450442254444,-0.0020260252876435902
2712,398,0.0010033404985975835,-0.0009931426480363804,-0.006159236574393642,48,0.08679877141585113,-0.0028639121481240787,-0.007939715104169565
2713,429,0.0011361852646071654,0.0007624679233344612,0.002245162692022483,48,0.046367680951202694,-2.6710473104858343e-05,-0.0031512466544902987
2714,414,0.0006938606143809291,-0.0005345402301276496,-0.004768933875214029,48,0.06571804473688292,0.0006789643543763848,-0.0039401786658890756
2715,434,0.0009758876235895983,-0.0005253888047710535,-0.006171561485571034,48,0.06569838839640196,-0.0005293821578600671,-0.006207871137551271
2716,415,0.001079178688529133,-0.0004039163773566397,-0.004839065255731828,48,0.0780836932805078,-0.0006912690862378723,-0.005972241985174185
2717,450,0.0009911316020414238,-0.0006529382324679603,-0.0062095825984715,48,0.056165061302910546,0.0005661366711057266,-0.0006442401050165102
2718,364,0.0009317305620790786,0.0001638491294619418,-0.0063842880147228186,48,0.02430308429193595,0.002981781760818014,0.0005836186174269821
2719,363,0.001071636117749425,0.0006507091726303833,0.00037771898883007943,48,0.06690440131619402,-0.00010686574710418173,-0.0056652805528858916
2720,420,0.0007699313398646271,0.0004217314351408971,-0.0013451166832809322,48,0.009097064437326718,0.0034727902472132723,0.004052554042246342
2721,345,0.0009885188370975682,0.0003285366444552174,0.0009892518467397651,48,0.010130963242969915,0.0038360305563426445,0.0018611736841109214
2722,451,0.0009387288019313475,-0.0007294648094678356,-0.0062095825984715,48,0.07954617115318241,-0.000651587233511405,-0.004492985887701865
2723,414,0.000936256206580487,-0.0010508260977065732,-0.0062095825984715,48,0.09830746774972643,-0.004468333629553763,-0.008646092350446746
2724,452,0.0007497661957443502,-0.0006038830059617306,-0.0062095825984715,48,0.05534961778211778,0.0005057026647009473,-0.003186347011731379
2725,411,0.0011468310872820913,0.00027051151335655407,0.0012178737571249421,48,0.03996465778250058,0.0021582572878333746,-0.00019950138754190085
2726,431,0.0008073583800463214,-1.441338326614583e-06,-0.0013451166832809322,48,0.052055948460894896,0.0002962676480107989,-0.00266333818943844
2727,439,0.0006479713650022765,-0.0006294889344085203,-0.006522218388160375,48,0.029171287793282152,0.003302794003345093,0.0008300888600182056
2728,420,0.0009272895282643381,0.000872593886674375,0.0074873156455282225,48,0.09259706383847188,-0.002462831106112659,-0.008224902266185474
2729,446,0.0008268807620533105,-0.0003490679054563364,-0.0070131380517853,48,0.04179453516949283,0.0024369797150329735,0.0024700275097448657
2730,367,0.0008897696087536685,2.5499640622158627e-05,-0.006948022902129397,48,0.04143412724242179,0.0007878554401191899,-0.001310510407144954
2731,476,0.0008933726469653883,-0.0009583184302431567,-0.0062095825984715,48,0.06954934585851869,-0.001493680940405865,-0.005608223737135008
2732,453,0.0007136725888392172,-0.0014574316959925192,-0.004531381795874562,48,0.06409034715139827,0.001369620016553056,-0.003326982314758295
2733,410,0.000827944995863578,-0.0009725338122583381,-0.0062095825984715,48,0.03872955246109433,0.0006441345886046262,0.0004376740152832858
2734,488,0.0007592192032651957,-0.0008247853252724979,-0.0062095825984715,48,0.055881044013779024,0.0009385668612079522,-0.0017998430188780022
2735,461,0.0008886003085102918,-0.000808987488063892,-0.0062095825984715,48,0.033203217074247116,0.0008268016616283114,-0.0005085779611794673
2736,471,0.0008348225258104523,-0.00036366699971932676,-0.00876642256473166,48,0.06378232967290809,0.0001985349067953248,-0.0034445471946367816
2737,477,0.0009363008007160778,-0.00047725831535422834,-0.0091872108478388,48,0.03171805702886066,0.0006459359958987977,-0.0027163083172557397
2738,424,0.0009039678591081166,-0.00020275466402397066,-0.005470247680392726,48,0.06989868403144295,-0.0014719984213951744,-0.006469387227237305
2739,386,0.0009420373456161049,-0.0003396688834310657,-0.005890117386191954,48,0.03696736354745078,0.002399080955917789,0.0007191452113698045
2740,455,0.0007932048908584465,-0.0008941837087798853,-0.0062095825984715,48,0.023072189385772934,0.0033177206911976813,0.005825255746872272
2741,417,0.0009001502118602643,-0.0007257527252516743,-0.004979328016767801,48,0.05493846493018839,-0.00011689733388084433,-0.0031327674052246783
2742,414,0.0008419809640374878,0.0006956601692607381,-0.0032724596145489934,48,0.029432294346685484,0.002612658772513963,0.0027366320700208877
2743,387,0.001038391738874831,-0.00014859073646145832,-0.01067147202412903,48,0.05016421858108422,0.0016142297798761602,-0.0011195819956503136
2744,453,0.0006657415264553932,-0.0006579196634314173,-0.007504057715410253,48,0.027582985488397105,0.0017566245967923447,0.0014844293173450866
2745,418,0.000737319283912216,-0.0007360186093835555,-0.005049459397285586,48,0.031517819076399944,0.003849285777668826,0.0008264437369560201
2746,452,0.0007767032367172379,-0.0011038859693969817,-0.004531381795874562,48,0.06850029895850573,-0.0009390661210019139,-0.00332884207626195
2747,414,0.0008411185316568167,-0.0004805933401823559,-0.004768933875214029,48,0.0763021463277489,-0.0014959760247664333,-0.006510607564087393
2748,417,0.0007641881280651417,0.0008359798473171823,0.007646525061983878,48,0.03780039632468213,-0.00019067080808547222,-0.004293226042923967
2749,446,0.0009643736426762136,0.000861752070002263,0.006107500702911391,48,0.03567469529671041,0.0010885060115807497,-0.001448548295207859
2750,388,0.0009762838079269429,0.0010610395408541529,0.008468955282059154,48,0.044197077308102295,-0.0005580131575063686,-0.004171182693422891
2751,410,0.001055307978028021,-4.9826321985250305e-05,-0.0013451166832809322,48,0.04158896881349872,0.0007922879243780177,-0.0018081153164724237
2752,427,0.0006110816597698458,-0.0006857365361955421,-0.005680641821946095,48,0.07185292859723358,-0.0013819742556906052,-0.0059211033565712435
2753,458,0.0009047907997473429,-0.0007487697769896565,-0.0062095825984715,48,0.04014821035938998,0.002348119464117804,0.001019468318695614
2754,449,0.0008703846876167536,-0.0007542181694770826,-0.007223532193339072,48,0.03273325523115167,0.002834289779111175,0.0017948168488766195
2755,425,0.0010855262663304732,-0.0004287615769679627,-0.005540379060910525,48,0.05367464857206816,0.0003130265892665428,-0.003476647359576153
2756,416,0.0008093349635469212,-0.0010342344413674341,-0.0062095825984715,48,0.036158312446485597,-0.0006411234634894278,-0.003684451888267024
2757,402,0.0010582197357409465,-0.0006832850045249313,-0.003927357308999749,48,0.03421454637265631,0.0014377764730112604,0.0008122157746266317
2758,461,0.0006699454687183522,-0.0006559382287209571,-0.008065108759553366,48,0.046432589939286895,-4.938414050414085e-05,-0.002222780816900031
2759,387,0.0007404676340126782,-0.0006435391307487714,-0.005754591289011388,48,0.05558229548651494,0.0009448168668677072,-0.0007291951693334207
2760,403,0.0008341522337548526,0.00017120384257827796,-0.0015149017202155737,48,0.07949530050529452,-0.00098475759973074,-0.005986334819866728
2761,342,0.0011136109119342166,0.0007510416002015994,0.006319779924852262,48,-0.01206321340396499,0.0026401614963397924,0.0009919413297211042
2762,416,0.0007800668324898386,-0.0003673577082103502,-0.004909196636249613,48,0.020563896779184354,0.002935731053035049,0.000781398650737182
2763,385,0.001003295965338753,-0.00024055230996739355,-0.006025643483372506,48,0.06101254036862103,-0.0012169290262789116,-0.005181667962446276
2764,406,0.0012077786535051953,0.0003698214940606667,-0.0035209467576617325,48,0.05935941135762868,-6.502593812485018e-05,-0.0009682713779747207
2765,455,0.0008312470700324393,-0.0010354519010653922,-0.0062095825984715,48,0.04410887559667265,0.001783522825646127,0.0009113754900349318
2766,411,0.0010387299012603142,-0.000225249604025448,-0.00455853973366066,48,0.07799089051249797,-0.0015330688779883975,-0.006080563754038419
2767,423,0.0009199142439112306,-0.000702157597126371,-0.0062095825984715,48,0.05987925614751599,-0.0005610548039501981,-0.004155613811580491
2768,461,0.0008612171230586363,-0.0005130357187487326,-0.008065108759553366,48,0.031473813092884106,0.0011721918854501814,-0.0011546800327333316
2769,430,0.0007312042550358458,-0.0004837132535840359,-0.005891035963499866,48,0.04533634461489722,0.0009743729168962215,-0.003937061581494917
2770,443,0.0008493445802608187,-0.0008337698552836892,-0.0062095825984715,48,0.0413434600314635,5.116333010550013e-05,-0.0034266996828878973
2771,363,0.0009966734320782048,0.00031605203367639396,0.0031886614012217873,48,0.026746309434585225,0.0019363000302905255,-0.000724640138376087
2772,485,0.0007997526832503668,-0.0007298707749653598,-0.0062095825984715,48,0.05337515433674267,0.0011661075649995085,-0.0006996742152343381
2773,456,0.0007899134241938707,0.0007691918832291502,-0.0013451166832809322,48,0.029922849231555415,0.002974668679056193,0.002098870636610635
2774,443,0.0008609329527312966,-0.0003154803307340061,-0.0068027439102319315,48,0.035494282964462665,0.0027946087612848586,0.001523763760884228
2775,379,0.0010980565858964395,0.0005925886430505189,0.00435619712189745,48,0.021899425540487405,0.0027723869091583805,0.004517546147489544
2776,360,0.001115578858131193,0.0008278715524653235,-0.0007700074125193274,48,0.022170620788398376,0.0032913709881299937,0.0011709452329918529
2777,456,0.0009615493488597136,-0.00041953029102255457,-0.007714451856964025,48,0.06203922841786025,-0.0006601060564209102,-0.004659604614157844
2778,464,0.0008556902242221045,-0.0008293050073048293,-0.0062095825984715,48,0.08894206829578111,-0.002360360608431398,-0.008135870275666146
2779,459,0.0007942052290588805,-0.000891648894909277,-0.0062095825984715,48,0.05839102044369804,0.0004919329614056518,-0.0014567699525530574
2780,424,0.0009679310570580735,0.0005807885816336254,-0.003297644608031239,48,0.07059456744368497,0.00011123252386838547,-0.0029730619535223036
2781,422,0.0011342148919563813,0.00010431321720932949,-0.010010160263783437,48,0.07235013680053903,-0.001325252391787787,-0.005329965780160342
2782,390,0.0008166080579526634,-0.000791178098823557,-0.005348012997469703,48,0.02211313379318869,0.0029556667274476915,-0.0005966652840351527
2783,487,0.0009084984617303161,-0.0007433411632242794,-0.0062095825984715,48,0.030235492022793964,0.002118062399798574,0.0012854979660804657
2784,445,0.0009185180733652749,-0.00042715239215818795,-0.006943006671267515,48,0.061417266540456206,-0.0008004734591736534,-0.0041487771319265
2785,378,0.0008967254373569073,0.0006853563803891636,-0.0024759652250596204,48,0.06965305455236115,-0.0014725270725626186,-0.007636094634396434
2786,441,0.0007803714061176787,-0.00047774785550059803,-0.006662481149195959,48,0.048207884497856957,0.0024640599123875832,4.454860424846219e-05
2787,494,0.0009030159837431634,-0.000976714446561059,-0.004531381795874562,48,-0.0006498045863259083,0.0024847963456477258,0.002110144021539178
2788,457,0.000850355616922917,-0.0006164709042000005,-0.00778458323748181,48,0.0626901175638438,-0.0007885228027188877,-0.005017068631592774
2789,457,0.0010433014214105982,-0.00047229678537191386,-0.00778458323748181,48,0.05103451536320869,-0.0003342365241107235,-0.0032946642922935046
2790,413,0.001005777844494786,-0.00046983908054552825,-0.004698802494696244,48,0.03003770279267237,0.00030053448857704154,-0.002626441671084192
2791,466,0.00042270497119297704,-0.0006792794641034341,-0.008415765662142319,48,0.05040829451228945,0.001468605741737605,-0.001323962681072776
2792,460,0.0007533115319688518,0.0009971135041671238,0.008495641949748237,48,0.015374704553845375,0.00519684134305194,0.003867850514500018
2793,456,0.0009728073510623942,0.000963664101357127,-0.006474612120747493,48,0.01992594860509944,0.0023036630628132746,-0.000493674738887423
2794,416,0.0009805467138649503,-0.0003211886796066904,-0.004909196636249613,48,0.09136918496550117,-0.0027025166418802107,-0.007412750214534733
2795,451,0.0009281553776074817,-0.00045170762623861216,-0.007363794954374656,48,0.1037236330317235,-0.0026699399209160132,-0.008928824594297058
2796,410,0.001204853922245227,0.0003627903253330539,-0.0035209467576617325,48,0.06671692284652253,-0.0006107729640240332,-0.0028864537929280537
2797,443,0.0006726719354580545,-0.0003599949311712154,-0.0068027439102319315,48,0.04459533131528948,0.003223154293737226,0.0002221038296187118
2798,431,0.00098367555522582,0.0009809544883910542,0.008495641949748237,48,0.09028813110012002,-0.002387412834067083,-0.007846709709346714
2799,355,0.0009499135626066294,0.000658503450301294,0.008401212202540712,48,0.03912908268149273,0.0021343639486387875,-0.0012259076831633887
2800,424,0.0005522390318101742,0.0005581581472448686,0.0031886614012217873,48,0.07762214865317962,-0.0020249260031556422,-0.00798488479482401
2801,362,0.0007861636052777592,0.0002749838546524993,-0.0016095071952559846,48,0.0874506796147172,-0.0023367456647608352,-0.005754139598699224
2802,411,0.0009200407343413096,-0.0006364735506008239,-0.00455853973366066,48,0.0364424541990388,0.0007382103861965795,-0.001506102092698535
2803,454,0.0006724158310832855,-0.0007206461306230733,-0.0062095825984715,48,0.044176737229104535,0.0017568845536744763,-0.002725387197794034
2804,451,0.0007440254803869747,0.0007649710993481475,-0.0011170698821664979,48,0.04060829058640092,0.0009759792683055636,-0.0014746728012983955
2805,451,0.0009167725638504461,-0.0009291821120940187,-0.0062095825984715,48,0.0760320523461363,-0.0028843117878213035,-0.005376856681896341
2806,391,0.001011965149195342,-0.0006850113767492595,-0.005212486900289137,48,0.07069834261030672,-0.0035348493771796604,-0.00883524151934379
2807,419,0.0009725023801989904,-0.0010241160342038154,-0.0062095825984715,48,0.029574504321288053,0.0029663095708158446,0.0024257983682743883
2808,438,0.0007741598852792683,-0.0007227070185081702,-0.0062095825984715,48,0.028165120803295474,0.002672746536154569,0.0021140426240791113
2809,458,0.0009313923939580533,-0.0010017252562394587,-0.0062095825984715,48,0.0648267346051471,0.0005275742370739935,-0.0018032904975773013
2810,480,0.0007559957804019798,-0.0011018836906711259,-0.004531381795874562,48,0.08955792777585092,-0.0013962392724153928,-0.007003337361893708
2811,389,0.0011045063072123665,0.0006481349359022601,-0.0008010633131405875,48,0.08344638141574168,-0.0024813431265082453,-0.008054536485627477
2812,488,0.0009399082045989477,-0.0007212929065420932,-0.0062095825984715,48,0.07038388906185411,-0.0017610495844243932,-0.0060351843447611735
2813,328,0.001108943444003684,0.0007092691073185692,0.008345786046571067,48,0.0418598028483137,0.0009403100834596452,-0.003398060486283952
2814,418,0.00108268868200854,-0.000623925554514574,-0.005049459397285586,48,0.04699950405460129,0.0018923527875220735,-0.00013143588715291976
2815,414,0.0006405325808199859,0.0005095698247555049,-0.0024487194233570597,48,0.03750269212408408,0.0024394977091470905,0.0019472000199991374
2816,370,0.0008229373265605153,0.00028614146084546613,-0.0014409682284078212,48,0.05866197220245306,0.0007289093465177084,-0.003317384342628127
2817,449,0.0010061459128360359,-0.0009849059291937474,-0.0062095825984715,48,0.07589954902005214,-8.585305133955445e-05,-0.00436936735783942
2818,406,0.001026750655284602,0.0008777788483637951,-0.0013451166832809322,48,0.06487500239763955,-0.0008603289780580187,-0.004819660272200462
2819,451,0.0008297570009600172,-0.0014702843478871623,-0.004531381795874562,48,0.02293100028294659,0.0026049474724103554,0.001328306199801902
2820,422,0.0009365854354349444,-4.160752820546454e-05,-0.0031278595710961116,48,0.04306171876887632,0.0018883956475933602,-0.0004693881337178435
2821,431,0.0008585644549082014,-0.0010265654804256022,-0.0062095825984715,48,0.06485160251835087,-0.001017382544342112,-0.004135700666893293
2822,424,0.0009039678591081157,-0.00020275466402397066,-0.005470247680392726,48,0.0337126969567888,-0.00043088498472928366,-0.003409052340863899
2823,468,0.0009033120613904291,-0.0011210455349255875,-0.004531381795874562,48,0.056886502697953256,-0.0003248927616575775,-0.0036779537057593965
2824,439,0.0008874255552999543,-0.0012420755627506712,-0.004531381795874562,48,0.05132550281330539,0.0005314444871274606,-0.0012813156992935518
2825,453,0.0006762682689941662,-0.0008808767891496164,-0.0062095825984715,48,0.015087261419931441,0.0010703178969663687,-0.00079816418174335
2826,439,0.0010388047666034534,-0.0004482739799532738,-0.006522218388160375,48,0.04178240431023039,0.0012315607768262835,-0.00020937880194723223
2827,396,0.0011060344485934936,8.42698317013264e-05,-0.009409905937683621,48,0.04332578999847081,0.0011042614715851464,-0.0006883786890272033
2828,453,0.0008603734139214191,-0.000851168643853796,-0.0062095825984715,48,0.04422019309901537,0.002872710651547296,0.001837334492375671
2829,456,0.0009235905955172416,-0.00024423502873304956,-0.007714451856964025,48,0.08911457728114769,-0.0021696612240546826,-0.004807625744788163
2830,412,0.0009812511120640436,-0.00032080659454907304,-0.004628671114178445,48,0.04286192924487908,0.0007042292873891756,-0.005936830013300365
2831,329,0.0009540409224527411,0.0003223494412259373,0.0031886614012217873,48,0.07675870513397942,-0.0012291034508914306,-0.005800266322472086
2832,463,0.0008113826394233505,-0.0011928063474334893,-0.004531381795874562,48,0.11194687318654051,-0.003616030654507328,-0.011050868010670276
2833,380,0.00099625279314766,-0.0009835612008588374,-0.005857160429926178,48,0.07059186083653057,-0.0017313188546392716,-0.005581133551151448
2834,439,0.0008093815096445146,-0.0006991976311801901,-0.0062095825984715,48,0.04890568731466227,-0.0005672670229365483,-0.0034196458551616106
2835,404,0.0011032220228003942,0.0012474934118813777,-0.0006246325690770077,48,0.07833469515490787,-0.0016599076373951284,-0.00354448350948733
2836,392,0.0009074659453153248,-0.0006044376430903685,-0.005076960803107794,48,0.027800034819778885,0.0030813308345083654,0.0001250339819891845
2837,436,0.0010630874351345923,-0.0009081863446263917,-0.0062095825984715,48,0.10919483107012873,-0.003213417257670782,-0.009768468433403392
2838,406,0.0009355618392617743,-0.00035066692568429605,-0.004207882831071319,48,0.06345628716072393,0.0007856590618905198,-0.004425472961325668
2839,487,0.0007979608328411523,-0.001482950179133781,-0.006094496843288985,48,0.10139242679491856,-0.0034624276228836116,-0.010356753214599626
2840,399,0.0008019819505054341,-0.000309683081297564,-0.004128278122843082,48,0.05548427059605354,0.0004158392003774346,-0.0033817454870362293
2841,459,0.0008319158859742782,-0.0010323266102052753,-0.0062095825984715,48,0.04438682213915168,0.0019520472967403755,0.0007474314311072434
2842,407,0.0008592078338455146,0.0008249688144995422,-0.0013451166832809322,48,0.05830956959538536,-0.0011886264276325838,-0.004765170649900622
2843,338,0.0011298831730362769,0.0003903151219936292,0.0023416851979653954,48,0.08565649932613761,-0.00044430442289042534,-0.00612196291948626
2844,398,0.0007640989755669436,0.0011212871638236338,-0.0013063527209061336,48,0.0654558827935664,0.0002646282378413259,-0.0036271230468357517
2845,449,0.0010175794295496704,-0.0005200923255881396,-0.007223532193339072,48,0.022133622126954577,0.0007874218420449467,0.00038262018320454894
2846,373,0.0009133071856485615,0.0009639170482874798,0.008438162973187141,48,0.06912284095303645,-0.00044800170467317567,-0.0046412086573981715
2847,447,0.0011253764799950324,-0.0006529989723151417,-0.007083269432303099,48,0.034411679371714854,0.0009181277121026593,-0.002878871264067915
2848,422,0.000977799328475886,-0.0008782455464578683,-0.0062095825984715,48,0.06082256607832226,-0.0013667286222263184,-0.005628951512563839
2849,442,0.0009648838684075968,0.0008694823833257301,0.006319779924852262,48,0.03966306848428902,0.0015860260074082276,-7.718514049074102e-05
2850,422,0.0009478854694872267,-0.0005764769014204793,-0.005329984919356753,48,0.034747838081231275,0.0015211767032481532,-0.0004905436549726312
2851,450,0.0008328558506363135,-0.0011679696935589304,-0.004531381795874562,48,0.0722230298897667,0.00029349304167649616,-0.0032728349982777197
2852,407,0.0010641209312706897,0.001040213992549938,-0.0019046980037318376,48,0.05657915807974434,0.0003329062389387967,-0.004761566389761437
2853,435,0.0009884148901445813,-0.0007948701084158835,-0.0062095825984715,48,0.0712866860077801,-0.0023975827421830118,-0.006251139756901947
2854,376,0.0009185326957098215,0.0005582173135264597,0.004515406538353403,48,0.03743968641343032,0.0012531073884748285,-0.0007222916799230379
2855,472,0.0009033517362884644,-0.001117407942827501,-0.004531381795874562,48,0.06545001202080958,0.0005203274395133885,-0.0020838217499501138
2856,479,0.0008985348627744711,-0.0008221247312966071,-0.0062095825984715,48,0.046015864497048864,0.0006363733538417536,-0.0031921482056570805
2857,406,0.0010567396762691979,-0.0006819357205429359,-0.004207882831071319,48,0.05072118811538373,0.0002865839802041713,-0.00371988957765957
2858,418,0.0008540208332033913,-0.0002981205404440322,-0.005049459397285586,48,0.06487873913254438,-0.0015324354110076467,-0.0061212258499801254
2859,459,0.0009759037707844712,-0.0008623643490830064,-0.0062095825984715,48,0.06066746306093751,-0.000575430693443629,-0.0029094673029265335
2860,459,0.0007091726573534326,0.0010085873447233324,-0.0016095071952559846,48,0.048773211180941245,0.0008441886847216414,0.0003848103303845177
2861,394,0.0009292430219102034,0.0005882933331916411,-0.001027752217365771,48,0.11129211701064845,-0.0032411897967973627,-0.008075697383542468
2862,410,0.0009891411888584018,-0.0008017301632265404,-0.0062095825984715,48,0.06702854199679797,-0.00035305489811224104,-0.006234527531284317
2863,432,0.00104716703658263,-0.000461637326941447,-0.00603129872453545,48,0.06194185176989564,0.001259428868525798,-0.001326089078938223
2864,443,0.0008892412533048953,0.00017090405444198428,-0.002539410960304609,48,0.05069929495256631,-0.00040841310155414166,-0.004405199106384906
2865,410,0.0005715538018619209,0.00023568698226825516,0.0031886614012217873,48,0.05795959517914462,0.0007673982943366825,-0.00115909924836426
2866,429,0.0008774996697702023,-0.0009599672052974552,-0.0062095825984715,48,0.07243821025236274,-0.0009612449197475299,-0.003529082105173338
2867,454,0.0007105418036034775,-0.0008580923239475957,-0.0062095825984715,48,0.08616283277566394,-0.003430471909175725,-0.006938214974081442
2868,399,0.0007900305360441207,0.0005236583636524256,0.0032948010121922194,48,0.0491130363557547,-0.00034620200378334375,-0.0026270622810719985
2869,441,0.0007411215387159381,-0.00029272117064926134,-0.006662481149195959,48,0.07299999016594882,-0.00047995070664379885,-0.004481420299362169
2870,443,0.0010376236282987573,-0.000448041340111352,-0.0068027439102319315,48,0.07181416028695609,-0.001731659744247025,-0.006997294287004279
2871,404,0.0008722767405565037,0.0002839381521849279,-0.0035209467576617325,48,0.06164386553537715,-0.0008860776110833583,-0.005212914738388899
2872,445,0.0010070281799234755,-0.0009879183814955617,-0.0062095825984715,48,0.08778588699844092,-0.0022212088718518153,-0.006103636776792876
2873,346,0.0009202210044828235,0.00018935553706116246,0.0011484612631956215,48,0.03464565127343955,0.0011285520198609372,-0.0010231235942176897
2874,439,0.0010271108053177547,-0.0009279414792302612,-0.0062095825984715,48,0.07015835663757208,-0.0010209214699550013,-0.006251076689718499
2875,428,0.0009675836494344109,-0.00011109107652675435,-0.0057507732024638936,48,0.04510420521104497,-0.0005901934935528992,-0.0037811172605401455
2876,414,0.0006814604960127604,-0.0010210767840351,-0.0062095825984715,48,0.07242989675771372,-0.0018890635240372683,-0.007192200492058008
2877,402,0.0010582197357409465,-0.0006832850045249313,-0.003927357308999749,48,0.059783763436228377,-0.0019784504179373424,-0.004645445872608178
2878,446,0.0009750656031472082,-0.00013170505426650034,-0.0070131380517853,48,0.04758991666723933,0.0005769073434716363,-0.001784381824124404
2879,424,0.000985614988939094,-0.0005517016688924362,-0.005470247680392726,48,0.058073415686736185,-0.001031358742358315,-0.0032898315388343626
2880,430,0.0005380819674859674,0.0006816701829309825,-0.0016095071952559846,48,0.0446445226862231,-0.0014330702823960127,-0.0049990537608734995
2881,456,0.0010099655898558341,-0.0008418831924017697,-0.0062095825984715,48,0.08600523266657956,-0.0022912575774355556,-0.006362152511050649
2882,367,0.001069852549156607,0.0006420396991345632,0.00019636786544988127,48,0.07474073153988492,-0.0011973436145470556,-0.007356386052573542
2883,413,0.0008581633705184721,-0.0005234010558673625,-0.004698802494696244,48,0.04322390171077173,0.0023568231793722385,0.00030731727052840316
2884,420,0.0009272895282643385,0.0008725938866743742,0.0074873156455282225,48,0.07182600475584999,-0.0008654339259685975,-0.0057928380813909545
2885,437,0.0007792032386738272,-0.0004779759944538303,-0.006381955627124791,48,0.028613302811398067,0.0020130975670061176,-0.0004645423489137712
2886,407,0.0009433683950592154,-0.0010785208463723606,-0.0062095825984715,48,0.02028483417111937,0.0014576998099639794,-0.0025905205034265077
2887,443,0.0008385802137369737,-0.0005878058797288525,-0.0068027439102319315,48,0.06817261144382225,-0.00017918737981947527,-0.005299179351978416
2888,431,0.0008594114030157612,0.00014239336822874935,0.0009718547912992079,48,0.05693224131069807,-0.0004594180089866201,-0.004115351584446949
2889,447,0.0010364636289346384,-0.0004478199935475692,-0.007083269432303099,48,0.07656703894223826,-0.003140713556623728,-0.007043408115751715
2890,453,0.00100707423900362,0.001148165815513703,-0.0010973723896429352,48,0.08586723026206977,-0.0035523548227064626,-0.007195584627908692
2891,457,0.0008237132919344148,0.0009077685559876975,-0.006567875674155892,48,0.026950630387657992,0.0039437965435314085,0.0010015181241966112
2892,427,0.0007778828029368252,0.0009262657424728088,-0.003769969071901351,48,0.048609335076479354,0.000968624009479023,-0.0022379788023983924
2893,304,0.000984766898291085,0.0011818002555185891,0.008495641949748237,48,0.04052939737239081,0.003384685139143197,0.0033778123719931264
2894,376,0.0010232853484183286,-0.0007152382304783655,-0.007245378357999127,48,0.024279107168208913,0.0015534936255913456,-0.0011273844377785967
2895,426,0.0008846861361405164,-0.0002584630867798962,-0.00561051044142831,48,0.04139459384889577,0.0015680535294810248,-0.0027692194151016404
2896,405,0.0010851933266497588,0.0008594533935363437,0.008495641949748237,48,0.06790150095391922,-0.0006154321426715941,-0.004298531497295822
2897,471,0.0010009923382257894,-0.0008181628691532883,-0.0062095825984715,48,0.07973295156730364,-0.0013942616496832178,-0.007118935722869167
2898,478,0.0009683094872870103,-0.0004455482767741631,-0.0092573422283566,48,0.04589419301428621,0.0007374407943468303,-0.0011679185253552875
2899,399,0.0008334119684355185,0.00017676571806457802,-0.0012544411215909615,48,0.04219786820006499,0.003720935769814292,0.0016069414971812725
2900,424,0.0009568990867698836,0.0008235859014343386,0.008495641949748237,48,0.06358561627582171,0.0007651982804212296,-0.002032600956239172
2901,460,0.0008654040100952529,-0.0010103287573001024,-0.0062095825984715,48,0.0539995845702298,0.0007146191753450073,-0.003120108411849381
2902,379,0.0007628185466349721,7.697170933678756e-05,0.001034030493571661,48,0.056143309790410045,0.001311475253732583,-0.0023755969314005858
2903,426,0.0009651118076023403,-0.000999010060894888,-0.0062095825984715,48,0.07564138602122805,-0.0016742852063128134,-0.007240686226684424
2904,456,0.0006441777361187902,-0.000900877063017811,-0.0062095825984715,48,0.0725453106281374,-0.0013149201974581304,-0.00411661458721432
2905,377,0.000959163784001365,0.000677694670181828,0.00446233673286818,48,0.04828183232786132,-0.0005320916371318752,-0.003904286995923708
2906,476,0.0010066392364782729,-0.000122087329093995,-0.009117079467321015,48,0.05801150458584936,0.0015956879712246703,0.0009084662256981721
2907,454,0.0009047625803675109,-0.0007507059981930707,-0.0062095825984715,48,0.04444609749942985,0.00034959777258717316,-0.0028053662545361145
2908,477,0.0009725884139742897,-0.0006664358548651786,-0.0091872108478388,48,0.04562578823651897,3.139847015700553e-05,-0.0029127552410915664
2909,437,0.0005875220824120338,-0.001157524480674868,-0.004531381795874562,48,0.05200577279950469,0.0007545201973479954,-0.002517332368197407
2910,398,0.0011268236197987621,0.000990181925338016,0.008489483487973834,48,0.03551437226320164,0.0005371278830603541,-0.0027126386747746943
2911,478,0.0008194956187421755,-0.0010688634656995481,-0.004531381795874562,48,0.04793148814278636,0.002162413719632576,-0.0025527819016004857
2912,458,0.0009313749537205873,-0.0012253422724772464,-0.004531381795874562,48,0.08112442105115147,-0.0020208209914891005,-0.007593616413306322
2913,420,0.0009798557327744123,-0.0003215746248966603,-0.0051897221583211695,48,0.01828648012511125,0.0036999718664707665,0.005174665492094303
2914,454,0.0006732198721281267,0.0008630697895469054,-0.006288085013930696,48,0.05363060520723317,0.00030852466822769466,-0.0023895197707547115
2915,469,0.0006172631725637912,-0.0012644378589551017,-0.004531381795874562,48,-0.003075810133489676,0.0037970358204222803,0.006495813925759606
2916,430,0.0011300061255824655,9.22846689255805e-05,-0.01007712854331214,48,0.06313909234875459,-0.00043871182499137344,-0.003844061461461927
2917,468,0.0010343416014712324,-0.0007978731318588547,-0.0062095825984715,48,0.032536362858463064,0.002602167939564767,0.0008457964767584203
2918,402,0.0009474718590672645,-0.0005764521415171572,-0.003927357308999749,48,0.06215538396470777,-0.000686859343300204,-0.004681054592097129
2919,448,0.0009721496917003527,-0.0010071703628858446,-0.0062095825984715,48,0.04298925294249156,0.0029676256123149884,0.0012011994804041366
2920,438,0.0008746453492830299,-5.9421690378140546e-05,-0.00645208700764259,48,0.03376840848903273,0.0008935223926956806,-0.00014053007070003593
2921,451,0.0007808039945426549,-0.0012387037480475448,-0.004531381795874562,48,0.07555949763169112,-0.0012055196652150761,-0.004911947471639071
2922,398,0.0009172768091152282,0.0008358791785295465,0.008489483487973834,48,0.06483132022347482,-0.0020892610133316798,-0.006174425485920097
2923,435,0.0006283436030368118,0.0004030153472314212,-0.01067147202412903,48,0.07027953423605005,0.00036990486302136694,-0.0020350235353225853
2924,464,0.0009981265154459795,-0.0006666556338462658,-0.0062095825984715,48,0.06256295042742432,0.0008754777134000399,-0.0029907121631002342
2925,412,0.0010880778917573626,0.0012908117457022597,0.008495641949748237,48,0.06699030045453769,-0.0016395395837177466,-0.005514439327584813
2926,440,0.0010340058045372061,-0.000244980974314659,-0.006592349768678174,48,0.07150476334725253,-0.0006824475957900675,-0.0037678405899240625
2927,476,0.0009405214716052823,-0.0006962159599146617,-0.009117079467321015,48,0.08740265992756946,-0.00263276913096621,-0.0085008393439614
2928,420,0.000968501889036166,0.0005881979897587528,-0.00295807453416147,48,0.08452357035000713,-0.003601589392287977,-0.006964777415800382
2929,415,0.000878215723102517,-0.0004481533552474909,-0.004839065255731828,48,0.06065928718393121,0.001420983598058572,-0.0002748210427784316
2930,446,0.0008046783778055851,-0.0006176522318630841,-0.0070131380517853,48,0.047291613243578334,0.000916175943432922,-0.0009269598891690108
2931,428,0.000452730586568458,-0.0006957371093398446,-0.0057507732024638936,48,0.007272557643412392,0.002187450074871188,0.0003846596013994501
2932,445,0.0009185180733652749,-0.00042715239215818795,-0.006943006671267515,48,0.049120522345899253,-0.0004082316291299636,-0.0041680009463424435
2933,462,0.0010375497528994203,-0.0002671028591425019,-0.008135240140071151,48,0.06815195542176855,-0.0021496793115137556,-0.00615889618778067
2934,423,0.0006826760047371977,-9.818304858607435e-05,-0.005400116299874941,48,0.026500665280458913,0.0005259429230354482,-0.000342966717321664
2935,440,0.0007845830196373674,-0.0007070922587142786,-0.006592349768678174,48,0.00015591296308448133,0.003982797009889039,0.00581301821278434
2936,449,0.0008107781198546512,-0.00043048414212759276,-0.007223532193339072,48,0.032061848948223615,0.001650654811255788,-0.0026200126409465126
2937,346,0.0009202210044828244,0.0001893555370611616,0.0011484612631956215,48,0.07099756649060895,-0.000160670583793536,-0.004380122845406826
2938,421,0.0010347716923961672,0.000682481098069977,0.0031886614012217873,48,0.1011359121955906,-0.0028663259996647306,-0.007947400703320284
2939,448,0.0007368944122200672,-0.0009937509743342572,-0.004531381795874562,48,0.07307275843672334,-0.0013766476845701262,-0.0047586666487017815
2940,438,0.0010147862898618422,-0.0007121762055034425,-0.00645208700764259,48,0.043105560498881146,0.0021288807057321356,-0.00044707307236512006
2941,396,0.000715780288378251,-0.001312433178114577,-0.004531381795874562,48,0.06397056388942002,-0.0014426864677968502,-0.004321439821822693
2942,359,0.000826848624760834,-0.0006981962628828733,-0.009549322010071012,48,0.06710230921921656,-0.0008687854391415117,-0.005383284116623088
2943,448,0.0008141675886672427,-0.001224311319783778,-0.004531381795874562,48,0.05334775422374394,0.0016091688778912061,-0.0008728665514292459
2944,410,0.0008529677041076815,-0.00029710343950093906,-0.004488408353142875,48,0.041415132662334986,-0.0005541526931836481,-0.0024136693978305222
2945,398,0.001059729545151827,-0.0006846649288249802,-0.004263804220023662,48,0.02522336149318627,0.003414256499183971,0.0033527621582254714
2946,415,0.0009731241506167315,-0.0010275853267212379,-0.0062095825984715,48,0.06292544467360162,-0.0009715152011404594,-0.0058004861525038955
2947,432,0.00104716703658263,-0.000461637326941447,-0.00603129872453545,48,0.04926740924732842,0.002007573787995447,-0.0011806693868747567
2948,449,0.0008599491797527149,-0.0008535498941922813,-0.0062095825984715,48,0.051376472259245465,0.0003635356263267161,-0.002130451216521896
2949,457,0.0010433014214105982,-0.00047229678537191386,-0.00778458323748181,48,0.03254170138868451,0.0011680094746269864,-0.0021459495264791358
2950,444,0.0007856948275627822,-0.0007058878187509825,-0.00687287529074973,48,0.0723238193534399,-0.001193896398273506,-0.004263697673755262
2951,448,0.0009836087296566515,-0.0005517205352868725,-0.007153400812821287,48,0.048124274120513344,0.0009259747963135667,-0.0003614357828880671
2952,393,0.0011025061788881537,0.00063989927999263,-0.0009824144365207857,48,0.04031501180401953,0.0007614450570002582,-0.0017940182842485497
2953,444,0.0009727276736133453,-0.00101029964488809,-0.0062095825984715,48,0.029755764424126863,0.002240612042775607,-0.0014525641280149389
2954,438,0.0008531972894992119,-0.00100065003992416,-0.0062095825984715,48,0.05765102514629172,-0.0007011801476193551,-0.005397356331943982
2955,417,0.0009001502118602652,-0.0007257527252516778,-0.004979328016767801,48,0.04944923576700033,0.000511632114327332,-0.0007565971396041454
2956,440,0.0009060984528979691,0.0003533751788332767,-0.00498239526621156,48,0.02426210913265414,0.0010299667416419312,0.002578750728661783
2957,431,0.0007671793100859307,-0.0004510333956037997,-0.005961167344017665,48,0.0910909376726119,-0.0014600108987782127,-0.006629743432995968
2958,471,0.0007879312444452908,-0.0002775942246300532,-0.00876642256473166,48,0.03489481448579623,0.002598221716337251,-0.0009869266813913695
2959,422,0.000884465211370678,-0.00025781729159282327,-0.005329984919356753,48,0.04574758298603088,0.001723420967557808,-0.0013716497573721849
2960,460,0.001009078877764552,-0.0008396027741003238,-0.0062095825984715,48,0.05183578412398093,2.888599398035742e-05,-0.0010394705090677817
2961,438,0.0005341589959169859,0.0008735706710728246,0.006532059146793424,48,0.037246471175022444,0.0015881610920020113,-0.002074733118209812
2962,373,0.0007953108499015159,-0.0005218503124599684,-0.0076519566495408115,48,0.08654179355693403,-0.0011388878311338908,-0.005620814601181488
2963,405,0.001127932071153876,0.0005895922557844508,0.0031886614012217873,48,0.11140581223151946,-0.004528531753923499,-0.010325593131563227
2964,378,0.0008509339253882104,0.0010020583520167414,0.0009182578023159554,48,0.05753023053177786,2.8136648161025506e-05,0.0004943159346598152
2965,459,0.0005651847725432388,0.0005071451474079978,-0.0009452559875264901,48,0.03772626051829142,0.0008208101469412976,0.0007786059286491124
2966,429,0.0011242187168113106,-0.0006220442510597585,-0.005820904582982081,48,0.03296055294305644,0.0010649731692252452,-7.082419056997358e-05
2967,432,0.00104716703658263,-0.000461637326941447,-0.00603129872453545,48,0.05495099468709064,0.00016882176388818143,-0.002917999492688384
2968,430,0.0007825479896735937,-0.0009034621490888253,-0.0062095825984715,48,0.06268095674462715,-0.0007988572342939627,-0.004120839141467231
2969,442,0.0009640579981941167,-0.0006900495385500673,-0.0062095825984715,48,0.08349886552863661,-0.0016170503682914929,-0.008360473081390898
2970,383,0.0006358799011672973,0.000576907242692706,0.008458691179101807,48,0.004456522428526566,0.0037643345077250073,0.0029848376859578953
2971,398,0.0007937936879140496,-0.001023783229575661,-0.006159236574393642,48,0.04304614485182656,-0.0008258747782388005,-0.004265941198973767
2972,394,0.0009603765282239513,-0.0008499905334724174,-0.006092108542289726,48,0.09222346754030786,-0.0019905645475977937,-0.005144557131614949
2973,448,0.0009238691115200778,-0.00024278178199146905,-0.007153400812821287,48,0.05368969025593273,0.0005295545182407591,-0.0022971934187344147
2974,413,0.0009228206143670932,0.0012424075900395425,0.008495641949748237,48,0.03577189348378318,0.0017678788813288177,0.0018711320900118757
2975,428,0.0009456344667584434,-0.0010659070818597946,-0.0062095825984715,48,0.07601004356407715,-0.00122461754136864,-0.006101759230249679
2976,470,0.0009317483974437416,-0.0007088464104506587,-0.0062095825984715,48,0.08271401417655377,-0.0021537971618677786,-0.0076289459365412
2977,427,0.001012898669846934,-0.0004945030940278969,-0.005680641821946095,48,0.048605064259079844,0.0013478399512837965,0.001442638998000137
2978,416,0.0007686038171771858,0.00042807060614131164,-0.0013451166832809322,48,0.058794606554964046,-3.3804463503102344e-05,-0.0032832068932382545
2979,426,0.0008967369553997211,0.001208300857084398,0.008495641949748237,48,0.050094477064147824,8.450024834046228e-05,-0.002805740726587711
2980,394,0.0010292302936035008,-0.00012437809363022214,-0.0013451166832809322,48,0.03848980942124902,0.0007001452620772532,-0.0028457112754496916
2981,417,0.0009001502118602652,-0.0007257527252516778,-0.004979328016767801,48,0.05313011693572023,0.0014589054167611117,-0.00010982355185770905
2982,427,0.0008063969540369311,-0.0006439815998088259,-0.005680641821946095,48,0.0673152265189676,-0.0007652914980076659,-0.005142686357401808
2983,425,0.0010734658866230345,-0.0006028478961815527,-0.005540379060910525,48,0.05561842838351805,0.000147245544193585,-0.0018947277238682836
2984,428,0.001151300977196052,0.0009654642671739523,0.008495641949748237,48,0.08557457677605329,-0.0035173758787361772,-0.009484287003877073
2985,433,0.0010822462189037374,-0.00042860872392087856,-0.006101430105053235,48,0.056816800111029075,0.0003405216844077179,-0.002759019334602854
2986,433,0.0009579417439839616,-0.0012130911944254578,-0.004531381795874562,48,0.03815233762029879,0.0006401144505481914,0.0015713219282686864
2987,509,0.0006381613210504726,-0.00138712602165246,-0.004531381795874562,48,0.020248153507875788,0.0011409587154649296,0.0010987200783263325
2988,458,0.0007122837145462305,-0.000523569531319476,-0.007854714617999595,48,0.07219449296512825,0.00016834638206759261,-0.0043802528685543685
2989,379,0.0010980565858964395,0.0005925886430505189,0.00435619712189745,48,0.059313874816073975,-0.0007677030761821264,-0.005749654089435528
2990,472,0.0009041251147510867,-0.0005086765159116359,-0.008836553945249459,48,0.03464710445732955,0.0018189864564778658,-0.0006946961434164747
2991,369,0.00096027316253021,0.0006939041658130495,0.004886895176750214,48,0.0383971710883233,0.002333785331308345,0.0005759809086190483
2992,457,0.0009941923611729844,-0.0008038347734466086,-0.0062095825984715,48,0.05190256462473186,0.00047232529691033226,-0.002607935814027896
2993,476,0.0007189134376241104,-0.0006568265478219537,-0.009117079467321015,48,0.0494540946486689,0.0004858418726710655,0.0023025218013599134
2994,427,0.0008063969540369311,-0.0006439815998088259,-0.005680641821946095,48,0.05452293126295893,-0.000550148816866108,-0.004969755753454451
2995,414,0.0009362562065804861,-0.0010508260977065698,-0.0062095825984715,48,0.02926295581232663,0.003205226103161426,0.0016903296559303872
2996,428,0.0010364732149575721,-0.0009532510799772666,-0.0062095825984715,48,0.07450340452502091,-0.00044833735604152963,-0.004509008134376234
2997,423,0.0009086409238874375,-0.00040457474164398363,-0.005400116299874941,48,0.06522928985075072,-0.0014317321059776778,-0.00542499276371447
2998,444,0.0007351478894353294,-0.0009815404006938769,-0.0062095825984715,48,0.06187112480030399,3.989405269697564e-05,-0.0054087804292277525
2999,463,0.0009387206235371426,0.0008017035409843224,-0.0013451166832809322,48,0.03568244060905401,0.0012009013150312553,-0.002589454162592042
3000,464,0.0008183859321441583,-0.0006967030436088595,-0.0062095825984715,48,0.03801942765194677,0.002442194116978179,-0.0011059656186346856
3001,456,0.0009720068365133604,-0.0007043267684992797,-0.0062095825984715,48,0.05616493943909917,0.0005878644699377576,-0.0018970173348448489
3002,416,0.0012111722133989653,0.000435917828209567,0.0027086049127111756,48,0.03335222821385342,0.001996051409684181,-4.925673642216036e-05
3003,426,0.0008846861361405155,-0.0002584630867798962,-0.00561051044142831,48,0.07471371948631123,-0.001977146466781751,-0.006092489824132109
3004,406,0.001014106199608687,-0.00048425607316735647,-0.004207882831071319,48,0.013666122622447707,0.0024276522909273974,0.002083186636678976
3005,425,0.0007558890437549151,0.0010082680033008055,0.008339627584796665,48,0.04441133473787029,0.0016265645452371545,-0.0006611138164126819
3006,389,0.0011045063072123665,0.0006481349359022601,-0.0008010633131405875,48,0.011557276458097232,0.005113170743745666,0.006169700376146139
3007,465,0.0007677536987702694,-0.0003042533609405318,-0.007313984101423587,48,0.07532206118402973,-0.0020076629103260683,-0.00777791078902074
3008,410,0.00100166228399114,-0.0002594645792685195,-0.004488408353142875,48,0.04240867302019358,0.00018429838492515192,-0.0015591509357567312
3009,423,0.0009199142439112289,-0.0007021575971263676,-0.0062095825984715,48,0.06444976502889188,-0.001444531539424308,-0.005966772922957622
3010,430,0.000823650841205049,-2.5252944150903206e-05,-2.795670066201364e-05,48,0.057851366657355685,0.0012264753494400735,0.0016761906084469536
3011,421,0.0010160946811089656,-0.0002865367151301361,-0.0052598535388389545,48,0.10949278617028402,-0.003605854342329221,-0.009118392533903367
3012,422,0.0009365854354349448,-4.160752820546367e-05,-0.0031278595710961116,48,0.06775412767794042,0.0004934167008257915,-0.00550637739760081
3013,414,0.0008419809640374887,0.0006956601692607381,-0.0032724596145489934,48,0.0915436425324313,-0.002230532293978389,-0.007266472078020348
3014,445,0.0009300543632628521,0.0007471175310006344,0.006160570508396614,48,0.08446531520628431,-0.003108735466215108,-0.006271485457076575
3015,387,0.0007537328769181622,0.0005546665666508674,-0.0007103877514506168,48,0.10204542851478549,-0.0031159199670117224,-0.009700770925297472
3016,429,0.000849118451775455,-0.0002929536555021199,-0.005820904582982081,48,0.04476756406109472,0.001126850232890492,-0.0014185337462283773
3017,403,0.0009981483606230379,0.0006722934830723833,0.0031886614012217873,48,0.036889094528389066,0.0030687518838523956,0.002794879775567038
3018,440,0.0010733448761830432,-0.00041654094014468776,-0.006592349768678174,48,0.07003161313276685,-0.00018355454018265452,-0.004510723815093116
3019,388,0.0007936367947137903,0.0006987682783572346,-0.0026486976970069055,48,0.03884863309335984,0.00048663926055378913,-0.0024034789884006813
3020,414,0.0008411185316568185,-0.0004805933401823559,-0.004768933875214029,48,0.06507407672301779,-0.00041062244518846186,-0.00338455893245794
3021,422,0.0006633706757627825,-0.0005731577642596464,-0.005329984919356753,48,0.05319677935556877,-0.0005560580160425196,-0.003747556687548871
3022,357,0.0006168127476433413,0.00025293362248803367,0.0031886614012217873,48,0.058732881381973745,-5.2514635504596896e-05,-0.003519866047812497
3023,422,0.0008955494658782429,-0.000488676656618673,-0.005329984919356753,48,-0.0038638999116572537,0.0030131566146320704,0.0012646650160697895
3024,442,0.0011144097487874125,0.0012564211613143427,0.008495641949748237,48,0.01727484320356043,0.0004194248776282633,-0.0005856897801411846
3025,437,0.000918710739250983,-0.00042740513544480344,-0.006381955627124791,48,0.04709273654834123,0.00034957194632712595,-0.002081109574846158
3026,372,0.0011428385737674868,0.0007334183403842065,0.004727685760294566,48,0.09936458375320323,-0.0020346952679663934,-0.008162963869373565
3027,447,0.0008613540779807572,-0.00031591811788407934,-0.007083269432303099,48,0.050233383914060514,-0.0003941264453968113,-0.004092252511136946
3028,469,0.0008260638758511704,2.706626891010519e-05,-0.00862615980369609,48,0.02884231514460589,0.002660600698836283,0.00015837655228136127
3029,487,0.00097958343718891,-0.0010108561841674392,-0.0062095825984715,48,0.041666577759820744,-1.8563443810251656e-05,-0.0027108473805564116
3030,415,0.001037469793290175,-0.00022599690734044844,-0.004839065255731828,48,0.04934782051675779,0.0018295500376350332,0.0011498415328620795
3031,429,0.0009289817059543303,-0.001018251540925219,-0.0062095825984715,48,0.059858029117590306,-0.0002624792749408283,-0.0032938605399289896
3032,409,0.0009767229483191593,0.0009114771171219406,-0.0006562955294839874,48,0.01680438678069307,0.0038362289620746896,0.004321611107168007
3033,394,0.0011409172113824018,0.0008013464947328698,-0.0030512741865399325,48,0.06967028936226716,-0.0006894827616272491,-0.0047030223782244165
3034,488,0.001110622490837012,-0.0006541860051383283,-0.009958656033535296,48,0.07748532275396758,-0.0019226613795616555,-0.005579152787754511
3035,457,0.0008615889845474723,0.0006235147478012215,-0.0009136249776346417,48,0.024062291504524547,0.0032992920103882923,0.004739249367327683
3036,415,0.0007189616529148573,-0.0006767357982917499,-0.004839065255731828,48,0.0642163542054841,-0.001139276961212311,-0.005557556497876728
3037,445,0.000930054363262853,0.0007471175310006326,0.006160570508396614,48,0.03429132517592359,0.000846791646949065,-0.0015479981334151124
3038,453,0.0008542336957438629,0.0017858203727239372,0.013803421261150722,48,0.05349308205512571,-0.0005015474910798831,-0.0038529619667820245
3039,427,0.0005705449114696889,-0.0004948946952293073,-0.005680641821946095,48,0.08478598150086836,-0.0017290279061554642,-0.007241011537287161
3040,472,0.0008932487397417194,-0.0009610103129080796,-0.0062095825984715,48,0.05851645914565551,0.0006200102685663469,-0.004585361220525358
3041,409,0.0009652863825436262,0.0010324465404717795,0.008071083505866203,48,0.012638877331573872,0.0017596999659729596,0.0007060916692957896
3042,477,0.0009727793132780025,-0.000703811121618287,-0.0062095825984715,48,0.06755613126512561,-0.0010798877146638054,-0.003613984700718064
3043,403,0.0008459850237550106,-0.0004959349994089236,-0.003997488689517548,48,0.03125715076784197,0.0016027572735885665,0.0017679807494808825
3044,415,0.0008782157231025161,-0.00044815335524749436,-0.004839065255731828,48,0.06953957574459035,-0.0014173545905750828,-0.006438438798973333
3045,452,0.00099952803717072,-0.0009642071300980104,-0.0062095825984715,48,0.050519642521694275,0.0019126251292120588,-0.001994216992625423
3046,427,0.0011159727523613306,0.0008543819072255997,0.008495641949748237,48,0.031658371930798235,0.002608541547992534,0.0005654870701976948
3047,415,0.0007189616529148565,-0.0006767357982917534,-0.004839065255731828,48,0.03975722727426867,0.000312804311603878,-0.003851816416772399
3048,427,0.0006627861232223788,-0.0010595630783938707,-0.0062095825984715,48,0.04342475464548323,0.0014216432256988296,-0.003071127466709036
3049,378,0.0008967254373569073,0.0006853563803891653,-0.0024759652250596204,48,0.06759712607011703,-0.0007971903967451902,-0.0055117264593519955
3050,481,0.0009720512437903749,-0.0006655764821745878,-0.00946773636991037,48,0.0036707618213289717,0.003282744824815869,0.002803999479312265
3051,422,0.0009365854354349448,-4.160752820546454e-05,-0.0031278595710961116,48,0.023481275681608627,0.0029781015265346687,0.0022205669824174705
3052,456,0.0010107661044048662,0.0006897531153686664,0.0009662235130230533,48,0.03793173059334909,0.001807054295547974,0.0005657601398085764
3053,418,0.000737319283912216,-0.0007360186093835555,-0.005049459397285586,48,0.04255532163627007,0.0016659245026252687,-0.0007743948025613137
3054,402,0.0007655307638633757,0.0011107584305724144,-0.0016095071952559846,48,0.04447607674832388,-0.00020249561656780074,-0.0040465282135119275
3055,432,0.0010590504833521257,0.0008680036645195618,-0.0013451166832809322,48,0.05380415870094679,0.0010516616384396715,0.00018584726466511908
3056,470,0.0007548683067749775,7.963167135835404e-05,0.0007290069140914492,48,0.05119287011488216,0.0005823999879218771,-0.002173235596367635
3057,383,0.0006358799011672973,0.000576907242692706,0.008458691179101807,48,0.030782433892011185,0.0032252702470704792,0.0008232867020445608
3058,419,0.0009320628649488482,0.00046279624523396304,-0.0013451166832809322,48,0.04226869587562154,-0.0010417580018142279,-0.004335642560964033
3059,398,0.0011703140507640063,0.0007262367082668652,0.0033478708176774355,48,0.0002094029754837745,0.001569620229577436,1.567926100299287e-05
3060,416,0.0007800668324898386,-0.0003673577082103502,-0.004909196636249613,48,0.04132914090100637,0.0019761821452207,0.0007217901344498852
3061,413,0.0010066423650894535,0.0007527822228649492,-0.0032915740101730345,48,-0.003539147141927823,0.002174592284467619,0.0016113096712534504
3062,420,0.0010097142498079934,0.0001947636652907033,-0.0035353324770595364,48,0.07412562750079299,-0.0007339013076480098,-0.002608665211627727
3063,408,0.0009693868489424754,-0.0008636174639810763,-0.0062095825984715,48,0.03438681808155508,0.0009334804595551895,-0.0004691015779821027
3064,418,0.0010592169011314698,-0.0008976692042955252,-0.0062095825984715,48,0.04905112145569823,0.0003812183124114639,-0.00150857206779869
3065,414,0.0009892388813133764,0.0005347308700226917,0.007805734478439817,48,0.09746977399727352,-0.0036652580958392456,-0.007587924653329699
3066,429,0.0010719230224061158,-0.0006018588439214642,-0.005820904582982081,48,0.03661450951304035,-2.263308270753113e-05,-0.0033073805554523807
3067,489,0.0007008809377712696,-0.0010230795275910677,-0.0062095825984715,48,0.057419720773983274,-0.0006537017651774167,-0.003657528579548642
3068,451,0.0008783929817569513,-0.0007924598397595142,-0.0062095825984715,48,0.023348467429720743,0.0030488537608500867,0.00303226272992662
3069,430,0.0008565877355198774,0.001388301161331663,0.008495641949748237,48,0.03848661008500631,0.0003331719899663174,-0.0025416481069921466
3070,423,0.0007235960792624143,-0.00026965324538451643,-0.005400116299874941,48,0.042501892275601416,0.0009735972705873404,-0.003324864084547765
3071,452,0.0008854339496333205,-7.753955488977102e-05,-0.0074339263348924545,48,0.03827302017900791,0.0022195934270351925,-0.002217879620301823
3072,452,0.0007661532049250625,-0.0009357655032612884,-0.0062095825984715,48,0.016555029020771883,0.004777065066357899,0.007363456187217248
3073,472,0.0010074752156064067,-0.0001208523402091155,-0.008836553945249459,48,0.05580992955541275,-0.0007938770705856416,-0.006033335427889731
3074,399,0.0008019819505054324,-0.00030968308129756747,-0.004128278122843082,48,0.03446331542942227,0.0016590841987596996,0.0007678344006805914
3075,408,0.0009576990686236929,-0.0006053458560222463,-0.004348145592106889,48,0.03736127436053094,0.0021527088141256763,0.002516580183059884
3076,439,0.0008602967296005937,0.0001239993844566415,0.000756444418884044,48,0.08922105422885807,-0.002704304993790702,-0.008194017111784326
3077,459,0.0009381931138690734,-0.000725790826223878,-0.0062095825984715,48,0.028625181787289344,0.001087986102480498,0.0017213751989839272
3078,453,0.0007734263997527689,-0.00025499027319404385,-0.007504057715410253,48,0.05001491856045748,-0.0005592382798843137,-0.0035772884755017782
3079,439,0.0010001894032354132,0.0010081660797577746,0.006478989341308215,48,0.03870813139562257,0.00014121038521269953,-0.0019695454363666265
3080,455,0.0007446822405414539,-0.0004933854588599525,-0.007644320476446226,48,0.01732012802643479,0.0012275019880375214,0.00042577164125818384
3081,400,0.001036253051274188,-0.0004139392062698852,-0.00399275202566253,48,0.07517615383771592,-0.0012349134799024657,-0.0049859702578095196
3082,424,0.0007314671037497119,0.0014913270597498984,0.008495641949748237,48,0.04950316632127594,0.0013772826943480154,0.0015103631286925538
3083,375,0.0007014224369296836,-0.0007047033990277597,-0.007380904455179679,48,0.07584654550034053,-0.0023492464402260216,-0.006085811449679332
3084,401,0.0008789817751712532,0.0007276736574465901,0.008495641949748237,48,0.08341855262446407,-0.0006044995919740059,-0.0076033741565957325
3085,465,0.0009370313065575646,-0.0004777402141692387,-0.008345634281624534,48,0.06572327547567014,0.0002549925739971787,-0.0033739450133792454
3086,427,0.0006110816597698458,-0.0006857365361955421,-0.005680641821946095,48,0.10301162377533046,-0.003326273749364816,-0.009630421069494518
3087,472,0.0010441472315474406,-0.0002884621537325195,-0.008836553945249459,48,0.03384976884824775,0.0031780347562566907,0.0034798100961599496
3088,412,0.000915203891436245,-0.00041528616525593476,-0.004628671114178445,48,0.039600466001822654,0.0019356073569474618,-0.0009174341026314172
3089,442,0.0008261467083220406,-0.00034880029646080016,-0.0067326125297141465,48,0.03556150810690284,0.0011628005752864507,-0.0009372421540149167
3090,452,0.0009723895383043134,-2.5289426273654783e-05,-0.005674635125118142,48,0.06502713878262101,-0.0016576075763181652,-0.005248093807466034
3091,455,0.0009166953870197491,-0.0009264578980785615,-0.0062095825984715,48,0.013746133477925082,0.0028871324311356764,0.0033185722449241145
3092,452,0.0009620232926606112,-0.0004195179577159702,-0.0074339263348924545,48,0.005382532580513688,0.0025082180647900444,0.0033466716249622407
3093,421,0.0010460985673844412,-0.0002458659102478819,-0.0052598535388389545,48,0.039934777159032375,0.0022818145945804873,0.002763523597386814
3094,430,0.0007201144541752343,0.00014844738818149423,-0.003806999718835642,48,0.048661927622463574,5.9722213650130473e-05,-0.0005374286466343046
3095,436,0.0009224410480753835,-0.001227692803256547,-0.004531381795874562,48,0.09071122006544985,-0.0006933023403507439,-0.004346995623883488
3096,416,0.0009690836985522984,0.000595690034547033,-0.002618504460291708,48,0.08116466085492813,-0.0018886710597692726,-0.005349720996785401
3097,450,0.0007087866756412108,-0.0008605004111057017,-0.0062095825984715,48,0.018627552199100617,0.002903569745804269,0.0023213428965000033
3098,386,0.000871541348469335,-0.0004371071849190375,-0.005890117386191954,48,0.10820144269503251,-0.0036343409073025627,-0.010187892406853603
3099,395,0.00092440524318467,8.530759896045043e-05,-0.0046703825115661235,48,0.04459914015133615,0.001118868440507812,-0.0005142945290271522
3100,412,0.0009152038914362459,-0.00041528616525593476,-0.004628671114178445,48,0.05416012621755195,-0.00019992656994943618,-0.005222284408874778
3101,442,0.000537542115405144,0.0008657794430456988,0.006319779924852262,48,0.032964503162091985,0.0034176908820634927,0.0028295297500468518
3102,399,0.0008019819505054315,-0.00030968308129756053,-0.004128278122843082,48,0.07172443014681196,-0.0013084760080322496,-0.002362866090619243
3103,439,0.0010110518505476304,-9.409884466440865e-05,-0.006522218388160375,48,0.013499032031504599,0.0026901777184856366,0.002136853634850536
3104,453,0.0008977953665010429,-0.0012481350929976834,-0.004531381795874562,48,0.08521148308923054,-0.0014791858235936248,-0.005131015771904269
3105,434,0.0007845452649572289,0.00045257602305133916,-0.01067147202412903,48,0.0669846140944218,0.000465759137107051,-0.0026045374011051114
3106,450,0.0007191989934877754,-0.0007636943763730253,-0.007293663573856871,48,0.05395735492630893,-0.00021933282373221702,-0.0020486762764978517
3107,403,0.0010529319980777047,-0.0004504712618198896,-0.003997488689517548,48,0.0534118120801631,0.0005450874915182719,-0.0037084524076326612
3108,458,0.0008573655619992342,0.0010712246273987362,-0.0016095071952559846,48,0.062365009331214805,-0.0005502859606577974,-0.003145920122818731
3109,453,0.0009680759199533649,-0.00013399823118348878,-0.007504057715410253,48,0.03341080154083298,0.0020287579633360246,0.0009031945250483793
3110,436,0.0008827410675153642,-0.0011114416888898457,-0.004531381795874562,48,0.03038332817507805,0.0015129505862681355,0.0012927485923537214
3111,471,0.0008606729345572595,-0.0009826357380315863,-0.0062095825984715,48,0.017382397876821942,0.00434458845525874,0.005252270492222317
3112,414,0.0010425669148743212,-0.00043715477282391113,-0.004768933875214029,48,0.10277318189645257,-0.0022935930727636493,-0.0067116632139555855
3113,485,0.0009611258412867054,-0.0010571881102434816,-0.004531381795874562,48,0.057450099873338156,-0.00035017820876947266,-0.0032634210915724778
3114,425,0.0007966165532235438,0.0007865093705283488,0.008495641949748237,48,0.03799457374132509,0.0006966914932781138,-0.00019241199595270396
3115,432,0.0007011252083883573,-0.0007342795154716628,-0.00603129872453545,48,0.07605337690861413,-0.0008632696744878873,-0.005147735892496489
3116,441,0.0009186135325399405,-0.0004272737397665628,-0.006662481149195959,48,0.09832810530662928,-0.002113267955637435,-0.0072545666627603575
3117,440,0.0007452439479915321,-0.000510552162236555,-0.006592349768678174,48,0.027752683111986864,0.0021898279650720484,0.0009614191171236214
3118,374,0.0008503236604259618,0.0010123159846494286,0.001311888147636768,48,0.07805101580839935,-0.00254642336443121,-0.00867155000994397
3119,427,0.0009491716091943507,-0.000582132334898882,-0.005680641821946095,48,0.0005604243766065276,0.0019221964898834404,0.0001264253238218438
3120,454,0.0008561330519661191,-0.0003094774441467982,-0.007574189095928427,48,0.058250838820029016,0.0004861676543256744,-0.00335755360487466
3121,466,0.0009209358862590205,-0.0010716021658741422,-0.004531381795874562,48,0.08433667609697704,-0.002510016686494013,-0.006095951216280662
3122,465,0.0010892377198023658,0.000407619125928356,-0.007313984101423587,48,0.05337193817631125,0.0010576698141500154,-0.0012856496207349181
3123,416,0.000969083698552298,0.0005956900345470322,-0.002618504460291708,48,0.059402609623952496,-0.0005418875730988301,-0.0048759329917459696
3124,365,0.000926238865902025,0.0007535958993496409,-0.0011054878204635743,48,0.037964450133689875,0.0010536528776636626,-0.00019462463148242973
3125,473,0.0007968140972859543,-0.0007068159745654973,-0.008906685325767646,48,0.03261039382152142,0.0026227770087881,0.0008810804673646533
3126,368,0.0009314725527016798,0.0001565494810625897,-0.006165235283592682,48,0.01993992732362493,0.0028358950868612124,0.0005434488234395511
3127,405,0.0008142154862647501,0.00011090658449947836,0.0016719385016485955,48,0.060364122574976586,-0.000954127664052699,-0.005624793134947351
3128,382,0.0008133643450719875,0.0006132614211120675,0.008456638358510349,48,0.020247773389212353,0.005387502734479105,0.007083562643626385
3129,443,0.0008892412533048953,0.00017090405444198514,-0.002539410960304609,48,0.08428928475197561,-0.0029934553606488605,-0.006096823849694309
3130,420,0.0008637099051465279,-0.0007559968994233016,-0.0051897221583211695,48,0.06256322992344876,-0.0011503433218621965,-0.003374276083467371
3131,451,0.0009001473152527714,-0.0004987061802855554,-0.007363794954374656,48,0.06482746118262683,-0.001162712531687593,-0.006281184157486949
3132,399,0.0009556707343596066,0.0009466211091530233,0.008491536308565306,48,0.02166979755517895,0.003485049035450891,0.004504307798438257
3133,383,0.0009698754026682538,0.0007665732810870247,-0.002313217289062648,48,0.02810628182747943,0.0012369402802010938,-0.0006407065121839216
3134,492,0.0007957951148026172,-0.0009664895740690953,-0.004531381795874562,48,0.051001293504187584,-9.61178258200076e-05,-0.0037058231427427
3135,393,0.0009343371225831191,4.7585837358642656e-05,-0.009155228382281663,48,0.06800882788740836,-0.0025327820094991713,-0.006872925280558315
3136,486,0.001038735239782435,-0.0008112431629998182,-0.0062095825984715,48,0.06307371686281904,-0.0022804341355650275,-0.006132971593605877
3137,443,0.0010766962953962008,-0.0006281899627191591,-0.0068027439102319315,48,0.08717603344633229,-0.002700177889136294,-0.008063481895614188
3138,438,0.0010874554749877355,0.0013896000292565403,0.008495641949748237,48,0.05314445958900382,0.00013454411760992387,-0.0004783261217968394
3139,395,0.0008006778847756042,0.00012716052068035243,-0.004686629348465105,48,0.08084668017784435,-0.00019059467465029276,-0.005937105224770797
3140,441,0.0009069726050922721,-0.0009120894556462096,-0.0062095825984715,48,0.06498003298926547,-0.0004849180432262498,-0.004158947416116027
3141,479,0.0005395935051366527,-0.0012093049116018856,-0.004531381795874562,48,0.013572921787921466,0.0046450874911987215,0.004999753750928416
3142,464,0.0008446263255056773,-0.0011744627013987805,-0.004531381795874562,48,0.04455064249583851,0.0007591331287744255,-0.0040665189884045855
3143,454,0.0007486677761236711,-0.001000537829519102,-0.0062095825984715,48,0.05845393323141612,0.00044061896478382254,-0.00335757373836211
3144,429,0.0009409296345689253,-0.0008964986096531152,-0.0062095825984715,48,0.1115653923877149,-0.002914551013249403,-0.010222578904674573
3145,410,0.00103135872916125,-0.0009424264508616845,-0.0062095825984715,48,0.12420704421176709,-0.004416395953152762,-0.01094290131912358
3146,394,0.0009292430219102034,0.0005882933331916411,-0.001027752217365771,48,0.056076000531064873,-0.0011326647306560082,-0.006793067559691494
3147,348,0.0011834314691566618,0.00035733575519847523,0.0011070773585871302,48,0.08301715848712354,-0.0021053314580209218,-0.007776371063609306
3148,424,0.0010089693836902395,-0.0002808671913697887,-0.005470247680392726,48,0.07952095857769503,-0.0005990707310927993,-0.005481222822341581
3149,417,0.0008056969806410834,0.0005478927344526735,-0.0027033969787595077,48,0.04939954839002503,-0.00018490079351771854,-0.003737356059750417
3150,468,0.0005366969688628317,-0.001236901454181625,-0.004531381795874562,48,0.05929152758096645,0.00022010443597630241,-0.0021594339066917188
3151,407,0.0011066496573742953,0.0007527080092759762,0.0031220445773585785,48,0.015242010408441198,0.003855826831951064,0.0016160540063396393
3152,500,0.0007441993839940736,-0.0012487878650598236,-0.004531381795874562,48,0.04654996989363469,0.0013000423544778051,0.00041375053918123184
3153,432,0.0008941799089717982,-0.0006941687591678729,-0.00603129872453545,48,0.06644515834396358,-0.00038348481454932894,-0.0015682290552489365
3154,402,0.0010151620453823203,-0.00048469412492093897,-0.003927357308999749,48,0.08349644344142049,-0.002925272263847768,-0.006546687599505836
3155,354,0.0008922294145178242,-0.0005815154925595048,-0.010226952495973843,48,0.03723195536757562,0.002651630573588989,-0.0006651345791933959
3156,372,0.0009186460182512338,0.0005654338690713485,0.004727685760294566,48,0.07704672591091233,-0.0021653426402122276,-0.006292462252967585
3157,431,0.0008184224505105057,-0.0005363848078501383,-0.005961167344017665,48,0.06649235560936984,-0.001152739839052017,-0.004273394275613601
3158,389,0.0009468666548786524,-0.000571556059621392,-0.0054835390946502555,48,0.03826369576974886,0.002409866786086067,0.0021028780923526003
3159,440,0.0009231393327105899,-0.00063905804676068,-0.006592349768678174,48,0.0552095356834813,0.00081447086563078,-0.0017692848353308525
3160,401,0.0008123697319337448,-0.001069045773386068,-0.0062095825984715,48,0.06405422592603438,-0.0015453595357669062,-0.0036187453138261695
3161,406,0.0010693841319451135,0.0005589184735351584,-0.01067147202412903,48,0.10367888475991183,-0.0022520563683236915,-0.006450951327354137
3162,454,0.0009315809559616618,-0.0012295828136480481,-0.004531381795874562,48,0.10114244758173097,-0.0027702863373248784,-0.0076474809312700245
3163,407,0.0010641209312706895,0.001040213992549938,-0.0019046980037318376,48,0.0627520280003524,0.00037889750809607693,-0.003141472312475274
3164,439,0.0010504805328350282,-0.00026901150488940415,-0.006522218388160375,48,0.00020825496728094084,0.00375900813195124,0.0028519369954778905
3165,435,0.0009719989358642255,0.001143620216613718,-0.0012746498223551,48,0.03212777075291795,0.0018876471067700877,0.0024913890531895275
3166,446,0.00048099136344624885,-0.0007256885613730092,-0.0070131380517853,48,0.11550277777540774,-0.004246826370620679,-0.010202026883672381
3167,454,0.00085613305196612,-0.0003094774441467947,-0.007574189095928427,48,0.04920110770196229,0.0015792977042510294,-0.0023563781161132745
3168,396,0.0008835971413131919,-0.00046264235480527466,-0.004534856414385557,48,0.04429232109383985,0.0011391193359859796,-0.0030588797066107114
3169,446,0.0007773789551155726,0.000708351975488292,0.006107500702911391,48,0.05296267982882741,0.001417339961005775,0.0003589247887536805
3170,417,0.0007933860717575783,-0.0006138731435063431,-0.004979328016767801,48,0.031389859019176014,0.0015250603549783089,-0.001816418000299462
3171,476,0.0008933726469653883,-0.0009583184302431567,-0.0062095825984715,48,0.014202195381271765,0.0026224807737973716,0.0015477172050775458
3172,482,0.0009027031381928455,-0.0009799361497429375,-0.0062095825984715,48,0.05338864915824615,4.1538919519228806e-05,-0.004205895995008497
3173,402,0.0009721043550236959,-0.000298166160886109,-0.003927357308999749,48,0.01283557339153174,0.003947493017239904,0.004424355451193672
3174,463,0.0006532327655333469,-0.00025078122822332245,-0.01067147202412903,48,0.024118667894156398,0.002094111029455257,-0.0002795474361653727
3175,452,0.0008854339496333205,-7.753955488977449e-05,-0.0074339263348924545,48,0.024433396001406815,0.0017802444811813598,0.00015004986385330765
3176,369,0.0010328025634114687,-5.1955061585916285e-05,-0.0013451166832809322,48,0.11552348619534647,-0.003963844232977439,-0.008195354876408906
3177,451,0.0009657255702678145,-0.001215152969793909,-0.004531381795874562,48,0.08087216031680111,-0.00230769030697694,-0.0062645814932916835
3178,420,0.0010088451197261886,-0.0010008274915482632,-0.0062095825984715,48,0.039307220967055634,0.0013065378813969242,-0.0011639752992371293
3179,459,0.0006502173442486875,-0.0010603554317136533,-0.0062095825984715,48,0.026631745625740888,0.000827611865878099,-0.00337641427582816
3180,417,0.000964187242338634,0.0010141852208492399,0.007646525061983878,48,0.06744532325953212,0.0006355436152498013,0.0002479495121807361
3181,457,0.0010054257287975396,-0.00029890793636698845,-0.00778458323748181,48,0.017985105615199948,0.0017725889366801799,-0.0017156890686579503
3182,416,0.00091515376369694,0.0003598834415343491,0.007699594867469392,48,0.04632874925430863,0.0005138590989302184,-0.002041580360413072
3183,429,0.0009409296345689253,-0.0008964986096531118,-0.0062095825984715,48,-0.010249317099335298,0.004922525258319476,0.004801250509473606
3184,435,0.0008200668918920907,0.000611793265242213,-0.0005656838688240136,48,0.08164736135557149,-0.0018228259805151883,-0.0073122329917172
3185,460,0.0008661975636482047,-3.0295088272293616e-06,-2.795670066201364e-05,48,0.06455197892260867,0.0004930349448356488,-0.0026531080724276554
3186,418,0.0010949701389569178,0.0005059684564870078,-0.0013451166832809322,48,0.0061092235582959065,0.0027735091110704614,0.0002009780685700742
3187,468,0.0009971615790523468,-0.0006041603430631762,-0.008556028423178291,48,0.022937719140251778,0.001745942907532585,0.0019317274617288334
3188,428,0.0008940508081270648,-0.0006954634781940645,-0.0057507732024638936,48,0.06357582640363713,-0.0008460288369333043,-0.006730908882668675
3189,426,0.0007701761652397845,-0.0006756366511937589,-0.00561051044142831,48,0.052540730358208054,-0.0006003856196036567,-0.0031071210679559057
3190,372,0.0011893686585098728,0.00037539950313924316,-0.0015751603915853743,48,0.026357018494725715,0.002359430295477114,0.00045908463754600753
3191,479,0.0009083167897702008,-0.0007242973901369215,-0.009327473608874787,48,0.0686447868042962,-0.0028599661260580635,-0.007200926800875838
3192,417,0.0008472058332170253,0.00015291266203032276,-0.0036652352835926626,48,0.04703569339226232,0.0005283003039879188,-0.0034515743828197366
3193,429,0.00046114126226847645,0.0008204441074996047,-0.003956496178718676,48,0.051913904718480675,0.0006939703339985115,-0.0040487968627054075
3194,433,0.0009296124102943183,-0.0006631638868177456,-0.006101430105053235,48,0.08910027657274122,-0.003029189390340003,-0.007853368093745424
3195,406,0.001014106199608687,-0.00048425607316735647,-0.004207882831071319,48,0.017906531647716717,0.00248428550627845,-0.0002143659878439709
3196,426,0.0008846861361405155,-0.0002584630867798962,-0.00561051044142831,48,0.051722855982789695,0.0002367763469064369,-0.0026019682522008727
3197,433,0.0009806004146689848,-0.0010396131769420738,-0.0062095825984715,48,0.05756612196294231,-0.002830105790132407,-0.005519613336606253
3198,424,0.0010087546219735633,0.0001879201946129441,-0.0033621287350151276,48,0.007278570813189944,0.00359774077998868,-0.000331747617119002
3199,408,0.0009393216492179267,0.0006770003736934344,9.857532653425455e-05,48,0.023338579992322583,0.0036272870857816854,0.0031897362509094255
3200,374,0.0006008533555421879,0.00012531851579327975,-0.00012099660046527988,48,0.06552127285602338,0.001277988697032344,-0.0026025674117115018
3201,436,0.000832103898033185,-0.0008018022112879324,-0.0062095825984715,48,0.05226837180264732,0.0003655391606194672,-0.004316882156265928
3202,451,0.0008130166313269878,4.5396829805095795e-05,-0.007363794954374656,48,0.0398683232777467,-0.00018252507626039666,-0.0009607868332330641
3203,388,0.0010208951262881986,0.0008149409731355358,0.008495641949748237,48,0.05834248638969364,0.00026442729879941167,-0.0041591135416699995
3204,450,0.0008933257504110947,-0.0011177062840336364,-0.004531381795874562,48,0.031234456406653566,0.0009380390167532306,-0.0027443678409303732
3205,486,0.0008671310614860464,-0.0008400580776550398,-0.0062095825984715,48,0.03313554539978747,0.0009257731863540151,-0.0011165164548476263
3206,392,0.0008389598027310002,0.0002842510466480475,-0.0016095071952559846,48,0.05894002346572136,-0.00045528820763486057,-0.004440712604955072
3207,461,0.0008244445752960115,0.000899520015575298,-0.006940929887790007,48,0.03415002755255836,0.0026512943330065514,0.000594698775355236
3208,466,0.0006482852062588123,-0.001250464387619863,-0.004531381795874562,48,0.09145613185712698,-0.003015171972133711,-0.008316506222856318
3209,400,0.0008957626428188021,-0.0007626279234187669,-0.006192800590445552,48,0.03977483950473748,0.001911061690361886,0.002494306421294227
3210,454,0.0008942590244863111,-0.00048301554953855685,-0.007574189095928427,48,0.07002007659690834,-0.0007199137669454906,-0.00504161507355836
3211,415,0.0008782157231025161,-0.00044815335524749436,-0.004839065255731828,48,0.07740284387584462,-0.002205887024127662,-0.006045695500797078
3212,446,0.0006291762045401474,-0.0004885173329571002,-0.0070131380517853,48,0.029213024903344986,0.002427269598130097,0.001153999241057557
3213,448,0.0008463926784481905,0.000942004777546108,0.00600136109194066,48,0.056993190806877814,-0.0005431454016329908,-0.005690874647121681
3214,491,0.0007996006823328562,-0.0010948755747239997,-0.004531381795874562,48,0.05371950266354497,0.001379721503807732,-0.002777646641911505
3215,416,0.0009805467138649495,-0.00032118867960668693,-0.004909196636249613,48,0.08413263313489527,-0.002069227831831149,-0.007162625336372585
3216,404,0.0005149390959914943,0.00018586734858191262,-0.0009129859673337945,48,0.03188499762637598,0.0041632719334248405,0.003049539897302847
3217,443,0.0008385802137369728,-0.0005878058797288491,-0.0068027439102319315,48,0.07054094700330782,-0.002035003884170647,-0.006250438732159514
3218,381,0.0008565819872354925,0.0004946025767224738,-0.008806200955959513,48,0.06824354180386072,-0.0029465097413698214,-0.004966101922981064
3219,402,0.0007655307638633759,0.0011107584305724161,-0.0016095071952559846,48,0.053876304539469566,-1.4877936745471068e-05,-0.0001574580130710556
3220,486,0.0008565679976909376,-0.0011741938163350764,-0.004531381795874562,48,0.09790183301598898,-0.003356891141031047,-0.009641370822327931
3221,460,0.0010090962421749035,-0.0005028991379626147,-0.007994977379035581,48,0.06294712525829604,0.00036760102373859134,-0.0013278980015090543
3222,400,0.0011356331314060792,0.00014199765193917673,-0.0012997789024359468,48,0.0423496820155036,0.00012623460076310097,-0.00019812570440375273
3223,471,0.0008606729345572604,-0.0009826357380315863,-0.0062095825984715,48,0.023422154938691042,0.002952375227332625,0.0018477417272889061
3224,407,0.0010515075430534374,-0.0004502265392378295,-0.004278014211589104,48,0.05076343740272893,-0.0002525215284513802,-0.003696994005851186
3225,431,0.0011140425523334615,0.0008469100124602301,0.008495641949748237,48,0.05921366054721777,-1.2394820848166122e-05,-0.0020559851023717914
3226,460,0.000636881424137253,0.000236639869244474,-0.0009129859673337945,48,0.08550424812548552,-0.0021698641389383717,-0.007977825721461516
3227,416,0.0009682254124811496,-0.0005014124466332127,-0.004909196636249613,48,0.07934416890544616,-0.000944734384274934,-0.005504589144659653
3228,394,0.0010851132851733658,0.001219783163458667,0.008290359890601437,48,0.04330862988030049,-0.0003976744293377431,-0.0029416778434035763
3229,381,0.000991780465847567,0.0006509024111986603,0.008454585537918877,48,0.05757543017116795,0.0006082315496160045,-0.001869716182842547
3230,461,0.0006699454687183522,-0.0006559382287209571,-0.008065108759553366,48,0.044876731317821994,0.0002866939796394054,-0.004956512097469466
3231,411,0.0009439122779097155,-1.9814329819243907e-05,0.00031095838764928774,48,0.09312209752793843,-0.002130310822346701,-0.0056168013918557295
3232,437,0.0008791016053284039,-0.00025564453853505614,-0.006381955627124791,48,0.032111734097639455,0.001557562169310401,-0.0013153956555697933
3233,422,0.0010931978504299176,0.0004991060701011341,-0.0013451166832809322,48,0.07600933994542391,-0.0025104836740756867,-0.00546511752432555
3234,415,0.0009731241506167297,-0.0010275853267212413,-0.0062095825984715,48,0.06517261388173179,-0.0018329034244021093,-0.0062571873946866835
3235,453,0.0008977953665010446,-0.0012481350929976834,-0.004531381795874562,48,0.038718108001859375,0.0008596790994128446,-0.0014427852612306398
3236,418,0.0010412791329076606,-0.00043692604438578045,-0.005049459397285586,48,0.11144805446075157,-0.002276395064336755,-0.0075788763447266205
3237,432,0.0011490481320308886,0.0009573529686275738,0.008495641949748237,48,0.030630636892449603,0.0025142116712327904,0.0005857205795736231
3238,455,0.0010835297412247033,0.00037871288343852005,-0.0013451166832809322,48,0.03128869234156628,0.0008096833079742471,-0.0014033454175631822
3239,480,0.0006190512134805612,-0.0009952994395233984,-0.0062095825984715,48,0.027837206377819057,0.0033789764268058473,0.002553195950260854
3240,486,0.0008671310614860456,-0.0008400580776550363,-0.0062095825984715,48,0.050013207531184656,0.0009191369806439403,-0.0019040329016356064
3241,450,0.0009045315060478773,-0.0007241818637393205,-0.007293663573856871,48,0.02610667670700839,0.002083490673082819,0.0010331613738760181
3242,461,0.0008510532553125307,-0.0006754648342517343,-0.0062095825984715,48,0.050780740550158576,0.0007657948943859787,-0.0004181329127647612
3243,450,0.0010023373576782057,0.0005814904336729028,-0.005504850088183497,48,0.015564966297030636,0.0009044533342494818,-0.0005344867445924301
3244,370,0.0008358254735066325,-0.00048713014758051607,-0.008058534941083273,48,0.04415359903986937,0.0008034561518140346,-0.0010645407063046494
3245,464,0.0008556902242221037,-0.0008293050073048293,-0.0062095825984715,48,0.050141398902286305,0.0004609420716394294,-0.0036064506498132923
3246,453,0.0006275313906404538,-0.0004729316508442702,-0.007504057715410253,48,0.061250996567083105,-0.001594765164467448,-0.005842737038112722
3247,399,0.0008453633828968306,-0.0004964495611037359,-0.004128278122843082,48,0.035207634867177706,0.0023160138552912185,1.1908124495415423e-05
3248,453,0.0007144784048091048,-0.001022843029009464,-0.0062095825984715,48,0.07946893379227005,-0.0024175004314393074,-0.006867142234909213
3249,460,0.0007797801026639501,-0.00046197600006512435,-0.007994977379035581,48,0.05958316985103995,-0.0015653416135916719,-0.006176038505015715
3250,430,0.0011071893711484771,-0.0005711420064391688,-0.005891035963499866,48,0.01796826336946189,0.0013474395321588385,-0.0004980685857591712
3251,416,0.0010106923320238538,0.00020167340338523177,-0.003708536219103945,48,0.04407667892176936,0.001812339445230026,-0.001957355509810063
3252,433,0.0009406253765069346,-0.0008937703900720011,-0.0062095825984715,48,-0.009864323933478802,0.004249298638814965,0.0032944340931684753
3253,440,0.000994666732891369,-8.254994201857546e-05,-0.006592349768678174,48,0.005784455968890434,0.0009153137526707027,0.0001364422623359278
3254,420,0.0009272895282643385,0.000872593886674375,0.0074873156455282225,48,0.0488558707892216,0.000563900370663754,-0.0029951916888500026
3255,412,0.0009152038914362441,-0.00041528616525593476,-0.004628671114178445,48,0.038607330016541264,0.0037513166879649673,0.003167651660823745
3256,432,0.0008549388336973331,0.0008272929133048869,-0.0007140221225366145,48,0.024274390382408972,0.0042540103344170695,0.0049136416647442265
3257,436,0.000882741067515366,-0.0011114416888898457,-0.004531381795874562,48,0.016940374085309684,0.0027433039716964784,-0.00022394051734130407
3258,419,0.0009434438061661837,-0.0003559665240691172,-0.0051195907778033845,48,0.06262083023071319,-0.000675503756041881,-0.005864022049091935
3259,464,0.000865771162588902,-0.0010073619725385619,-0.0062095825984715,48,0.0412461650732463,0.0009841479497834371,-0.0006734533896710047
3260,431,0.0009725929519802882,0.0011537942022371173,-0.0013140448074022773,48,0.07736176998561428,-0.0008048543054080572,-0.005381107174287822
3261,441,0.0010292286064712587,-4.89232094165494e-05,-0.006662481149195959,48,0.035795868182771584,0.0010746143128807124,-0.0012307728104042036
3262,446,0.0009918772334556215,-0.0006545228498191363,-0.0062095825984715,48,0.11204147326019731,-0.002742084406494748,-0.008649616209735153
3263,415,0.000919924618341476,-0.0006353284425529987,-0.004839065255731828,48,0.04133788281253137,0.0004370638912533382,-0.003408132346975283
3264,359,0.0010591595736523284,-0.000652691048619581,-0.009549322010071012,48,0.03308902988808926,-0.001381003334833153,-0.003827780474666552
3265,483,0.0007259431540669959,-0.0008488677455056708,-0.0062095825984715,48,0.054927610507214064,0.00031391572392660064,-0.0009800953098299849
3266,464,0.0008183859321441575,-0.0006967030436088595,-0.0062095825984715,48,0.04187792378892696,0.000899328945714142,-0.0016155056326004648
3267,385,0.00097167117957318,0.001391440086819424,0.009172449709889147,48,0.05393988857744736,0.0011643121516100724,-0.0018850509579423913
3268,391,0.0009243402488302837,0.0010307050582975133,0.008495641949748237,48,0.013401265910976567,0.002343103056501459,-0.0006596806824921489
3269,431,0.0010119250738331188,-0.0004940802028953854,-0.005961167344017665,48,0.12131233906604233,-0.0036306247516516184,-0.01058617162073051
3270,440,0.0008452726598861863,0.0009584668514472407,0.006425919535822992,48,0.0747777970238952,-0.00045213238375776434,-0.003942714958942285
3271,413,0.000792276070521734,-0.0006148908571783733,-0.004698802494696244,48,0.0944959498546224,-0.0029888693843770926,-0.008217738385186744
3272,442,0.0010360876151938952,0.0015914595707229185,0.011543066099225383,48,0.033379588223524936,0.002977941981209131,0.0017695172580144448
3273,424,0.0009968617209439624,-0.0008149898879221025,-0.0062095825984715,48,0.0362204340959531,0.001009115292457112,-0.002377928062394938
3274,386,0.0011009021765948997,0.0010956261356319498,0.008495641949748237,48,0.05386505192845403,-0.0006687511091922997,-0.006131246069815667
3275,428,0.0010080256857058307,-0.00028139432895354574,-0.0057507732024638936,48,0.08493933982619895,-0.0019849457988857285,-0.006182914086647968
3276,383,0.0011742460796300954,0.0002635794021345998,0.0031886614012217873,48,0.0536799764644299,0.0007648973322081486,-0.0018142387351481777
3277,414,0.0009474292399506523,0.0007843637356300028,0.008317046558290526,48,0.07232670575492661,-0.0018934292686119993,-0.004579208498180061
3278,420,0.000968501889036166,0.0005881979897587528,-0.00295807453416147,48,0.01802579168060825,0.003076295140021258,-0.0005740067548389641
3279,470,0.000968576464516438,-0.0008403145855234335,-0.0062095825984715,48,0.06389678064257354,2.7421776573357398e-05,-0.0036153917550935943
3280,441,0.0008910045925858692,0.0009839529975236606,0.008495641949748237,48,0.07259199796303029,4.425956348366733e-05,-0.0038046353495513746
3281,387,0.0007660548778744003,-0.00035192859660877415,-0.005754591289011388,48,0.05698428845260484,0.0004948676484293878,-0.0019254035053834322
3282,426,0.0007813700956859418,-0.0009062630150591909,-0.0062095825984715,48,0.030138130963483056,0.0007435294039724715,-0.0015197015551392835
3283,449,0.0010561299674654093,-0.0007143728562407706,-0.007223532193339072,48,0.018215553346624613,0.0017646493166035941,0.00019065647184817597
3284,410,0.0006792504159801212,-0.0010245797830426562,-0.0062095825984715,48,0.05653354964362667,-0.0002838332231772135,-0.003438225288057848
3285,372,0.0010245250435695092,-0.0007169569499206677,-0.007787482746722141,48,0.06590797558792894,0.0005650142806929367,-0.0008182648489892599
3286,370,0.0009409253974471368,0.0005368886120859489,0.00549130306980547,48,0.06584412643641113,0.0013051995387756525,-0.0029620989032347993
3287,440,0.000973316164288386,-0.0010134778933486403,-0.0062095825984715,48,0.04693875053560226,0.0008406814000450277,-0.0021797520707164744
3288,414,0.0008419809640374887,0.000695660169260739,-0.0032724596145489934,48,0.0658753282736394,0.00042690372297528485,-0.004139395740253531
3289,392,0.0010638991717383224,0.0005040592807813759,-0.0009370766556758003,48,0.08504147148674213,-0.0024529315236551247,-0.007548340436399594
3290,468,0.000856137262471135,-0.0008270940645402035,-0.0062095825984715,48,0.06692771360299876,-0.000670135159211013,-0.0050048642162534
3291,421,0.0008358057415971069,-0.0008245934046666528,-0.0062095825984715,48,0.010889068981922656,0.0034061375527615267,0.005510154739237324
3292,410,0.0008105280687612489,0.0008183592832878882,-0.0006505843749201289,48,0.027200111391541437,0.0024927259498732177,-0.0011424908615457544
3293,469,0.0006172631725637895,-0.0012644378589550982,-0.004531381795874562,48,0.08318391042076478,-0.00305751178439523,-0.008452837252642852
3294,479,0.0008262626643437097,-0.0005588837885562269,-0.0062095825984715,48,0.055735810642035255,0.0011974425028532434,-0.0014852256870016775
3295,463,0.0010134903493434818,4.1204805994881494e-05,0.0020733168468675886,48,0.02629192274614478,0.0014253191337726973,-0.0007561851132480563
3296,423,0.0007645161537876335,-0.0004514365634821875,-0.005400116299874941,48,0.04351966980996158,5.7811036480929015e-05,-0.0023510561801083855
3297,426,0.0010684278480569114,-0.0003937090277856582,-0.00561051044142831,48,0.05439958003901468,0.00030037991317315854,-0.0038493539791813088
3298,419,0.0010663808475771626,-0.000190339316622469,-0.0051195907778033845,48,0.05592721568419545,0.0009938613133223737,-0.0030788436195015034
3299,442,0.0007761969212310214,0.000715172648859631,0.006319779924852262,48,0.0006337633162308842,0.003675005604074284,0.0004974413986679645
3300,416,0.0008093349635469212,-0.0010342344413674306,-0.0062095825984715,48,0.061901131053488045,-0.000882977811160637,-0.007075663165084095
3301,428,0.0006595840437097376,0.0005664383533100607,-0.0004549753342023566,48,0.060156673787959414,-0.0009593078650717377,-0.004675420110611259
3302,405,0.001127932071153876,0.0005895922557844508,0.0031886614012217873,48,0.08916209998041547,-0.0011013740395222071,-0.007043969020061075
3303,391,0.0010128783128925225,0.00034886101199861717,0.0018210196048359453,48,0.02781933170105355,0.0007054007197266014,0.0010313293461406223
3304,402,0.0011677038980137029,0.0007182797054843589,0.0031886614012217873,48,0.047266656350255065,0.0013353886178588108,-0.0012779359845695032
3305,480,0.0007206788126549605,-0.0006953704021930539,-0.0062095825984715,48,0.059213916916553866,0.0005255257043122038,-0.001525549918481162
3306,367,0.0010431190221631076,-0.00040203155976244187,-0.008465113232624971,48,0.046983011072681546,0.0003216930918216194,-0.002344899288369383
3307,467,0.0006081219522834722,3.086503739294696e-05,-0.0016095071952559846,48,0.14299528841276166,-0.004569111459069764,-0.010561547142376147
3308,358,0.0010167648993283903,-0.0006872852994992268,-0.009684848107251565,48,0.03122276492585585,0.0020135447636713474,0.0004043658830940218
3309,473,0.0008633512137331927,-0.0001325908880815893,-0.008906685325767646,48,0.029961886490137535,0.000944485318882549,0.001369195365614249
3310,435,0.0008082837622928681,-5.468946998120339e-06,-0.0013451166832809322,48,0.017359527228879457,0.0026686137876491822,0.001267772175380797
3311,435,0.000976613398180396,-0.0011572986963557935,-0.004531381795874562,48,0.0615465006987197,0.0006420618358553912,-0.004373419186803257
3312,429,0.0009747942014447647,0.0015991672112540736,0.012317243053957871,48,0.03826946575724299,0.0013521697309073818,-0.0013872986445883397
3313,476,0.0010793669319579687,-0.00046666266001194404,-0.009117079467321015,48,0.08684358592197217,-0.003323098462245027,-0.007497607590915278
3314,416,0.0009274750650807417,0.0008807438877108135,0.007699594867469392,48,0.03150200605226716,0.0005167227373993073,-0.00041429231879928745
3315,460,0.0009987123247861543,-0.0006055610268954972,-0.007994977379035581,48,0.02254999194846674,0.0027347327760240854,0.0024444489707858667
3316,383,0.0007963624163438762,-0.0010581071892242881,-0.0059075064540040495,48,0.020270559886439776,0.003134378265426681,0.0034470005191065967
3317,469,0.0009360223568040593,-0.000862291246206074,-0.0062095825984715,48,0.06872731143726041,-0.0001465108568603577,-0.003411872974200184
3318,398,0.0007206085446016977,0.001338626649311084,0.008495641949748237,48,0.07355140615840128,0.00018629368397614886,-0.0036594244680620315
3319,414,0.0009371186389611564,-0.0006945735267491863,-0.004768933875214029,48,0.0130860293263374,0.0013758779738593597,0.002619283532535731
3320,398,0.0005296721061535479,0.0002130766634529978,-0.00331965851289541,48,0.025189977515618578,0.0025277826506235196,-0.0015513661632324122
3321,457,0.000860790221671414,-0.0008488249005597949,-0.0062095825984715,48,0.04425607185521985,0.0027993715442113758,0.0026841236928752555
3322,427,0.0005705449114696863,-0.0004948946952293073,-0.005680641821946095,48,0.04999239800164679,0.0004264664817303747,-0.0014278587086525157
3323,462,0.0005716981037604454,-9.083911084829203e-05,-2.795670066201364e-05,48,0.028259510910351282,0.0030179836612920664,0.0006052999574628383
3324,416,0.0008632840994329529,-0.0007575839139286299,-0.004909196636249613,48,0.05291353082534911,0.0013626817493560713,-0.003204988626077319
3325,449,0.0008318341497010138,-0.000562039078040151,-0.007223532193339072,48,0.04395333694214465,0.0015299647456617667,-0.002871780063393479
3326,385,0.001061589057620804,0.0009508086023278916,0.008495641949748237,48,0.04351976760170029,0.0016334740308402308,-8.8984179973009e-05
3327,467,0.0006343887648907883,-0.000957484528299548,-0.0062095825984715,48,0.06835671746611893,-0.002230925493640838,-0.0071629570114515005
3328,431,0.0007790903286576758,0.0009174999638377843,-0.004143023285535466,48,0.06498647778201638,0.0002685465728623406,-0.0052258119307000035
3329,384,0.001008702305203035,-0.00045999469224041953,-0.006161169580553849,48,0.05452759827770415,-0.0008831444309308767,-0.004847310814492228
3330,462,0.0010750155354192622,-0.000440671922616466,-0.008135240140071151,48,0.09006748868470293,-0.002441881021365609,-0.006819761201245035
3331,400,0.0007853736133476476,0.0009046604336116794,0.008493589129156764,48,0.050305823634555824,0.001150904463027555,0.0009039437453667691
3332,405,0.0009346630112121849,0.001171152628636797,-0.0015701122102088072,48,0.052084358381751183,0.001867510874444575,-0.0007388673081862203
3333,444,0.0006580007083227691,0.0007841197831270595,0.00621364031388183,48,0.028103536725879064,0.001721326873078308,-0.0010092723499265203
3334,427,0.0007253234574366172,-0.0002702375879220058,-0.005680641821946095,48,0.04511519233384431,0.002983694574195537,0.0021408363588534436
3335,404,0.0009269247749481646,-0.0006610625396906988,-0.004067620070035735,48,0.05414036397674582,-0.00010782573711226595,-0.001962061637787501
3336,415,0.0009731241506167306,-0.0010275853267212413,-0.0062095825984715,48,0.06090931176625569,-0.0004326507068008814,-0.004505006497759567
3337,416,0.0009805467138649512,-0.00032118867960669387,-0.004909196636249613,48,0.04244870192479866,0.002193251358003377,0.00233458082584158
3338,351,0.00102661738240554,-0.0007150857834914391,-0.010633530787516304,48,0.09226475744802076,-0.004501252538172403,-0.010813598619825754
3339,412,0.0008083771117429247,-0.001037786341925133,-0.0062095825984715,48,0.05288044354077892,0.0008007683537589461,-0.0005478807174818107
3340,453,0.0007352162639378294,-8.94896378166761e-05,-0.007504057715410253,48,0.08314220043721077,-0.0026124568113969106,-0.008396594341973034
3341,428,0.001048467721977248,-0.0004618857511955385,-0.0057507732024638936,48,0.04117211627896478,-6.409543508997112e-05,-0.004772837071942371
3342,423,0.0010017543929616672,-0.0009794065312297082,-0.0062095825984715,48,0.048398312647131236,0.00026504660918689506,-0.0041628458377742615
3343,463,0.00083257314570114,-0.001029248007632405,-0.0062095825984715,48,0.06875209252027104,-0.0015118150830551787,-0.005116054275849016
3344,443,0.0010491939700045397,-0.0002696821315579974,-0.0068027439102319315,48,0.05543253308107776,0.0005956761083708026,-0.0024982255755970854
3345,429,0.0008894662175660565,-0.0004728527895419207,-0.005820904582982081,48,0.06017437759887723,-0.0019368418228080317,-0.005811824967406915
3346,399,0.0008453633828968297,-0.0004964495611037428,-0.004128278122843082,48,0.07163859665678796,-0.0013818713517498808,-0.004940233701010665
3347,460,0.0008174087798904009,-0.0006461427950569913,-0.007994977379035581,48,0.06702624725612116,0.0003198770414413101,-0.004240696746004618
3348,400,0.0009271140857040625,-0.0006623042664313239,-0.00399275202566253,48,0.04474215241370316,3.0805942577148346e-05,-0.0019707211941977568
3349,471,0.0009075472570503184,-0.001250856564364744,-0.004531381795874562,48,0.05336809835850065,0.00048597779411048425,-0.004061062513847923
3350,467,0.0008602676175139953,-0.0009854757747893572,-0.0062095825984715,48,0.0736582214883752,-0.0008630340441810611,-0.006048257142785292
3351,424,0.0008001644788400777,-0.000845487377213322,-0.0062095825984715,48,0.05116604335208097,-0.0009012434852551654,-0.003530429726955907
3352,458,0.0010764742414110604,-0.000440752430064216,-0.007854714617999595,48,0.0634399544332429,-0.0004899812037292162,-0.0016872244405235163
3353,452,0.001021234241610134,-0.0007432861275085585,-0.0074339263348924545,48,0.0501675420046106,0.0003359931003034042,-0.0017512531510312998
3354,466,0.00074273291706063,-0.0008137156064824472,-0.0062095825984715,48,0.03751785414673614,0.0028204644284386994,0.0010027243111137042
3355,449,0.0010069589075673451,8.191647577717159e-05,-0.010236178207192716,48,0.02521395916042457,0.004178848016703316,0.005815701904596227
3356,387,0.0008797826123282692,0.0012688835589468386,0.008466902461467682,48,0.09727216445916342,-0.0031686772742906405,-0.008857220533992106
3357,406,0.0010325741481740872,-0.0009456297482972227,-0.0062095825984715,48,0.042578432533511235,0.002537464698897974,0.0018659624576093676
3358,435,0.0008310475861422607,0.0005683039486876588,-0.0013451166832809322,48,0.05521164868402928,0.0009096376519489163,-0.0021160135904896953
3359,408,0.0011311696131306348,0.00013145359646991699,-0.0013451166832809322,48,0.026052354425935564,0.0026115535962056846,0.002278430330158369
3360,357,0.000940005184396177,-0.0003221520843941124,-0.009820374204432145,48,0.038192948918476244,0.0014797041351250536,-0.001722430705775449
3361,425,0.0010447987568618436,-0.00024657404500978697,-0.005540379060910525,48,0.0823767857401797,-0.002161237319117503,-0.006768390605850126
3362,411,0.0007717079417568391,-0.0007064940613047445,-0.00455853973366066,48,0.02951750935548625,0.0011069589209144193,-0.0014223213016949145
3363,427,0.000858101417489464,-0.001029896294554921,-0.0062095825984715,48,0.07841270479712203,-0.00042190066996897375,-0.005107477549748784
3364,382,0.0008258476287632526,-0.0002521802083298129,-0.006432221774914981,48,0.059027576302228324,0.0006597856578323472,-0.005746155500735182
3365,415,0.0009731241506167288,-0.0010275853267212413,-0.0062095825984715,48,0.049347657767558895,-0.0009136547604467315,-0.005783041179962992
3366,395,0.0007758393926069586,-0.0005890556675030301,-0.0046703825115661235,48,0.061861828214872516,0.0001527819850217129,-0.0030774088847128067
3367,399,0.0009556707343596062,0.0009466211091530199,0.008491536308565306,48,0.04343013948141561,0.0006240160026607586,-0.0034103853442089133
3368,369,0.0010201046148180975,-0.0004751717407830286,-0.008194061038263839,48,0.04413115057762795,0.001645116009247504,-0.0028528429283596526
3369,362,0.000954574593543553,0.00021393281254114722,0.0031886614012217873,48,0.0820755688995386,-0.002742408310417877,-0.0074915822854070245
3370,449,0.0009571776568753215,-0.0006760536979548079,-0.0062095825984715,48,0.0917489308108198,-0.0026618173427865738,-0.005877624006614816
3371,457,0.0008229320074582712,-0.0003415103074812173,-0.00778458323748181,48,0.03816273376850143,0.0006731663068672792,-0.000622405701791966
3372,451,0.0009387288019313475,-0.0007294648094678322,-0.0062095825984715,48,0.04703122635513357,0.0011340155523999716,-0.0029515103543242688
3373,403,0.001010000971041956,0.0006615804878667853,0.008495641949748237,48,0.018445178949088592,0.003997962286800206,0.0072880041433039475
3374,469,0.0007111067402261525,-0.0008338317272818703,-0.0062095825984715,48,0.08051552651253224,-0.0023501599904999382,-0.007357810521733545
3375,468,0.0008931227144458494,-0.0009637424866271137,-0.0062095825984715,48,0.07123457811733225,-0.002470927640583131,-0.0059060145934129
3376,400,0.0006753420302635284,-0.0005076383919935396,-0.00399275202566253,48,0.07749000989820365,-0.001798108088941203,-0.004344583382793742
3377,415,0.0009322948569063464,0.00046942680372274656,-0.0013451166832809322,48,0.06162983561771673,-0.0005666513350099534,-0.003926569787688256
3378,491,0.0007988572309390509,-0.001477758771145983,-0.00564789254402806,48,0.07821456341348765,-0.001253451322643111,-0.0052644279800956265
3379,483,0.0007610242242322342,-0.0014083593851985203,-0.004531381795874562,48,0.022368462849677417,0.0008259083228214902,-0.003493636570373035
3380,426,0.0007174934409942685,-0.0009697553183011833,-0.0062095825984715,48,0.051296451702941726,0.00045727086878944584,-0.000803124340491089
3381,417,0.0010048398670834064,-0.00046943188207366343,-0.004979328016767801,48,0.05349814569260791,0.0026080935213261963,0.0023798946950618176
3382,465,0.0007466371567587072,-0.0009729319045614221,-0.0062095825984715,48,0.07338403310851171,-0.0011852283854429432,-0.0028540611873208756
3383,416,0.000969083698552298,0.0005956900345470313,-0.002618504460291708,48,0.06307137076231961,-0.001638610153254257,-0.004392760912725252
3384,391,0.0009243402488302837,0.0010307050582975133,0.008495641949748237,48,0.04523054504710755,0.0009839341261836457,-0.002971962158919709
3385,454,0.0009045620099536978,-0.0007229355935493304,-0.007574189095928427,48,0.09703629323755691,-0.00212961470916344,-0.006585230708386229
3386,473,0.0009731346694890125,-0.0006673143806005324,-0.008906685325767646,48,0.007306559180663474,0.0013894812378151926,-0.0005362311463775575
3387,435,0.0008590373390612157,-0.0007232137232435695,-0.006241692866089221,48,0.1018775488881708,-0.0035769422079518637,-0.010418572861072822
3388,450,0.0009526667319877166,-0.0005245794576977381,-0.0062095825984715,48,0.04161114172566205,0.001663004663146353,-0.0012645712283005615
3389,467,0.0009384574378910717,0.0007941446416454044,-0.0013451166832809322,48,0.012718552346917322,0.0034564573227801286,0.0013975597048100329
3390,389,0.0008769143286610345,-0.0006644701614320972,-0.0054835390946502555,48,0.03380752776414708,0.0031766592488023833,0.00318432685155667
3391,482,0.0009019458049265433,-0.0014046055919500096,-0.004531381795874562,48,0.07705057854726094,-0.0014987091962539688,-0.004393277938777796
3392,440,0.0007452439479915321,-0.0005105521622365515,-0.006592349768678174,48,0.03121008962873517,0.001125691805399823,-0.0021358092210478005
3393,456,0.0008856318421747687,-7.894037010295132e-05,-0.007714451856964025,48,0.07145631836123245,-0.0002255317047993241,-0.00499951228918737
3394,425,0.0010038569909982245,0.000727236545800404,-0.003062201262684333,48,0.05096564825622174,-0.0017040392989188975,-0.005920972643049749
3395,402,0.0010582197357409465,-0.0006832850045249313,-0.003927357308999749,48,0.05441825986073978,0.000738905677251404,-0.0020988573094161828
3396,484,0.0009759347532459078,-0.0008553013538632123,-0.0062095825984715,48,0.06566370424277845,-0.0004787888583901792,-0.0028159384666451154
3397,436,0.0010973646218571543,0.000555264096645392,-0.01067147202412903,48,0.0363730705449401,0.00238465098972504,-0.00125094417605005
3398,444,0.0011108398915363497,-0.00059763334471798,-0.00687287529074973,48,0.046616493246085855,0.000845978126577801,-0.003069216395956406
3399,412,0.000915203891436245,-0.00041528616525593476,-0.004628671114178445,48,0.07923128604024432,-0.001481093838626978,-0.006393232961426215
3400,388,0.0007936367947137903,0.0006987682783572346,-0.0026486976970069055,48,0.04436575527136266,0.00026927247105302914,-0.003426173184534677
3401,452,0.0010212342416101349,-0.000743286127508555,-0.0074339263348924545,48,0.06094233061511478,0.0008051440987816329,-0.0007911667262242572
3402,429,0.001083870951020709,-0.0004286800694128408,-0.005820904582982081,48,0.04110982463069979,-9.530496460017843e-06,-0.002774413568018285
3403,412,0.00099262378932364,0.00026665766799236715,-0.0013451166832809322,48,0.039847505487701884,0.0013064854320572195,-0.0018927650149940835
3404,485,0.0010073997392837973,-0.0008333652290868528,-0.0062095825984715,48,0.054322838795570094,-0.0004922963520907625,-0.005182127679169039
3405,401,0.0010203687800155563,-0.0007156803466735195,-0.0038572259284819638,48,-0.0016888355253471543,0.0043844363049885485,0.002946739092644649
3406,468,0.0009402975133651452,-0.0012367753940544235,-0.004531381795874562,48,0.0918376938737474,-0.0019710709978485366,-0.007993551782180964
3407,420,0.0009685018890361655,0.0005881979897587536,-0.00295807453416147,48,0.06039881529804003,-0.0021166929978669886,-0.004915187817101093
3408,364,0.0009317305620790786,0.00016384912946194093,-0.0063842880147228186,48,0.08274573117173045,0.00023163642800999758,-0.0026492478053345286
3409,389,0.001091309266069894,-0.0006206684840362638,-0.0054835390946502555,48,0.05970078561541747,0.000710463176779098,-0.0034335569826154273
3410,440,0.0010563039963704217,0.0008514030466273215,-0.0013451166832809322,48,0.04231013186475474,0.0018079459617043308,0.001182812948555486
3411,441,0.000929426717052555,-0.0007135438046826093,-0.0062095825984715,48,0.018490079978527585,0.0030987966198001374,0.0015086402169393089
3412,399,0.0009122893019682088,0.0011691723845989044,0.008290359890601437,48,0.008583743148539602,0.003874124459220256,0.0033784119116894145
3413,413,0.0009762777714959819,-0.00010475995007909814,-0.004698802494696244,48,0.06271230474447587,-0.0023590822215429595,-0.007152360182588982
3414,372,0.0009314648740847377,-0.0003161059899346487,-0.007787482746722141,48,0.06512756192046032,-0.001421846734240572,-0.0039589581565044225
3415,428,0.0010364732149575721,-0.0009532510799772631,-0.0062095825984715,48,0.06705370595094207,-0.00033858912837240324,-0.004608213055018757
3416,402,0.0010151620453823212,-0.00048469412492094244,-0.003927357308999749,48,0.05800112918373912,0.0004262455262659774,-0.0011878517926382122
3417,372,0.0007082321223469733,0.0011401937703701464,0.0013209860567954465,48,0.053773041155514734,-0.0009330348644855692,-0.004609293651548597
3418,453,0.0008603734139214199,-0.000851168643853796,-0.0062095825984715,48,0.05097389560087395,0.0003495893267213765,-0.004627986760579843
3419,398,0.0005416535492944116,-0.0004855713089109495,-0.004263804220023662,48,0.07534005303891134,-0.0006040454598691732,-0.005402286551540417
3420,456,0.0010479243431983079,-0.0009844850950945158,-0.0062095825984715,48,0.0439383076951424,0.0016702899275332032,0.001279312326834623
3421,450,0.0009045492563340119,-0.0001898384082535086,-0.0013451166832809322,48,0.1534599628890665,-0.004662669854405486,-0.010082531723554286
3422,437,0.0008673541247690882,-0.0007788936924658964,-0.0062095825984715,48,0.042647654273468616,8.091749300565172e-05,-0.0030531087433597615
3423,456,0.0009720243532430999,-0.0003307755639673192,-0.007714451856964025,48,0.05435435706450065,0.0020929748357156053,-0.0007102999901845257
3424,434,0.0007727165806152413,-0.0006732647790835683,-0.006171561485571034,48,0.08895796273277345,-0.0025443934207840316,-0.00682330296085755
3425,401,0.000977203713870502,-0.0005183175438664353,-0.0038572259284819638,48,0.018401828945816545,0.0011981759773708467,-0.0003551422156949924
3426,410,0.0007569018567457359,0.0012052827272747927,0.008495641949748237,48,0.050622506336264195,0.0022776228387239965,0.0007968915049057935
3427,393,0.0009343371225831196,4.758583735864179e-05,-0.009155228382281663,48,0.04849701338437251,0.0005930934587173118,-0.002355327557606972
3428,370,0.0008358254735066325,-0.00048713014758051607,-0.008058534941083273,48,0.03514324120287715,0.0015999067625976082,-0.0009104782515340012
3429,430,0.000964580476362862,-0.0009957479282076999,-0.0062095825984715,48,0.047372659460221844,0.0008157400337913366,-0.0006453526288650903
3430,426,0.0009244799026160311,-0.00085912616151812,-0.0062095825984715,48,0.06050933626281152,-0.0006450084262996352,-0.00376335393524228
3431,422,0.0010931978504299185,0.0004991060701011341,-0.0013451166832809322,48,0.035413081920117384,8.215175484171597e-05,-0.0028922196328776684
3432,455,0.0007932048908584448,-0.0008941837087798887,-0.0062095825984715,48,0.0349245089548077,0.0007198706127614501,-0.0012534449698110555
3433,428,0.0010484677219772488,-0.0004618857511955385,-0.0057507732024638936,48,0.07627759419113622,-0.0022064590335029582,-0.005276368410671375
3434,383,0.000994559886744017,0.0003906987547505963,-0.0013451166832809322,48,0.005360147926088077,0.0031828636906152214,0.001084135790320911
3435,456,0.0005585857395994901,0.0009584929274479405,-0.0016095071952559846,48,0.07921357176135957,8.617923305061573e-05,-0.004864763875135025
3436,357,0.0008915200540763812,-0.00012731402951877968,-0.009820374204432145,48,0.05893595688568265,-0.0019054578430744151,-0.004842882582961311
3437,402,0.0009171844398639167,0.0008281298310075947,0.008495641949748237,48,0.018982768644583148,0.003938491135702812,0.004707810528330247
3438,476,0.0005694743007240467,-0.0011952010395292305,-0.004531381795874562,48,0.05355210794695697,0.001069766272854985,-0.0032545578833137988
3439,452,0.0008149979082308825,-0.0012200331289157068,-0.004531381795874562,48,0.05185113645639805,-0.00020466945175982507,-0.0032679789977699755
3440,482,0.0008308807667232708,-0.0007092440293520255,-0.0062095825984715,48,0.022461595154447678,0.002304015123375691,0.003290254070017245
3441,476,0.0005694743007240467,-0.0011952010395292305,-0.004531381795874562,48,0.03545504875463079,0.0010954556217630494,-0.0007623306024162578
3442,467,0.0007869028722404673,-0.000276956447319808,-0.008485897042660506,48,0.04066951876546365,0.0034434624984259407,0.002072580019499016
3443,436,0.000983687474014559,-0.000639875741356797,-0.0062095825984715,48,0.06521902844362149,-0.0006105760601200425,-0.006400754829323861
3444,451,0.0009385268973462679,-0.000693597501114333,-0.007363794954374656,48,0.04758187403350134,0.0010452814964369804,-0.0023236934497261504
3445,428,0.0008416142648359666,-0.000982831409089703,-0.0062095825984715,48,0.009047558320227966,0.0025891607430984023,0.0020101539122679597
3446,454,0.000893454983441469,-0.0011139025839516058,-0.004531381795874562,48,0.048635594731543996,0.0016481808558483097,0.0012636989750761315
3447,411,0.0009191525722139181,-0.001251286843497592,-0.004531381795874562,48,0.054839126224077495,0.00023907764907410423,-0.004029349957192927
3448,438,0.0009645700009232108,-0.0006918213609604061,-0.0062095825984715,48,0.006832146275739026,0.0018887601211961293,0.0007855256938616006
3449,451,0.0009003492198378484,-0.0005963583719335482,-0.0062095825984715,48,0.07874622356409788,-0.0005204881646142002,-0.005886761000728231
3450,479,0.0008977894619277126,-0.001096952938954912,-0.004531381795874562,48,0.034878106781698226,0.0016064017726724524,-0.001969292407145152
3451,447,0.0010374661031482138,-6.400589382752828e-05,-0.007083269432303099,48,0.06786944517139426,-0.0008736103738582138,-0.0050233107870053546
3452,459,0.000965514632723331,-0.0006362513582151633,-0.007924845998517394,48,0.030737664667374487,0.0016951657050916884,0.0009321637337218382
3453,376,0.0010232853484183268,-0.0007152382304783655,-0.007245378357999127,48,0.06486762211515484,-0.0018250404916423848,-0.006526467960165615
3454,488,0.0009399082045989469,-0.0007212929065420932,-0.0062095825984715,48,0.03443419711684259,0.002857386165289905,0.0018625114184244
3455,427,0.001012898669846933,-0.0004945030940278969,-0.005680641821946095,48,0.08504277525012127,-0.0026182089530021914,-0.007347260515385107
3456,423,0.000682676004737196,-9.818304858607435e-05,-0.005400116299874941,48,0.08332883876713504,-0.0028581227230273457,-0.006890158378946527
3457,464,0.0008183859321441575,-0.000696703043608856,-0.0062095825984715,48,0.06715898018392963,-0.000826853565793902,-0.00812382617149756
3458,435,0.000859858136775234,0.00013315834664413828,0.0008641496050915513,48,0.03805525314884772,0.0015097785956334053,-0.00047718303900658524
3459,415,0.0008667250860662184,0.00020022894817505604,0.0031886614012217873,48,0.08186816960168308,-0.0026001604371917453,-0.007092671425612495
3460,422,0.0010931978504299176,0.0004991060701011341,-0.0013451166832809322,48,0.10690644955898132,-0.0044269239221083855,-0.0086115585549906
3461,447,0.0007135007465984781,-0.0005416517066263241,-0.007083269432303099,48,0.05127802365141587,0.0009416755169497464,-0.0009345817390405305
3462,444,0.0008458377142958459,0.0009501896154760128,0.00621364031388183,48,0.05292649814823236,0.0009941455896417348,-0.0037345165227954807
3463,470,0.001083095268006358,0.0008359067132826005,-0.0013451166832809322,48,0.03840956776652826,0.0015658237837831747,-0.0005965074173295663
3464,447,0.0007135007465984781,-0.0005416517066263241,-0.007083269432303099,48,0.03232234955098656,0.001497265635669355,-0.0010830979550638456
3465,421,0.0010047678061206925,0.0007356559656632447,-0.003138658845180605,48,0.025924922268211414,0.0007540093386389606,-0.0007858650277923363
3466,414,0.0010425669148743212,-0.00043715477282390766,-0.004768933875214029,48,0.04939368258418919,0.00020044603945136574,-0.0021398847641071507
3467,476,0.0008677937761255878,-0.0003323553108976057,-0.009117079467321015,48,0.025093248183751582,0.003477559430980017,0.0023005945086778806
3468,370,0.000882607072220599,-0.0006953500719662879,-0.008058534941083273,48,0.07449190571320341,-0.0014387239251245215,-0.00634947864853002
3469,443,0.001026035255828282,-0.0009251015664295432,-0.0062095825984715,48,0.06971846276821358,-0.0006366652104421947,-0.004187014932385522
3470,405,0.000758801065206505,-0.000671702732099811,-0.00413775145055352,48,0.011275110728590776,0.002594630795837702,0.0014736767674931456
3471,442,0.0006658140360896831,-0.0006859372215906549,-0.0067326125297141465,48,0.045006734402049275,0.002507452608051082,0.002843842119562019
3472,457,0.0007161721929452034,-0.0010197618521373096,-0.0062095825984715,48,0.022316964295072572,0.002000406631266617,-0.0011527698884860188
3473,433,0.0010822462189037374,-0.0004286087239208751,-0.006101430105053235,48,0.01754984219242417,0.0034881426270428036,0.007469029964924453
3474,475,0.0008718791073227894,-0.0005389185083101468,-0.00904694808680323,48,0.08124987884255896,-0.0022071238945801843,-0.00959544252282132
3475,432,0.0009559934314474477,0.0008090258120850187,0.008495641949748237,48,0.04054083864012603,0.0026703260425809637,0.0012526220974637854
3476,487,0.000863147756344297,-0.0006852084613742024,-0.0062095825984715,48,0.08985643746090233,-0.003637040937024643,-0.008275487562749942
3477,399,0.0009990521667510043,0.0006799277996273828,0.0032948010121922194,48,0.010728635827744304,0.00351373148639819,0.0007797267652691099
3478,463,0.0006532327655333469,-0.0002507812282233233,-0.01067147202412903,48,0.034958867930379944,0.001056413532443073,-0.00242834448295667
3479,446,0.0009045004549867973,-0.0007254537805254056,-0.0070131380517853,48,0.04861914704441472,0.00021953548215454012,-0.0029678417115013705
3480,371,0.0011021549769808167,0.0006075432492449462,0.004780755565779782,48,0.028023977231888986,0.003425970408132648,0.002853789034710015
3481,415,0.0005720585739938519,-0.0007477170378454301,-0.004839065255731828,48,0.07887696252886567,-0.0018799315952508274,-0.0062791104693415145
3482,441,0.0009686765844542965,-0.0008498803780978732,-0.0062095825984715,48,0.060177753816508694,0.00021879588834302667,-0.00558173564864194
3483,484,0.0009401719608406042,-0.000722955168634281,-0.0062095825984715,48,0.06941682897064583,-0.001202538236036825,-0.006723034049362895
3484,485,0.0008248568946312845,-0.0011921134750798,-0.004531381795874562,48,0.09081226608550641,-0.0015277684528621242,-0.0056473975791039265
3485,473,0.0009365401842370731,-0.0004774088815612462,-0.008906685325767646,48,0.05355338085739403,0.001078794598062257,-0.0005465512709361704
3486,384,0.001008702305203035,-0.000459994692240423,-0.006161169580553849,48,0.04364251658038176,0.0004858931931973117,-0.001975555865050712
3487,368,0.0009914665904577433,-0.0007811143878500987,-0.008329587135444405,48,0.04568014282146171,0.0006370375268080434,-0.00015266061787567314
3488,457,0.0007858375993213566,0.0011292896364822197,0.008495641949748237,48,0.027737104028032866,0.003461796831064878,0.0012058175470772772
3489,408,0.0011861569976890389,0.0010368694686381415,-0.0004573716228305647,48,0.04931620730418895,0.0010471878574424935,-0.001150453412158841
3490,360,0.000883913217431065,0.0006055885121417533,0.0005137323313652992,48,0.045130292614799505,-0.0005250096969468786,-0.0035198979324751883
3491,362,0.0010155630076160134,-0.0006855532872550169,-0.009142743718528551,48,0.030172041374878944,0.0034785392199180084,0.004065896000600854
3492,443,0.0009000056198287401,-0.0004993368474703677,-0.0068027439102319315,48,0.018464850681647382,0.0022286172394875795,0.00018314666869577445
3493,438,0.0008027913399690041,-0.0006195261642967798,-0.00645208700764259,48,0.060776263664952035,-0.0007349570147929946,-0.002422491157559624
3494,468,0.0010081309145318807,0.0006642240773687344,0.001183135559645252,48,0.10542487616065666,-0.0036143788035806375,-0.008889377531352386
3495,414,0.0009362562065804853,-0.0010508260977065767,-0.0062095825984715,48,0.039535458842671733,0.0020276872345983635,3.37267413273272e-05
3496,445,0.0009574151329701458,-0.000607690449699487,-0.006943006671267515,48,0.10352322904859013,-0.003794034674052085,-0.007325882413726618
3497,410,0.0009900315172348883,0.000540890013962356,0.008018013700380688,48,0.05637090516360388,-0.000695232827186195,-0.002627096028317736
3498,482,0.0007296748588317536,-0.0010076380788733887,-0.0062095825984715,48,0.060940912927085256,-0.0012898222753403715,-0.006060655031568336
3499,411,0.00099661508003363,-5.62084023178859e-05,-0.00455853973366066,48,0.032991914678421774,0.0011527297598905983,-0.0013829182581995975
3500,446,0.0010031834891429574,0.0005885938305596854,-0.005165280014313732,48,0.042058553897784456,0.0011587560652644123,-0.0032568633946294494
3501,412,0.000927664204553774,0.0008889920878956585,0.007911874089410256,48,0.08096050416421974,-0.001621639908444836,-0.007820337128458702
3502,458,0.0010008882522225563,-0.00010204669379664313,-0.007854714617999595,48,0.03571903888456707,0.0004472102781828604,-0.0032178441246835283
3503,478,0.0010145140762472431,-0.000528421019219745,-0.0092573422283566,48,0.0839403548623433,-0.0016648264269796265,-0.0049122761122856445
3504,412,0.001088077891757363,0.0012908117457022597,0.008495641949748237,48,0.031553758665720966,0.00224960926633711,-0.0002484346619875434
3505,443,0.0007499932637063094,-0.0012823206771757148,-0.004531381795874562,48,0.05227866883954724,0.0012546218312242292,-0.0024991625364533705
3506,436,0.0006922764261244295,-0.0008456229437647511,-0.0062095825984715,48,0.08640294421725914,-0.0028411213517236245,-0.007016869367176177
3507,443,0.0006228349018367664,0.0006776120972951747,0.006266710119367039,48,0.08093358478778112,-0.0011443555744163926,-0.006927068197723174
3508,361,0.0007565744778365389,-0.0005774762324151361,-0.009278269815709117,48,0.02786222832260654,0.0019725561764815814,0.0016183314966691162
3509,348,0.0008320331860818568,-0.0007283358772210945,-0.011040109079057975,48,0.0825967208231414,-0.0026401129307319134,-0.008462999571736358
3510,420,0.0008111437006364545,2.8748949367768742e-05,-0.009993418193901288,48,0.06106047774765888,-0.0001549553368499143,-0.0031569931515514627
3511,436,0.0009350343875479065,-0.00046676573070424804,-0.006311824246607006,48,0.042375801914513955,-0.0013749769364901285,-0.0051022602139081455
3512,453,0.0008595852306861034,-0.0011326696693881068,-0.004531381795874562,48,0.11576048224650992,-0.005399421365095344,-0.011367309561634682
3513,428,0.000944447520054772,-0.0003724151428486089,-0.0057507732024638936,48,0.05513629467924219,0.000302210455627964,-0.0012924094428267332
3514,437,0.0009692320342034582,-0.00085237053433403,-0.0062095825984715,48,0.07930388283301482,-0.00027179459049319135,-0.004601410321686261
3515,408,0.0007763133321856204,0.0010711958095359232,0.008290359890601437,48,0.05175313888729305,0.00011019638453341543,-0.005083299043710996
3516,408,0.000993453496088004,0.0002727825368185914,-0.0013451166832809322,48,0.0038718866431549648,0.003015083624675745,0.0020172554866257405
3517,452,0.0009620232926606104,-0.0004195179577159702,-0.0074339263348924545,48,0.054372741408810765,-0.0004933785230922111,-0.003301982495288548
3518,415,0.0010374890405883946,0.0006398821130916884,0.008319099378881992,48,0.038856155063897946,0.0009463625311224629,-0.0012290571436560961
3519,332,0.001106522362742897,0.000700803401595361,0.008353997328936949,48,-0.0020027001819741264,0.0038936582069122256,0.003775879789407603
3520,379,0.0009828703425506613,0.0005747162713139885,-0.0002971877156660533,48,0.04780486002168882,0.0007145575794213817,-0.0038510604176117194
3521,438,0.0008251913500297687,-3.926134260630234e-05,-2.795670066201364e-05,48,0.05733559629586105,6.81876437456097e-05,-0.0038927945085898523
3522,409,0.0006948436305859269,0.0005726400765680827,0.008071083505866203,48,0.016852638593641833,0.001992265177985504,0.0038866853637875877
3523,431,0.0008192508658367182,0.0006202242381573037,-0.000502421849040223,48,0.10112591286729333,-0.0022554899601141265,-0.0069502488979406515
3524,410,0.0006792504159801194,-0.0010245797830426527,-0.0062095825984715,48,0.04887347277509546,5.384940846232811e-05,-0.0029358826171182045
3525,414,0.0008001713226747655,0.0009721883528045977,0.007805734478439817,48,0.03879003812165571,0.0008720451998522945,-0.0007785136942720199
3526,447,0.0009000949709403274,0.00025923448129342407,-0.0013451166832809322,48,0.03094923077018219,0.0022681456017649617,0.0010821584386822534
3527,388,0.0010076640721530927,-0.00045955695211593456,-0.005619065191830835,48,0.06399944172193861,-8.202884045398207e-06,-0.005444582240133975
3528,405,0.0008142154862647495,0.00011090658449947836,0.0016719385016485955,48,0.0444136120482872,0.0001807452037315832,-0.0039038260576972697
3529,426,0.0009373688603860296,0.0009839598081755763,-0.0036767055184929592,48,0.08183072149785864,-0.00031070279447735667,-0.004055699660539484
3530,433,0.0009069537396092942,-0.0009177175881432027,-0.0062095825984715,48,0.07428096078258117,-0.0014559462424590022,-0.00508265544821879
3531,425,0.000900512110372868,-0.0007572695814025664,-0.0062095825984715,48,0.02096947683477335,0.0011455250652510074,-0.0015305806106043034
3532,461,0.0006699454687183522,-0.0006559382287209571,-0.008065108759553366,48,0.04010609389239328,0.0021346155796225594,0.0013442680140624726
3533,467,0.0008232029675693106,-0.0008492570068337306,-0.0062095825984715,48,0.06105650149899111,0.00016980804977987686,-0.0031265819097300394
3534,450,0.0009045315060478782,-0.0007241818637393222,-0.007293663573856871,48,0.026326585058969232,0.0013594727844513134,-0.0021830322118579874
3535,397,0.0011194329728413882,-0.0005667035898349604,-0.0043993303172049775,48,0.05221254487298832,0.0022370921732212546,0.0021689263602752556
3536,406,0.0011651451768446845,0.0007104179039909573,0.0031886614012217873,48,0.027638777680348836,0.0023373782248280635,-0.00020810732286724587
3537,359,0.0010109445554791598,-0.00044902428120503074,-0.009549322010071012,48,0.03934632725251519,0.0018252507768614073,-0.001362147142021486
3538,388,0.0009953738289312777,0.00022347011722971023,0.0031886614012217873,48,0.032724529660009716,0.0011467039715355627,0.0014298620361067847
3539,390,0.0011876887128497444,0.00042149546159113253,0.002537733558264957,48,0.029444576269141876,0.000990527885036542,-0.00187994907446307
3540,398,0.000972748683221337,-0.00029774907459324124,-0.004263804220023662,48,0.08529400389159592,-0.0027054736388282853,-0.008191174022358751
3541,444,0.0008955625023459165,-0.00028153610196412354,-0.00687287529074973,48,0.040239029484820166,0.0021599769662611536,-0.001212391141544502
3542,444,0.0008458377142958463,0.0009501896154760119,0.00621364031388183,48,0.04541651233948096,0.0017565403858500073,-0.0015976279700464155
3543,481,0.001008226400738479,-0.0008354744448184834,-0.0062095825984715,48,0.10063044914847197,-0.0013222957042744593,-0.007743619424296473
3544,410,0.0010016622839911392,-0.0002594645792685195,-0.004488408353142875,48,0.05117891518426332,0.0009860616857606964,1.258391659410274e-06
3545,417,0.0008472058332170253,0.0001529126620303245,-0.0036652352835926626,48,0.03125451915544408,0.0017535113366775427,0.002873026838147828
3546,455,0.0008899359529104178,-0.0002771432147385955,-0.007644320476446226,48,0.051783302826071465,0.0008853654975856263,-0.0016966899724684611
3547,463,0.0009276328287111772,-0.00045128383919505743,-0.00820537152058895,48,0.03011707291528476,0.0004812096029670858,-0.0016144017944655746
3548,409,0.0009652863825436262,0.0010324465404717804,0.008071083505866203,48,0.06804790423568619,-0.0007683242649740574,-0.004894309049972626
3549,462,0.0007992314144545567,-0.0010509607047128403,-0.0062095825984715,48,0.07144639260844565,-0.0020674789385212826,-0.007381973741145024
3550,434,0.0010891095005695734,0.00140012067188217,0.008495641949748237,48,0.032054569842148384,0.0019065546206786087,-0.0019469948723320925
3551,479,0.0008623987635590913,-0.0006882435619726922,-0.0062095825984715,48,0.02804670811727583,0.0012523698707491808,-0.0004902402677357531
3552,450,0.0010898640186079796,-0.0006835381415828505,-0.007293663573856871,48,0.053528689082309344,-0.0007506113783265246,-0.004976479952274404
3553,377,0.0010636597655588162,2.5411047693057326e-05,-0.0002570099430002429,48,0.03309668576764102,0.0020469115047777615,2.2550769067722354e-05
3554,440,0.0008721328769637944,-0.00093451381054609,-0.0062095825984715,48,0.01668076141066588,0.0018278893279551987,-1.0854928842101569e-05
3555,417,0.0007641881280651417,0.0008359798473171823,0.007646525061983878,48,0.058220565707010286,0.0009297219648444011,-0.003431207124054241
3556,456,0.000789112909644841,-0.0007347925982436991,-0.0062095825984715,48,0.06512682182808993,-0.0005839516332977832,-0.0038574840375449303
3557,437,0.0009411620079160074,0.0004982296883628929,-0.01067147202412903,48,0.09040960050282498,-0.0029727694767750328,-0.008479361719216604
3558,433,0.0009014933744519488,0.0008165771568480803,-0.0013451166832809322,48,0.028966500630788206,0.00142215007638463,-0.0019511590268420503
3559,400,0.0008966752294046975,0.0009971798936390837,-0.0012467090969507308,48,0.026465129650831476,0.0028236042958780586,0.0029799194637515555
3560,452,0.0009612333656570764,-0.0008285190100152974,-0.0062095825984715,48,0.028830228878309216,0.0017370366897430968,-0.0007186397553057312
3561,449,0.0007826630898029496,0.00031837313551508813,-0.0013451166832809322,48,0.017753699162309178,0.0021682462173826106,0.0027325643865191603
3562,477,0.0009363008007160761,-0.00047725831535423355,-0.0091872108478388,48,0.05781568707710838,0.0003196777192994507,-0.002837791493213504
3563,378,0.0011037994301515757,0.00012202044663927897,-0.0003023477238452213,48,0.04327123674775646,0.001258107207890425,-0.0015525778003324456
3564,414,0.0008944465652177616,-0.0009056912904167082,-0.0062095825984715,48,0.03579341533321245,0.0013166927582506198,-0.00019275117602963326
3565,398,0.000972748683221337,-0.0002977490745932482,-0.004263804220023662,48,0.054035707772676855,0.00032248721943939525,-0.0018463506978899404
3566,382,0.00085867636476876,0.00029740711802158683,0.0031886614012217873,48,0.022746919930495157,0.0016853730113190416,-0.0003229009191313588
3567,436,0.0010855901975350855,-0.0006519128581292527,-0.006311824246607006,48,0.07030914055131365,-1.054220555933398e-05,-0.001443650814492093
3568,411,0.001146831087282091,0.00027051151335655407,0.0012178737571249421,48,0.05420168456600638,0.0011700651325016308,0.00024462232591212357
3569,401,0.0008789817751712532,0.0007276736574465901,0.008495641949748237,48,-0.004155857828074372,0.004287175829403992,0.003205348560884537
3570,462,0.0010750155354192622,-0.000440671922616466,-0.008135240140071151,48,0.09196145995797134,-0.0040200089216103595,-0.010397318974028354
3571,436,0.0008718038785932043,-0.0009374237165181397,-0.0062095825984715,48,0.05062186195821583,0.0013015265588720796,-0.0014370026003024325
3572,337,0.0010336939702684628,0.0006542652010470803,0.0015565012908007464,48,0.04586284165240906,0.002697228875722907,0.002341698836667693
3573,386,0.0008715413484693332,-0.0004371071849190375,-0.005890117386191954,48,0.07908097771934974,-0.0015903343523507012,-0.00683667064722213
3574,395,0.0008685120637056064,0.001372851770097671,0.008621143572834403,48,0.0942162380245466,-0.003295751676097287,-0.0066686751357243855
3575,431,0.0010000140552613732,-0.0009730778232883638,-0.0062095825984715,48,0.09866184288145363,-0.0027867403053925734,-0.008597817644845414
3576,481,0.0008241655282718082,-0.0011959488212021085,-0.004531381795874562,48,0.03674483376978821,0.0019003690588577978,0.0009157515668023718
3577,403,0.0008889358712095199,-0.0006937698949501352,-0.003997488689517548,48,0.07493672041762034,-0.0017686008525926306,-0.006649669045293877
3578,448,0.0009836087296566506,-0.0005517205352868725,-0.007153400812821287,48,0.08492231915322157,-0.0012671975722654272,-0.006851653912377683
3579,437,0.0009692320342034565,-0.00085237053433403,-0.0062095825984715,48,0.024078940793183512,0.0014193422265524206,0.0020924386062003333
3580,466,0.0005745847612333896,-9.668305558021336e-05,-2.795670066201364e-05,48,0.093533606995022,-0.0030621839206808523,-0.008178730369865692
3581,452,0.0007497661957443485,-0.0006038830059617271,-0.0062095825984715,48,0.07851270642781616,-0.00048107010422708714,-0.006373267943596807
3582,414,0.0009371186389611572,-0.0006945735267491863,-0.004768933875214029,48,0.12936887817091003,-0.004084573135123422,-0.009808073207354148
3583,428,0.0006475895366900601,-0.0006543313363677056,-0.0057507732024638936,48,0.07408215898971349,-0.002896064029076528,-0.0074274941244804465
3584,357,0.0009266477211747112,0.000772842832025185,-0.0005687191677530012,48,0.04594192651239759,0.0022697070096742815,-0.000743965645795111
3585,379,0.00109805658589644,0.0005925886430505189,0.00435619712189745,48,0.05344394588698176,-0.0004007559488246118,-0.004451150364759125
3586,440,0.0007059048763456968,-0.0003265621628426134,-0.006592349768678174,48,0.08703879148020599,-0.0014836170677531412,-0.005811635476901729
3587,487,0.0007526265291568947,-0.0012768228718652297,-0.004531381795874562,48,0.03215606930273007,0.000752777681095081,-0.0018661661522337072
3588,387,0.0009245092054139727,0.0010403397818488265,0.008495641949748237,48,0.04689809635162334,0.0002748204759512561,-0.001703884970223224
3589,460,0.0008285688864217535,0.00045928240344106624,-0.01067147202412903,48,0.06038382352816707,0.001391696098705637,-0.0019315447650833859
3590,444,0.0006854231013852597,-0.0005979533536288779,-0.00687287529074973,48,0.04119679414971311,0.0012819278611665309,-0.0015245989168905343
3591,447,0.0010866534564510344,-0.00045512559634370425,-0.007083269432303099,48,0.03580446499417944,0.0009968098190832105,-0.0043642597337840636
3592,426,0.0008846861361405146,-0.0002584630867798962,-0.00561051044142831,48,0.07726078422460403,-0.0009680140517004474,-0.006490399727388706
3593,412,0.001075636966088282,0.0007289876479067044,0.008312940917107589,48,0.08006585166999436,-0.001581498332144448,-0.005532391301668906
3594,418,0.0010826886820085408,-0.0006239255545145775,-0.005049459397285586,48,0.02755757757110533,0.002234243086166699,0.0023159934208794204
3595,448,0.0010703921765968872,-0.00041641232030263306,-0.007153400812821287,48,0.07003613428744504,0.0001045757339148759,-0.003422345136117246
3596,398,0.0009478686244914726,-0.0005774113427765813,-0.004263804220023662,48,0.012419635670693041,0.0008038999855980444,-0.002822041172047464
3597,494,0.0009030159837431634,-0.000976714446561059,-0.004531381795874562,48,0.04447434957502727,0.0012669513667165119,-0.0016010487645759346
3598,422,0.0010577835058540024,-0.0008947817217484777,-0.0062095825984715,48,0.05183123979792126,-0.0003721633447441586,-0.0030170005637629796
3599,463,0.000901335760633973,0.0010326596772773115,0.008495641949748237,48,0.0976586765557036,-0.0018508134891327566,-0.005393746300193002
3600,387,0.001082040930871899,0.000831658108140074,0.008290359890601437,48,0.049850803127872934,0.00272940170936886,0.0010686198188586786
3601,464,0.0008659674103644842,-0.001011305888968507,-0.004531381795874562,48,0.04557902285325155,-0.00041143100868323325,-0.004894281216147406
3602,395,0.0007320186545710919,-0.0004034234612647451,-0.0046703825115661235,48,0.062063401640680915,-0.0007132890548401192,-0.005704983642862666
3603,447,0.0008506860368844176,0.0005422367452505485,-0.00525017253278106,48,0.06833915215337172,-0.00042167268928045704,-0.003446101337444118
3604,398,0.000972748683221337,-0.0002977490745932482,-0.004263804220023662,48,0.04263080559631682,0.0012321526884848059,-0.0015131944255566514
3605,448,0.0006988693768234613,0.0004983608452191774,-0.005335065051248859,48,0.08057717666998909,-0.0013037827611358938,-0.004737925212690345
3606,432,0.0007011252083883573,-0.0007342795154716628,-0.00603129872453545,48,0.07089582255848748,-6.751529485253017e-05,-0.004493228203039004
3607,464,0.0008292535830850011,0.0004523640116247292,-0.01067147202412903,48,0.0570897142100909,0.00035774734615567384,-0.0008646032431986611
3608,471,0.0006843617166242474,-0.0006878226038997803,-0.00876642256473166,48,0.052048822384166527,0.0018518345888412883,-0.0025648581818167038
3609,440,0.0007335765638905745,-0.0009845772382622263,-0.0062095825984715,48,0.05855966387503486,-0.0014598376954142681,-0.00520067240084093
3610,401,0.0007269499104525065,0.0009378936699479022,-0.0013451166832809322,48,-0.005017867694491307,0.004125827677520327,0.0038784408864580584
3611,470,0.0006512721607412741,-0.0007174315257005483,-0.008696291184213875,48,0.01969426502928917,0.0026783878336479484,0.0011129881557103635
3612,399,0.0010977664459951107,-0.0006514966515507037,-0.004128278122843082,48,0.06545803161432773,-5.705094893203311e-05,-0.0040702648462266865
3613,446,0.0008541980942248497,-0.0006958914921180379,-0.0070131380517853,48,0.0436297117769332,0.0014349302898848323,0.00029437640855650357
3614,351,0.001090557099011206,0.00022266846783012672,0.001835557089180274,48,0.024583762315449342,0.001292499259774307,-0.0025411133546304372
3615,454,0.000893454983441469,-0.0011139025839516092,-0.004531381795874562,48,0.04849787065520428,0.002264879921701473,0.0008915587771353706
3616,430,0.0009362466853198217,-0.0007311294460634783,-0.0062095825984715,48,0.03700268489585168,0.002177047416378498,0.001769645813794912
3617,422,0.0009254822528971399,-0.0004402014845053953,-0.005329984919356753,48,0.04185969761681829,0.0013277527122708861,-0.00114440929018568
3618,445,0.0007815365225260456,0.00032375946033074473,-0.0013451166832809322,48,0.04003115472123597,0.002475800542031781,-0.0002906949269646797
3619,376,0.0009772502645774561,-0.0005095585815130289,-0.007245378357999127,48,0.03868691115160361,0.0005466620948789778,-4.627033968574584e-06
3620,428,0.000853608771855645,-0.0005052162535040886,-0.0057507732024638936,48,0.04281299354302914,0.0011857336884918065,-0.0003052373384685343
3621,463,0.0009278295003480467,-0.0005609627161494712,-0.0062095825984715,48,0.03610883938108622,0.002224693885971546,0.001546168412073421
3622,416,0.0007800668324898395,-0.0003673577082103502,-0.004909196636249613,48,0.027185575842712195,0.002463632154537568,5.411729757055436e-05
3623,476,0.0009041576238654342,-0.0005083713482939289,-0.009117079467321015,48,0.014375972294542905,0.003537996744715735,0.0005469224241937236
3624,373,0.0009133071856485624,0.0009639170482874798,0.008438162973187141,48,0.06272204864111819,-0.0004426040270791784,-0.0028154729127867414
3625,443,0.0010376236282987564,-0.00044804134011135546,-0.0068027439102319315,48,0.02455254788228023,0.002179722969122522,-8.52914703165196e-05
3626,378,0.0008509339253882104,0.0010020583520167405,0.0009182578023159554,48,0.08479190436582662,-0.001389157666514134,-0.005902265024372393
3627,387,0.0011267675239576033,0.0005727664564586718,0.008466902461467682,48,0.06597525542204974,-0.0022117283495751757,-0.006879708029477252
3628,396,0.0009817965651969947,0.0005321413617133206,0.007838899113053598,48,0.035255006676373046,0.0014989816163851026,0.0004127018620353473
3629,453,0.0010548219209479091,-0.0007131732365410117,-0.007504057715410253,48,0.07008344418117296,-0.0005667192759566727,-0.003849331197651136
3630,438,0.0009654034133304208,0.0008772998912704158,0.006532059146793424,48,0.06712135691176158,-0.0007692220081248861,-0.006690385499963328
3631,399,0.0007900305360441207,0.0005236583636524274,0.0032948010121922194,48,0.09793217902688023,-0.0028048719448227413,-0.00829411377197898
3632,446,0.0009045004549867964,-0.0007254537805254091,-0.0070131380517853,48,0.06899537563639124,-0.0006942137951372052,-0.0046193767023246755
3633,427,0.0007538563149272629,-0.0006226473616386674,-0.005680641821946095,48,0.07149744186895102,-0.002493794333111433,-0.006701374941893944
3634,448,0.0009625056997436647,-0.00041951389270869846,-0.007153400812821287,48,0.026686290775095767,0.002362725030681044,0.0008041222459226685
3635,431,0.0007790903286576758,0.0009174999638377835,-0.004143023285535466,48,0.060397126940292645,0.0008965365684050659,0.0007888095996671611
3636,448,0.0009721496917003527,-0.0010071703628858446,-0.0062095825984715,48,0.05507447648966135,0.0008998086109806309,-0.002842628631816297
3637,451,0.0008897757955139817,-0.00027658142925985826,-0.007363794954374656,48,0.06505197117172301,0.0006228774073118431,-0.0031904561651526324
3638,407,0.0009972623197260877,0.0006647498320185366,0.0031886614012217873,48,0.04630794534832494,0.0008785183146048595,-0.00026533481879878473
3639,293,0.0010384353573254014,0.00020539995163029214,0.0031886614012217873,48,0.057746205944897544,0.0006731114310845419,-0.001465624957390367
3640,397,0.0007001830627696116,0.00025379467730757624,-0.003252562431306255,48,0.048971396000699,-0.0007105109074285951,-0.005490945338413749
3641,407,0.0008348779484045193,0.00016569938208019393,-0.0018544717940853356,48,0.008600087256703248,0.0027551380472237152,0.0016328075164996486
3642,401,0.0008789817751712532,0.0007276736574465884,0.008495641949748237,48,0.0708566236419963,-0.002256016143221429,-0.007624986726048669
3643,422,0.001134214891956381,0.00010431321720932949,-0.010010160263783437,48,0.07165188839185388,-0.0010614879624456942,-0.005748734627374498
3644,419,0.000890752145320764,0.0007550459552200101,0.0075403854510134385,48,0.07636259543777946,-0.00031053678252324253,-0.0024193180239970025
3645,368,0.0009314725527016798,0.00015654948106259056,-0.006165235283592682,48,0.004861026238317634,0.0014845240829494538,-0.0022096400883778733
3646,395,0.0009682259812205394,-8.34545975270766e-05,-0.0046703825115661235,48,0.0526279350473412,0.0008026147823944835,-0.00150778045474741
3647,438,0.0008136785873892396,-0.000859303070572217,-0.0062095825984715,48,0.10274063525719213,-0.004510899797495246,-0.008921274634960685
3648,452,0.0008854339496333205,-7.753955488977102e-05,-0.0074339263348924545,48,0.07705923910127543,-0.0011483933351863623,-0.005562182140807049
3649,415,0.0009322948569063468,0.00046942680372274656,-0.0013451166832809322,48,0.06048632262658982,0.001136793966802465,0.00014223113404808994
3650,485,0.0006991727912839521,-0.0010259427872072319,-0.0062095825984715,48,0.03377146505778028,0.0008747361238294503,-0.001445339315070687
3651,399,0.0009556707343596066,0.0009466211091530216,0.008491536308565306,48,0.05120830019912814,0.00016477278503377116,-0.0040263584133069415
3652,445,0.0009407703506113113,-0.0001658863535222467,-0.006943006671267515,48,0.04167195688480119,0.0005591687182994239,-0.0006048088347887434
3653,466,0.00074273291706063,-0.0008137156064824472,-0.0062095825984715,48,0.03305791514490053,-0.0010806483452924093,-0.005388920462147215
3654,389,0.0011490029435212807,0.00023740789149166632,-0.005015208445160155,48,0.04387817808443106,-0.00014940664781638684,-0.0031851058461881514
3655,417,0.0008586413592843239,-0.0005228706429294856,-0.004979328016767801,48,0.08301941236143273,-0.0030604972212326977,-0.007033076610931069
3656,424,0.0009679310570580735,0.0005807885816336237,-0.003297644608031239,48,0.06162147501770188,-0.0007451399172966038,-0.004868821016427428
3657,367,0.0010431190221631059,-0.00040203155976244534,-0.008465113232624971,48,0.07514839583999078,-0.0004524396555567467,-0.004030995345542257
3658,410,0.0008529677041076815,-0.00029710343950094253,-0.004488408353142875,48,0.04700016873782986,0.00016412978530257714,-0.004019396195087815
3659,440,0.0007845830196373674,-0.0007070922587142786,-0.006592349768678174,48,0.06596206303331287,-0.001380528618803065,-0.005310123576273865
3660,434,0.0008969444529842129,0.0011893868341901585,0.008495641949748237,48,0.0565931996440866,0.0008727522071646301,-0.0025856580682560096
3661,431,0.0009098075953327765,-0.0010850169693842476,-0.0062095825984715,48,0.061827946159139224,0.0008620969270352677,-0.003382742355209613
3662,429,0.0007354092499020038,-0.0007053725439531769,-0.005820904582982081,48,0.10400044319929802,-0.0014414031301005614,-0.008408255646182184
3663,455,0.0007446822405414539,-0.0004933854588599525,-0.007644320476446226,48,0.05253888344414426,0.0006508223461161658,-0.0007498455288744987
3664,471,0.0006108619649292692,-0.0003214491435569837,-0.00876642256473166,48,0.08111654413924241,-0.0014214685800466847,-0.005895650409703482
3665,431,0.0006138372239423611,-0.0006844881740833975,-0.005961167344017665,48,-0.005883314171522103,0.004781122674255819,0.0062167733195516075
3666,475,0.0008618231031147375,-0.0006468688564276997,-0.00904694808680323,48,0.07079233230086568,-0.0011281951689502343,-0.004944570650949925
3667,426,0.0010177757815455985,-0.0010231986819618268,-0.0062095825984715,48,0.041501312723693506,0.000194818983167519,-0.001483046917647276
3668,414,0.0010007572735115976,-0.0002600282897024554,-0.004768933875214029,48,0.0876971000855733,-0.0010721960812087108,-0.003939832325186313
3669,459,0.0007942052290588805,-0.000891648894909277,-0.0062095825984715,48,0.06382268963027293,-0.0006548818884059612,-0.004918922315192073
3670,416,0.0008093349635469203,-0.0010342344413674341,-0.0062095825984715,48,0.035506801961391,0.0021919604125523445,0.0018090652458245572
3671,403,0.0008459850237550106,-0.0004959349994089271,-0.003997488689517548,48,0.07365723390814616,-0.0013625797478813897,-0.005128312638774921
3672,429,0.0009014327653619112,0.0008246783331303364,-0.0013451166832809322,48,-0.0006798674824302076,0.001750615993130607,3.771174906211719e-05
3673,470,0.0009685764645164397,-0.000840314585523437,-0.0062095825984715,48,0.05281487894484049,0.0003705833975436966,-0.0032137105679256213
3674,443,0.0008493445802608196,-0.0008337698552836927,-0.0062095825984715,48,0.05560975998745088,-0.0004406898930413034,-0.004330289545879298
3675,465,0.0007094130889648016,-0.0008360681161157651,-0.0062095825984715,48,0.06802237812581824,-0.0004278131134150664,-0.004163024886517111
3676,479,0.0008985348627744711,-0.0008221247312966071,-0.0062095825984715,48,0.05370259138561018,0.0008451220371637688,-0.0017886439858498249
3677,412,0.0009926237893236388,0.0002666576679923663,-0.0013451166832809322,48,0.09570460165854366,-0.0029628243294057034,-0.00833183663566582
3678,450,0.0006210576614495028,0.0002022890928790157,-0.0016095071952559846,48,0.07502784965241449,-2.4923512200125675e-05,-0.003243779344584037
3679,399,0.0007900305360441203,0.0005236583636524256,0.0032948010121922194,48,0.08467583210469332,-0.0010853743786946052,-0.008111552268326116
3680,441,0.0009578633999416811,-0.0006085689891356834,-0.006662481149195959,48,0.052634930288426585,0.0005536127175882165,-0.0022749789405146943
3681,472,0.0005406169297872817,-0.0006974808131133131,-0.008836553945249459,48,0.0737736518227865,-0.002306572637720671,-0.005477078876464574
3682,469,0.0005709502538247015,-0.0006684643107680559,-0.00862615980369609,48,0.07034724368343481,-0.0014884003083163143,-0.008009010849940698
3683,450,0.0010023373576782063,0.0005814904336729028,-0.005504850088183497,48,0.04421651733866827,0.001416424992116921,-0.0021709143724728264
3684,463,0.0009650176916143477,-0.0006353840373205244,-0.00820537152058895,48,0.03955111147927681,0.001402165441330457,-0.0021028384501785673
3685,448,0.0007755310004436532,-0.0011076615753719161,-0.004531381795874562,48,0.038890813040926786,0.0016998804132752204,3.168538331759646e-05
3686,441,0.0007695582216050633,0.00026743451032039053,-0.0016095071952559846,48,0.02711093966219058,0.004099282076985686,0.0022222183480620702
3687,429,0.0007354092499020038,-0.0007053725439531804,-0.005820904582982081,48,0.0688655173288456,-0.001290364838435417,-0.006130564728067094
3688,444,0.0010834174984738596,0.0007874297294711155,0.00621364031388183,48,0.051490787300572105,-0.00020795319692110993,-0.003390576494093394
3689,490,0.0007325861868403526,-0.0010020750929087725,-0.0062095825984715,48,0.06792592963788491,-0.002359553620098981,-0.005104385594792087
3690,433,0.0010422896279212732,0.0006479683244780023,0.008495641949748237,48,0.02201741191466633,0.005136157943899953,0.009091163061785904
3691,442,0.0009640579981941167,-0.0006900495385500707,-0.0062095825984715,48,0.07967669242088649,-0.001583844170799556,-0.008002213472988781
3692,377,0.0008424193987662254,-0.0007259732953231214,-0.007109852260818561,48,0.06977191889291967,-9.503580722697649e-05,-0.0051089564046411864
3693,446,0.0009916730653662257,-0.0005768449990553523,-0.0070131380517853,48,0.06896709038792348,0.00012664533463932828,-0.00423714536119953
3694,440,0.0005942087803500872,-0.0012917619835194141,-0.004531381795874562,48,0.043768969032861205,0.0026614041002174012,0.000778644191998315
3695,428,0.0009675836494344118,-0.00011109107652675435,-0.0057507732024638936,48,0.05271402073924947,-0.00019406395178138067,-0.0032826307985418315
3696,413,0.0009638669691336066,-0.0002935008519163243,-0.004698802494696244,48,0.010476050430733741,0.001960133623628733,3.366597356504672e-05
3697,381,0.0006831162677397476,-0.00021705819957579166,-0.01067147202412903,48,0.08032467337982996,-0.0020217796396639065,-0.006556013489753085
3698,373,0.0010326654870502253,0.0010773332894210355,0.0014102957339669694,48,0.0612196234901724,1.8289441664784065e-05,-0.002467356793897965
3699,445,0.0011174692636045295,0.0009070000276418192,0.006160570508396614,48,0.059746177824584246,-0.00029187409254595453,-0.0060147445622458495
3700,476,0.0009662916427977519,-0.0011950673968889394,-0.004531381795874562,48,0.06879268610662004,-0.001231007365039902,-0.00673130261898381
3701,415,0.0007721611851901136,-0.0010573714851779617,-0.0062095825984715,48,0.06893265006446014,-0.001573981113287862,-0.0053570305890906465
3702,456,0.0007786554219911916,-0.0004621678469333701,-0.007714451856964025,48,0.04392078233814922,0.0015560247206508762,0.0004913885746001389
3703,430,0.000977349536851279,0.0006878507581862996,0.0004962474120083181,48,0.03703766821498977,-0.0002567218787800085,-0.002270464471099534
3704,401,0.000909344724098299,-0.0006085773368627832,-0.0038572259284819638,48,0.04424658008036275,0.0010413982464157652,-0.0029713426274466347
3705,452,0.0006793301543419096,-0.0014740086732510857,-0.004531381795874562,48,0.03504494796126301,0.0015194402273456895,-0.00034613296057634316
3706,426,0.0007183503298073169,0.00015359205239238224,-0.0034674296449658804,48,0.0525939215136344,-0.0003314867624221538,-0.003074894690632962
3707,397,0.0009093583364382478,-0.0006097222606599485,-0.0043993303172049775,48,0.06062141187388914,-0.0007901571911834368,-0.005923630885519025
3708,490,0.0008674646340401035,-0.0008379557917041237,-0.0062095825984715,48,0.02890943700714954,0.002704067429850958,0.002694311152277473
3709,428,0.0009968840633458671,0.0005545033707025186,0.0031886614012217873,48,0.06844358340067047,-0.0008636536001747804,-0.005358295552018694
3710,381,0.0010042965140629563,-0.00023989548495074314,-0.006567747872095547,48,0.04296028580125,0.000790712343002764,-0.0027121591189209412
3711,446,0.0006679860510068912,-0.0006848535322621016,-0.0070131380517853,48,0.07403533985474164,-0.00171215504531377,-0.004549727807487237
3712,372,0.0005167695198407879,-0.0007172657193303331,-0.007787482746722141,48,-0.004975646936527189,0.0031276923139774548,0.00030962076855354376
3713,481,0.00047813181871153056,-0.0010015636807344346,-0.0062095825984715,48,0.04406561415353316,0.0013583902716405097,-0.0011169133433001598
3714,377,0.001005076758866531,0.0003188187797808599,-0.0019106407995296282,48,0.055417749726113796,0.0009452235172801773,-0.0011450133873904846
3715,398,0.0009598500676323354,-0.0008471494037329344,-0.006159236574393642,48,0.03481390570284326,0.002174443358276913,-0.000257640490258379
3716,461,0.0010053548370141155,0.0011287504100647447,-0.001018582419548577,48,0.05369888178963189,0.0008844695672763601,-0.0024234073395640564
3717,457,0.0010924104816482122,0.00042088930010723054,-0.006567875674155892,48,0.05975375774030478,8.983790738834388e-06,-0.0026229484845155353
3718,426,0.0009253180411268229,-0.0004400513040515794,-0.00561051044142831,48,0.04436607687571381,0.0011162876547153953,-0.002260818718402856
3719,469,0.0007480133319621189,-0.0009701356606711259,-0.0062095825984715,48,0.04054987463071047,0.0007856302803989842,-0.0025462479401305964
3720,424,0.0007480941819197227,-0.00041528640163611755,-0.005470247680392726,48,0.018572656296674595,0.0029989269776566838,0.0024372421555085688
3721,418,0.0008831680345156067,-0.0006654395881225995,-0.005049459397285586,48,0.0006858014516778477,0.005862716096752392,0.009869446824470288
3722,376,0.0011863753078806022,0.00036793167997812865,-0.0018435447179408482,48,0.049365742433975845,0.0011358451450403251,-0.002021667756403469
3723,378,0.0008509339253882108,0.0010020583520167414,0.0009182578023159554,48,0.1265086489470536,-0.004275328587140541,-0.011399428433915924
3724,455,0.0008518937737364233,-0.00011250217123376718,-0.007644320476446226,48,0.06443997987748928,-0.00023319034171798668,-0.0029075415398735795
3725,457,0.0010545347890351538,0.0007273168697384796,-0.0013451166832809322,48,0.06588367462704348,-0.001648604704534283,-0.006412471575788888
3726,431,0.0008073398472649741,-0.0006429574310623069,-0.005961167344017665,48,0.057702870359362946,-0.0019442025274671072,-0.0031576585564572456
3727,438,0.000763272637859031,-0.0004380907964187282,-0.00645208700764259,48,0.06066964303156741,0.00014717090602389682,-0.001956865003476648
3728,393,0.0010584624345518494,0.0009327744406574254,0.008495641949748237,48,0.07656196072535482,-0.0019599965200015838,-0.005712707648873043
3729,452,0.0009498757351163213,-0.0011775882622773147,-0.004531381795874562,48,0.06839670243571261,-9.378692677183831e-05,-0.0032767033986996694
3730,459,0.0008319158859742774,-0.0010323266102052683,-0.0062095825984715,48,0.054185645019369066,-5.0840727317555054e-05,-0.00566363215113088
3731,465,0.0008251632774384831,0.0008913582232921401,-0.007313984101423587,48,0.036127298862983714,0.0030089924177636486,0.001805584504623689
3732,430,0.000977349536851278,0.0006878507581862987,0.0004962474120083181,48,0.0012386572465959977,0.00378345379856076,0.0020047003329666437
3733,375,0.0011000839233528442,0.0006000181173304378,0.004568476343838612,48,0.033253008148866225,0.0023879311626222328,-0.002140211947899366
3734,376,0.0011403402240397313,0.0007250153380269474,0.004515406538353403,48,0.04774141601508697,0.0019447699148167023,-0.0009771025584736047
3735,382,0.0008711596484600242,-0.00043742225689264586,-0.006432221774914981,48,0.03762070630457581,-0.00020491225556191865,-0.003635149799017169
3736,377,0.0010772556843271497,0.0007635809153940494,-6.645707128924427e-06,48,0.06733904767244348,-0.0006571509317475025,-0.004311985990809723
3737,400,0.0008719195709684852,0.00029037195603286246,-0.003453850676072956,48,0.06144170097257662,-0.00045871355725024716,-0.004874934894147144
3738,459,0.0009647367525368452,-0.000980184348910347,-0.0062095825984715,48,0.047311280844856474,-0.0006873684298482965,-0.0037332438815307553
3739,463,0.0009541265684252492,-0.001056518853797369,-0.004531381795874562,48,0.10209506659696332,-0.004047612500111788,-0.008176350657694245
3740,454,0.0009428885528877037,-0.0008874476987882386,-0.0062095825984715,48,0.06184430388932105,-0.0008522580098309779,-0.0023734482733470813
3741,357,0.0009266477211747107,0.0007728428320251841,-0.0005687191677530012,48,0.047703255661116994,-0.0009308773569614622,-0.004693492680656899
3742,463,0.0005946401444544202,-0.0008227216843486804,-0.0062095825984715,48,0.08453951476550925,-0.0019700335089465684,-0.0075224666216317775
3743,468,0.0008301211459759497,-0.00016457635912097562,-0.008556028423178291,48,0.08460402957138813,-0.0042349972972156764,-0.010109615630786026
3744,413,0.0008038223522894416,-0.0008680303016534788,-0.0062095825984715,48,0.0594759485542109,-0.0015345198394668969,-0.00713573885656088
3745,456,0.0007519546708513987,0.0010050270757565238,0.008495641949748237,48,0.06199161798235964,-0.00021006455799730574,-0.003754881616759742
3746,442,0.0008545190548245396,5.400617661826222e-05,-0.01017758096260514,48,0.05591576668190912,-6.902308327524746e-05,-0.0017138855492749329
3747,368,0.0011453912354458464,0.0007419321562822344,0.00493996498223543,48,0.07661479721867193,-0.000569457992113484,-0.0060956686015923404
3748,429,0.0008491184517754559,-0.00029295365550211644,-0.005820904582982081,48,0.0707797972362797,0.00010368828176603694,-0.0023332849643070523
3749,386,0.0011457446416834177,0.0008202966364630054,-0.002514505533829356,48,0.0013773372073807577,0.0019701876337155557,-0.0010645089695053983
3750,369,0.0010071815406444847,0.0003329990734029925,-0.0013738721468190482,48,0.05522862289179653,0.0012933054420676028,-0.0012186015318724173
3751,423,0.0007123227592386238,0.0005977973567675024,0.0031886614012217873,48,0.05506950869503102,0.00020948062489838278,-0.0025526528617047795
3752,490,0.0005528205262628014,-0.0010900694104221606,-0.004531381795874562,48,0.11222817017584164,-0.0023804982534655003,-0.008077304317636971
3753,441,0.0009294267170525559,-0.0007135438046826058,-0.0062095825984715,48,0.05951998586132545,4.850419985935432e-05,-0.0035942761492773895
3754,408,0.0009817461382477493,0.0001815516860853364,-0.00068838183421519,48,0.04367519038051637,0.001972983305817147,-0.0006695902700789395
3755,444,0.0008840182199683008,-0.0004584871165369958,-0.00687287529074973,48,0.06716702102591565,-0.0016967199804476495,-0.005549458098615678
3756,389,0.0010468126297609806,-0.00042525590062412674,-0.0054835390946502555,48,0.056351897668946105,-0.00022729457450004764,-0.003019186860962586
3757,389,0.0008456147334945934,0.0007720479975713013,0.008495641949748237,48,0.05615128318524665,0.0005667479380817705,-0.001205276382885796
3758,426,0.0008844723826948089,0.000285390131125109,-0.0006565830841193145,48,0.03413345018988445,0.0025408810716651417,0.002358173571652293
3759,427,0.0009611942063944014,0.000453268601981938,0.0031886614012217873,48,0.06168270650594743,-0.00021257379709118188,-0.004218812216289756
3760,452,0.0009620232926606121,-0.0004195179577159737,-0.0074339263348924545,48,0.06685910993488275,-0.0005620828987372463,-0.004088337991474265
3761,425,0.0009522644269731517,-0.0008043859258412278,-0.005540379060910525,48,-0.014735162745814545,0.006822166076010943,0.006374701394919861
3762,417,0.0008171325067083818,-0.0003330572596909817,-0.004979328016767801,48,0.065311024371843,-0.0011274413632369525,-0.0024268251532248326
3763,412,0.0010108033997333265,-0.0010075604793811782,-0.0062095825984715,48,0.10523868435065975,-0.003579388204984043,-0.008791044597243518
3764,486,0.0006955268831896526,-0.0008684514627125446,-0.0062095825984715,48,0.02860609832146699,0.002370010754469758,-0.00034212560638407705
3765,400,0.0010923601525956598,0.000488600123685963,0.0032417312067070034,48,0.06748474920468428,-0.0006159227086244001,-0.003912324887232546
3766,400,0.0011040540411011428,7.809738902073843e-05,-0.009749476011553387,48,0.0508447182223033,-4.4784377904980716e-05,-0.004740931583527223
3767,413,0.001005777844494785,-0.0004698390805455248,-0.004698802494696244,48,0.04285660395999291,0.0002900609550966649,-0.0014596750597976153
3768,417,0.0008463496053858523,-0.0006961695159944312,-0.004979328016767801,48,0.03841259940127806,0.0016824627663863043,1.9335710394216207e-05
3769,433,0.0009814434507760482,1.938640867254343e-05,0.0010565715819338788,48,0.04794720771552041,0.0010905300136452387,-0.001039879039286061
3770,426,0.0009244799026160311,-0.0008591261615181235,-0.0062095825984715,48,0.08131501526467655,-0.0020554800606937713,-0.005523371900687371
3771,409,0.000994182459595332,-0.0009658190282179277,-0.0062095825984715,48,0.05008638298655099,0.0005988778530002063,-0.003111343323803705
3772,461,0.0008886003085102909,-0.0008089874880638954,-0.0062095825984715,48,0.04882749688243648,-0.0010516963455494445,-0.004702343624088414
3773,404,0.0008967872934636453,0.0009875149558753182,-0.0016249073435066486,48,0.0863098085590347,-0.002404805336612118,-0.0075874223531954485
3774,387,0.0009815577994559121,-0.0003031239813350191,-0.005754591289011388,48,0.026612100390712712,0.004512550164825801,0.004500824146385252
3775,443,0.0008884172473582613,-0.0009749423176170086,-0.0062095825984715,48,0.031610205596588004,0.00168791954863462,0.0009526926873710401
3776,425,0.0008485643317982039,-0.00029248630074285575,-0.005540379060910525,48,0.04056197129973149,0.0005686550125087592,-0.0017663296038691705
3777,391,0.0007995800247798718,0.00013378571548329672,-0.004905682079595245,48,0.021207753211677338,0.0022734888478918303,-0.0011920663270272788
3778,426,0.0008440542311542055,-8.724466591680455e-05,-0.00561051044142831,48,0.04650514426132957,0.000490214865010434,-0.004141287677113303
3779,462,0.0009319626368740706,-0.0006653735079831663,-0.008135240140071151,48,0.06325839398088229,-0.001643445713784308,-0.006394412176274039
3780,375,0.0011000839233528442,0.0006000181173304395,0.004568476343838612,48,0.05913639586081432,-0.0011552320848202055,-0.00452477013929601
3781,411,0.000943912277909716,-1.981432981924304e-05,0.00031095838764928774,48,0.06119403618394825,-0.00040324905464467903,-0.0011548051909616476
3782,371,0.000652539750746711,-0.0004989653079964657,-0.00792300884390272,48,0.06803061719229109,-0.001873147395856107,-0.007896904945176569
3783,403,0.000845985023755008,-0.0004959349994089236,-0.003997488689517548,48,0.06005669996466889,4.71245703233987e-05,-0.0043493800604098125
3784,401,0.0010741787060350554,0.0003935106270977866,0.008290359890601437,48,0.028512980073706062,0.001338034721549036,-0.0025452251809106145
3785,417,0.0009518954884401654,0.00044095580196342604,0.007646525061983878,48,0.022131321928343106,0.004591762676211404,0.0019031574598024521
3786,423,0.0009727553350713208,6.2476069902913e-05,-0.01001853129872456,48,0.07851106364840532,-0.0012919410350875175,-0.005679836697780731
3787,391,0.0010693432896041102,-0.0007139921995939595,-0.005212486900289137,48,0.03980506384899685,0.003256239280086082,0.0028591955743929066
3788,438,0.00096457000092321,-0.0006918213609604061,-0.0062095825984715,48,0.06822194322561437,-0.001213027803334826,-0.006159838809929777
3789,400,0.0008286465921580662,0.0006357555840530906,0.0032417312067070034,48,0.043419913542757094,-0.0006980346754374232,-0.005334619827830452
3790,444,0.0009337430080183689,-0.000870248508511872,-0.0062095825984715,48,0.040400611723641844,0.0016919607847607886,0.0024983881019719975
3791,488,0.000975377859361584,-0.0008531198958247749,-0.0062095825984715,48,0.06583008441181915,-0.0021214352819296824,-0.007119672684571667
3792,395,0.0008006778847756042,0.0001271605206803533,-0.004686629348465105,48,0.03455252131448616,-0.00015247807702825633,-0.0032536269871282393
3793,357,0.0011459025370749486,0.00025521102642305643,0.0031886614012217873,48,0.016580765815241927,0.0034501183933899147,0.004016565182981224
3794,434,0.0010049743712698149,-0.0008315389098693254,-0.0062095825984715,48,0.06870123760557356,-0.00019590207142160254,-0.0041463935337566205
3795,390,0.0009860707223831207,-0.0005369745259100125,-0.005348012997469703,48,0.04907676313910292,0.0019385139002212233,5.109334097857729e-05
3796,414,0.0010967766746052122,0.0005129069605327727,-0.0013451166832809322,48,0.06974980577646395,-0.001967380394572775,-0.00737091254550391
3797,425,0.0008772126671387822,-0.0009630571512273325,-0.0062095825984715,48,0.057903603748471255,-0.0008876483203070131,-0.005558470950846946
3798,444,0.000746710161967811,-0.0005101633213691649,-0.00687287529074973,48,0.018082242027772533,0.00354444161453352,0.0032751464707792815
3799,444,0.000746710161967811,-0.0005101633213691649,-0.00687287529074973,48,0.06144336708315268,-0.00042245774497223255,-0.0011113944960876258
3800,459,0.0009389883962968699,0.0008093417944162696,-0.0013451166832809322,48,0.013042609197931876,0.0011797391989528117,-0.0002898239484886902
3801,430,0.0008565877355198774,0.001388301161331663,0.008495641949748237,48,0.024929755681910803,0.0024390325897544196,0.0005904773922021864
3802,434,0.0009249986984214142,-0.0004397842098885045,-0.006171561485571034,48,0.05988452325318372,-0.0006025492504280854,-0.004805950472055832
3803,452,0.0011186073239854621,0.0004950665249623329,-0.0013451166832809322,48,0.051791449945094326,0.0002430257905472362,-0.0040680322616232605
3804,421,0.0008591102651282594,-0.0005223574060047101,-0.0052598535388389545,48,0.07543235189222863,-0.0023056934966371526,-0.00565711811997191
3805,426,0.0008846861361405155,-0.0002584630867798962,-0.00561051044142831,48,0.0517614653211137,-0.0005327538451302127,-0.003820860806023285
3806,438,0.0008251913500297672,-3.926134260630147e-05,-2.795670066201364e-05,48,0.00900815364688079,0.000648805075694368,-0.0012264691529606277
3807,386,0.0009163838135578528,-0.000632749602528293,-0.005890117386191954,48,0.027630612377306463,0.003508438204596143,0.0032643652358283395
3808,470,0.000968576464516438,-0.0008403145855234301,-0.0062095825984715,48,0.03376410556031284,0.002507081461342372,0.00050516856919431
3809,438,0.0009536827535029735,-0.00039520731080546975,-0.00645208700764259,48,0.05586505898493377,6.6054370933734535e-06,-0.0012663115272348972
3810,404,0.0009269247749481655,-0.0006610625396906988,-0.004067620070035735,48,0.043882795546078435,0.0013725223516319425,0.0020871577403877295
3811,401,0.0007269499104525065,0.0009378936699479031,-0.0013451166832809322,48,0.06605306319033677,-0.0006784549556978631,-0.006189662323676036
3812,428,0.0008940508081270665,-0.0006954634781940611,-0.0057507732024638936,48,0.05691268459309806,6.287359298634207e-05,-0.0034624120275662737
3813,378,0.0008831443553346261,-0.000692183092437567,-0.006974326163638009,48,0.041913192556030654,0.002037689250013063,-0.0014559687384839252
3814,425,0.0010040712473932132,-7.485710553817304e-05,-0.005540379060910525,48,0.016429291869259455,0.0013991132765685046,-0.001180316785284869
3815,446,0.0010411748723039667,-0.0009653604246114174,-0.0062095825984715,48,0.0671426423814907,-0.000996990894843123,-0.0058442661241428565
3816,396,0.0007157802883782493,-0.001312433178114577,-0.004531381795874562,48,0.0634102551315523,0.0008560107459359388,-0.0016356819574638165
3817,396,0.0007404249470137811,0.0011383772298261506,0.008290359890601437,48,0.09237215269330823,-0.0028780508653512716,-0.007776518190883873
3818,398,0.0009598500676323406,-0.0008471494037329344,-0.006159236574393642,48,0.08027241514448225,-0.001011902768322151,-0.006156762720557396
3819,340,0.0010880935841862246,0.0009360639365870362,0.002782538404518961,48,0.08061074543883762,-0.0013893324796147022,-0.006315300564406495
3820,465,0.0008988435700035104,-0.0006936950794710142,-0.008345634281624534,48,0.08210656275819661,-0.002808187796715241,-0.006323949988794906
3821,468,0.0006417103924484481,-0.00028835803433025983,-0.008556028423178291,48,0.0657315986217577,0.0004308605008201821,-0.002694614925978823
3822,428,0.000659584043709738,0.0005664383533100599,-0.0004549753342023566,48,0.0634127864036369,0.0013314251582268385,-0.0007665720149285481
3823,430,0.0008968416692970108,0.0011987873550181665,0.008495641949748237,48,0.03792174305874252,0.0011438653188597693,-0.0002046593732233301
3824,452,0.0007767032367172362,-0.0011038859693969852,-0.004531381795874562,48,0.03155677425992831,0.002124045736022921,-0.0016375642566755014
3825,417,0.0009756227684059341,-0.00010613967978436237,-0.004979328016767801,48,0.03259420732755136,0.0008464042700730362,-0.002866128092565534
3826,377,0.0009009812181143195,-0.0011255168362258178,-0.0058068144058482235,48,0.10397411300462256,-0.0024214362575170345,-0.009203048564261978
3827,409,0.0008028035616090608,-0.0008708214329756596,-0.0062095825984715,48,0.044202985705932285,0.0005410362231933474,-0.002567676782787194
3828,459,0.0009278039758079341,-0.000451415136808464,-0.007924845998517394,48,0.08201939413417714,-0.001568043779184838,-0.005191108612201983
3829,414,0.0008419809640374887,0.000695660169260739,-0.0032724596145489934,48,0.07924837569829957,-0.0015402142589993444,-0.005722260588367917
3830,387,0.0008555080640458065,-0.0007601022306784853,-0.005754591289011388,48,0.04675765024473688,-0.0009790460199687132,-0.004525874935355837
3831,399,0.0011106327342267437,0.0007727665937357761,0.003080540858318895,48,0.05648595032116199,-0.0008114415806896695,-0.004794159541796062
3832,411,0.0008779259131146237,-0.00044845178058729174,-0.00455853973366066,48,0.044845757693471544,0.0005385618698010748,-0.0041416631307174025
3833,460,0.0008277753328688013,-0.0008691761520830434,-0.0062095825984715,48,0.06835727388894941,-0.0010584796901486893,-0.004214728921824376
3834,437,0.0010699474420607768,-0.0002111090620145889,-0.006381955627124791,48,0.08001712675525363,-0.000585013980693893,-0.00494467936401939
3835,464,0.0008292535830850011,0.0004523640116247292,-0.01067147202412903,48,0.07435421391800034,-0.0023584747051610486,-0.00770725418322684
3836,404,0.0009396318269393074,0.0006863521611489157,2.6271310993586372e-05,48,0.10036116194010736,-0.0019920303296084036,-0.008028993785947545
3837,402,0.0007527803624313833,0.0004171166812655773,0.0031886614012217873,48,0.08122582375124199,-0.0014987207650991007,-0.007306611214198344
3838,423,0.0009727553350713206,6.247606990291213e-05,-0.01001853129872456,48,0.040167117793228124,0.0006256858733034321,-0.0013701664079315973
3839,484,0.0009401719608406033,-0.0007229551686342775,-0.0062095825984715,48,0.06061460739012392,0.00027382107755311025,-0.0025822843256879426
3840,427,0.0009731980972039127,0.001164086223789585,-0.0013534397924494582,48,0.04661430716230097,0.001418602580773906,-0.0016314891566889186
3841,469,0.0009258377043545431,-0.0009418355325674678,-0.0062095825984715,48,0.03212715376010322,0.0017116601305891613,-0.0023635710918380043
3842,409,0.0007604827999362802,-0.0007288223186435114,-0.0062095825984715,48,0.036101001352998985,0.0018228108200579688,0.0014800807997730463
3843,451,0.0011234661839999423,9.017599840473352e-06,-0.005589742606650815,48,0.05834707184082821,-0.00023047736268388963,-0.0037908261016444296
3844,373,0.0007953108499015159,-0.0005218503124599684,-0.0076519566495408115,48,0.09610359014267067,-0.0027940794897618245,-0.007082207901946481
3845,439,0.0007985190623322966,-0.0004061364635635639,-0.006522218388160375,48,0.06264961145248493,-0.001809304478816406,-0.005144568210061352
3846,402,0.0010151620453823212,-0.0004846941249209355,-0.003927357308999749,48,0.009957782226014178,0.00269304177221393,0.0011871662974102491
3847,406,0.0006467834834157629,4.331811190664593e-05,-0.0014400496511003356,48,0.049401858406336485,0.00038596055236284933,-2.496427221411121e-05
3848,463,0.000976105486440312,0.0005041479570317593,-0.01067147202412903,48,0.026732443366684566,0.002769019573298507,0.0006811877263832831
3849,438,0.0006240836475571651,-0.0004890716457485525,-0.00645208700764259,48,0.008346303731331606,0.003633424526098694,0.003569260774530618
3850,409,0.0010181707344281334,-0.0007126361930081919,-0.004418276972624688,48,0.041727952963588555,0.0004509766799329559,-0.0025670599978731452
3851,402,0.0008626201927509382,-0.0009552624319205325,-0.0062095825984715,48,0.024176305783535246,0.0027521163442192293,0.0002195436936651505
3852,440,0.0009339770926425506,-0.0008728173359357945,-0.0062095825984715,48,0.0797638258314668,-0.0021429724387938744,-0.007052971738731812
3853,411,0.000943912277909716,-1.9814329819243907e-05,0.00031095838764928774,48,0.05438997185974681,0.0002314379878570888,-0.0030575207830390513
3854,449,0.0007336770440231708,-8.813812783660738e-05,-0.007223532193339072,48,0.04420827469351685,-0.00041053989355109913,-0.00450615324287704
3855,410,0.0008279449958635762,-0.0009725338122583381,-0.0062095825984715,48,0.0670132159451492,0.00042607405425044466,-0.0033886637734771245
3856,396,0.0007961769821002241,-9.62710771868977e-05,-0.004534856414385557,48,0.05194613245236146,0.0021601781875254123,0.0007341599546721103
3857,374,0.0008365973261895412,-0.00048657061998905876,-0.007516430552360259,48,0.0629153425687542,-0.0005660569537555993,-0.0030344918143940525
3858,455,0.0008312470700324393,-0.0010354519010653922,-0.0062095825984715,48,0.0775176776427976,-0.002596629363779357,-0.006281685772566228
3859,497,0.0007296144399562016,-0.0011908526234515326,-0.004531381795874562,48,0.061022890852282186,-0.0014276643578507286,-0.005041838607691952
3860,437,0.0009294145273566895,-0.0006620651137003025,-0.006381955627124791,48,0.0837101355001898,-0.002312566165323899,-0.00853359424879378
3861,405,0.0007714767417606328,0.0006171958498961119,-9.121872044580426e-05,48,0.0011340113017103137,0.0017398489851875917,0.0026192554263941795
3862,455,0.0009279781320844123,-0.00045155631482123385,-0.007644320476446226,48,0.036196255204217986,0.0012287671147025447,-0.002477016001232603
3863,408,0.0007773352788064596,-6.36450938110945e-05,-2.795670066201364e-05,48,0.0688416526506026,-0.001290168973081705,-0.004551247686942036
3864,452,0.0009620232926606104,-0.0004195179577159737,-0.0074339263348924545,48,0.03670615002128974,0.0024647926265303176,0.001014514572090005
3865,468,0.0008561372624711341,-0.0008270940645402035,-0.0062095825984715,48,0.03738148022865173,0.0011358902202299216,0.0003050351945518004
3866,443,0.0006228349018367664,0.0006776120972951747,0.006266710119367039,48,0.05866054701960788,0.00011647497506722324,-0.00207348421574372
3867,463,0.0010127191895041784,-0.0007133072918341574,-0.00820537152058895,48,0.025457798340315696,0.003947414976678213,0.005726656244260974
3868,411,0.0008358110918879396,-0.0002710819191434101,-0.00455853973366066,48,0.0796002966389473,-0.002513293200385609,-0.0072291765767986405
3869,439,0.0006588338123144927,-0.0008661915288011163,-0.0062095825984715,48,0.06837379569944868,-0.0012927277296425135,-0.005563674796121635
3870,434,0.0010772992209021502,0.0007396425510211198,0.008495641949748237,48,0.0011976269625922908,0.004507945386357416,0.007230728535226569
3871,428,0.001008025685705829,-0.00028139432895354574,-0.0057507732024638936,48,0.0809843381097829,-0.0005948179783902691,-0.006271461305363563
3872,464,0.0009032717024424295,-0.0011247349431522044,-0.004531381795874562,48,0.054826146075022675,0.0003623726621093965,-0.0040125045483608915
3873,451,0.0009159808853457969,-0.001196072790973387,-0.004531381795874562,48,0.04416827942342283,7.275424395288e-05,-0.0021914366579368558
3874,357,0.0006786553411846034,-0.0006766134445010917,-0.009820374204432145,48,0.06348358747034233,0.0006070718414181719,-0.0016889172422373776
3875,378,0.0011173593808808393,0.0010377659665440943,-7.374178871766193e-05,48,0.04737544402478866,0.0007859142496757822,-0.0021062232062904786
3876,403,0.0011086214286697381,0.0007626799568758906,0.003281477647419751,48,0.05925758480878507,-0.0010957378480549174,-0.0037560084288095694
3877,427,0.0009206574580942436,0.000718474504830223,0.008495641949748237,48,0.08632677753169049,-0.0020064669892028535,-0.006342576423206778
3878,433,0.0007888346040045785,-0.00015151545375792237,-0.01067147202412903,48,0.0822210257522018,-0.0009637243329189034,-0.007460204049632031
3879,389,0.0009900573446858366,0.0006365807446900868,0.008471008102650626,48,0.07347369958393712,-0.0023776170240770358,-0.007205554847572744
3880,456,0.0010099831065855727,-0.0005032945349050001,-0.007714451856964025,48,0.08110565539486292,-0.0015718667164361794,-0.006534935621245748
3881,467,0.0009537314260777835,-0.0010530906824862893,-0.004531381795874562,48,0.0674279019392734,-0.0012190354406446946,-0.006906262912831328
3882,476,0.0007191047379767786,-0.0006969530224448656,-0.0062095825984715,48,-0.003780273995431016,0.0030345253578138165,0.0017744098555385161
3883,484,0.0009653280404268542,-0.0011873683059099444,-0.004531381795874562,48,0.030929381702992864,0.0023643851801684636,0.0035947640044397787
3884,464,0.0009981265154459795,-0.0006666556338462692,-0.0062095825984715,48,0.042145388647189086,0.0010713871959078455,-0.003025425063098587
3885,420,0.000968501889036166,0.0005881979897587519,-0.00295807453416147,48,0.0963590595556505,-0.004128524100606599,-0.0099122554790819
3886,417,0.0008463304504008175,-0.0010109211034494796,-0.0062095825984715,48,0.09918982728808845,-0.002418622248284874,-0.009209020376064386
3887,430,0.0010167731287549298,-0.0007149238950945741,-0.005891035963499866,48,0.07079927416797949,-0.0005225491609804761,-0.0051782435365852544
3888,470,0.0009325080719237364,-0.00026613547701754073,-0.008696291184213875,48,0.040167892766795554,0.003385313815564804,0.006089641916377302
3889,420,0.0007699313398646271,0.000421731435140898,-0.0013451166832809322,48,0.06549027420646303,-0.001008798794538697,-0.005603216598183022
3890,464,0.0009716898743088772,0.0009465562386028244,-0.007220720548015192,48,-0.021051824669046204,0.005073396723210532,0.007355404317912009
3891,422,0.0007389370508832692,-0.0007345622850323356,-0.005329984919356753,48,0.025415607305807275,0.0018878173000827017,0.0022005591084079557
3892,384,0.0009512080190201421,0.0005442063082646571,0.00846074399969328,48,0.07547875976616614,-0.0014414082458235992,-0.0066918088776402075
3893,460,0.0010475011085439574,0.00024340638649363944,0.000980106011809017,48,0.0602957647845368,-0.00021527287898884077,-0.005341764325222379
3894,442,0.0008261467083220406,-0.00034880029646080016,-0.0067326125297141465,48,0.03068698169895623,0.0012035846388744036,-0.0005569937937994554
3895,458,0.0009425837943415954,-0.0008849381657613578,-0.0062095825984715,48,0.06411500511073898,0.0011401823397298397,-0.0030517567295048863
3896,469,0.0007480133319621189,-0.0009701356606711294,-0.0062095825984715,48,0.04297574378201685,0.0026259341577857965,0.0004805281387537906
3897,412,0.0007127776034458414,-0.0004594029789736012,-0.004628671114178445,48,0.06071338872867116,0.0002228838940989547,-0.0027911379738759703
3898,401,0.0006590909206803048,0.0005935343333209435,0.0031886614012217873,48,0.06792328608272347,-0.0005387196258232023,-0.003948999833310967
3899,445,0.0008204156324033663,-0.0006746464572978984,-0.006943006671267515,48,0.021384738546517568,0.0013513605473483396,-0.0023188907596762252
3900,443,0.0007001562300850209,-0.0010040154287552748,-0.0062095825984715,48,0.09882063964529408,-0.0027626036147224333,-0.007786132998293272
3901,401,0.001086960903979349,0.0008673609787545264,0.008495641949748237,48,0.04163221720179233,0.00035793948773456957,-0.0020656890382620384
3902,414,0.0008411185316568167,-0.0004805933401823524,-0.004768933875214029,48,0.04505688756027715,0.001595838723212513,-0.0016272889630962808
3903,423,0.0009086409238874384,-0.00040457474164398363,-0.005400116299874941,48,0.08948302474703507,-0.002679744900954323,-0.00896071924019919
3904,440,0.0006440606606669405,-0.0004169629886360271,-0.006592349768678174,48,0.04310298982157401,-0.0007412267127600031,-0.0013182669163843974
3905,480,0.0008936841952517285,-0.000968943812606933,-0.004531381795874562,48,0.04133211553426053,0.002897680263414252,0.0002905390715188076
3906,418,0.0010535605898560388,0.0007964445362326853,0.007593455256498655,48,0.023991298694543528,0.005668831229804603,0.004092247115816482
3907,440,0.000655728044767899,0.0007914059583989282,0.006425919535822992,48,0.10192496519999406,-0.0023207201786432426,-0.007925247594379717
3908,451,0.0008897757955139834,-0.00027658142925985826,-0.007363794954374656,48,0.0582602025301191,0.0015287223551105397,-0.00107424858157288
3909,455,0.0008786532078457554,-0.0007903132358553534,-0.0062095825984715,48,0.07488537479546098,-0.001558178236518333,-0.007076391797800886
3910,460,0.0007533115319688505,0.0009971135041671238,0.008495641949748237,48,0.057709469015061465,-6.127670512358352e-05,-0.003651716187999681
3911,479,0.0008262626643437106,-0.0005588837885562269,-0.0062095825984715,48,0.03586839863494762,0.0016377604200899787,-0.0026467870415731037
3912,493,0.0008717289736706515,-0.0009931895244931037,-0.0062095825984715,48,0.08050215345821388,-0.0025740452219518394,-0.006382104475144066
3913,472,0.0008932487397417177,-0.0009610103129080796,-0.0062095825984715,48,0.016884888707870527,0.002183971579091497,-0.00018843382205624773
3914,461,0.0007178365877947776,-0.0010167270292468326,-0.0062095825984715,48,0.06988786974974448,-0.0017235973255124368,-0.006597048085571506
3915,459,0.0007942052290588805,-0.000891648894909277,-0.0062095825984715,48,0.030511855145960776,0.0008180366399116162,-0.0025552823664579567
3916,413,0.001005777844494786,-0.0004698390805455248,-0.004698802494696244,48,0.019366010598033445,0.003099953389979101,0.0047854677878171725
3917,483,0.000715314481179995,-0.0011827327555645924,-0.004531381795874562,48,0.0437590335540462,0.0009905270906157403,-0.0007180931467838658
3918,439,0.000770784341330598,0.0010587992800976664,0.008495641949748237,48,0.06249259428813059,0.0003811738423226182,-0.00523789934332243
3919,389,0.000675695898644621,-0.0005257870156860772,-0.0054835390946502555,48,0.0773783248369102,-0.001704417274833751,-0.00663477040627132
3920,415,0.001120887583768093,-0.0005928092424963144,-0.004839065255731828,48,0.08254547809397228,-0.002901446149036785,-0.006697938270615288
3921,459,0.0009759037707844686,-0.000862364349083003,-0.0062095825984715,48,0.08852398993330124,-0.0010904774902578476,-0.0028053739538160156
3922,403,0.0009437195086641871,-0.0010823565296811007,-0.0062095825984715,48,0.07003898489022575,-0.0012675982894651272,-0.004585573762635773
3923,435,0.0008590373390612166,-0.0007232137232435661,-0.006241692866089221,48,0.011588647803458696,0.005162732309025181,0.006317115107208619
3924,425,0.0009291604457134436,-0.0012567079328077851,-0.004531381795874562,48,0.026245151264380984,0.0029144651330750976,0.0023805921819541886
3925,432,0.0011490481320308886,0.0009573529686275738,0.008495641949748237,48,0.050315057374683114,0.00025338196979455933,-0.0033350202889374826
3926,425,0.0008252648885641208,-0.0005620553631774869,-0.005540379060910525,48,0.04616546609067074,0.0024288471765389896,0.0004123628073477541
3927,463,0.0009013357606339734,0.0010326596772773115,0.008495641949748237,48,0.053311501056776844,0.00036583134539826256,-0.0014859455038278221
3928,433,0.0007879915678975155,-0.0010688437477274874,-0.0062095825984715,48,0.007226820278843249,0.004842235420452501,0.002129310892356087
3929,432,0.0007011067185069692,-0.0010331935949457229,-0.0062095825984715,48,0.08736676356997886,-0.0018223309812324014,-0.007070261168701918
3930,435,0.0007577211541201778,-0.00023342618586427374,-0.006241692866089221,48,0.04510675967276423,0.0003546213073013921,-0.003603939543091142
3931,400,0.0007305365449991035,-0.0009413728431399947,-0.006192800590445552,48,0.020030599228823665,0.004070055767530125,0.006115732194733329
3932,401,0.0009772037138705012,-0.0005183175438664388,-0.0038572259284819638,48,0.06711642423979436,-0.0005790640664401162,-0.0012621678026667384
3933,430,0.0010788741559862786,0.0007464548884661814,0.008495641949748237,48,0.052582246584637504,-0.0001279234071188979,-0.002844720748018198
3934,465,0.0008143189977899866,-0.000545247262723883,-0.0062095825984715,48,0.03330699093295808,-1.8019283493131075e-05,-0.0035455219879344385
3935,428,0.00096758364943441,-0.00011109107652675435,-0.0057507732024638936,48,0.042593247509958077,0.0008056390047276457,-0.003973672403352221
3936,359,0.0007653505582030881,0.00018509066337374543,0.0031886614012217873,48,0.0570088665437779,-0.0002951567914093352,-0.0033333629945188833
3937,431,0.0007389297914786323,0.0011481464627843057,0.008495641949748237,48,0.050628291433127304,-0.000545945169992618,-0.0030314925895998206
3938,392,0.0011630802539557348,0.0006677729356250207,0.008477166564425029,48,0.08051893535831156,-0.002546856299517763,-0.007645725471385163
3939,359,0.0010252444134301953,0.0009676549979943522,0.008495641949748237,48,0.035678424252608254,0.0033235236580710335,0.0022450771312574804
3940,437,0.0009583198731735647,-0.0006094682347516887,-0.006381955627124791,48,0.06833479947478172,0.0003866583482974254,-0.0007431763580139222
3941,424,0.0009679310570580735,0.0005807885816336237,-0.003297644608031239,48,0.020035033956282478,0.0033077184434434897,0.0007334415509143502
3942,419,0.0007743291200135761,-7.030060945165291e-05,-0.0028731820156941493,48,0.042727685217966216,0.002513727309355618,0.00137766744309651
3943,450,0.0008660666359941735,-0.0005306604154803538,-0.007293663573856871,48,0.07948228565499815,-0.0017457634117749171,-0.007680871332961553
3944,363,0.001119319840956498,0.0002188905014385194,-0.006439051197505277,48,0.03569241677622392,0.002166033495987107,-0.0011929493628707044
3945,410,0.0006792504159801194,-0.0010245797830426562,-0.0062095825984715,48,0.036082398742944166,0.0004940075778355219,-0.0028666411834994444
3946,455,0.0009765007824014032,-0.0008647595694842095,-0.0062095825984715,48,0.06073532737935938,-0.00048825481308263467,-0.0040916497342313625
3947,379,0.0009371996525132801,0.0009274359437692961,-0.0008495482197173106,48,0.029661487006470977,0.001169269956529377,-7.963420626418832e-05
3948,466,0.0008212859322622749,0.0002146030435367409,-0.008415765662142319,48,0.04539834855715241,0.000764314834864924,-0.0021333406836242
3949,417,0.0010048398670834064,-0.0004694318820736669,-0.004979328016767801,48,0.07699280721354618,-0.0002701662457218427,-0.0046868180809767936
3950,379,0.0011437272759338207,0.00023205602224972855,-0.0003476855046904634,48,0.08195117238707872,-0.002039198778736758,-0.005595141358868797
3951,417,0.0011518946027136586,0.0005624691857462356,0.007646525061983878,48,0.022743277850188037,0.0015240905198963383,-0.0010954083306699905
3952,457,0.0006678618955836468,-0.0006569182521473232,-0.00778458323748181,48,0.055288556943316136,-0.0009785384200334726,-0.0038828201850543073
3953,421,0.0008358057415971069,-0.0008245934046666528,-0.0062095825984715,48,0.010899029352415157,0.0028438706341279204,0.0006399588547370966
3954,485,0.0008711307926283791,-0.0009986309985465201,-0.0062095825984715,48,0.041455893681019984,0.0020226765590884814,-0.000506245166248781
3955,413,0.0010066423650894531,0.00075278222286495,-0.0032915740101730345,48,0.040010356109990375,7.051801622193384e-05,-0.0016496611005749166
3956,438,0.0008136785873892396,-0.0008593030705722135,-0.0062095825984715,48,0.04942214547468249,0.001238960387011068,-0.002438277249365635
3957,419,0.0010897966098841207,0.0009190640058613928,0.0075403854510134385,48,0.044486360715799034,0.0005367728529818479,-0.001250151835872397
3958,447,0.0007522237701424773,-0.0007352109746841008,-0.007083269432303099,48,0.02596739407363957,0.0012214443185072262,0.0003794866344034517
3959,426,0.0006889123552671662,-0.000303995358722154,-0.00561051044142831,48,0.06408918718194823,-0.0002690575759174852,-0.004264061090220005
3960,411,0.0011354501738947602,0.0006543034364286937,-0.0021940418679551044,48,0.03147703026914783,0.002437957835819669,0.0012468352828123742
3961,429,0.0010838709510207108,-0.0004286800694128408,-0.005820904582982081,48,0.05292223315845068,-0.0009179619964152699,-0.0040448895506445745
3962,417,0.0008171325067083826,-0.0003330572596909852,-0.004979328016767801,48,0.033946015972867505,0.0025794047381443707,0.000888925328287056
3963,441,0.0007795617757194971,-0.000879621493895897,-0.0062095825984715,48,-2.163336631566537e-05,0.004266567273393256,0.003976770199168665
3964,456,0.0007406966686487187,-0.0002883126973437754,-0.007714451856964025,48,0.05889916419088792,6.50361033755955e-05,-0.002686813327922987
3965,403,0.0010410992080775474,0.0003289508062737428,-0.0035209467576617325,48,0.016306571827484406,0.003452743964504141,0.0007672878674098993
3966,455,0.0009384586032274078,-0.0007276126885213952,-0.0062095825984715,48,0.03304153690837375,-0.0003388772603551485,-0.004513516094226691
3967,410,0.0008413369373514307,0.0007039545789119753,-0.0033489171970451544,48,0.06791731907203347,-0.0007301425146778121,-0.006027232467204172
3968,450,0.0010514168988404096,0.0002868041368583058,-0.0013451166832809322,48,0.06701315873076918,-4.046531165636559e-05,-0.006200432035627064
3969,414,0.0006405325808199855,0.0005095698247555049,-0.0024487194233570597,48,0.07085173808487277,7.428988765319222e-05,-0.0055294184329367935
3970,445,0.000968131120318602,-0.0008474301594226796,-0.0062095825984715,48,0.015174894154941998,0.0037872236010198044,0.00350640480046986
3971,461,0.000706898214613538,-0.0013164064000612818,-0.004531381795874562,48,0.06352667454640137,-0.000969291773805234,-0.004707744884810298
3972,387,0.0009245092054139727,0.0010403397818488256,0.008495641949748237,48,0.027972304739127485,0.00402011185081096,0.003596775988753567
3973,406,0.0008095678162430499,0.0008288244701403257,-0.0006390502389898509,48,0.0617555270893162,-5.513713199545994e-05,-0.004612221869560507
3974,419,0.0008550842374185266,-0.0007684041716878517,-0.0062095825984715,48,0.06264236666499856,0.0011088652514267584,-0.0014820306114049185
3975,483,0.0008627763613710936,-0.0006867138157737422,-0.0062095825984715,48,0.037358396218338585,0.00197853137537983,7.294621146792732e-05
3976,389,0.0008769143286610354,-0.0006644701614320972,-0.0054835390946502555,48,0.03353025270659937,0.0013454685776445353,-0.0008427907077313296
3977,400,0.0007738095238095238,-0.0010929556547148167,-0.006192800590445552,48,0.047971746930084436,0.0012191588779648307,-0.000334813033258205
3978,465,0.000746637156758709,-0.0009729319045614256,-0.0062095825984715,48,0.01670167300105907,0.0016492329083774362,-0.0013888099283883813
3979,451,0.0008400133996634522,-0.000660220996916594,-0.0062095825984715,48,0.1304111004181131,-0.002966696653515526,-0.009927484550152854
3980,460,0.0010782899445339056,0.0015318698435944486,0.008495641949748237,48,0.027714947452821104,0.001608997376853931,0.0014595251574824018
3981,427,0.000765860205736775,-0.00045122902080481364,-0.005680641821946095,48,0.027406942792859712,0.003123915255615336,0.0012147620610640404
3982,439,0.0008488101919319115,-0.0008361670249040117,-0.0062095825984715,48,0.03528207327230415,0.0004553113028842228,0.00036933094213765713
3983,429,0.0008894662175660565,-0.0004728527895419138,-0.005820904582982081,48,0.045290776665835364,0.0008807997240860236,-0.0018685640937016919
3984,424,0.000812057379869681,2.3373948935989826e-05,-0.010026902333665638,48,0.013179214470632639,0.0040325217231349155,0.0028247952373329638
3985,493,0.0006579472998224402,-0.0009717021447747769,-0.004531381795874562,48,0.02725046386104779,0.0016649462604349519,-0.00209542054930989
3986,409,0.0009641907689165647,9.667278157804438e-05,-0.0013451166832809322,48,0.07810172289461992,-0.0012431837715440233,-0.006057601375489878
3987,471,0.0006843617166242474,-0.0006878226038997768,-0.00876642256473166,48,0.04116983901533977,6.75893625483176e-05,-0.004019642714787459
3988,457,0.0008503556169229161,-0.0006164709042000005,-0.00778458323748181,48,0.06888160157909284,-0.0018001358124464795,-0.005413754253978022
3989,447,0.0008119630133404192,0.0008184419085451476,0.0060544308974261815,48,0.026836744479450836,0.0029446948681675633,0.0023351039123714924
3990,415,0.0009740037521453039,7.397461467394464e-05,-0.00995156301919586,48,0.026924174783688692,0.003983791572473344,0.005232064445613348
3991,463,0.0006532327655333473,-0.0002507812282233233,-0.01067147202412903,48,0.03168727617755851,0.004159896157548,0.0027640741422831124
3992,414,0.0008116897148729854,-0.00011754515791693662,-0.004768933875214029,48,0.058053019152121466,0.00033781120068927806,-0.004826247317646894
3993,480,0.0009297450109270761,-0.001078754434388162,-0.004531381795874562,48,-0.0072105762127409045,0.002817956515128832,0.0018133934340229425
3994,344,0.0008450121753753384,-0.0009926904787195719,-0.00525300814099125,48,0.007140587319316216,0.0021894429462525535,0.00011477647628048426
3995,426,0.0009362982181272761,-0.0006909147283750902,-0.00561051044142831,48,0.048341283649614764,0.00039221931912838265,-0.0010844830340539131
3996,420,0.0008224975443747009,-0.0005554169069586917,-0.0051897221583211695,48,0.012887920393989893,0.004368788937683544,0.00786723657909115
3997,399,0.001011003581212316,-0.00026239886301731435,-0.004128278122843082,48,0.047317709817907616,0.0021333247607786335,-0.0011089561294003389
3998,480,0.0007920565960773292,-0.0012138749720716456,-0.004531381795874562,48,0.06809682758629543,-0.002557003591340508,-0.005413226129762491
3999,458,0.0009803767889358479,-0.0010259855491296585,-0.0062095825984715,48,0.0643305352302006,-0.0005125367230696745,-0.00471428562239125
4000,412,0.0009687907989465146,-0.0008608558016494489,-0.0062095825984715,48,0.04805034673348385,2.1457576313877597e-05,-0.0017662148958529668
4001,393,0.0007960881382843028,-0.0005150205796680303,-0.004941434705927242,48,0.05319106155668263,-0.0006239060044526488,-0.005219846713373152
4002,458,0.0005679640054705977,-0.0010261416386575933,-0.0062095825984715,48,0.012292347367040768,0.005821817747962077,0.009480310416869978
4003,446,0.0008656906085200535,-0.0005311364651815371,-0.0070131380517853,48,0.025454508476268956,0.0010109294089768826,-0.0028295326792808183
4004,382,0.0010760653271940195,-0.0005743332957013347,-0.006432221774914981,48,0.052483053703530236,0.0016494954256400362,-0.00013875273051160673
4005,385,0.0008765914261083347,-0.0006659087071586231,-0.006025643483372506,48,0.06114844889334292,-0.0006612326443154685,-0.004718384777642512
4006,373,0.0009597125248554448,0.0006857467396298306,0.004674615954809051,48,0.043232912460781425,0.002103480202832875,-0.0024374876592518843
4007,458,0.0007122837145462305,-0.000523569531319476,-0.007854714617999595,48,0.037653917339803056,0.0025835431286348326,-0.002938249953903717
4008,421,0.0008477833901399834,0.0001464473650183021,-0.003492031541548493,48,0.06809465951035132,-0.0002291714023931815,-0.005471379563725346
4009,436,0.0008843972180657233,0.0007012589082537506,-0.0028519429108196763,48,0.03095472362376639,0.0022044692267875338,-0.0017356887583104379
4010,411,0.001080844722487,-0.00040397424112833744,-0.00455853973366066,48,0.047831654836366755,0.00021667353119786403,-0.0030797163660263843
4011,416,0.0008093349635469212,-0.0010342344413674306,-0.0062095825984715,48,0.044621209039041765,0.0008542190140189265,-0.00031817186565066477
4012,440,0.0008561104198181483,-0.00010654102253166917,-0.006592349768678174,48,0.06326784539282071,-0.0007217400887631446,-0.0038102951023623426
4013,461,0.0008619916284937717,0.000615409915584092,-0.0009768869974184323,48,0.0599975976336502,-0.0008699997262339443,-0.003803733738257679
4014,395,0.0009561535397773404,0.0009551513630311082,0.008483325026199431,48,0.04566125997386972,4.781559361117724e-05,-0.004133878553579624
4015,427,0.0008175646691893053,-0.0008826550894271423,-0.0062095825984715,48,0.10109899726758287,-0.004022147968320219,-0.011010188302482089
4016,390,0.0009162977611045257,-0.0006315093785752256,-0.005348012997469703,48,0.048797445811873286,-0.0007444005157075852,-0.004782449862639579
4017,423,0.0009199142439112289,-0.0007021575971263676,-0.0062095825984715,48,0.05953310971586312,0.0014634385221913085,-0.0010138194134747432
4018,405,0.0010851933266497592,0.0008594533935363437,0.008495641949748237,48,0.05669354815824035,0.0009019518692394649,-0.001989677463531913
4019,403,0.0008459850237550106,-0.0004959349994089236,-0.003997488689517548,48,0.0666306623914672,-0.0004963883307367647,-0.005593214362075223
4020,441,0.0009186135325399422,-0.0004272737397665628,-0.006662481149195959,48,0.06104679148719672,-0.001191005935798902,-0.005343289758530621
4021,438,0.0010040887030331805,-0.0008291303352292168,-0.0062095825984715,48,0.04329833056102794,0.000653646405408579,-0.002355795123241824
4022,402,0.0008507579679497878,-0.0007259107095800889,-0.003927357308999749,48,0.06743324540681395,-0.0019037083859687193,-0.0070392433752146065
4023,430,0.000977349536851279,0.0006878507581862979,0.0004962474120083181,48,0.05270366667621984,-0.0003216801017789962,-0.002695375567921026
4024,436,0.0008436694715115139,7.882474641255754e-05,-0.0013451166832809322,48,0.091641777352651,-0.0016562861239080356,-0.00605964101193038
4025,426,0.0009141241106806653,0.00030086834861539104,-0.0035209467576617325,48,0.06622170246085757,-0.00022186547607076779,-0.00389325876172859
4026,424,0.000985614988939094,-0.0005517016688924362,-0.005470247680392726,48,0.04781265409418256,0.00028085061071979507,-0.0023957087599800544
4027,468,0.0010343416014712307,-0.0007978731318588547,-0.0062095825984715,48,0.05021237803076006,0.0006261752906450667,-0.001410293816566946
4028,456,0.0010099831065855727,-0.0005032945349050001,-0.007714451856964025,48,0.045509621299941294,0.0020215853485441226,0.0025271976618026736
4029,428,0.0010080256857058307,-0.00028139432895354574,-0.0057507732024638936,48,0.06569088417550484,-0.0006740315374722354,-0.006621331255792907
4030,406,0.0008513218667813988,-0.0007243203008309163,-0.004207882831071319,48,0.03921690781428078,0.0022504588902107735,0.0018494153370753226
4031,409,0.0009641907689165652,9.667278157804438e-05,-0.0013451166832809322,48,0.041838408397919524,0.0021551840511318645,0.0033108725221652896
4032,427,0.0008175646691893053,-0.0008826550894271389,-0.0062095825984715,48,0.050838709366150536,0.00010979273014706525,-0.0015378033167654619
4033,391,0.0011687984605964026,0.00025245125849703183,0.0031886614012217873,48,0.07592001857719555,-0.001970800016006977,-0.0072042586694150736
4034,423,0.0011289975079504665,0.0006307399165211957,-0.003212752089563911,48,0.06414775991978583,-0.000948618868581495,-0.004745907307503957
4035,464,0.000981984275168412,0.0008442547769394321,0.008495641949748237,48,0.05146693444505779,0.0013085640621481286,-0.00276009357077198
4036,459,0.0009012777393814725,0.0010407398061018569,0.008495641949748237,48,0.06147175144000605,-0.0014192230043274332,-0.004223673132459249
4037,465,0.0008625831709697471,-0.00013021047266196378,-0.008345634281624534,48,0.036175319456651645,0.0029878149022318206,-0.0016835616110399063
4038,435,0.0009612459349396438,0.0012278594787818644,0.008495641949748237,48,0.03945367032825953,-0.00036828052822794437,-0.004036945299494651
4039,439,0.0006588338123144945,-0.0008661915288011163,-0.0062095825984715,48,0.08987197637542943,-0.0023379090666570367,-0.008791472467391561
4040,411,0.0009200407343413096,-0.0006364735506008239,-0.00455853973366066,48,0.07660478669272386,-0.002377841350401552,-0.005089663570087197
4041,361,0.0008784931294532907,0.0010597779334038755,0.008495641949748237,48,0.05459225363239417,-0.0007291897132925239,-0.00436161087150084
4042,419,0.000890752145320764,0.0007550459552200101,0.0075403854510134385,48,0.025160247614233078,0.003752384954213454,0.00411349241925358
4043,465,0.0009362462858385143,-0.0011060360437366926,-0.004531381795874562,48,0.06758164257744192,0.0004457113134881969,-0.004649442846363008
4044,458,0.0011254760766263208,0.0005677619059071886,-0.01067147202412903,48,0.06067422336731132,-0.0010529640548954892,-0.0037388496575345882
4045,397,0.0007121946858680102,-0.0004741646865616504,-0.0043993303172049775,48,0.04547042984010108,0.00039808475712621236,-0.0038304392308748138
4046,472,0.0008932487397417177,-0.0009610103129080796,-0.0062095825984715,48,0.02802674365027802,0.0010100999624291888,0.0018854656507637166
4047,460,0.0009610836475597035,-0.00041955067791676903,-0.007994977379035581,48,0.029317936069909623,0.0021292145587486905,0.003683253891184032
4048,400,0.0010186283484139762,0.0016218557646204383,0.008548719742862212,48,0.02598722636316131,0.003360768586521938,0.004950443906724493
4049,444,0.001161386829663803,0.00012910890018187106,-0.010194323032487292,48,0.046162414725502865,0.0008228835058790209,-0.0002888605647206957
4050,417,0.0010048398670834064,-0.00046943188207366343,-0.004979328016767801,48,0.06244461684640801,-0.0005729134519625971,-0.005710168956011875
4051,376,0.0009645677795506917,0.0001967900613591483,-0.0002116721621552506,48,0.010708066238733216,0.002754008428386609,0.001277386475459566
4052,433,0.0011340772593854682,0.0007529373196674188,0.0020857296219615393,48,0.08894093264483649,-0.002670788298385046,-0.007684115408589799
4053,461,0.0006699454687183522,-0.0006559382287209571,-0.008065108759553366,48,0.0651596009042531,-0.0011090541319958794,-0.006625907014302546
4054,483,0.0007610242242322342,-0.0014083593851985168,-0.004531381795874562,48,0.05002580939756984,0.00048113620034528383,-0.003847352224852378
4055,435,0.0008200668918920907,0.000611793265242213,-0.0005656838688240136,48,0.058021842751055375,-0.0004002060992084385,-0.004598840177444691
4056,442,0.0008653077751188017,-0.0005316276663413777,-0.0067326125297141465,48,0.04173383501630856,0.0004048435670864353,-0.00079322775040447
4057,452,0.0009723895383043134,-2.5289426273654783e-05,-0.005674635125118142,48,0.052843325375091066,0.0015348955923254488,0.0036958422625517975
4058,428,0.0008536087718556459,-0.0005052162535040851,-0.0057507732024638936,48,0.05216793661635055,1.3199028690940445e-05,-0.0015353758950098946
4059,386,0.0009163838135578528,-0.000632749602528293,-0.005890117386191954,48,0.07226932014768606,-0.000989388524144423,-0.006859223012302969
4060,411,0.00106837352692578,-0.0005783449823095546,-0.00455853973366066,48,0.03651426560744542,0.002148614063056796,-0.0011307255114860679
4061,451,0.0009979382070521466,9.20491539060514e-05,-0.007363794954374656,48,0.06645848964900647,0.0011478693011222991,-0.0005859581699177788
4062,450,0.0008660666359941701,-0.0005306604154803538,-0.007293663573856871,48,0.06545937390815004,0.0003801450416481122,-0.0035921870105623498
4063,398,0.0007937936879140479,-0.001023783229575661,-0.006159236574393642,48,0.034651368284697726,0.0006552643147490853,-0.0017195637266909439
4064,403,0.001095902665950976,4.23406898698523e-05,-0.0013451166832809322,48,0.08261789102300299,-0.0017522939488290763,-0.006604496788796637
4065,379,0.0009236754800181313,8.615129441828708e-05,-0.0003476855046904634,48,0.02921120767764862,0.0007081109925565383,-5.1336831382819276e-05
4066,358,0.0011397052156234956,0.0006908514968203862,0.008407370664315114,48,0.03329823032344337,0.0014584527021820025,0.0005201055033634445
4067,468,0.001008325484976048,-0.00011960912845836516,-0.008556028423178291,48,0.04531234474943102,0.0017285285105962164,0.002130085150281463
4068,425,0.0010855262663304723,-0.0004287615769679627,-0.005540379060910525,48,0.05429975528994546,0.0013313279215155915,0.0017475804851211276
4069,412,0.0009696768053405881,0.0006032666279132933,-0.002278934386422418,48,0.050194375838966465,0.0009725712175034443,-0.0013797694878469099
4070,376,0.0010943051401988602,0.0009995849380453718,0.00844432143496153,48,0.03696134326319189,0.0022025067905829983,-0.00043853721864411943
4071,456,0.00045080880486688193,-0.0010135013287139553,-0.0062095825984715,48,0.031452001718605405,0.0018443493157300726,0.0006096211649135701
4072,407,0.0010282982807137404,0.0006445059332574384,0.008177223116836635,48,0.04687219500430895,0.001132735154516347,0.0015013803555109818
4073,481,0.0007881796831072201,-0.0010837433264099874,-0.004531381795874562,48,-0.006511042806989553,0.007342735640940236,0.0049122842410771785
4074,444,0.0010834174984738596,0.0007874297294711155,0.00621364031388183,48,0.0360788102971642,0.0019256191648311712,0.0009064574690299532
4075,421,0.0010161136540988974,0.000679789875622042,0.007434245840043006,48,0.017997069676522814,0.0025387668984460515,0.004666725674842885
4076,402,0.001002391774227042,-0.0009896495881473906,-0.0062095825984715,48,0.05632190325033615,-0.00020801499267903908,-0.0041296332269911504
4077,361,0.0009743889273711164,0.00034146229053124994,0.0006775106714721132,48,0.05597681719752756,0.0014449711849747037,-0.0030598201639186334
4078,428,0.0006587311590500232,-0.0008897082069411928,-0.0062095825984715,48,0.042860964258948475,0.0013266220650190313,-0.00028240256898481517
4079,413,0.0007743416197961133,-0.00015345499110652402,-0.004698802494696244,48,0.041140924066997875,0.0010670625863825663,-0.003023280427449964
4080,390,0.0008166080579526643,-0.000791178098823557,-0.005348012997469703,48,0.053437002079895324,5.5814529722519705e-05,-0.0013930188454435478
4081,406,0.0008513218667813988,-0.0007243203008309128,-0.004207882831071319,48,0.025716141668922332,0.000965510127897036,7.822211504870252e-06
4082,414,0.0010425669148743204,-0.0004371547728239042,-0.004768933875214029,48,0.0735611048211735,-8.82649835695689e-05,-0.004471281605488542
4083,486,0.0008671310614860456,-0.0008400580776550363,-0.0062095825984715,48,0.02725568019865887,0.001299058621391784,-0.0014955197173740428
4084,443,0.0008385802137369737,-0.0005878058797288491,-0.0068027439102319315,48,0.06371981000236637,0.0006661726238149975,-0.0031822066163670927
4085,465,0.0009098836753893636,0.0002489423506186767,-0.0013451166832809322,48,0.04089246530591151,3.9923663577908636e-06,-0.0025910824800064215
4086,428,0.0008416142648359666,-0.000982831409089703,-0.0062095825984715,48,0.06829552161562025,-0.0008611641651104524,-0.004062232546389946
4087,474,0.00082863391137612,-0.0010011888397122339,-0.0062095825984715,48,0.030435318944554535,0.0023863137869480676,0.003039867920787677
4088,421,0.001004984098205896,-7.339258765663714e-05,-0.0052598535388389545,48,0.11859342938927031,-0.003980418201541857,-0.011120065947995559
4089,426,0.0007295442602534745,-0.000484084917393688,-0.00561051044142831,48,0.05418151132203641,0.00048106739433519986,-0.001742533935456432
4090,412,0.0007547902042326559,-0.000646760659883689,-0.004628671114178445,48,0.040271780626780496,0.0011512502206612023,-0.0009665421734911216
4091,455,0.0008312470700324393,-0.0010354519010653922,-0.0062095825984715,48,0.10051000364074536,-0.004237259006436744,-0.008682707662090287
4092,490,0.0009027895147016712,-0.0009746228305543454,-0.0062095825984715,48,0.03173058759852232,0.0010380015256298333,-0.0013078525777898663
4093,497,0.0009070314070605684,-0.0011012052808933338,-0.004531381795874562,48,0.04092018476371595,0.00041517731945258686,-0.0001716473195531188
4094,373,0.0007825263609737326,0.00016309314101563104,-7.565881962029453e-05,48,0.010639260648318327,0.002329521182843567,0.002252800876219426
4095,404,0.0007204900456114155,-0.0007041486417151688,-0.004067620070035735,48,0.01806882212618266,0.0007614668576424125,-0.0017452476999209876
4096,437,0.001132007844648378,0.0007435068936323674,0.0019262965519003666,48,0.07263568398143072,-0.0010361452202612455,-0.005838774008415287
4097,448,0.0009343100833999734,-0.0004662834901866114,-0.007153400812821287,48,0.031355410181226895,0.0014313166805455056,-0.0033598478063099554
4098,366,0.0009875808173437587,-0.000971568858033043,-0.005622212317562533,48,0.024088323765190656,0.0021473232173198483,8.266637291067663e-05
4099,441,0.0005520067299811405,-0.00033796718756438915,-0.006662481149195959,48,0.06322427155300603,-0.00012924569733886206,-0.004550779077064755
4100,375,0.001100083923352845,0.0006000181173304378,0.004568476343838612,48,0.08534902563078206,-0.00276387696310129,-0.008187721874069256
4101,453,0.0007734263997527689,-0.00025499027319404385,-0.007504057715410253,48,0.10540095196475491,-0.003295250829449266,-0.008300590619361139
4102,450,0.0008170048451181036,0.00041985820091270266,-0.0013451166832809322,48,0.0628746538460363,-0.0005539728242591547,-0.0037678520041868717
4103,421,0.0010161136540988974,0.000679789875622042,0.007434245840043006,48,0.02061316535477531,0.0014036526860744733,-0.001945327660115105
4104,467,0.0008704787831886503,-0.0011395645478110873,-0.004531381795874562,48,0.07070862012606405,-0.001912774235004815,-0.007640318944326534
4105,482,0.0008561412283824947,-0.001177941303676388,-0.004531381795874562,48,0.04161590195891496,0.002267908378064079,-0.0003517271435075596
4106,418,0.0006959097348113348,-0.0005339522425128543,-0.005049459397285586,48,0.0650382173707933,-0.0003142635335664865,-0.00439263300813144
4107,446,0.0009916730653662274,-0.0005768449990553523,-0.0070131380517853,48,0.04562668510279355,-0.000438364918569056,-0.002842834606207864
4108,414,0.0009362562065804853,-0.0010508260977065698,-0.0062095825984715,48,0.05604797799980199,-0.0014250145339112594,-0.004679656617026063
4109,407,0.0006425586135731067,0.0007455647677785436,-0.0015504147176852445,48,0.08784716881743138,-0.0023196676725793786,-0.008877745628360752
4110,416,0.0009274750650807417,0.0008807438877108153,0.007699594867469392,48,0.06350481323042867,-0.0010607821987932472,-0.005410840529135107
4111,377,0.0010636385782146224,-0.0006811716577977966,-0.007109852260818561,48,0.02979649107279292,0.0036470607394181523,0.0026837154712044814
4112,441,0.0009294267170525559,-0.0007135438046826093,-0.0062095825984715,48,0.04623625245489427,-0.0010997299518254906,-0.0035675011652947022
4113,428,0.0010484677219772497,-0.0004618857511955385,-0.0057507732024638936,48,0.028158359064784144,0.0003630217852903725,-0.002401976852988083
4114,399,0.0010543850136037125,-0.00045072971328681544,-0.004128278122843082,48,0.05769592706105964,0.0009611452677158235,-0.0033981212141578343
4115,426,0.0011211105723024262,0.0004887311218757604,0.0031886614012217873,48,0.02434242364824024,0.002178953429676552,-0.0001843494635194523
4116,437,0.0007395941047512481,-0.0002921714361966629,-0.006381955627124791,48,0.05410733472230689,0.0006721548062008816,-0.0016550174114146783
4117,399,0.0010661282292201387,-3.3558431954027607e-05,-0.0013451166832809322,48,0.09864683576158828,-0.0027061632296344947,-0.006323604955153647
4118,418,0.0010412791329076606,-0.0004369260443857839,-0.005049459397285586,48,0.025056683184195183,0.0028623508657573214,0.004429157636834038
4119,399,0.0010543850136037133,-0.00045072971328681544,-0.004128278122843082,48,0.07769564130855622,-0.001209626249937779,-0.005853724979604211
4120,437,0.0009178754197215616,-0.0010922328947607744,-0.004531381795874562,48,0.09676670471205961,-0.0031199480824563395,-0.010162697191131876
4121,428,0.0008940508081270665,-0.0006954634781940645,-0.0057507732024638936,48,0.001002704497868323,0.004082954571760904,0.005901868523581473
4122,404,0.0007204900456114181,-0.0007041486417151688,-0.004067620070035735,48,0.008572591700321097,0.004182575611978491,0.0033208760979001432
4123,482,0.0008308807667232699,-0.000709244029352022,-0.0062095825984715,48,0.03753903853823981,0.0019474209167426662,0.00019677548989678606
4124,490,0.0008323255880068464,-0.0007665517689836622,-0.004531381795874562,48,0.01929584587043698,0.002722698312970083,0.0015947664391315515
4125,397,0.0011441463340671173,0.0002222425334080149,-0.004577102982900195,48,0.08988005279264522,-0.0036489514472557716,-0.008064736196681414
4126,429,0.00108387095102071,-0.0004286800694128408,-0.005820904582982081,48,0.0631812197625049,-0.0005240339371581637,-0.004727535283039222
4127,428,0.0006071475004186403,-0.0004622966415286922,-0.0057507732024638936,48,0.020065837352255644,0.0026060545698358755,0.0034041318607403847
4128,379,0.0010980565858964395,0.0005925886430505189,0.00435619712189745,48,0.04975076679730739,0.00031474434370390783,-0.0010379122581055979
4129,466,0.0009580800740791214,-0.0011839977885458042,-0.004531381795874562,48,0.0382332220029572,0.002154893149244101,0.0007562660569533329
4130,397,0.0008657583577879532,-0.0004252530681420445,-0.0043993303172049775,48,0.048730745716310975,0.001548242572604738,-0.0009886060000233957
4131,400,0.0009271140857040625,-0.0006623042664313308,-0.00399275202566253,48,0.06709215129431934,-0.0017181607031729433,-0.0063060898306820865
4132,459,0.0009381931138690734,-0.000725790826223878,-0.0062095825984715,48,0.08467729376438027,-0.0018687007041667241,-0.006658331397135498
4133,454,0.0009315809559616636,-0.001229582813648055,-0.004531381795874562,48,0.07205377513476807,-0.0008428586106284924,-0.0038988586379353415
4134,462,0.00085780390085083,0.0010619926888983241,-0.0016095071952559846,48,0.07895503703365025,-0.0019022623855023471,-0.006441734787379708
4135,426,0.000913285972169873,-0.0006127928215710586,-0.00561051044142831,48,0.07491259173333753,-0.0007803727236790174,-0.0046340461454568195
4136,459,0.0009381931138690734,-0.000725790826223878,-0.0062095825984715,48,0.023454316742628767,0.003948199436180215,0.006310610572633624
4137,465,0.0005409033242002956,-0.0001959271880691343,-0.01067147202412903,48,0.06054242389556275,0.0002907933035790986,-0.003229803187511617
4138,426,0.0009253180411268229,-0.0004400513040515794,-0.00561051044142831,48,0.07762383123285677,-0.002081603373623484,-0.006662466301281228
4139,426,0.0010684278480569123,-0.0003937090277856582,-0.00561051044142831,48,0.08476310154447908,-0.001378026597661619,-0.006103083065804069
4140,417,0.001058640473557815,-0.00047752042650793525,-0.004979328016767801,48,0.029418905432626707,0.0016476348686582931,-0.003774882247917801
4141,430,0.0009251568844592098,-0.0004399123120223565,-0.005891035963499866,48,0.03026498866572247,0.0025803810380644002,0.0016605671266398583
4142,424,0.0010089693836902395,-0.0002808671913697887,-0.005470247680392726,48,0.003147230445685656,0.005499281928478235,0.005929015506010504
4143,423,0.0010249487296203298,-0.0007444307473921767,-0.005400116299874941,48,0.041851415843496054,0.0015505418093719227,-0.0013854801265580433
4144,427,0.0008184195512369839,0.0006287443261018136,-0.00043915982925643235,48,0.03345536599116139,0.0022585115901553963,-0.0018511653497701452
4145,440,0.0008721328769637961,-0.00093451381054609,-0.0062095825984715,48,0.06917885356878917,-0.0004912341878467591,-0.0044944947582112125
4146,425,0.0008078368223295761,-0.000121936135987398,-0.005540379060910525,48,0.07153958740247368,-6.932482022915624e-05,-0.005358329202271164
4147,454,0.0008561330519661183,-0.0003094774441467982,-0.007574189095928427,48,0.08678646228309395,-0.0014495341289748002,-0.006251786189525387
4148,443,0.0008110959191100085,0.0008259040544047669,0.006266710119367039,48,0.05263383333311411,-5.76787394190037e-05,-0.0028387618842482185
4149,388,0.001020895126288199,0.0008149409731355358,0.008495641949748237,48,0.009574186870283441,0.0020564957181110595,0.005352130992143316
4150,463,0.0006055312676435157,3.8221574169995144e-05,-0.0016095071952559846,48,0.04337664251205642,0.0009166447721135115,-0.002700906015677639
4151,362,0.000954574593543553,0.00021393281254114896,0.0031886614012217873,48,0.03304856671346268,0.0013062363995600922,-0.0014780744718802079
4152,391,0.0007995800247798718,0.00013378571548329846,-0.004905682079595245,48,0.010803492052765984,0.0030707749618126313,0.0027285431874979407
4153,424,0.0009560381560284742,-0.0006783189606248408,-0.0062095825984715,48,0.07671161675118754,-0.0010676687337922708,-0.005829272123569072
4154,442,0.0008536931846110599,-0.0009975177945784966,-0.0062095825984715,48,0.0739979719833499,-0.0008403695476574408,-0.0043790135666678665
4155,407,0.0009017365599491205,0.0005001738451968687,-0.01067147202412903,48,0.031052477244146393,0.0011883848733906521,0.00017178876594124357
4156,461,0.0010421273847767403,-0.00047205766851318373,-0.008065108759553366,48,0.04190787994435963,0.000801127686670856,-0.0011519860245374353
4157,432,0.0008941799089717999,-0.0006941687591678729,-0.00603129872453545,48,0.019894443011106322,0.0014281983926431206,0.0002062741510870901
4158,431,0.0010119250738331188,-0.0004940802028953889,-0.005961167344017665,48,0.07174536309775703,-0.002043655987346505,-0.005503767000979747
4159,402,0.0011677038980137024,0.0007182797054843589,0.0031886614012217873,48,0.01132006858097101,0.0037495911287690415,0.0029641863567559535
4160,468,0.0008663266094157129,-0.0010080879549861158,-0.004531381795874562,48,0.03942601637382781,0.002149987629417781,9.997723478371093e-05
4161,412,0.0009276642045537736,0.0008889920878956577,0.007911874089410256,48,0.0303186278774209,0.003474811159781911,0.0019009015967962999
4162,430,0.0011593820235405458,0.0001505377955636645,-0.0013451166832809322,48,0.03559067237883351,0.0020853435653008946,0.0004962894089593668
4163,432,0.0008659957827686841,0.0006879714559956422,-0.0013451166832809322,48,0.05579790890047309,-0.0002453064995098179,-0.0036708364533107815
4164,399,0.0009556707343596062,0.0009466211091530216,0.008491536308565306,48,0.07199626256569447,-0.001097268672448682,-0.007063106733014836
4165,455,0.0009384586032274104,-0.0007276126885213986,-0.0062095825984715,48,0.07681504604707756,-0.0015368067455418955,-0.007180018153596781
4166,441,0.0009186135325399422,-0.0004272737397665628,-0.006662481149195959,48,0.061837263121575003,-0.0016149185482271441,-0.003125624046780625
4167,431,0.0009717645366540753,-0.00031526537004963884,-0.005961167344017665,48,0.05609648204611106,-0.00032136974885228417,-0.0029384608608421826
4168,405,0.0009346630112121851,0.001171152628636798,-0.0015701122102088072,48,0.05206084502366226,-0.0006729256564657945,-0.0033456674968018706
4169,404,0.0010603774893247317,0.0014392705329308144,0.008495641949748237,48,0.04424645662376703,-0.00017382950891529306,-0.0023089929284563285
4170,483,0.0009083141140732087,-0.000723160637050628,-0.00960799913094594,48,0.04018354888974085,0.0002780158944663408,-0.0012799558545843158
4171,391,0.001124529428565284,0.000566133661811,0.008475113743833557,48,0.059232038385285346,0.0005802986217096559,-0.000961792658768135
4172,334,0.0011325405320024786,0.0004006303858764843,0.0023266045548654204,48,0.042041661253685136,0.0012503014732945222,0.00013726853900639276
4173,428,0.0009960311786861515,-0.0008125618500118004,-0.0062095825984715,48,0.03752202452309328,-0.0002575426824769581,-0.003582043724135533
4174,440,0.0007059048763456968,-0.0003265621628426134,-0.006592349768678174,48,0.04167791999931936,0.0020575557988996903,-0.0011423113379743326
4175,430,0.0008968416692970108,0.0011987873550181648,0.008495641949748237,48,0.08316690186435238,-0.0019699284531366577,-0.005626337541157069
4176,429,0.0009298139833566563,-0.0006642872139962543,-0.005820904582982081,48,0.024200979003625167,0.0024600773974579986,0.002283555529268665
4177,412,0.0011300904925441767,0.0010769411683908513,0.007911874089410256,48,0.047853289122100184,0.0007006863786218117,-0.004340454453417891
4178,419,0.0009733735845769333,6.819852752071309e-05,-0.00998504715896021,48,0.025464747452964565,0.001840081616370095,0.0009826764014089929
4179,404,0.0007331970976025598,0.00045330290730855646,-0.01067147202412903,48,0.0631001167643408,-0.0007574572176925094,-0.005480501370628017
4180,411,0.0008654352829335511,-0.000949243397138845,-0.0062095825984715,48,0.03728672617110096,0.0009553576504407503,-0.003994679466704672
4181,356,0.0008206009633403384,-0.0004615135950562371,-0.00995590030161271,48,0.012387062427863138,0.001711597496715506,-0.0007605827579267484
4182,430,0.0007312042550358475,-0.0004837132535840359,-0.005891035963499866,48,0.077573632490606,-0.0013757442467229736,-0.006892067284687801
4183,446,0.0011513683302368557,0.0010426750507623785,0.006107500702911391,48,0.04791703466564279,0.0013631420667560915,-0.0006731013361963856
4184,373,0.0008417161891083992,-0.0007277504277648818,-0.0076519566495408115,48,0.052746606692129494,0.00036407160512278575,-0.003464430948621056
4185,418,0.0006845015664619022,0.00010784731321110495,-0.0036219343480816193,48,0.02950397501105051,0.0022821657623681105,0.00013799960088590676
4186,402,0.0009474718590672645,-0.0005764521415171607,-0.003927357308999749,48,0.018031055646106187,0.003249813568957788,0.0029702477437933347
4187,436,0.001074861859456661,-0.0004166192125143048,-0.006311824246607006,48,0.06516172855283409,-0.0007090034517245429,-0.004896304729437938
4188,418,0.000737319283912216,-0.000736018609383559,-0.005049459397285586,48,0.055542252888713284,-0.0015623180902170908,-0.004647196315171114
4189,426,0.0009253180411268229,-0.0004400513040515794,-0.00561051044142831,48,0.08809431200061557,-0.0021971588221143205,-0.009185224741921245
4190,437,0.0010301299352140068,0.0006535691998214915,0.0031886614012217873,48,0.05371284167606971,0.0008072917110996097,-0.00043479199416842154
4191,461,0.0010908103360318148,0.0004142225727220049,-0.006940929887790007,48,0.05888257291923904,-0.00013121928946352446,-0.003824910360351253
4192,417,0.0008171325067083826,-0.0003330572596909852,-0.004979328016767801,48,0.01309522733558699,0.001752119246603092,-4.8176981867837504e-05
4193,467,0.0009647242504983861,-0.0006879395831777095,-0.0062095825984715,48,0.03384487250110901,0.0015726708259543552,-0.001349598541377301
4194,432,0.0010361285773926678,0.0002163299251258877,-0.003976784755770284,48,0.07538857327023851,-0.0018534901408063052,-0.005994798194167032
4195,440,0.0007452439479915321,-0.0005105521622365515,-0.006592349768678174,48,0.06406019562849818,-0.0001491693862146282,-0.0043909686638661325
4196,435,0.0008482659757716683,-0.0008386036241654175,-0.0062095825984715,48,0.05041574208111832,-0.00027062990675485316,-0.005285715765821122
4197,414,0.0006814604960127613,-0.0010210767840351,-0.0062095825984715,48,0.010794461708544478,0.0022570629489372957,0.0007692663510120296
4198,441,0.0007795617757194988,-0.000879621493895897,-0.0062095825984715,48,0.056986322417006297,0.00029281389539478897,-0.0016651701754884212
4199,402,0.0010709900068962247,0.0005673496573664911,-0.01067147202412903,48,0.07017337840375137,-0.0004932336073927186,-0.004917268408850629
4200,430,0.0007825479896735937,-0.0009034621490888253,-0.0062095825984715,48,0.045534175999544346,-0.0002268710238715662,-0.00306027796829211
4201,418,0.0008426126648539561,0.0006874598152593189,-0.003196002032052725,48,0.03027371748078367,0.002267460795434382,0.0017396860543693465
4202,452,0.0009995280371707218,-0.0009642071300980104,-0.0062095825984715,48,0.043567021307625686,0.0018341469021819715,-0.0031450980097958957
4203,457,0.0010054257287975413,-0.000298907936366985,-0.00778458323748181,48,0.020764242109278297,0.003919406793080893,0.006620398773585048
4204,378,0.0012066538857844495,0.0003547613734160484,0.0022853324770594555,48,0.039672179428143606,-0.0001668574173032799,-0.0033348330947946293
4205,344,0.0007669702560023878,0.00027490562186101037,0.0003035298929018257,48,4.711797324441491e-05,0.004299180370836821,0.005348169053409364
4206,404,0.0008840802414725032,-0.00046198673011703384,-0.004067620070035735,48,0.08687419034868316,-0.003395079799906369,-0.00808534905572763
4207,411,0.0006758758312497871,0.0006500575454280065,-0.0033298028014211133,48,0.07930265688891769,-0.000997547730638768,-0.0013888584807498147
4208,439,0.0008488101919319141,-0.0008361670249040117,-0.0062095825984715,48,0.05583226163909438,0.00047521042178090035,-0.002206458106712217
4209,428,0.000853608771855645,-0.000505216253504092,-0.0057507732024638936,48,0.08833681356495948,-0.0018753623495662772,-0.006017278746072871
4210,468,0.000819151810496418,-0.0006950361490381356,-0.0062095825984715,48,0.06647926572408014,-0.0008935243041800888,-0.005358014290432655
4211,470,0.0011199233350790553,0.0005448629981953607,-0.01067147202412903,48,0.06292297317693885,6.954199052276906e-05,-0.0036091357156274526
4212,438,0.0009141640513930013,-0.00022267374947925259,-0.00645208700764259,48,0.06900401120204225,-0.0016260459749018186,-0.007006403356647161
4213,430,0.0009654108182363449,-0.0006325541725557549,-0.005891035963499866,48,0.06054991531510179,0.001314295911491412,-0.0027622445084913433
4214,439,0.0008093815096445146,-0.0006991976311801935,-0.0062095825984715,48,0.07369534292686919,-0.0014560803915255743,-0.005340002209108725
4215,434,0.0009650914414906266,-0.0006936239797402897,-0.0062095825984715,48,0.0746650774642631,-0.0033717299285841145,-0.007613736839155928
4216,422,0.0010699485508881773,-0.00039376544963419177,-0.005329984919356753,48,0.04190591460091142,-0.0005011927516113037,-0.0028336703036076286
4217,379,0.0010721695030293816,-0.00035868521069995496,-0.006838800066456666,48,0.061986958027165584,-0.00011812917339453985,-0.005445647275259872
4218,404,0.0008539427599879839,0.0012213497906153944,0.008495641949748237,48,-0.0030305040439296826,0.0030872730864569993,0.005307351706066233
4219,415,0.000919924618341476,-0.0006353284425530022,-0.004839065255731828,48,0.01916878755147,0.004026686102771841,0.003075303770988559
4220,437,0.0009692320342034565,-0.00085237053433403,-0.0062095825984715,48,0.06547037364396835,-0.000602039961505511,-0.0038452878547908173
4221,417,0.0006586422450108285,-0.0005669275650441313,-0.004979328016767801,48,0.01581160320128172,0.002220332716053257,-0.001258495804363994
4222,478,0.0007940237724665591,-0.0005818609536925416,-0.0062095825984715,48,0.05057377848100897,0.0009226229407238388,-0.0027172676855181342
4223,410,0.0010860973645968356,-0.0006260857900616465,-0.004488408353142875,48,0.08370110193531544,-0.0017076446500950571,-0.00474381072931155
4224,487,0.0009334995757338971,-0.0012014051454640115,-0.004531381795874562,48,0.03124026322275686,0.0010195288888720944,-0.0027094764961857823
4225,432,0.0008941799089717982,-0.0006941687591678729,-0.00603129872453545,48,0.06640362651619791,-0.0006655291634034052,-0.005800478074571028
4226,474,0.0009788957006847693,-0.00035320479021957313,-0.008976816706285431,48,0.023363867852116416,0.0034921926287147494,0.004139056499755971
4227,471,0.0009749485983370102,0.000489763478288825,-0.01067147202412903,48,0.018509764382293015,0.002639949622974855,0.002491901039403716
4228,371,0.0010088439714596993,0.001127257160602614,0.008290359890601437,48,0.02524082033900532,0.0013318981404309071,0.00039777021487681814
4229,433,0.0009806004146689848,-0.0010396131769420704,-0.0062095825984715,48,0.03873855003772131,0.000752851366717695,-0.00260388649981262
4230,429,0.0010719230224061158,-0.0006018588439214607,-0.005820904582982081,48,-0.004892148403688901,0.004534485161571424,0.005195756797978731
4231,465,0.0007196681736316036,-0.001016558919165661,-0.004531381795874562,48,0.028774788398202245,0.0035186792003257493,0.002478983723318841
4232,401,0.0009349290392606021,0.0011820495225224317,-0.0016095071952559846,48,0.04753681412845845,0.0017604430820974595,-0.000590071280553689
4233,430,0.0008849029506820764,-0.0002591086339470486,-0.005891035963499866,48,0.07427653019684544,-0.000910689398389293,-0.004163999064815479
4234,464,0.0010082246685299313,-0.0005025167459190572,-0.008275502901106735,48,0.05740767640725297,0.0008676750366296421,-0.0025249601998657036
4235,455,0.000878653207845752,-0.0007903132358553534,-0.0062095825984715,48,0.0640364490888734,0.00015759736948018493,-0.0038300862136605163
4236,412,0.0009812511120640428,-0.00032080659454906957,-0.004628671114178445,48,0.058915611352044595,-0.00022518201209391527,-0.004400238314133947
4237,455,0.0009279781320844123,-0.0004515563148212269,-0.007644320476446226,48,0.00729120460555821,0.002482893286855239,0.0012442315060213656
4238,429,0.0009014327653619116,0.0008246783331303364,-0.0013451166832809322,48,0.03928012116628965,0.00026984953538486574,-0.0010441988408466923
4239,449,0.0008213986418369734,-0.0007151724888969854,-0.0062095825984715,48,0.076501228029487,-0.0021923768884145878,-0.007418210382485836
4240,509,0.0006381613210504761,-0.00138712602165246,-0.004531381795874562,48,0.04111842510979913,0.0015441841466047775,-0.003023054517149598
4241,396,0.0010375486002834385,-0.0004141604070927868,-0.004534856414385557,48,0.025848864186434284,0.003630633601157819,0.005429325761328816
4242,421,0.0009114282848605316,0.0013413999843326536,0.008290359890601437,48,0.02903834474047684,0.0036973255086630782,0.000760412365406641
4243,431,0.0008192508658367186,0.0006202242381573037,-0.000502421849040223,48,0.14901631091353373,-0.007055209084089105,-0.015095902728455759
4244,432,0.0008941799089717982,-0.0006941687591678729,-0.00603129872453545,48,0.03130976784478967,0.003081797006961415,0.002381911986536922
4245,434,0.0008244281947364168,-3.22856871556379e-05,-2.795670066201364e-05,48,0.025919445297793886,0.0013658262327609569,-0.0005615216021956637
4246,439,0.0008488101919319098,-0.0008361670249040117,-0.0062095825984715,48,0.045138979017954384,0.002061441299752796,0.0008342824373412192
4247,485,0.0010430887939728035,-0.0009709204263199482,-0.0062095825984715,48,0.08418765335090084,-0.0020800445113315098,-0.007152399891486111
4248,455,0.0008899359529104187,-0.0002771432147385955,-0.007644320476446226,48,0.062440339644984855,0.0008085720978850876,-0.003701351861772985
4249,427,0.0010238531321471508,-0.0007429569386072296,-0.005680641821946095,48,0.04157724513634398,0.006053452898889514,0.004407788984105116
4250,452,0.0007278585334114188,-0.0007993844673927046,-0.0062095825984715,48,0.07047001877514791,-0.00018882821372260064,-0.004336863608333772
4251,427,0.0006110816597698458,-0.0006857365361955421,-0.005680641821946095,48,0.0600770438754924,-0.0015503170135501756,-0.005445164308325073
4252,447,0.0008394050748339685,-0.0006618356570023756,-0.0062095825984715,48,0.06411464206949535,-0.0010241309564209908,-0.0050088592126281
4253,476,0.0008933726469653883,-0.0009583184302431567,-0.0062095825984715,48,0.06513065996281253,9.190893952684687e-05,-0.004400440308111653
4254,462,0.0007992314144545567,-0.0010509607047128472,-0.0062095825984715,48,0.06778483329782403,-0.0007030134354947815,-0.005203181425342412
4255,425,0.0009003166483984898,-0.00013521484303435222,-0.0013451166832809322,48,0.033975223650120956,0.002920483077449217,0.0017187322819052532
4256,372,0.00102452504356951,-0.0007169569499206677,-0.007787482746722141,48,0.02715712209640242,0.0029579609241268175,0.004749344288322856
4257,435,0.0008482659757716665,-0.0008386036241654175,-0.0062095825984715,48,0.03208256456167646,0.0013401185028179326,-0.001276244572230651
4258,472,0.0008674530988100546,-0.0003319772816111656,-0.008836553945249459,48,0.08563752774729771,-0.00151015347237975,-0.006663446247944644
4259,455,0.000755162711684452,-0.0007577825168497317,-0.0062095825984715,48,0.04525122113318214,-0.0003180413247608465,-0.0034699822376752336
4260,439,0.0009991686606990384,0.00010653655383643327,-0.0013451166832809322,48,0.05325844352792941,0.00027224207651672244,-0.003378544260979409
4261,471,0.0007879312444452908,-0.0002775942246300567,-0.00876642256473166,48,0.061902099016083345,-0.0005238193057593779,-0.006042737434999329
4262,453,0.0010062860557683052,-0.0002984519142744564,-0.007504057715410253,48,0.04942253197922275,0.00038639589323957203,-0.0019656430551421925
4263,441,0.0007803714061176787,-0.00047774785550059803,-0.006662481149195959,48,0.027541114967777225,0.0020106977063896695,0.0012921272454667308
4264,449,0.0010770525736687785,0.001116635241798166,0.008495641949748237,48,0.035718454189618054,0.0019774409450067573,0.0009735752454115322
4265,413,0.000792276070521734,-0.0006148908571783698,-0.004698802494696244,48,0.004913877601899985,0.004459114039065513,0.005688773028331033
4266,426,0.0009373688603860296,0.0009839598081755763,-0.0036767055184929592,48,0.03892926590379986,0.002759299943389271,0.0022330365011350266
4267,373,0.0009724970137832281,-0.00027958406112266534,-0.0076519566495408115,48,0.0005647106194610618,0.002823861459467329,0.0012555278279733732
4268,403,0.000998148360623037,0.0006722934830723842,0.0031886614012217873,48,0.031550237987388874,0.003643661810323779,0.0035019171712332466
4269,428,0.000647589536690061,-0.0006543313363677056,-0.0057507732024638936,48,0.03333780730729574,0.001534735923667041,-0.0029862659316080183
4270,429,0.0008894662175660565,-0.00047285278954191726,-0.005820904582982081,48,0.05533467896777011,0.0008891642313693434,-0.0007582819671792043
4271,430,0.0009140670835985974,0.0002946397076531741,-0.0035209467576617325,48,0.07373052141352876,-0.0007716676995518628,-0.004979252108627694
4272,360,0.0011636599456983257,0.0004162229262201422,0.0024246287350151996,48,0.010617692207749552,0.004534120369809055,0.006209030486731704
4273,403,0.0008459850237550106,-0.0004959349994089236,-0.003997488689517548,48,0.055635648623757916,0.0017130749938986025,3.9410065624835566e-05
4274,432,0.00104716703658263,-0.000461637326941447,-0.00603129872453545,48,-0.0011012321007247694,0.004756569702587718,0.0024618012125160217
4275,440,0.0009223097085415931,-0.001223249339611758,-0.004531381795874562,48,0.07306197558845373,-0.0012803578778197138,-0.004799722394376489
4276,395,0.0007758393926069586,-0.0005890556675030301,-0.0046703825115661235,48,0.05436719664953371,0.0017795253183173834,-0.0005255550460892995
4277,418,0.0010949701389569178,0.0005059684564870095,-0.0013451166832809322,48,0.03711578830539741,-5.724889055089624e-05,-0.003306210914046915
4278,432,0.0008941799089717982,-0.0006941687591678729,-0.00603129872453545,48,0.05720875118109192,-0.0012940776736546488,-0.003939525836080399
4279,345,0.0010673926194125034,0.0006122858626808215,0.006160570508396614,48,0.03762646385734325,0.0020899771264926217,-0.0024095350560854774
4280,437,0.0008791016053284039,-0.00025564453853505614,-0.006381955627124791,48,0.03665924381496377,0.0016787825772634404,-0.00012000782373425972
4281,454,0.0008942590244863128,-0.00048301554953855685,-0.007574189095928427,48,0.05486491955748807,0.00010386253630017585,-0.0039334284622187556
4282,470,0.00089568000485104,-9.761942494890957e-05,-0.008696291184213875,48,0.08006540527233352,-0.0011329939916543755,-0.00583837172910159
4283,430,0.0007312042550358475,-0.0004837132535840359,-0.005891035963499866,48,0.02543242438778137,0.0016134752541791912,-0.0009428395779602361
4284,438,0.0007741598852792683,-0.0007227070185081702,-0.0062095825984715,48,0.055253827353988094,0.0010794640938387636,-0.0027970270775571696
4285,477,0.0009000131874578651,-0.0003002410129927767,-0.0091872108478388,48,0.04218076706319762,0.00043374324097896627,-0.0020644862083950034
4286,381,0.001062025476149888,2.0791914972676656e-05,-0.00043836106638044103,48,0.021934432304469675,0.0015674676343893131,-0.0012122456944250789
4287,354,0.000810117042137566,-0.00021476263721400234,-0.01067147202412903,48,0.02223698511473471,0.005036348073022423,0.005811303858132576
4288,368,0.0009177698623849644,-0.000885705176552759,-0.00565577633361454,48,0.0548844551400296,0.0002652625744217936,-0.0035687241323512434
4289,386,0.0009163838135578528,-0.0006327496025282896,-0.005890117386191954,48,0.028359598192013946,0.00016814358963135496,-0.0030178560505927723
4290,417,0.000846349605385854,-0.0006961695159944346,-0.004979328016767801,48,0.08628346327689429,-0.0024103583295051866,-0.005973795381813099
4291,462,0.0010750155354192622,-0.000440671922616466,-0.008135240140071151,48,0.09024866937586118,-0.002725153224415834,-0.006672495677000116
4292,428,0.0009968840633458684,0.0005545033707025186,0.0031886614012217873,48,0.08244180436039727,-0.0017568876515960709,-0.00756386104755607
4293,422,0.0009365665074047074,-0.0006921069530425282,-0.005329984919356753,48,0.03040968934745225,7.592723750153574e-05,-0.003829861117772372
4294,476,0.0008935639473180556,-0.0009719157871336988,-0.004531381795874562,48,0.05592054308738492,-0.00033751818061604835,-0.004144647227436113
4295,469,0.000748013331962118,-0.0009701356606711259,-0.0062095825984715,48,0.04837822462651287,0.0015957047069042937,-0.0005613302802035553
4296,471,0.0010118918053264748,-0.00032099128828006265,-0.00876642256473166,48,0.014262321823407254,0.00256127699023867,0.002335236440273041
4297,442,0.0008653077751188017,-0.0005316276663413742,-0.0067326125297141465,48,0.03919566602463387,0.0011082300099484674,-0.0016384997764031135
4298,402,0.0008626201927509399,-0.0009552624319205325,-0.0062095825984715,48,0.06044928995504251,9.112732049945324e-06,-0.00262914817519843
4299,425,0.0007329260206498048,-0.001280942128943096,-0.004531381795874562,48,0.054055550118767615,-0.0002182277058684172,-0.00294402520134919
4300,404,0.0010476902086919066,0.0007562816600746609,0.008495641949748237,48,0.05579966761535915,0.0012202243117680894,-0.0005897428858306908
4301,474,0.0010045824992496342,-0.0009735438337956162,-0.0062095825984715,48,0.09993308794117983,-0.0028182551391132456,-0.008655673388329076
4302,440,0.0009223097085415896,-0.001223249339611758,-0.004531381795874562,48,0.05082969191144859,-0.0005421282082892186,-0.0048872899058177155
4303,473,0.0008999456989851311,-0.0002997076596572418,-0.008906685325767646,48,0.06076318936512426,-0.0005922585264254519,-0.004883853172917434
4304,458,0.0008943789779786463,-0.0004827152420630934,-0.007854714617999595,48,0.08053525081556578,-0.001450139920033327,-0.00413683819170667
4305,417,0.0007001510975867724,-0.0007675925692807277,-0.004979328016767801,48,0.02670079402960246,0.0014478938012693699,-0.0012173997011910714
4306,411,0.0008654352829335493,-0.000949243397138845,-0.0062095825984715,48,0.06582589164930475,-8.699718151678089e-05,-0.0022309144184211316
4307,442,0.0011144097487874125,0.001256421161314341,0.008495641949748237,48,0.031644822735357514,0.003138956598519569,-0.0006075379386940652
4308,446,0.0008046783778055842,-0.0006176522318630841,-0.0070131380517853,48,0.03491119279866828,0.0014275546712271305,-0.0032437423358749364
4309,420,0.0008637099051465287,-0.0007559968994233016,-0.0051897221583211695,48,0.0759925033448835,-0.0021909947351126235,-0.006533935095944521
4310,470,0.0007918901163325035,-0.0004881594730030102,-0.008696291184213875,48,0.037614498105965066,0.00092773757750827,-0.0021981657735637913
4311,431,0.0010119250738331196,-0.0004940802028953854,-0.005961167344017665,48,0.0031055872524868855,0.0022394497540166314,0.0034487499885912827
4312,411,0.001026258705699096,-0.0004039587698870667,-0.00455853973366066,48,0.039221507568159786,0.0005722069155837221,-0.0008115627967743289
4313,413,0.0010714446627291259,-0.00011458708259883942,-0.01067147202412903,48,0.0916932018198029,-0.002318750543231274,-0.007725556142083777
4314,437,0.0007161174219592961,-0.000943979539601892,-0.0062095825984715,48,0.034006893282554906,0.001802530722502223,0.00033709470415086915
4315,443,0.0007995075466395302,-0.00040611785669614556,-0.0068027439102319315,48,0.10190464973963353,-0.0021893836511610153,-0.006793149856981432
4316,424,0.0008641276767900365,-0.0007544421441238076,-0.005470247680392726,48,0.06530565427686885,-3.4587618578531265e-05,-0.0021510686350398184
4317,399,0.0011518460959545561,0.0005567180464165853,0.008109775579582507,48,0.07112927359042709,-0.00016486435961398684,-0.004793623357313419
4318,432,0.00104716703658263,-0.000461637326941447,-0.00603129872453545,48,0.06739477339315436,0.00017922915459544532,-0.005563775902747269
4319,450,0.0008827288295887321,-0.0009514590885622044,-0.0062095825984715,48,0.04323667535334019,0.0025300527446801956,0.0002993533197161863
4320,431,0.0007790903286576758,0.0009174999638377835,-0.004143023285535466,48,0.0435304580001028,-0.00029663741913877294,-0.004727254772373679
4321,451,0.0005199149331351514,-0.0007297224220245493,-0.0062095825984715,48,0.05821953586114659,-0.0009565773218688338,-0.008641298831998125
4322,395,0.0010996881953281405,-0.0006527104221544129,-0.0046703825115661235,48,0.007940672289848627,0.0045617480899237985,0.0028339195936681605
4323,428,0.0009564420270744482,0.0008162632740281745,0.008495641949748237,48,0.09045123478448147,-0.00195442931434699,-0.008519642291633687
4324,436,0.0008718038785932025,-0.0009374237165181397,-0.0062095825984715,48,0.061222730413116766,0.0012172393944350213,0.000523059346108086
4325,441,0.0009686765844542965,-0.0008498803780978698,-0.0062095825984715,48,0.043068089929262476,0.001179358467433998,-0.0033018458384050514
4326,386,0.0010876232611139137,0.0004792295330579878,0.008464849640876224,48,0.04121525318826791,0.000876825996139979,-0.003707221228086026
4327,388,0.000623300611394516,9.422081672290882e-05,-0.005069971627942614,48,0.039542912661143736,0.0025865998330851913,0.00204842502192956
4328,406,0.0011651451768446845,0.0007104179039909573,0.0031886614012217873,48,0.06168038291836209,-0.001335325855082092,-0.006140931516511145
4329,400,0.0010362530512741854,-0.0004139392062698852,-0.00399275202566253,48,0.10108749963547992,-0.0024639898989042806,-0.009218779229473537
4330,478,0.0006450194039889431,-0.0010921544403325704,-0.004531381795874562,48,0.042119224074663175,0.0010397703839012135,-0.0018950981087939526
4331,403,0.0010529319980777056,-0.0004504712618198896,-0.003997488689517548,48,0.06935046108938236,-0.0013079298076117025,-0.005907629275484955
4332,439,0.0008488101919319115,-0.0008361670249040082,-0.0062095825984715,48,0.0020846461318699827,0.002202664235033418,0.00015910124348711766
4333,358,0.0007848023751762996,0.00028349606196523876,-0.0016095071952559846,48,0.025959326922136428,0.0019683256167514927,0.002396000797129349
4334,402,0.0010151620453823212,-0.00048469412492093897,-0.003927357308999749,48,0.0772517074760749,-0.0025559609393689432,-0.006205442625085723
4335,415,0.0009842702610149212,0.0008775080067934364,0.008319099378881992,48,0.05750700013701637,0.0002903878558316482,-0.0011900291886896876
4336,447,0.0008392013634964486,-0.0005870415762502003,-0.007083269432303099,48,0.052900652335184595,0.00011968016210737661,-0.0036960768796975574
4337,412,0.0011721030933309917,0.0008140341299538315,-0.0032023521969173734,48,0.009838078998591793,0.004352886309668786,0.006750805157106816
4338,375,0.001086394192674387,-0.0005933346735250561,-0.007380904455179679,48,0.0569534238015984,0.0008360252763831635,-0.001677132831039086
4339,415,0.0008905859616673891,0.0007624750445323035,0.007752664672954608,48,0.04991488708496694,5.725937770520266e-05,-0.0039599014077237454
4340,430,0.0012115561000517754,0.0010835165095409852,0.0008347072054801438,48,0.035001234352997734,0.0014755099736281606,-0.002692958693354501
4341,482,0.0007296748588317544,-0.0010076380788733921,-0.0062095825984715,48,0.06889570231151987,0.00019689286295706404,-0.0018839007706189844
4342,444,0.0005481330335396356,-1.7475420923147335e-05,-0.010194323032487292,48,0.0759456809703013,-0.0010601779521732003,-0.005694434478729686
4343,457,0.0007746042316968014,-0.00025565981831593074,-0.00778458323748181,48,0.056033888686407796,-0.002399497236366774,-0.005501773097892872
4344,443,0.0008385802137369728,-0.0005878058797288525,-0.0068027439102319315,48,0.053116821666102765,-0.0002367841717093276,-0.0031567854247936122
4345,416,0.0008632840994329521,-0.0007575839139286299,-0.004909196636249613,48,0.08612208430240198,-0.0022283558341923866,-0.0072828398829684025
4346,467,0.0008122101431487037,-0.001188801206750932,-0.004531381795874562,48,0.0387327992738602,0.0010869111160121542,-0.002178821382703016
4347,433,0.0010822462189037374,-0.0004286087239208751,-0.006101430105053235,48,0.06626936822953344,-0.0005608835291592493,-0.0039226763848077655
4348,406,0.0010693841319451129,0.0005589184735351593,-0.01067147202412903,48,0.038282441632424224,-0.00023075922131853693,-0.0028570523932164686
4349,438,0.0008531972894992119,-0.0010006500399241634,-0.0062095825984715,48,0.02591532829710741,0.0013951620470649476,-0.0013380932094843659
4350,399,0.0010543850136037142,-0.00045072971328681197,-0.004128278122843082,48,0.05954885532560117,-0.0005620353849748495,-0.002884770520507238
4351,424,0.0005522390318101742,0.0005581581472448686,0.0031886614012217873,48,0.03712513907103909,0.00037299798725697227,-0.0015412636628120355
4352,411,0.0009428977907532639,0.0010972829677754013,0.008290359890601437,48,0.05572978066368739,0.00032389643544687013,-0.0026773946617815736
4353,348,0.0010717102501071633,0.00011196152518092202,0.001057785701505387,48,0.09510714805101983,-0.0016616417088097246,-0.008420960569050315
4354,444,0.0007467101619678101,-0.0005101633213691649,-0.00687287529074973,48,0.06147539030836635,-0.0008300596550671804,-0.004308586447416402
4355,369,0.0010201046148180983,-0.0004751717407830286,-0.008194061038263839,48,0.0037327762311970547,0.0026475147650790697,0.0010349713980871318
4356,472,0.0007173110625246669,-0.0006576613430163691,-0.008836553945249459,48,0.06804255301658069,-0.0006168785093648745,-0.004347469557288132
4357,485,0.0008711307926283773,-0.0009986309985465167,-0.0062095825984715,48,0.06477554767049698,0.0008250254858170221,-0.003298963643441323
4358,483,0.000690106318613235,-0.0007162423911746089,-0.0062095825984715,48,0.04532435853455852,0.0001772351502003014,-0.0009844391531819794
4359,440,0.0010733448761830406,-0.00041654094014468776,-0.006592349768678174,48,0.033946456564819094,0.002057897782960787,0.0020881518506089443
4360,438,0.0008136785873892396,-0.00085930307057221,-0.0062095825984715,48,0.061757913525484986,-0.0004274817261767693,-0.0022311056966020475
4361,444,0.0009727276736133418,-0.0010102996448880866,-0.0062095825984715,48,0.043932743639042315,-5.578497777671346e-05,-0.004462733705447693
4362,467,0.0007869028722404664,-0.000276956447319808,-0.008485897042660506,48,0.050026278060604334,0.0011252520358004912,-0.0006722232694805312
4363,438,0.0007632726378590318,-0.0004380907964187282,-0.00645208700764259,48,0.0013916448635469258,0.003751134902018124,0.005909424267199523
4364,428,0.0010373260996172874,0.00022197236972371429,-0.003637214681900515,48,0.02063362563885296,0.00315825017005052,0.0038943924676502796
4365,427,0.0007778828029368257,0.000926265742472808,-0.003769969071901351,48,0.09573433905332585,-0.0024628955732588567,-0.008472792044195761
4366,380,0.0011711356188377547,0.0006899218975026464,0.008452532717327418,48,0.03981380431028814,0.0026261317177362813,0.0025058679143499987
4367,410,0.0008529677041076815,-0.00029710343950094253,-0.004488408353142875,48,0.08853701746224929,-0.0017382509220754006,-0.006911874628247602
4368,402,0.0010151620453823203,-0.00048469412492093897,-0.003927357308999749,48,0.039611017437189644,0.0018918017198501814,-0.0004982968007002479
4369,495,0.0007655085218155541,-0.0009818776938975565,-0.004531381795874562,48,0.058353973845936546,0.0005140730473382864,-0.004139338154055084
4370,442,0.0008037433975200394,-0.0006185785631361747,-0.0067326125297141465,48,0.08184145145363309,-0.0014220712007666364,-0.004893370704056779
4371,409,0.0008144627654478476,-0.0010668678150121125,-0.004531381795874562,48,0.04053630189030377,0.00015997035785467358,-0.0026929297933870992
4372,497,0.0009070314070605684,-0.0011012052808933338,-0.004531381795874562,48,0.047300925253432435,0.0006405502679629263,-0.0013510490308198658
4373,478,0.0009322882894704891,-0.0004259741105987584,-0.0062095825984715,48,0.052751275108246065,0.0021887994245715463,0.00041061230907149526
4374,467,0.0009757170749189904,-0.00015304263714428779,-0.008485897042660506,48,0.056519889241884114,-0.0003109812096889278,-0.005584489775549442
4375,499,0.0008802863119588365,-0.0012442674273874764,-0.004531381795874562,48,0.04805058871178569,0.0003479920219423907,-0.0037214237353685176
4376,417,0.001005696094914576,0.0007441704564945936,-0.003215116427676766,48,0.03823588074014295,0.0014911645380810976,0.0006624971213124026
4377,404,0.0009269247749481655,-0.0006610625396906988,-0.004067620070035735,48,0.029132366490312034,0.00117777301016141,-0.0008079394617468774
4378,457,0.0008237132919344152,0.0009077685559876975,-0.006567875674155892,48,0.017488301319488087,0.002749401461345469,0.0011681546400963937
4379,479,0.0008623987635590887,-0.0006882435619726852,-0.0062095825984715,48,0.07782823239991998,-0.0018855156838186102,-0.007221211952042752
4380,411,0.0006453634780767842,-0.00012895349726141023,-0.00455853973366066,48,0.06820162819199915,9.470206323478059e-05,-0.002496640557902826
4381,458,0.0007018544525400627,-0.0006265528549674916,-0.007854714617999595,48,0.03304268770863439,0.0022433065317778306,-0.00022878011585115293
4382,494,0.0009380548329823695,-0.0010865939856636933,-0.004531381795874562,48,0.049759674863978476,0.0005220737596389972,-0.005035716640536064
4383,291,0.0008580854302752822,0.00030179875675112686,0.0031886614012217873,48,0.020225204854902645,0.003410906237427253,0.0022320623813964803
4384,440,0.0009454375245438048,-0.0001245626025135867,-0.01067147202412903,48,0.021958634845296587,0.0036241251719746417,0.004296884674270472
4385,427,0.0005705449114696889,-0.0004948946952293073,-0.005680641821946095,48,0.01844975227495127,0.00154272845667687,7.836222272324112e-05
4386,416,0.0009567431961378233,-0.0006033932299213084,-0.004909196636249613,48,0.03799519110570293,0.0011474025022360917,-0.0010491087499611106
4387,456,0.0009987251043828945,-0.0009613234286134122,-0.0062095825984715,48,0.05449387446671472,0.0002797480860168462,-0.004184998825349982
4388,442,0.0010645954983835068,-0.0001966576220886057,-0.01067147202412903,48,0.06677802909787134,-0.0010263567070439659,-0.006067768970123077
4389,470,0.000968576464516438,-0.0008403145855234335,-0.0062095825984715,48,0.03545144176358139,0.0014499943518727553,0.002235100785911317
4390,417,0.0010698767877807258,-0.00012107433591945337,-0.01067147202412903,48,0.05609446627812986,0.001129098202455268,-0.0020813454493192433
4391,437,0.0009294145273566904,-0.0006620651137003025,-0.006381955627124791,48,0.06600741940126842,-0.0009050180985534922,-0.005509791453410236
4392,374,0.0008828785869493469,-0.0006937481153161118,-0.007516430552360259,48,0.005766885289490986,0.0038244102390739207,0.0022828673433673754
4393,385,0.0009339363764829609,-0.00107162889558449,-0.005941070470056042,48,0.06422758302049625,-0.001239581858648928,-0.0041521736358636485
4394,365,0.0009736613084339908,0.00033235405487701784,0.0008299785292538407,48,0.03321343696574619,0.0017683751284973915,0.0002774911863485073
4395,424,0.0009447914240236057,-0.00037235563938583377,-0.005470247680392726,48,0.043427768274672096,-0.0006339073607519886,-0.003225531372936151
4396,462,0.001075015535419264,-0.000440671922616466,-0.008135240140071151,48,0.08299527019451036,-0.0037357951606319124,-0.007335539472026968
4397,459,0.0006502173442486849,-0.0010603554317136464,-0.0062095825984715,48,0.13839367051419282,-0.006082337404043349,-0.013085607969632155
4398,460,0.0009610836475597044,-0.00041955067791676903,-0.007994977379035581,48,0.044778886162757825,0.001559042791472261,-0.002754919288851146
4399,450,0.0010295964720951302,-0.0007854918956170139,-0.0062095825984715,48,0.0376887884952265,0.0012718478316228448,-0.0029631812912371686
4400,459,0.001120686938022461,0.001014180468755353,-0.006754402780972682,48,0.07979184807256101,-0.00039431821122329,-0.00533298241925826
4401,390,0.001187688712849744,0.00042149546159113253,0.002537733558264957,48,0.10649477956050901,-0.002770474588463122,-0.009508077703115472
4402,413,0.0008457332276506236,-0.0010143412070427946,-0.0062095825984715,48,0.056749566367257365,0.00016111044704656373,-0.0030682693373777423
4403,391,0.0010250946862910486,0.00038654893047224484,-0.0008917388748305582,48,0.07065625555673427,-0.0006999508387709307,-0.005900943631168673
4404,385,0.0009020750739177246,-5.379353307826979e-05,-0.0017309191524163964,48,0.008090320608662771,0.0033118888059225048,0.0031498644888604977
4405,385,0.0008316324870845226,-0.00047134349410446474,-0.006025643483372506,48,0.05503396249105941,0.0011994066089099815,-0.002521619853827123
4406,455,0.0009271758581627446,-0.0010950516295809357,-0.004531381795874562,48,0.07289250702514039,-0.0010103634478323704,-0.005110135566477485
4407,390,0.0009729280009070683,-0.0007169672958726517,-0.005348012997469703,48,0.06488674340739764,0.00012095679792522782,-0.002957728019552363
4408,424,0.000903967859108114,-0.0002027546640239672,-0.005470247680392726,48,0.080672634159631,-0.0024975758136646185,-0.007466851950080176
4409,428,0.0008416142648359683,-0.0009828314090896996,-0.0062095825984715,48,0.07722454029865877,-0.0017628917998296929,-0.006657176642704744
4410,420,0.0008111437006364545,2.8748949367767875e-05,-0.009993418193901288,48,0.010477120140156226,0.0019240612280664454,0.00020149212323041996
4411,416,0.0007686038171771867,0.00042807060614131164,-0.0013451166832809322,48,0.03363536025811076,0.0011159906064631322,-0.0035525915560328768
4412,426,0.0006777184248210086,0.0004861484420728441,0.0031886614012217873,48,0.10089290199863299,-0.0032432504502767374,-0.009783011690032203
4413,480,0.0008019912093482941,-0.0013372637875052294,-0.004531381795874562,48,0.08145895752606358,-0.0020601542214604956,-0.006791349803611266
4414,373,0.0010051606334843186,-0.0006597217851373287,-0.0076519566495408115,48,0.043023648438054396,0.0019368317399752286,-0.0012267086045006856
4415,403,0.0008889358712095199,-0.0006937698949501352,-0.003997488689517548,48,0.06385566171290546,0.0009230279646044968,-0.00503603602861364
4416,418,0.0009359857519659212,-0.001047226594549571,-0.0062095825984715,48,0.005934675842638848,0.004450116353065749,0.003653341854127353
4417,455,0.0009384586032274095,-0.0007276126885213986,-0.0062095825984715,48,0.09746223256485542,-0.004375096502082506,-0.008928321211667301
4418,453,0.000967874906779259,0.0004534609690321819,-0.0013451166832809322,48,0.06619312208779982,0.0003194840474129747,-0.003275466819460282
4419,449,0.0009957281947910622,-0.0008082673917686328,-0.0062095825984715,48,0.05442818523257653,0.0015258992165994526,-0.0016729530210371109
4420,400,0.0009390356216292216,-0.0009097306498851085,-0.006192800590445552,48,0.03002119513737167,0.0033586438469642623,0.0006438497911522637
4421,403,0.0006399240221509196,0.0007554645417401648,-0.001589809702732422,48,0.05131128673862417,0.0009113309138709287,0.0001631105044375379
4422,455,0.0009765007824014049,-0.0008647595694842129,-0.0062095825984715,48,0.055093656386341006,0.00048545040256639353,-0.0020548091610660575
4423,383,0.0006935243029799094,-0.0004489869366812553,-0.006296695677734415,48,0.06509599189363735,-0.0008143524998627874,-0.0043460762761635945
4424,414,0.0008411185316568185,-0.0004805933401823524,-0.004768933875214029,48,0.050430706714501006,0.0011422124310924257,-0.001477678254377418
4425,437,0.001081694922620093,0.0011422414009720893,0.008495641949748237,48,0.07010963900340905,7.155088403005411e-06,-0.002988851376762622
4426,364,0.0009923838749753174,-0.0007831766368611263,-0.008871691524167433,48,0.06967306146819519,-0.002428979773305001,-0.005925317357360134
4427,372,0.0011428385737674873,0.0007334183403842065,0.004727685760294566,48,0.02637459412916099,0.004652595697826844,0.004159931379538091
4428,459,0.0009278039758079323,-0.000451415136808464,-0.007924845998517394,48,0.04689688930531977,-0.0006017471950655398,-0.004907683127817728
4429,444,0.0008955625023459165,-0.00028153610196412354,-0.00687287529074973,48,0.07191245124959711,7.986289387002486e-05,-0.006178305329004173
4430,431,0.0009725929519802882,0.0011537942022371173,-0.0013140448074022773,48,0.0786699045514857,-0.0017011853214941482,-0.0061768078272565335
4431,469,0.0009367836510590652,-0.0004775694321330487,-0.00862615980369609,48,0.04791609824013865,0.0013618142846169388,-0.0017639930427673714
4432,412,0.0007663645109561128,-0.000891921324164293,-0.0062095825984715,48,0.0553025207479102,0.0003435184679847249,-0.0031078502213512764
4433,429,0.0009409296345689253,-0.0008964986096531152,-0.0062095825984715,48,0.06748530948931164,-0.0005098888164181102,-0.003558803175106484
4434,436,0.001045890216975067,-0.0004614011686145808,-0.006311824246607006,48,0.04196197474350327,0.0019982327617342702,0.0022838500116137434
4435,386,0.0008143449601423123,0.000606315454462835,0.008464849640876224,48,0.044315607088892484,0.0012604234620243859,0.002040928435439116
4436,471,0.0006836036550412388,-0.0010102775964188973,-0.0062095825984715,48,0.05901490906228202,0.00011546032881635734,-0.003009269267991721
4437,464,0.0009141565681004293,-0.00027791018945488594,-0.007220720548015192,48,0.042709374185687876,0.0014882592530034173,-0.0024233675692550485
4438,409,0.0011143445188571163,0.0008251335110679766,0.00830678245533318,48,0.04743428752169676,0.0009174131101944913,-0.0035338196713317026
4439,469,0.0009367836510590652,-0.00047756943213304523,-0.00862615980369609,48,0.048432916389148595,-0.000429991741781377,-0.0016763439181430063
4440,448,0.0007481501935516551,-0.0005097884087841391,-0.007153400812821287,48,0.04491211510988713,0.0002822322496531136,-0.002967717206328666
4441,462,0.0007413020877766697,-0.0008158761450811902,-0.0062095825984715,48,0.09825712544371057,-0.001949395825786765,-0.007868665658331189
4442,438,0.00096457000092321,-0.0006918213609604061,-0.0062095825984715,48,0.05460479009935004,-0.00012404994544899968,-0.005085314856070895
4443,438,0.0007856726479197964,0.00044541020880484953,-0.01067147202412903,48,0.07943177770295196,-0.001962657743712232,-0.0061432294190139555
4444,427,0.0009603393243467259,-0.000835932384274804,-0.0062095825984715,48,0.05145114640196069,9.328634905203699e-05,-0.003212782970840433
4445,417,0.000858641359284323,-0.0005228706429294822,-0.004979328016767801,48,0.04701619666824475,0.0006351611387160339,-0.0033605930265933164
4446,428,0.0008948850301027606,0.0004517059857319524,0.002295644505789441,48,0.07184966755925948,-0.0020941049213070214,-0.0067158938508760785
4447,417,0.0006472067189435327,-3.197188181503288e-06,-0.009968305089078061,48,0.07416557761349896,-0.0016802255913975842,-0.007158655718766921
4448,469,0.0008629704675871359,-0.00013140450739191137,-0.00862615980369609,48,0.07088822428679287,-0.0014977463940491868,-0.005231403000331224
4449,442,0.0009648838684075968,0.0008694823833257301,0.006319779924852262,48,0.015406232101074058,0.0033999699567181033,0.00206334929214572
4450,464,0.0008556902242221037,-0.0008293050073048328,-0.0062095825984715,48,0.03709717588173311,0.0008146934513810818,-0.0029264614437666953
4451,425,0.0008892918412668344,-0.00047316954085776033,-0.005540379060910525,48,0.05606578410529228,0.00023528251160867195,-0.0027691859793139983
4452,434,0.0009368273827634007,0.0009657684182938567,-0.004422813945760655,48,0.08350709656166933,-0.002735618111129365,-0.007393794773925929
4453,497,0.0009070314070605684,-0.0011012052808933338,-0.004531381795874562,48,0.05079022069727912,0.00023321827321083274,-0.0038380542604586863
4454,438,0.0009645700009232091,-0.0006918213609604061,-0.0062095825984715,48,0.05979474340929014,-0.0003392665188501065,-0.004911043855317158
4455,459,0.0009647367525368426,-0.000980184348910347,-0.0062095825984715,48,0.056954324321039196,9.088209568215364e-05,-0.0036259210833861633
4456,473,0.0007493662314749846,-0.0009673807839695042,-0.0062095825984715,48,0.08383848792250226,-0.002314376035551775,-0.007479975584633347
4457,442,0.0006658140360896831,-0.0006859372215906549,-0.0067326125297141465,48,0.03518225889028537,-0.000120253908885707,-0.0015250029038758224
4458,441,0.0009302544599876089,0.0007541775547640628,0.006372849730337776,48,0.05264609656482511,-0.0007707898370071346,-0.00522978602550855
4459,450,0.0010023373576782061,0.0005814904336729036,-0.005504850088183497,48,0.08120400152615548,-0.0006570465104337678,-0.0047410664099595545
4460,435,0.000808474730888525,-0.0007010310995626996,-0.0062095825984715,48,0.05702493425124233,-0.00028236808772484287,-0.0037343319345112293
4461,424,0.0008522347757604354,-0.0011563184356394238,-0.004531381795874562,48,0.05219369311749511,0.0016451291537891606,-6.088322144750559e-05
4462,426,0.0010804786673161175,0.0007533464585171516,0.008495641949748237,48,0.004529070118911349,0.004660090045799142,0.006912288483147313
4463,455,0.000976500782401404,-0.0008647595694842164,-0.0062095825984715,48,0.021861795005054252,0.0036151084504314427,0.0022570801853647147
4464,412,0.0009276642045537736,0.0008889920878956594,0.007911874089410256,48,0.04945225370883366,-0.001564993295476675,-0.005005597540145502
4465,485,0.0008711307926283765,-0.0009986309985465167,-0.0062095825984715,48,0.004526519494187586,0.002620433462686157,0.0008996580060875829
4466,392,0.0008952807361346515,-0.0007248837047551249,-0.005076960803107794,48,0.06894599590743633,-0.0006387121285967128,-0.0034962063951034066
4467,443,0.0010491939700045406,-0.0002696821315579974,-0.0068027439102319315,48,0.015360802732454992,0.004485174185072971,0.004161753086517296
4468,444,0.000934565158095754,0.0003591594947159292,-0.0013451166832809322,48,0.03667853910603558,0.0020491948907535792,0.0012160836132883712
4469,438,0.0010040887030331788,-0.0008291303352292133,-0.0062095825984715,48,0.04470789885140847,-0.00015444305136547674,-0.0038242167654223003
4470,387,0.0009559911954617924,0.00013389738814343147,0.0031886614012217873,48,0.062003613622393816,-0.00016063257628042525,-0.0024223632519882188
4471,426,0.0009365119715729776,-0.0007331383883403854,-0.0062095825984715,48,0.07169416037602205,-0.0013518721175778212,-0.004423093390177574
4472,447,0.0008119630133404188,0.0008184419085451467,0.0060544308974261815,48,0.09702236302851897,-0.001551075537554656,-0.007268408010643192
4473,443,0.0009000056198287401,-0.0004993368474703712,-0.0068027439102319315,48,0.03001507124967262,0.002023474674552732,0.000256946092014175
4474,483,0.0007259431540669967,-0.0008488677455056708,-0.0062095825984715,48,0.05575329480896374,-0.0010655643126222959,-0.004284809819862321
4475,386,0.0005423827555157178,-0.0007497067154482659,-0.005890117386191954,48,0.06747899550800951,-0.0006945425109661039,-0.0063859508220602094
4476,415,0.0008250161908272616,0.0005017772154772733,0.007752664672954608,48,0.008019657831738414,0.003471085915946883,0.0055819261175689815
4477,482,0.0006578524873621797,-0.0007384853938492593,-0.0062095825984715,48,0.027387878607268434,0.0020334738838259855,0.0003956270029486786
4478,410,0.0010678095911393897,0.0005505806329259054,-0.01067147202412903,48,0.04703396999033649,0.0014950332519816593,-0.0006370476784026587
4479,360,0.0009933215435932834,-0.0007852856252675844,-0.009413795912890446,48,0.02088859257817577,0.0022182839214318914,0.004058597008687442
4480,438,0.0007515519780315859,-0.0009215337401273262,-0.0062095825984715,48,0.021391791637515145,0.0034411977164762898,0.002186607495689382
4481,421,0.0008244788666088325,-0.0005628498917969078,-0.0052598535388389545,48,0.004221661262835297,0.004535286202831706,0.0038118888283361282
4482,450,0.0008170048451181036,0.0004198582009127035,-0.0013451166832809322,48,0.024440969340621788,0.0018631598366729164,-0.002282022439926701
4483,416,0.0006097133682429574,-0.0007156410153501304,-0.004909196636249613,48,0.0629372243652001,4.5379029354711276e-05,-0.003721237055044211
4484,395,0.0008006778847756042,0.00012716052068035243,-0.004686629348465105,48,0.012586810201674625,0.0009963631410929118,-0.0021942095674216677
4485,440,0.0010340058045372061,-0.00024498097431465554,-0.006592349768678174,48,0.06086153782191528,0.000752270098836506,-0.004007345804043605
4486,478,0.0008300449702830807,-0.0006761991760753285,-0.0092573422283566,48,0.030125871384678482,0.0025441468085915606,-0.0006436399722379513
4487,410,0.0007330987230392168,-0.0013173958319891085,-0.004531381795874562,48,0.059640821283269196,0.00011107656108902929,-0.002610010407934134
4488,432,0.000843073876809227,8.34511057236087e-05,-0.0013451166832809322,48,0.06057731501249353,-0.0007419796903476075,-0.005971899842971137
4489,441,0.0009686765844542965,-0.0008498803780978732,-0.0062095825984715,48,0.03259328566971831,-0.00012113965539792444,-0.0018045307822023328
4490,398,0.0007937936879140479,-0.001023783229575654,-0.006159236574393642,48,0.06410229370599252,-0.0012252310241023185,-0.005211664636810635
4491,485,0.0010073997392837956,-0.0008333652290868493,-0.0062095825984715,48,0.06379042136600477,0.0005124558152656529,-0.0006954889588092483
4492,431,0.0009607004661898915,0.0004474179467947627,0.0031886614012217873,48,0.08539086463171042,-0.0016434651418858175,-0.007329527018405748
4493,465,0.0009742553743514746,-0.0006691306679223637,-0.008345634281624534,48,0.03608641477423791,0.0014573103646333182,-0.0010455361751814454
4494,412,0.000915203891436245,-0.00041528616525593476,-0.004628671114178445,48,0.07828079492763063,-0.002633456793842687,-0.006334246979055602
4495,442,0.0005874919024961645,-0.00030439973203949186,-0.0067326125297141465,48,0.021390553443082605,0.001269802149490306,0.0005561111089367882
4496,371,0.0008911739277183235,0.0012141764552306335,0.0014220375482453945,48,0.06467326755632119,-0.0009617035382779859,-0.00549183215222674
4497,422,0.0006746707098150666,-0.0008316820137442942,-0.0062095825984715,48,0.052716725736112635,0.0004184027250497633,-0.0025220431081687013
4498,391,0.0011245294285652852,0.0005661336618109983,0.008475113743833557,48,0.02837922753538813,0.0028767956587275774,0.00213416492167298
4499,438,0.0010436074051431536,-0.0009712887816387336,-0.0062095825984715,48,0.09787657276379269,-0.0022559846406606174,-0.006403680638492197
4500,447,0.0009000771015247565,-0.000499015039291003,-0.007083269432303099,48,0.06537832999081472,-0.0009605124749999701,-0.00571221188007566
4501,415,0.0006364042166672975,0.0009234900846930719,0.007752664672954608,48,0.04869025582174169,0.0011061148613637738,-4.030138890586191e-05
4502,452,0.0007775108354658184,-0.0004623704360096209,-0.0074339263348924545,48,0.036366511991566264,0.0024940602747005065,0.002912974270475476
4503,400,0.0011051743060348136,0.0012589291589694858,-0.0005334298238888376,48,0.028610135967320538,0.0015351803815339422,0.0010432924322800116
4504,366,0.0010284137501608008,0.0005025314660154351,0.00024170564629512337,48,0.03211413587417089,0.0017779280664787563,-0.00091819940365305
4505,459,0.0007838160909977394,-0.0006760556164867038,-0.007924845998517394,48,0.043327884601568556,0.0006543107312534501,-0.0010739306980438318
4506,444,0.0007856948275627804,-0.0007058878187509825,-0.00687287529074973,48,0.07275789473485639,-0.000510809353853791,-0.004518927415529294
4507,394,0.0009292430219102034,0.0005882933331916411,-0.001027752217365771,48,0.05886058843672903,0.00028699434990106173,-0.0015606032834192124
4508,425,0.0007329260206498066,-0.001280942128943096,-0.004531381795874562,48,0.03720776609557819,0.001256467649652435,-0.0008258602411438942
4509,404,0.0009269247749481646,-0.0006610625396907023,-0.004067620070035735,48,0.019560125435833298,0.0007774253187931533,-0.004247654382686979
4510,414,0.001084376556237044,-0.000624993094956651,-0.004768933875214029,48,0.07131764720432598,-4.0132513911059556e-05,-0.0034397664395726113
4511,421,0.0008591102651282585,-0.0005223574060047136,-0.0052598535388389545,48,0.04691818051184515,0.0011369464144249195,-0.0007009012943351607
4512,417,0.0007641881280651417,0.0008359798473171823,0.007646525061983878,48,0.027109430215703223,0.000953682299126242,0.001163814483880709
4513,417,0.000658642245010832,-0.0005669275650441313,-0.004979328016767801,48,0.09497039659369777,-0.002585281695478234,-0.008060801909213544
4514,417,0.001005696094914576,0.0007441704564945936,-0.003215116427676766,48,0.06001562279583139,-0.0010919734854981586,-0.0055064849248273595
4515,455,0.0009384586032274095,-0.0007276126885213952,-0.0062095825984715,48,0.012171799387035942,0.0031145109574390335,0.001471045593156712
4516,421,0.0007946912724185583,-0.0006876350051869852,-0.0062095825984715,48,-0.003921090199911603,0.0032254525289637905,0.0053825836194999165
4517,395,0.0007879118340501576,-0.0008572707768759076,-0.006108890550315688,48,0.052871379810978225,0.0006746251703855198,-0.003530856780237193
4518,359,0.0009770293952570267,0.0012156899823273122,0.008409423484906572,48,0.02490376036611719,0.0028255774782531135,-0.0004925497601145634
4519,468,0.0007149183754457493,-0.0009917743395779395,-0.0062095825984715,48,0.11172230950552631,-0.00502976754393414,-0.010006795620184387
4520,416,0.0007686038171771875,0.00042807060614131164,-0.0013451166832809322,48,0.06356804838398,5.105454302043767e-05,-0.00280050508644817
4521,404,0.0007204900456114173,-0.0007041486417151688,-0.004067620070035735,48,0.030089129195027264,0.00296998843617694,-7.408180127437686e-06
4522,458,0.0010498900874378165,0.0010861844726951213,0.008495641949748237,48,0.03657721379949763,0.00038521044664529235,-0.0034210864532132866
4523,443,0.0009000056198287401,-0.0004993368474703712,-0.0068027439102319315,48,0.08805295494736953,-0.0006680120102418325,-0.004704015084382413
4524,410,0.000937402784713378,-0.0006958493004871301,-0.004488408353142875,48,0.07443480848262074,-0.0029516334199579785,-0.008897075345941936
4525,498,0.0009030559653946911,-0.0009738629474247348,-0.004531381795874562,48,0.07029902391435638,-0.0011818733844739734,-0.00589765471053344
4526,423,0.0008677208493622218,-0.00023565403004902064,-0.005400116299874941,48,0.04321455854090617,-0.0005530531254554008,-0.004718406809428456
4527,450,0.0008933257504110947,-0.001117706284033633,-0.004531381795874562,48,0.04157345546531044,0.0013480686745940135,-0.001319678353551415
4528,424,0.0009968617209439607,-0.000814989887922106,-0.0062095825984715,48,0.029286337544377705,0.0013838467387825397,-0.000649025643169994
4529,396,0.0009511813557707277,-0.0008092660992303144,-0.004534856414385557,48,0.04334790745830319,0.000693043191925407,-0.0030307781111302036
4530,426,0.0007701761652397845,-0.0006756366511937589,-0.00561051044142831,48,0.044110669377845246,0.0008205376539456091,-4.324237117373127e-05
4531,402,0.0011246462076550758,0.0009814741879685049,0.008495641949748237,48,0.040101052814343396,0.0016025829866928385,-0.002011229353615758
4532,447,0.0009388001250687549,-0.0006947040255544483,-0.007083269432303099,48,0.03395759544123966,0.0027533701417687007,-0.00020390991492133526
4533,411,0.000943912277909716,-1.9814329819244775e-05,0.00031095838764928774,48,0.050203115343250726,0.0009594162371171187,-0.0031201603859285464
4534,435,0.0006681348479199555,-7.83876644778617e-05,-2.795670066201364e-05,48,0.08783961931584316,-0.002346573656339064,-0.00858888515872807
4535,455,0.0009384586032274104,-0.0007276126885213986,-0.0062095825984715,48,0.05464488104693266,0.0011362846309963997,0.0007994365675311373
4536,456,0.000865030416329785,-0.0010133406925097246,-0.0062095825984715,48,0.02107955934991712,0.002401057479421367,0.0011179946960037969
4537,400,0.0011917202636556514,0.0010889421576172516,0.0010615558622805027,48,0.07351202659845868,-0.001100976339199155,-0.006234375705144192
4538,408,0.0007763133321856209,0.0010711958095359214,0.008290359890601437,48,0.0017485223236860525,0.003025551683222702,0.002561800460568822
4539,392,0.0011630802539557353,0.0006677729356250207,0.008477166564425029,48,0.06934508355987501,-0.0015264076512243908,-0.005093212172097447
4540,383,0.0010275198044808675,-0.0005027453956881894,-0.006296695677734415,48,0.1060444812929009,-0.005180621317567153,-0.01136249844491502
4541,462,0.0007147510023056368,0.0005552814999790889,-0.0009927025023643565,48,0.025730236528765937,0.0038169329602633986,0.0024326592632198593
4542,409,0.0009884016818126166,0.0007310805161710203,-0.0013451166832809322,48,0.045507005071730555,0.0013404225718507507,7.718283735587243e-05
4543,465,0.0007094130889648016,-0.0008360681161157651,-0.0062095825984715,48,0.08329223225158522,-0.0031329950730516424,-0.006587570461155885
4544,442,0.0010040449352043562,0.0005957715080743605,-0.004825709940444456,48,0.056185978491858246,-3.6071671682661247e-05,-0.0017277754447402992
4545,472,0.0008565767238006864,-0.0008249170290700499,-0.0062095825984715,48,0.06299021755482803,2.1511770756550697e-05,-0.003611262092559492
4546,398,0.0009598500676323372,-0.0008471494037329309,-0.006159236574393642,48,0.06296237749953437,-0.0004727842264412394,-0.0037947740941745786
4547,404,0.0010476902086919062,0.0007562816600746609,0.008495641949748237,48,0.06718029030749118,-0.0006242944860014466,-0.0029568164329573567
4548,429,0.000849118451775455,-0.00029295365550211644,-0.005820904582982081,48,0.03181854310095622,0.0032002990218553294,0.0027864473405411604
4549,458,0.0009425837943415954,-0.0008849381657613578,-0.0062095825984715,48,0.025225093009322075,0.0023288403353805068,9.536389874262655e-05
4550,471,0.0008606729345572595,-0.0009826357380315863,-0.0062095825984715,48,0.03568811844204289,0.0012517336824153895,-0.0024161290208212817
4551,453,0.0009678749067792585,0.00045346096903218277,-0.0013451166832809322,48,0.0576223147161834,-0.0005542025334839048,-0.004022581716126409
4552,446,0.000964373642676214,0.0008617520700022613,0.006107500702911391,48,0.07024350863161843,-0.0014382639151588432,-0.00490133094112068
4553,449,0.0007442975660054921,-0.00045210815449890987,-0.0062095825984715,48,0.05069499160757507,0.0022429785717723114,-0.0004468756392821821
4554,453,0.0008603734139214199,-0.000851168643853796,-0.0062095825984715,48,0.06198135501532265,-0.000288632429146762,-0.004585208749076735
4555,433,0.0009014933744519488,0.0008165771568480803,-0.0013451166832809322,48,0.029925876670993112,0.001287315939169498,-0.00024972080534639736
4556,458,0.0010008882522225555,-0.00010204669379663966,-0.007854714617999595,48,0.0789317311074822,-0.002476209297226393,-0.007034441509421001
4557,377,0.0008101235300135849,0.0008437581396487075,0.0010166653886461569,48,0.06741802470528613,0.0008581929546065872,-0.003302324443512056
4558,412,0.000915203891436245,-0.00041528616525593476,-0.004628671114178445,48,0.03548760036933929,0.0018386575679083545,0.00026439459612677754
4559,460,0.0010782899445339056,0.0015318698435944494,0.008495641949748237,48,0.024098115803105502,0.0005384008091437811,-0.0010061385825050097
4560,442,0.001014833655498617,-0.00030390796224531724,-0.0067326125297141465,48,0.06192528943879949,0.001035145258365261,-0.005336179786090092
4561,388,0.0009953738289312781,0.00022347011722971023,0.0031886614012217873,48,0.049245292120626005,-0.0001518331812794746,-0.0035912414433412927
4562,361,0.0006954171207888067,0.0005547595092104248,0.00046839455052005013,48,0.06548756041009873,0.0003628891008197969,-0.0014610166673255601
4563,437,0.001171616978570958,0.0003033177402406409,0.0009784206221404154,48,0.05706915353926956,-0.0002051766204314992,-0.003987756141927919
4564,466,0.0007537493312332107,-0.0003098881792348712,-0.008415765662142319,48,0.055050979021066704,0.0005163251078296443,-0.0014288286042491022
4565,448,0.0009729466716235603,-0.0006633717601223169,-0.007153400812821287,48,0.04456466943263648,-0.0008545387769844873,-0.004157773148219121
4566,448,0.0009238691115200778,-0.00024278178199146905,-0.007153400812821287,48,0.06802654748787751,-0.0008370885832114441,-0.003429332842659484
4567,403,0.001052951818496465,0.00038551732740813374,0.0031886614012217873,48,0.07108090354731389,-0.001518375407075237,-0.007301563554589689
4568,382,0.0010122981212561852,0.001522300191960339,0.009337841551005782,48,0.05575866622511716,-0.000773805175792671,-0.00205330943236523
4569,383,0.0010838586565273924,0.0008393576276814058,0.008290359890601437,48,0.0891900781681626,-0.0022844011832033936,-0.007086051064079477
4570,428,0.00045273058656845715,-0.0006957371093398446,-0.0057507732024638936,48,0.06597667558940634,-0.0011803503663047245,-0.00743054187771933
4571,422,0.0010931978504299176,0.0004991060701011341,-0.0013451166832809322,48,0.07791460446972587,-0.00040253957529103393,-0.005208423646702702
4572,425,0.0008485643317982048,-0.0002924863007428592,-0.005540379060910525,48,0.042182510903277515,0.0010984707987907088,-0.0012930828055018953
4573,423,0.0007348693992862056,-0.000604813818815525,-0.0062095825984715,48,0.06455503419155662,-0.0007904639299733361,-0.00292518636070724
4574,494,0.0007692296697191185,-0.0011094554225168918,-0.004531381795874562,48,0.024665262840044555,0.00208022280734828,-6.024567514782697e-05
4575,454,0.0010398326789530059,-0.00026586878211552756,-0.007574189095928427,48,0.033359759449272164,0.00246947612348007,-0.0004125831967515328
4576,413,0.0008581633705184721,-0.000523401055867366,-0.004698802494696244,48,0.025251843479218494,0.0029433254543789105,0.0035169777461609587
4577,490,0.0008674646340401035,-0.0008379557917041237,-0.0062095825984715,48,0.09707218953976937,-0.001981057941994345,-0.008397294802358771
4578,419,0.0008270207808589959,-0.0007870859918736872,-0.0051195907778033845,48,0.06515923224006381,-0.0010274156515297245,-0.004654120714470834
4579,458,0.0010876830820320685,0.0008595126395203575,-0.0013451166832809322,48,0.02546019960439705,0.0032401310396578276,0.0014473836485783473
4580,432,0.0007011067185069674,-0.0010331935949457263,-0.0062095825984715,48,0.010428927035369462,0.004666492548348328,0.003985915114945799
4581,455,0.0009166953870197491,-0.0009264578980785615,-0.0062095825984715,48,0.08147436938259045,-0.0017784241167561176,-0.007562159360521761
4582,438,0.0008746453492830299,-5.9421690378137076e-05,-0.00645208700764259,48,0.026018947080664545,0.0030067297012908688,-0.00031210284834548574
4583,435,0.0008880572206548124,-0.0009810150258505596,-0.0062095825984715,48,0.039872895227070826,0.002000304282896286,-0.00035643480820704565
4584,444,0.0008848223798908175,0.0006855007438792155,-0.0026990277458272503,48,0.01159244316861796,0.002503115679466903,0.002002076995215544
4585,444,0.0008458377142958468,0.0009501896154760128,0.00621364031388183,48,0.09480677225392442,-0.002001464622837172,-0.007632968835767764
4586,424,0.0006451328936460214,-0.0006554313472839843,-0.005470247680392726,48,0.04719954245868985,0.000511294331714358,-0.0029070308604225853
4587,388,0.000578689293033259,0.000507915672261155,-0.0007557255322955952,48,0.03336453636683678,0.002884547588741685,0.0008137270226270671
4588,460,0.0009610836475597035,-0.00041955067791676903,-0.007994977379035581,48,0.037057352641590824,0.0006641047720389922,-0.00251189311559619
4589,416,0.0005681047347714015,-0.0005120693747327071,-0.004909196636249613,48,0.06750471652786383,-0.002272702899147324,-0.005917989484336738
4590,430,0.0008565877355198774,0.001388301161331663,0.008495641949748237,48,0.04568442378915283,0.00204887376421759,-0.001022054107568178
4591,358,0.0008464722240428676,-0.0007633713119242005,-0.009684848107251565,48,0.030094942558211657,0.003779422813285296,0.0007959909179406956
4592,406,0.0010683571511044686,0.0013281537762269164,0.008290359890601437,48,0.0659133950901778,-0.0006269836987100961,-0.0038541457514690465
4593,435,0.0010109693830333511,-0.000493671932087849,-0.006241692866089221,48,0.08393365603170766,-0.0018574758944758362,-0.007348447681028143
4594,445,0.000819613279581799,-0.0010167167740255771,-0.0062095825984715,48,0.052735043058533715,-0.0009517654680516307,-0.004111484071706709
4595,441,0.0009186135325399405,-0.00042727373976655936,-0.006662481149195959,48,0.00973365493768541,0.002434142409322649,0.001055611111409227
4596,411,0.0009316432023949925,-0.0008848555245038019,-0.0062095825984715,48,0.07451912975865838,-0.0007270880556625638,-0.006759191380980585
4597,410,0.0007569018567457359,0.0012052827272747944,0.008495641949748237,48,0.02886100610660225,0.004148094105207197,0.0020297580864098476
4598,475,0.0008610714252082147,-0.0009798374135844452,-0.0062095825984715,48,0.08474261987576337,-0.0020340008020756205,-0.00911231037125439
4599,463,0.0008113826394233505,-0.0011928063474334824,-0.004531381795874562,48,0.048134127240376245,0.0007839400879999184,-0.00039698832187186686
4600,461,0.0010796744379745005,-0.0006556664114226556,-0.008065108759553366,48,0.07108797884160867,-0.0007760332393023373,-0.007536699628701935
4601,435,0.0009766133981803943,-0.0011572986963557935,-0.004531381795874562,48,0.02872819128512416,0.0011095607318535733,-0.0003798977151097671
4602,384,0.0007924455769570756,0.0007074844559673112,-0.0023803133706514247,48,0.0544557402936553,-0.0008433851654861945,-0.0030756034291659837
4603,474,0.0009680652175530786,-0.0008380887307294464,-0.0062095825984715,48,0.04928827662976809,-0.0018571352080726904,-0.006021444520182967
4604,433,0.0009296124102943192,-0.000663163886817749,-0.006101430105053235,48,0.06847580319447177,-0.0010206660930183794,-0.005683059909687812
4605,494,0.0008679771345039573,-0.0008693921092861011,-0.004531381795874562,48,0.014022199051800688,0.002163940867204393,-0.0008484378162301499
4606,441,0.0006910584868015826,0.0009110710071454494,0.006372849730337776,48,0.051678761453436084,0.000982282556962196,-0.002496727258994323
4607,427,0.0009491716091943499,-0.0005821323348988855,-0.005680641821946095,48,0.05556415681002047,-0.0012833563402533735,-0.00527589982867015
4608,444,0.0011108398915363497,-0.00059763334471798,-0.00687287529074973,48,0.08653541916660634,-0.0016156283207213497,-0.0066111769061784915
4609,338,0.0008831387036515247,0.00014294555368136574,-0.007808130767067944,48,0.04719738435125964,0.001184371859732851,-0.0010896493827165857
4610,427,0.0007770279208891484,-0.000740605669877558,-0.0062095825984715,48,0.05428323308430083,0.0012562137534666267,-0.0008434515336603506
4611,441,0.0009686765844542948,-0.0008498803780978732,-0.0062095825984715,48,0.05882645299385991,0.0006592360173049133,-0.0029243113216546775
4612,416,0.0009274750650807417,0.0008807438877108153,0.007699594867469392,48,0.058966532631418156,0.001137828212958509,-0.0037930120618374953
4613,433,0.0011222212570657867,-0.0006211471430888939,-0.006101430105053235,48,0.005938798271221901,0.00320839302815828,0.0015627131354140414
4614,430,0.0004978280337088327,0.0009695359320005892,-0.0016095071952559846,48,0.055733346050675814,0.0019119338660899422,-0.0021366670252601777
4615,423,0.0009840286550951115,-0.0005439271977955192,-0.005400116299874941,48,0.0619487465689853,0.0003330931199621717,-0.0018075578046873007
4616,408,0.0007773352788064591,-6.36450938110945e-05,-2.795670066201364e-05,48,0.03521775567383023,0.00242769474780191,0.002141655469337929
4617,410,0.0007991193970485833,0.0009810363062167198,0.008018013700380688,48,0.0323805271169908,0.0016986599577387372,-0.0004248913944847471
4618,413,0.0007208844626672229,0.001078074903659602,0.008495641949748237,48,0.10864541060461252,-0.004884123807225908,-0.011190001733680018
4619,470,0.0011567514021517524,8.327832601003884e-05,0.003361194182450223,48,0.09307146270514999,-0.0025461242013325724,-0.008230551802426829
4620,442,0.0007370358544342625,0.0009466982001240278,0.008495641949748237,48,0.08511059905308249,-0.001459322685305203,-0.004753661691210694
4621,468,0.0009033120613904273,-0.0011210455349255945,-0.004531381795874562,48,0.05104039169791086,0.0003297033764020976,-0.0005786256225989803
4622,467,0.0010017889004430708,-0.0008203143971917959,-0.0062095825984715,48,0.0819826930558194,-0.002368988679149423,-0.006796737600084202
4623,389,0.0009900573446858358,0.0006365807446900868,0.008471008102650626,48,0.037594353220328114,0.0007992181062167723,0.0005088295503228573
4624,418,0.0008840222139548356,0.0003009276337631976,-0.000961518799682988,48,0.05763802310230015,0.0001451334910300894,-0.0041761778624788155
4625,378,0.0008831443553346269,-0.0006921830924375705,-0.006974326163638009,48,0.06817202796930344,-0.0017772228084817349,-0.004776049143620818
4626,361,0.0008045223767954518,-0.0007962032656543237,-0.009278269815709117,48,0.021093828775181844,0.0013174583728183765,-0.0010566107678902405
4627,395,0.001023908853511985,0.0003802169343798678,-0.0010730899982107564,48,0.042927091670211026,0.0012744670134407438,0.0003303645858622091
4628,353,0.0011128147161936224,0.0002192316601826354,0.0008310967972804534,48,0.035683796962819425,0.0022238833290195957,7.786244554746843e-05
4629,455,0.0008899359529104195,-0.0002771432147385955,-0.007644320476446226,48,0.05736467398668188,-0.00021413219077224752,-0.003083446371452886
4630,433,0.0011222212570657858,-0.0006211471430888939,-0.006101430105053235,48,0.061603893984467084,0.0006326183724996021,-0.0017253390118306816
4631,401,0.0005493337305714592,-0.0007159640873610901,-0.0038572259284819638,48,0.03018952165354405,0.0008897467806822709,-0.0024708946566380195
4632,489,0.000691299050182408,-0.0010850889268316684,-0.004531381795874562,48,0.04866641410594841,0.0004051128700277729,-0.00020883076412762935
4633,431,0.0009717645366540762,-0.00031526537004963884,-0.005961167344017665,48,0.07087397656458894,-0.0013109538443498922,-0.006415654703213253
4634,439,0.0004696707516164342,-0.0005000547346782833,-0.006522218388160375,48,0.045257548425958416,-0.00124489639641546,-0.005286737262365126
4635,454,0.0010779586514731978,-0.00044084220984271297,-0.007574189095928427,48,0.08201577363234858,-0.0019279022890052785,-0.005293510673213597
4636,438,0.0009258847112204485,0.001099787030423672,0.008495641949748237,48,0.09389776929366722,-0.0023963455273853726,-0.008227854560878552
4637,395,0.0009999742778132063,0.0006876549779049178,0.003507080234133389,48,0.10045918267303511,-0.002827733060523951,-0.00908936445122334
4638,449,0.000979028891633928,-0.0003381487068769319,-0.007223532193339072,48,0.040433409700679546,0.0009431058276854684,-0.0011253384359309754
4639,426,0.0009253180411268229,-0.0004400513040515794,-0.00561051044142831,48,0.09394556629908424,-0.0020999529839310672,-0.008332737224764842
4640,410,0.0006254021089210212,-0.0006264163896309918,-0.004488408353142875,48,0.04704075242819561,0.0003136877181217565,-0.002924578109095268
4641,462,0.0009319626368740697,-0.0006653735079831698,-0.008135240140071151,48,0.05636058518282561,0.0008741637154368962,-0.001437219650864463
4642,466,0.0011217424735830948,0.0005524226635147478,-0.01067147202412903,48,0.04978161643213175,0.0016000632992365163,0.0008073773314750295
4643,404,0.0008967872934636453,0.000987514955875319,-0.0016249073435066486,48,0.027168755491784213,0.0019923443193641584,0.00026650093765305874
4644,383,0.0009555393817543643,-0.0010041227160468083,-0.0059075064540040495,48,0.06326919958060684,-0.00047702272667423523,-0.004387812169894954
4645,395,0.0010120467192564061,-0.00026178577640260936,-0.0046703825115661235,48,0.0312564274327608,0.000514263838445831,-0.002087399123317211
4646,447,0.0008119630133404192,0.0008184419085451484,0.0060544308974261815,48,0.036256032552153705,0.00013727564574528284,-0.002116712547523311
4647,404,0.0008841000128308203,0.00035272906720955517,0.0031886614012217873,48,0.05492501953050721,0.0005487326904007935,-0.0013672027360061897
4648,456,0.0008270716629873148,-0.0008715973380824284,-0.0062095825984715,48,0.14437571561596496,-0.005101376666003667,-0.012735450691831025
4649,418,0.0006430920173610237,0.0005026613018035541,-0.0027882894972268285,48,0.07004702334227997,-0.001615251527529558,-0.006788699433868698
4650,421,0.0010872130365629836,-0.0004288535288712522,-0.0052598535388389545,48,0.08157975140318208,-0.0026123239296583865,-0.006669077153272878
4651,405,0.0007714767417606328,0.0006171958498961119,-9.121872044580426e-05,48,-0.012536380505027811,0.0046459691626968965,0.004094506976957721
4652,431,0.001011925073833118,-0.0004940802028953854,-0.005961167344017665,48,0.09122135602964698,-0.0028198510168887907,-0.007973509403969787
4653,404,0.0008840802414725023,-0.0004619867301170373,-0.004067620070035735,48,0.04820503842634527,0.0006137539514866133,-0.005289036307472971
4654,364,0.0008841778381115848,0.0005972354658691946,0.0003323812079850941,48,0.0960343731831973,-0.004206392852577196,-0.009672154059568505
4655,472,0.0008565767238006856,-0.0008249170290700533,-0.0062095825984715,48,0.029822979967010776,0.0008016025391439814,0.0002608860964488976
4656,373,0.0009597125248554453,0.0006857467396298306,0.004674615954809051,48,0.06191000800448976,-0.0022564631769381675,-0.004533128257371736
4657,399,0.000999052166751004,0.0006799277996273828,0.0032948010121922194,48,0.036233461356258045,0.0010818281061997208,-0.0001483374581439309
4658,439,0.0009393615177924058,-0.0006969898781575695,-0.006522218388160375,48,0.05022345442441545,0.0010501131357035128,-0.0024216042450199843
4659,405,0.0007588010652065033,-0.000671702732099811,-0.00413775145055352,48,0.009170158845879572,0.0033779915960484,0.0023781083715085395
4660,446,0.0009528632188994836,-0.0003952857910384036,-0.0070131380517853,48,0.03734674639842961,0.0007882112278115791,0.0008202570058816836
4661,451,0.0009167725638504487,-0.0009291821120940152,-0.0062095825984715,48,0.07139545790788626,-0.001040921204501501,-0.004653098153000161
4662,368,0.0009914882959706794,-0.00014982322286027049,-0.0013451166832809322,48,0.008710063468729823,0.0025114437549393666,0.0012650872332835468
4663,348,0.0007685912151214223,0.0002679135465663623,3.5145566546351814e-05,48,0.07632812426136315,-0.00026327179319335196,-0.004093161176833459
4664,409,0.0011257810846326496,0.0005826128885896009,0.0031886614012217873,48,0.09826657222413582,-0.0019130623041001982,-0.007248082211111421
4665,397,0.0009213699595366463,-0.0008714429899928273,-0.006142454566367583,48,0.013686174912707627,0.0025997821551642783,0.0012617131996137763
4666,400,0.0007186150090739453,-0.0007056368062323681,-0.00399275202566253,48,0.02995294126034831,-0.00018720753532501522,-0.002303321996352411
4667,417,0.0008171325067083818,-0.0003330572596909817,-0.004979328016767801,48,0.012494572785105573,0.0021330805551599014,-0.001919362165337904
4668,436,0.0007319764066844453,-0.0009876623012350025,-0.0062095825984715,48,0.07491600856764202,-0.001868552666189089,-0.006870872075661859
4669,425,0.0009300193507354639,-0.0006654357128848647,-0.005540379060910525,48,0.04499507513894785,0.0006163671535972153,-0.002470163930063808
4670,430,0.0007028890398736482,0.0010207230201948782,0.008495641949748237,48,0.04436315245078737,0.0002959080814341278,-0.0029602619053104642
4671,459,0.0009278039758079323,-0.000451415136808464,-0.007924845998517394,48,0.02794264487637732,0.0020756234405295317,0.0018330943388804675
4672,415,0.000919924618341476,-0.0006353284425529987,-0.004839065255731828,48,0.05204636918469441,-0.0005975108108011787,-0.0034846861910074016
4673,348,0.0008467850510370917,0.00069543760650296,-0.005669019822099244,48,0.014694760448635824,0.0020829388752779676,-0.0007088436377007713
4674,406,0.0009065997991178265,-0.00014407479230010758,-0.01067147202412903,48,0.08126361422192718,-0.001874579992888441,-0.005568257505700072
4675,441,0.0008188116431212377,-0.001019918199552522,-0.0062095825984715,48,0.01973246032748588,0.0010490808469206907,-0.0015821402556471312
4676,403,0.0008459850237550106,-0.0004959349994089236,-0.003997488689517548,48,0.07151059123401093,-0.0014599730878080835,-0.005992699421795884
4677,418,0.0009368399314051475,-0.0006933263191396741,-0.005049459397285586,48,0.061951062739638574,-0.0007663190806809494,-0.007535974280273416
4678,428,0.0007735589212885018,0.0013021593018852657,0.008495641949748237,48,0.029959766607643545,0.0009163555857163762,-0.00039695449292832113
4679,452,0.0008158055069794638,-0.0006480315626492608,-0.0074339263348924545,48,0.04232546963723127,-0.00040419520743476683,-0.00239618729532224
4680,416,0.0009274750650807417,0.0008807438877108153,0.007699594867469392,48,0.07977808104452899,-0.0010776797747465844,-0.005660898341467746
4681,423,0.0008054362283128527,-0.000645029748877396,-0.005400116299874941,48,0.07842879979388173,-0.002532035961331315,-0.0070682020500805395
4682,420,0.0009272895282643385,0.000872593886674375,0.0074873156455282225,48,0.039996605208005076,0.0027525124147204077,0.0024256222580402997
4683,449,0.0008107781198546512,-0.00043048414212759276,-0.007223532193339072,48,0.035564397206585,0.002117520590262073,0.0014930832852742965
4684,456,0.0011547185893926086,0.00011136138714266854,-0.010294775451780293,48,0.11697129299578302,-0.004927855372988283,-0.012804041891135414
4685,416,0.0008093349635469203,-0.0010342344413674306,-0.0062095825984715,48,0.06452506647804124,-0.0009533903502283725,-0.006703267640421399
4686,406,0.0009597273673568863,0.0005492472766022594,0.0031886614012217873,48,0.03509716188455825,0.001612717809367354,-0.0003396786747358882
4687,439,0.0008882388742193093,-0.0009779546615281028,-0.0062095825984715,48,0.027364372389011238,0.00174324341173622,-0.00048472279081481634
4688,457,0.0008978846298083286,-0.0012437979710695594,-0.004531381795874562,48,0.07604207344047542,-0.0010495508050525782,-0.002963207184421151
4689,378,0.0008247374614345454,0.00027274727206681726,-0.0019777368811184012,48,0.09445338118919089,-0.002101519782284185,-0.008019582779894322
4690,392,0.001019743070911364,0.0008067982790083677,0.008495641949748237,48,0.08509153725764096,-0.0015000621895041363,-0.0074017918436405684
4691,459,0.0005651847725432388,0.0005071451474079978,-0.0009452559875264901,48,0.06017035216702993,-0.00042947318812224487,-0.0035130101017208128
4692,385,0.001035868893011751,0.00032891751054399225,0.0031886614012217873,48,0.021667742089570674,0.0015414315200441685,-0.0033341749166520204
4693,459,0.0009278039758079332,-0.000451415136808464,-0.007924845998517394,48,0.04897325276889308,0.001540362108241565,-0.0016270898823543406
4694,444,0.0007077254963728389,-0.00032693963250621585,-0.00687287529074973,48,0.04489870428064302,0.0018201908703297642,0.0010766000618038021
4695,433,0.0008896373721322681,-0.0004725493338308233,-0.006101430105053235,48,-0.006913606814747175,0.003544471033912552,0.0015264539870982821
4696,446,0.0008268807620533097,-0.0003490679054563364,-0.0070131380517853,48,0.04089413404228093,0.002044114525669641,0.0007069311676055762
4697,427,0.000662786123222377,-0.0010595630783938707,-0.0062095825984715,48,0.047742191493271524,0.00017068588174051248,-0.0034721478860144372
4698,445,0.0009681311203186037,-0.0008474301594226796,-0.0062095825984715,48,0.03567719634613298,0.0029801608475175136,0.0010672698925928079
4699,490,0.0007222951867657604,-0.0012884622308356464,-0.004531381795874562,48,0.02592107799879284,0.002379321700310978,-0.0003437555141394405
4700,421,0.0011906917236417965,0.0002556010239041992,0.0031886614012217873,48,0.012346259117477443,0.0040942019122564306,0.004601011322637133
4701,447,0.000938800125068754,-0.0006947040255544466,-0.007083269432303099,48,0.08102716671586074,-0.0020944565203630753,-0.005459448909021211
4702,445,0.0009796674102161822,-0.00033782095061812845,-0.006943006671267515,48,0.05889543723420565,-0.0007354136614968493,-0.0048190152783223125
4703,408,0.0010887451241008124,0.0004759634137717801,0.0031886614012217873,48,0.029422523852543292,0.002273884812350052,0.001415564109140715
4704,416,0.0007686038171771867,0.00042807060614131164,-0.0013451166832809322,48,0.011033076385485452,0.004165786488411807,0.003835394571945136
4705,456,0.0007406966686487187,-0.00028831269734377885,-0.007714451856964025,48,0.02622124919496871,0.0013188513372327845,-0.0021195981060788648
4706,461,0.0006590070955371143,-0.0010702180858315306,-0.004531381795874562,48,0.07261061816960479,0.0001863333912367482,-0.0014744699869951618
4707,405,0.0010609681305840443,-0.000171138559147882,-0.00413775145055352,48,0.031491803272983065,0.0024269801036665394,-0.0005423616506274459
4708,491,0.0007538922494844044,-0.0012725622825898106,-0.004531381795874562,48,0.03191268842361783,0.0009807475677047605,-0.00017606213158231215
4709,471,0.0006836036550412388,-0.0010102775964189042,-0.0062095825984715,48,0.08008939146112604,-0.0024783833755808587,-0.007218613892880556
4710,382,0.0008258476287632517,-0.0002521802083298129,-0.006432221774914981,48,0.023535593051688286,0.002423039178303655,0.0006978379446303182
4711,438,0.0009528675776911064,-0.0008153009260661141,-0.0062095825984715,48,0.09937861827017802,-0.0021970312100995197,-0.008514560611569345
4712,402,0.0009602421302225424,0.000556029555283593,0.0031886614012217873,48,0.05716708551375005,0.001090336453356957,-0.0045872479293621975
4713,416,0.0009567431961378225,-0.0006033932299213084,-0.004909196636249613,48,0.036531325334284714,0.002476340528152038,0.0005604158143515184
4714,402,0.0010582197357409473,-0.0006832850045249313,-0.003927357308999749,48,0.09522542484332486,-0.0026261484306556327,-0.008806963371889267
4715,426,0.0006889123552671662,-0.000303995358722154,-0.00561051044142831,48,0.07110432120177046,-0.0017484681183705924,-0.007877794871635764
4716,455,0.0005621710676921164,0.0005144708693083401,-0.0008819939677427897,48,0.07582109719593844,-0.002125630664564067,-0.004451149179522353
4717,434,0.0009142209209970064,-0.0002219095314618634,-0.006171561485571034,48,0.02859643624242192,0.0022440227640963123,0.0027424153296504387
4718,480,0.0005829903978052126,-0.0008577174166589478,-0.0062095825984715,48,0.021308486344123523,0.004528793869501516,0.00371258889054097
4719,408,0.000872850090564049,-0.00023643981172889392,-0.004348145592106889,48,0.03929210779919268,0.0017576399636169103,-0.001186759785602006
4720,417,0.0008586413592843239,-0.0005228706429294822,-0.004979328016767801,48,0.05852163278929223,-0.0009627203957021432,-0.004593279528073507
4721,418,0.0010949701389569178,0.0005059684564870078,-0.0013451166832809322,48,0.04617807062968238,0.001146370707875887,-7.724554474475634e-05
4722,472,0.0008565767238006856,-0.0008249170290700533,-0.0062095825984715,48,0.07098072693533553,-0.0035206302742852563,-0.00706077308090711
4723,425,0.0008884329362448141,-0.0011367335231501803,-0.004531381795874562,48,0.011203618804846438,0.0035362856591011566,0.003529907930349607
4724,456,0.0007673974197885116,-0.0009330170480690431,-0.0062095825984715,48,0.05984454029546504,-0.0009082225808360756,-0.003181834482039689
4725,403,0.0008889358712095216,-0.0006937698949501352,-0.003997488689517548,48,0.016431967930850222,0.0006098942982666195,-0.00017375072086124252
4726,470,0.0010054045315891352,-0.0009763199886504148,-0.0062095825984715,48,0.032806745356736666,0.0020486216211814626,-0.00012693866947403876
4727,449,0.0007826452999838843,-0.00047732721962334343,-0.007223532193339072,48,0.04900295260301868,0.000713066860762241,-2.1290596874282836e-05
4728,384,0.0010537783247972221,-0.0006552695785678568,-0.006161169580553849,48,0.043799427587591144,0.0009498290425692529,-0.0024370194337124777
4729,400,0.0009271140857040625,-0.0006623042664313274,-0.00399275202566253,48,0.03416491055042037,0.0011390436484708215,-0.001694803969115092
4730,457,0.0008608077000713289,-0.000513478970837318,-0.00778458323748181,48,0.0612427344533244,-0.0006147943665411604,-0.003809662009796478
4731,438,0.0008746453492830299,-5.9421690378140546e-05,-0.00645208700764259,48,0.06402233505977595,-0.0001234687753670742,-0.0033981149129450675
4732,473,0.0008890923184261008,-0.0008026837477848707,-0.0062095825984715,48,0.0852329819254809,-0.002297817816348474,-0.006554662272672363
4733,419,0.0007330184003854928,0.00031723302240219825,-0.0013451166832809322,48,0.04017168125958248,0.00033214962301632116,-0.002948316321437997
4734,474,0.0007563526117078971,-0.00031084499535063634,-0.008976816706285431,48,0.013003704381636227,0.0029835756723467725,0.0014652491467609281
4735,465,0.0008988435700035095,-0.0006936950794710073,-0.008345634281624534,48,0.0500761142045818,-0.00030900275740369625,-0.0031940323972891836
4736,404,0.0008967872934636455,0.0009875149558753182,-0.0016249073435066486,48,0.038792171961030575,0.0014964101828301643,-0.0017053471452147667
4737,405,0.0007287379972565153,0.0009286417318636773,-0.0017181708969150472,48,0.045863292889390506,0.0020680124645340893,-0.00044969082068995955
4738,415,0.0007198220071452132,0.0002509999297719912,-0.0016095071952559846,48,0.07934632353211502,-0.0025522572454476523,-0.009482244883876317
4739,481,0.0007881796831072201,-0.0010837433264099874,-0.004531381795874562,48,0.07050895703039295,-0.00047894489280743413,-0.00408573182402942
4740,429,0.0009920597682272405,0.0009234175125729435,0.008495641949748237,48,0.014864530001375997,0.0021199462414677843,0.000689378046629878
4741,415,0.0008905859616673882,0.0007624750445323035,0.007752664672954608,48,0.08615146496140247,-0.00220686477965225,-0.008364778069983397
4742,411,0.0005141836809767035,-0.0010312959747702938,-0.0062095825984715,48,0.10580911907372015,-0.0033871932631017697,-0.009723162513092857
4743,430,0.001119128089763412,0.0004826496285672676,0.0031886614012217873,48,0.03200021494698102,0.0017096106566448855,0.00032488364849126046
4744,387,0.0009368312063702099,-0.00011622676774104487,-0.005754591289011388,48,0.04709948726494051,-0.0011771351066513312,-0.003486748576936382
4745,453,0.0007734263997527671,-0.00025499027319404385,-0.007504057715410253,48,0.0035910275286733517,0.004115076319439102,0.002532201602074041
4746,418,0.00108268868200854,-0.0006239255545145775,-0.005049459397285586,48,0.011959619156326262,0.003431215334175469,0.006197224569446466
4747,456,0.0010099831065855736,-0.0005032945349050001,-0.007714451856964025,48,-0.011294325873100752,0.0042534348525066715,0.0022894626637916943
4748,462,0.0007514439558090353,-0.0007042415614827678,-0.008135240140071151,48,0.07020485192434722,-0.0010343562168670523,-0.004834545751354807
4749,346,0.0009202210044828248,0.00018935553706116246,0.0011484612631956215,48,0.05466954442585792,-0.0001080271723450689,-0.00400008094254981
4750,424,0.0009568990867698836,0.0008235859014343403,0.008495641949748237,48,0.02442411753102991,0.0008979824976047823,-0.002755700513702636
4751,465,0.0007094130889648007,-0.0008360681161157651,-0.0062095825984715,48,0.08390484419142508,-0.0012370009218779076,-0.0044796298887953175
4752,435,0.001011790180747369,0.0009083228671037061,0.00017794839352820724,48,0.042385574752661914,0.0022013914791681535,0.0006187029896333497
4753,430,0.0007028890398736482,0.0010207230201948782,0.008495641949748237,48,0.00017129816138106158,0.004775076375933456,0.005039330948677411
4754,437,0.000879101605328403,-0.00025564453853505614,-0.006381955627124791,48,0.08750944161413088,-0.0014118267101996419,-0.006731615578393878
4755,387,0.0009245092054139727,0.0010403397818488274,0.008495641949748237,48,0.031105595217686965,0.0007460512121107675,-0.0013069412097964136
4756,400,0.0007186150090739462,-0.0007056368062323716,-0.00399275202566253,48,0.044736983405275765,-6.670105546238703e-05,-0.0019116156821903305
4757,419,0.0009320628649488482,0.00046279624523396304,-0.0013451166832809322,48,0.055923030543244545,0.0009658780839272938,-0.004048459197769867
4758,456,0.0010479243431983061,-0.0009844850950945193,-0.0062095825984715,48,0.04969201049368177,0.0006853925059497439,-0.001982005257330003
4759,439,0.0008102130236179957,0.0008334498691772042,0.006478989341308215,48,0.021068153061542194,0.0005917302437687469,-0.0013983719921213736
4760,410,0.0009478139769320396,0.0007913980423783582,0.008308835275924652,48,0.07792352092897104,-0.001206120452515268,-0.007549742293581258
4761,454,0.000844825455040079,-0.0008128752393213763,-0.0062095825984715,48,0.05775406407308137,-0.0004979474102934454,-0.005353650002695085
4762,426,0.0009253180411268229,-0.0004400513040515759,-0.00561051044142831,48,0.0699058943814701,-0.00123673716413201,-0.003589383363124898
4763,391,0.0007553109927487525,0.0005470980000768753,-0.0008917388748305582,48,0.03599138489435405,0.0010590287088150744,-0.0026122255231348923
4764,420,0.0010097142498079925,0.0001947636652907033,-0.0035353324770595364,48,0.06241182224242592,-0.0006403621118940177,-0.0028256085217544333
4765,481,0.0009615676886208287,-0.0010604717298547811,-0.004531381795874562,48,0.024848203455733575,0.0023905094778025257,0.000655884982849856
4766,431,0.0008192508658367182,0.0006202242381573037,-0.000502421849040223,48,0.0201758085356597,0.0024673483820312637,-0.002134429902027366
4767,444,0.0009345471679408886,-0.00046643313559541905,-0.00687287529074973,48,0.03703740007265832,0.0013641482973962907,-0.0008425915927900793
4768,382,0.0009164716681567984,-0.0006340199625369941,-0.006432221774914981,48,0.014432299632701429,0.0014816358871325465,-0.00021721423749859053
4769,451,0.0009281553776074808,-0.00045170762623861563,-0.007363794954374656,48,0.0586680706235424,0.0007901229959076245,-0.00341684714377297
4770,377,0.0010772556843271493,0.0007635809153940494,-6.645707128924427e-06,48,0.03711059408887529,0.0013959674781808332,-0.0011292801543192933
4771,466,0.0008584301200823775,6.337135310633193e-05,-0.008415765662142319,48,0.008556178585534702,0.0025229834894052363,0.0037489340007550633
4772,457,0.001032068053786043,-0.0009393464775339228,-0.0062095825984715,48,0.03804190677274333,0.0017284772665144398,0.00011738199629701511
4773,387,0.000911264602376088,0.0004470606973715433,0.008466902461467682,48,0.04193134514705599,3.037946852179653e-05,-0.0036477930460183244
4774,417,0.0009001502118602652,-0.0007257527252516743,-0.004979328016767801,48,0.05084229839181287,0.001774986925698968,0.0011783374593450913
4775,449,0.0005862794981529042,7.96586142686826e-05,-0.0022796053472381173,48,0.026757964433879677,0.0018735769468076063,6.358027141550524e-05
4776,435,0.0011917303400034267,0.000249912551994148,-0.004231462311172725,48,0.06350082078861019,1.110156177173971e-05,-0.002657894028133073
4777,437,0.001069947442060776,-0.0002111090620145889,-0.006381955627124791,48,0.06343281965080905,-0.0006489619686654638,-0.0021708292652215296
4778,427,0.0009603393243467224,-0.0008359323842748005,-0.0062095825984715,48,0.056816782145185485,-0.00014974033908816443,-0.004672246852919774
4779,461,0.0007868975220982509,0.0011206960997091541,0.008495641949748237,48,0.0411529089652557,0.0012677972242606025,0.0009559160321872939
4780,464,0.0007600486986445009,-0.0016281110415167013,-0.00866247156404168,48,0.06782639088291087,-0.0007871600084623127,-0.00547373823781791
4781,414,0.0010131573918797658,0.0010406244546298116,0.008495641949748237,48,0.053937382622549435,-0.0011621252611605168,-0.004585667559869094
4782,428,0.0010373260996172874,0.00022197236972371515,-0.003637214681900515,48,0.06623871665819314,-0.0031779636581483924,-0.006355760272780866
4783,402,0.0008507579679497886,-0.0007259107095800854,-0.003927357308999749,48,0.028357442590355775,0.0020047152288413094,0.0003034875995536965
4784,460,0.000827792697279151,-0.0005431364246158248,-0.007994977379035581,48,0.022382425859909127,0.003752562318422097,0.00469261496336432
4785,471,0.000964242462378302,-0.0006863274436849746,-0.0062095825984715,48,0.08443864026709225,-0.0022705745408784974,-0.007188498433060835
4786,460,0.0008285688864217535,0.00045928240344106624,-0.01067147202412903,48,0.015657573913481326,0.0018791007078280703,0.0008082538812139474
4787,387,0.0009692357984996769,0.000757406489255116,-0.002581601615418129,48,0.05344676383903102,-0.0008504647382260883,-0.004313678303321432
4788,455,0.0007333994954767907,-0.0009550838105327891,-0.0062095825984715,48,0.07429572977592813,-0.00023225381967443073,-0.005196970784427752
4789,344,0.0010083731154397367,-0.0006600186077527111,-0.011582213467781002,48,0.03652845447153863,0.0013530743296304836,-0.002139531129522105
4790,385,0.0009909099539879393,0.0006436961195234042,0.008462796820284751,48,0.05547482026230821,0.000840201353250242,-0.0028432761335274483
4791,443,0.0006726719354580545,-0.0003599949311712154,-0.0068027439102319315,48,0.06440269497491857,-0.00012023621518073013,-0.0031547282070674386
4792,420,0.0006651393559749894,-0.000796800921236674,-0.0051897221583211695,48,0.022115078215513173,0.0012382052020119255,-0.0013174978893325529
4793,465,0.0008515430655838948,-0.0006738818398477377,-0.0062095825984715,48,0.05527544780123894,0.00013458077690523505,-0.0035476552632603166
4794,411,0.001026258705699096,-0.0004039587698870667,-0.00455853973366066,48,0.05977507274656679,-0.00027003018205304895,-0.0047344778477157075
4795,407,0.0008348779484045185,0.00016569938208019393,-0.0018544717940853356,48,0.017652048852029645,0.0009373454706516991,-9.514159283390694e-05
4796,455,0.0008899359529104178,-0.0002771432147385955,-0.007644320476446226,48,0.071800065233244,-0.001813763331208357,-0.0065428284633832524
4797,427,0.001034899255761015,0.0012625073390089697,0.008290359890601437,48,0.04145217568670889,-0.0009787127877413353,-0.003936078683615726
4798,382,0.00085867636476876,0.00029740711802158683,0.0031886614012217873,48,0.09874978026619963,-0.0024334309150852527,-0.009045665022218964
4799,427,0.0007253234574366163,-0.0002702375879220058,-0.005680641821946095,48,0.07428771252051891,-0.0019959519611168295,-0.0077846847403321255
4800,371,0.0011021549769808176,0.0006075432492449479,0.004780755565779782,48,0.037998251179562015,0.0007092906582613027,-0.0013907779971064314
4801,451,0.0009385268973462679,-0.000693597501114333,-0.007363794954374656,48,0.046361985530658734,-0.0010793224845358999,-0.00468871425886664
4802,379,0.0009236754800181313,8.615129441828708e-05,-0.0003476855046904634,48,0.06398968316081954,-0.0004889841953639815,-0.005189274775148724
4803,468,0.0009603706975217967,-0.0005367277900104155,-0.0062095825984715,48,0.008702816643709088,0.0013946515443622551,-0.0009144161468815602
4804,421,0.0009115705822850062,-0.0006084599004907675,-0.0052598535388389545,48,0.04494619674590605,0.0006241273561709594,-0.0018949319061467955
4805,440,0.0009733161642883851,-0.0010134778933486403,-0.0062095825984715,48,0.048093841800039616,0.0009190206988372099,-0.00026638639419660805
4806,476,0.0009041576238654342,-0.0005083713482939289,-0.009117079467321015,48,0.07996161701491655,-0.0018724404344073325,-0.004650956217861997
4807,430,0.0011071893711484789,-0.0005711420064391654,-0.005891035963499866,48,0.06539835949277406,-0.0006769491790709313,-0.0008712907664372854
4808,394,0.0011279079185507745,0.00015534989701127683,0.0031886614012217873,48,0.10580114571923649,-0.0032253450086103157,-0.007919081077229509
4809,420,0.0007699313398646275,0.000421731435140898,-0.0013451166832809322,48,0.019702993080210618,0.0010944579318083094,0.002446797902201028
4810,423,0.0011699175824756852,0.00024009732516129013,-0.002659816476241382,48,0.02509544600673519,0.0010924934457719054,-0.0013513958977475447
4811,439,0.0010108444269306134,0.0008977248589898774,0.00030629361245301974,48,0.083806763372966,-0.00284895620722286,-0.007613599024248033
4812,431,0.0007671793100859315,-0.0004510333956037997,-0.005961167344017665,48,0.057903596017590875,0.0006795910632356131,-0.0005729806500450359
4813,421,0.0006496845049807289,-8.29551415489592e-06,-0.010001789228842362,48,0.050500913960151106,-0.0010088823738872814,-0.003850117150433062
4814,452,0.0007775108354658184,-0.0004623704360096209,-0.0074339263348924545,48,0.022133721272234008,0.0032004836218008665,0.003706752560876065
4815,440,0.0007845830196373683,-0.0007070922587142786,-0.006592349768678174,48,0.033716370041483534,-0.0004015803099167506,-0.0037365482894368696
4816,472,0.0008565767238006864,-0.0008249170290700568,-0.0062095825984715,48,0.04799211647049151,-0.0015682216083286928,-0.006109017500669438
4817,458,0.0007500592689030144,-0.0009975713528088924,-0.0062095825984715,48,0.019606511142869154,0.004235626286674335,0.003142065803497851
4818,450,0.00070878667564121,-0.0008605004111057017,-0.0062095825984715,48,0.054340031105571396,0.0012974792767064362,-0.0010750667288004015
4819,460,0.0009989102790641316,-0.0006682095097247549,-0.0062095825984715,48,0.03440556796166194,0.0019270383228719313,-5.4229142396458596e-05
4820,458,0.0007500592689030127,-0.0009975713528088959,-0.0062095825984715,48,0.06574294997025021,-0.0013834378488288557,-0.0072338989624350265
4821,463,0.000832590397599111,-0.0007509065102192271,-0.00820537152058895,48,0.07146451420044242,-0.0009801656033027791,-0.004098385072423093
4822,439,0.0008379477446196944,-0.0005885892805263145,-0.006522218388160375,48,0.018216399358590096,0.0012659184875207334,-0.0015012881296942483
4823,401,0.0009653119074613651,0.0001066722647307481,-0.0013451166832809322,48,0.048397615226979385,0.002711150499305195,0.0006637220864809217
4824,448,0.0007974488398083332,-0.0005928716492541591,-0.007153400812821287,48,0.0476237581466612,0.000701560145764113,-0.002705278898896605
4825,464,0.0008556902242221028,-0.0008293050073048293,-0.0062095825984715,48,0.02960047518059017,0.002825227363599655,0.004378165974844247
4826,420,0.000968501889036166,0.0005881979897587536,-0.00295807453416147,48,0.03858469943126952,-0.00016071709101175662,-0.0030911720902997535
4827,466,0.0005637637525712615,-0.0008427893348204527,-0.0062095825984715,48,0.10536984298622609,-0.0039880826433450495,-0.010723612703280785
4828,408,0.0011311696131306348,0.00013145359646991872,-0.0013451166832809322,48,0.047853667988048576,0.0007191445042512672,-0.003932754258067751
4829,432,0.000894179908971799,-0.0006941687591678729,-0.00603129872453545,48,0.031932362298282335,0.0014913924821726363,-0.0003113956221961478
4830,419,0.0011311073295122045,0.0006385064027661742,-0.0028731820156941493,48,0.052135402097514216,0.0004938410225755491,-0.0031135839187007193
4831,420,0.000968501889036166,0.0005881979897587519,-0.00295807453416147,48,0.01042857477509107,0.00380822582512286,0.004930603366827407
4832,337,0.0010336939702684628,0.0006542652010470803,0.0015565012908007464,48,0.04737524888528388,0.0014154288350275383,-0.0014269028000720337
4833,413,0.0008457332276506219,-0.0010143412070427946,-0.0062095825984715,48,0.07054005949300513,-0.0008293198819074119,-0.00478098277704506
4834,469,0.0007480133319621189,-0.0009701356606711294,-0.0062095825984715,48,0.08632667263217264,-0.0025391240971477606,-0.008183801787738455
4835,387,0.0008797826123282692,0.0012688835589468404,0.008466902461467682,48,0.04301145344453028,-0.0005600566291662223,-0.004645992461457566
4836,442,0.0009532692778998555,-0.0003952426237555859,-0.0067326125297141465,48,0.05041419032643302,0.00201478495377843,-0.0011197000797786745
4837,448,0.0007481501935516551,-0.0005097884087841391,-0.007153400812821287,48,0.06065911940184188,-0.0010734148580386696,-0.0037136506752917624
4838,393,0.0010584624345518494,0.0009327744406574254,0.008495641949748237,48,0.09059704896803389,-0.0017659244930852604,-0.006530358240268845
4839,421,0.0009002247343068018,-0.0007243480677994914,-0.0052598535388389545,48,0.09857209882194062,-0.0021079459016329002,-0.007994152740400225
4840,440,0.0008838002610647537,-0.00045877072967158775,-0.006592349768678174,48,0.06454969340512884,-0.0007296918415331914,-0.004241506686536337
4841,405,0.0009765201581716171,-0.0005176888988838793,-0.00413775145055352,48,0.054390433512605085,0.0001434897549771122,-0.00247134307123972
4842,387,0.0008555080640458065,-0.0007601022306784853,-0.005754591289011388,48,0.042761929840160806,0.001579731271842218,0.0003426282492113627
4843,481,0.0007988525500602795,-0.000731585737203836,-0.0062095825984715,48,0.058420831331703504,-0.0019859626672560707,-0.006829403599934322
4844,428,0.0009960498413701712,-0.00045638341997254403,-0.0057507732024638936,48,0.02734776028251984,0.004707812870890184,0.0070571678027576
4845,429,0.0008894662175660565,-0.0004728527895419138,-0.005820904582982081,48,0.011628103737575168,0.00299855822282999,0.00341008721721125
4846,462,0.0007890895464221902,-0.001114777910367383,-0.004531381795874562,48,0.08184486413213643,-0.0014365185516349438,-0.0069627290051323745
4847,371,0.0006396863427411501,0.00024201560738188951,-0.0015080643099966012,48,0.10024982940617011,-0.003146057666118149,-0.008853644705529393
4848,431,0.0006138372239423611,-0.0006844881740833975,-0.005961167344017665,48,0.05915779774763685,-0.00045874736444295565,-0.0023747171869062424
4849,429,0.0008894662175660583,-0.0004728527895419138,-0.005820904582982081,48,0.05899704301807185,-0.00026760876908046155,-0.004213257754683715
4850,434,0.0007446623351780417,0.0007678234259187898,-0.0013451166832809322,48,0.06470351187421075,-0.0005408013004703262,-0.004563347098913491
4851,471,0.0008606729345572613,-0.0009826357380315863,-0.0062095825984715,48,0.019082152513768658,0.0024683541407175304,0.00038083189294083747
4852,475,0.0009083195105315635,-0.0007254564964300058,-0.00904694808680323,48,0.022972469354550662,0.0048565503445371,0.0028272408957500487
4853,443,0.0007508172696529414,-0.0007365561173073576,-0.0068027439102319315,48,0.031260096149140715,0.0012168067090787167,-0.0023111353914189864
4854,429,0.0010838709510207108,-0.0004286800694128408,-0.005820904582982081,48,0.024909666789947882,0.002052388879011909,0.0045997393413108704
4855,498,0.0007703442402383111,-0.0011060776229329036,-0.004531381795874562,48,0.039592826236921064,0.0013028958377780987,-1.8610786640796406e-05
4856,373,0.0010326654870502253,0.0010773332894210355,0.0014102957339669694,48,0.04529372049538383,0.0016378416036502905,-0.0007870640656936906
4857,459,0.0008900933188925346,-0.0002777055244446158,-0.007924845998517394,48,0.02515121836437595,0.0026996412449891444,-0.0009869249653174789
4858,473,0.0007602196120340158,-0.0005189663309583051,-0.008906685325767646,48,0.0670290875560875,-0.0001631283371750919,-0.0028165412535396863
4859,320,0.0008679607024640245,0.00017501604084292632,0.0023272435651662815,48,0.06778786823134364,-0.0018794876628352997,-0.00747819321043916
4860,410,0.0011934452505325613,0.0006753140649411009,0.008018013700380688,48,0.05679826716964165,0.00047365966727446265,-0.0018224959295093067
4861,428,0.000853608771855645,-0.0005052162535040886,-0.0057507732024638936,48,0.05619710187758675,0.001813486103948653,0.0020639906663141357
4862,438,0.0009654034133304199,0.000877299891270414,0.006532059146793424,48,0.036436685164762284,0.0005141700159333358,-0.0025359670576810267
4863,447,0.0007135007465984781,-0.0005416517066263241,-0.007083269432303099,48,0.02270674227283287,0.003221146439654262,0.0016254593481665539
4864,477,0.0009000131874578651,-0.0003002410129927732,-0.0091872108478388,48,0.10357111445665435,-0.003935618122767673,-0.008784052642794197
4865,412,0.0005112179344010635,0.0005993727175395329,-0.003310688405797072,48,0.12109262618590855,-0.003929804380834378,-0.010129922661485007
4866,398,0.0008737863781499832,0.0010647572871289746,0.008290359890601437,48,0.059017569067100095,0.0013451899863279673,-0.0022125483174282937
4867,483,0.0007617799895207594,-0.0009862580304635972,-0.0062095825984715,48,0.07302495897662353,-0.0005203299917611315,-0.0057444513993409815
4868,466,0.0007901101829280825,-0.001111116023059789,-0.004531381795874562,48,0.09186148898103785,-0.004100953731605038,-0.009101798872363322
4869,471,0.0009075472570503184,-0.001250856564364744,-0.004531381795874562,48,0.03366688408622409,-0.00011972198661691288,-0.003143182845944583
4870,428,0.0009564420270744482,0.0008162632740281745,0.008495641949748237,48,0.05014275364372378,-0.0007484946460671153,-0.0032568748528741375
4871,426,0.0008846861361405146,-0.0002584630867798962,-0.00561051044142831,48,0.055398981324839336,-0.0026921338420243714,-0.007002237893238117
4872,370,0.0008229373265605158,0.00028614146084546613,-0.0014409682284078212,48,0.04303483638348904,-0.0003152061449673768,-0.0036812341718856223
4873,434,0.0008009806393424711,-0.0012180324812736676,-0.004531381795874562,48,0.05759432141829446,-1.956542268999155e-05,-0.002908561288998527
4874,425,0.0009005121103728645,-0.0007572695814025698,-0.0062095825984715,48,0.044153861676041406,0.0009614393758171375,-0.0010194328554996475
4875,414,0.0008829281730195404,-0.0006667346766453426,-0.004768933875214029,48,0.08191892809748291,-0.00287949635819555,-0.007194128496674831
4876,380,0.0009900308507446824,0.0008890755712074256,0.0007214426296549975,48,0.08711006826883838,-0.0028486257549896407,-0.007179799767218765
4877,447,0.0007522237701424773,-0.0007352109746840974,-0.007083269432303099,48,0.030595715103777343,0.0035023486339497666,0.004335778013082131
4878,460,0.0010090788777645538,-0.0008396027741003169,-0.0062095825984715,48,0.05906453012240154,-0.0003027789692197809,-0.0014533409430211863
4879,400,0.0010795260300846049,-0.0005981659098722447,-0.00399275202566253,48,0.050183630031118254,-0.0006814343890132746,-0.004905801782706994
4880,445,0.0007426215131936245,-0.00029327206004546233,-0.006943006671267515,48,0.05112825711149571,0.00019966081541870212,-0.0031991723071306023
4881,454,0.000990399109506772,-0.0006513805253440183,-0.0062095825984715,48,0.04206183982388556,6.963289482799125e-05,-0.0020345195306623477
4882,400,0.0010923601525956602,0.000488600123685963,0.0032417312067070034,48,0.048996307777492976,0.0014588751629031876,-8.675762951674063e-05
4883,425,0.0008483500754032159,0.0001400432068091569,-0.0033188277995040844,48,0.06978539227343161,-0.002014084777866786,-0.0069907921324083334
4884,372,0.0010963084890251015,0.0010088688698417954,0.008436110152595655,48,0.06087139724941637,0.0012327162509825802,-0.0010160992853842574
4885,402,0.0007958380527900086,7.293915006787582e-05,-0.0013451166832809322,48,0.044272750085796564,0.0011973694033191144,-0.0026500709386712146
4886,456,0.0008166141753336636,-0.0006470767448340832,-0.007714451856964025,48,0.00031139616454545216,0.0028787176547032077,0.0004841099487438161
4887,348,0.000896524107141021,0.0001323197055751752,0.0005141077499168575,48,0.075932488871152,-0.0010567034940193662,-0.004674362148837104
4888,471,0.0009642424623783038,-0.0006863274436849781,-0.0062095825984715,48,0.045812245613622404,0.0007958317899347239,-0.0020160361449711797
4889,426,0.0009373688603860294,0.0009839598081755755,-0.0036767055184929592,48,0.0319976555271857,0.0017875422151101671,0.0003479067235543608
4890,465,0.0008143189977899874,-0.000545247262723883,-0.0062095825984715,48,0.11058423931901362,-0.003517694598025317,-0.00827521441294316
4891,385,0.0010166301185969926,0.00118828976008915,0.008462796820284751,48,0.03123955443921822,0.000698917218177492,0.00036539823461053875
4892,451,0.0009281553776074817,-0.00045170762623861216,-0.007363794954374656,48,0.1092712201050885,-0.0054483895342328035,-0.009820001916877208
4893,496,0.0006983506525738079,-0.001208567015557386,-0.004531381795874562,48,0.016445588798298272,0.0029929496011830373,0.00369194787037881
4894,447,0.001075186652478636,-0.0006272189422463215,-0.007083269432303099,48,-0.002402330820787557,0.004674789792947427,0.004702653665806586
4895,415,0.0007313126441815107,-0.0005007654096988168,-0.004839065255731828,48,0.0411151925923523,0.0009482527832068693,8.335095484134081e-05
4896,454,0.0006724158310832855,-0.0007206461306230767,-0.0062095825984715,48,0.06203515215724953,-0.0016756019250035135,-0.004315982792249023
4897,389,0.0010600096709034528,0.000941733254569331,0.008495641949748237,48,0.028568316640406932,0.001184610666008978,0.0017558248504139558
4898,401,0.0007269499104525065,0.0009378936699479031,-0.0013451166832809322,48,0.05117946764754655,-0.0003494492053712911,-0.004629920984660689
4899,454,0.0007486677761236694,-0.001000537829519102,-0.0062095825984715,48,0.04930640443550005,0.0018997176407798202,0.0005507380007449131
4900,408,0.0009693868489424754,-0.0008636174639810763,-0.0062095825984715,48,0.09116455837996384,-0.0016972536200635883,-0.008326724305198591
4901,382,0.0008133643450719866,0.0006132614211120692,0.008456638358510349,48,0.03391246864286812,0.00187072416946428,-0.0016706575117668362
4902,391,0.0011687984605964026,0.0002524512584970301,0.0031886614012217873,48,0.0601250378370104,8.944639425338685e-05,-0.004030231509734181
4903,436,0.0008827410675153677,-0.0011114416888898457,-0.004531381795874562,48,0.0956670610917092,-0.002349017333441023,-0.00628174558206307
4904,433,0.0009406438236865206,-0.0005565790005888742,-0.006101430105053235,48,0.044842130546602244,0.002729429839514336,0.0017361218227697258
4905,366,0.0009272589433158068,-0.0005299480134230705,-0.0086006393298063,48,0.04632925635540208,0.0016802869839877173,-0.001241236728794141
4906,454,0.0008934549834414707,-0.0011139025839516127,-0.004531381795874562,48,-0.008824413796783004,0.005084246578261765,0.005203793081289409
4907,455,0.001073231844453377,-0.00023270097769225936,-0.007644320476446226,48,0.05823785857996722,-0.0011422272968890264,-0.005786458324035813
4908,412,0.0009572164922230595,-0.0006043576148882374,-0.004628671114178445,48,0.05437264348098625,-6.223964604941574e-05,-0.004352169986195498
4909,454,0.0008561330519661191,-0.0003094774441467947,-0.007574189095928427,48,0.08924043673411874,-0.003247658338303613,-0.008733093892540723
4910,455,0.0009279781320844123,-0.0004515563148212304,-0.007644320476446226,48,0.078221060714871,-0.0017418658480625043,-0.006304559522130937
4911,454,0.0009428885528877037,-0.0008874476987882352,-0.0062095825984715,48,0.021455660065831883,0.004193088567505436,0.0032678769709455473
4912,480,0.0007206788126549587,-0.0006953704021930573,-0.0062095825984715,48,0.03601467878794262,0.0017618370697084955,0.0016623832698777225
4913,456,0.0008968898443774483,0.0013609329241585436,0.008495641949748237,48,0.09510949032904703,-0.00320322994514341,-0.009558603295172392
4914,419,0.0007857100612309129,-0.0005878878748451603,-0.0051195907778033845,48,0.0686715194403622,0.0005154211872384212,-0.0035213876337656103
4915,442,0.0010040449352043557,0.0005957715080743614,-0.004825709940444456,48,0.05039097305290319,0.00047289557068373907,-0.003661850588001541
4916,442,0.0009036429717020813,-0.0012775165553888732,-0.004531381795874562,48,0.04753872970027706,0.0017151496541114968,-0.002257878629959704
4917,430,0.0004978280337088335,0.0009695359320005901,-0.0016095071952559846,48,0.004339626740103575,0.004600124944258448,0.0033851428460343128
4918,402,0.0010151620453823212,-0.0004846941249209355,-0.003927357308999749,48,0.04295059336128337,0.002272096101348108,0.0009197389865842447
4919,400,0.0008286465921580658,0.0006357555840530923,0.0032417312067070034,48,0.0698663880214847,-0.0005780851452748051,-0.0035464851493257343
4920,387,0.0009368312063702091,-0.0001162267677410414,-0.005754591289011388,48,0.05156750947811728,0.0002782146089892745,-0.004628803256826658
4921,470,0.0009576538070602218,-0.0011800609767697763,-0.004531381795874562,48,0.06494396154750515,-0.0005953596408967837,-0.004608501352813259
4922,454,0.0009323849970065039,-0.0006674416506633751,-0.007574189095928427,48,0.051019670633227654,0.0006208563037699653,-0.001382099225135748
4923,412,0.0008083771117429247,-0.0010377863419251399,-0.0062095825984715,48,0.11256999957459757,-0.004951551026221041,-0.00983419224597757
4924,411,0.0008779259131146255,-0.00044845178058729174,-0.00455853973366066,48,0.040198759625780345,-0.00017411422584492908,-0.002104728747216008
4925,440,0.0008838002610647537,-0.00045877072967158775,-0.006592349768678174,48,0.06387027808614554,-0.0011658354314230384,-0.0037723456867067573
4926,459,0.0009012777393814725,0.0010407398061018569,0.008495641949748237,48,0.0534753760079949,0.0008395671019025171,-0.003676137320508926
4927,399,0.0007466491036527243,0.000797712025760745,0.008491536308565306,48,0.07238934643924999,-0.0009733000645938579,-0.006753733827193964
4928,400,0.0009390356216292233,-0.0009097306498851085,-0.006192800590445552,48,0.042295616026669314,-0.000763398588572892,-0.004742785101259764
4929,396,0.0009817965651969956,0.0005321413617133206,0.007838899113053598,48,0.0633733740078739,-0.000882987100662265,-0.006250205011579777
4930,463,0.0007959766945352452,0.0003254166227615327,-0.007127456994606797,48,0.014498565823863885,0.0028246597396170085,0.0007100591194045269
4931,417,0.0010048398670834064,-0.00046943188207366343,-0.004979328016767801,48,0.05700701728823254,0.000523637348364572,-0.0010470276998535543
4932,445,0.000968131120318602,-0.0008474301594226831,-0.0062095825984715,48,-0.021044408476950438,0.00567996815642865,0.0067017435671980746
4933,418,0.00108268868200854,-0.0006239255545145775,-0.005049459397285586,48,0.07958950448045066,-0.002065023021348667,-0.007394209092855538
4934,464,0.0008183859321441583,-0.000696703043608856,-0.0062095825984715,48,0.05328853432443226,-0.0001909125585340416,-0.005232134284710366
4935,425,0.0010447987568618436,-0.00024657404500978697,-0.005540379060910525,48,0.05600079311355999,0.00010134190458749304,-0.003973263974180234
4936,413,0.0009760572897335833,0.000900370705531014,-0.000527950310558991,48,0.0006108114376823792,0.0037042765651519828,0.0035696403224878825
4937,471,0.0008707973812028275,-0.0011358346359228687,-0.004531381795874562,48,0.015327519205648232,0.003831911934525316,0.006130855427040786
4938,506,0.000841116251481722,-0.0012985494951842057,-0.004531381795874562,48,0.03034444621475052,0.0010949692762111368,-0.00014131182256907002
4939,401,0.001086960903979348,0.0008673609787545229,0.008495641949748237,48,0.053567760397153275,0.0005232429343809703,-0.0018050996021597814
4940,358,0.0010167648993283903,-0.0006872852994992268,-0.009684848107251565,48,0.030454702576282355,0.0027536039359789335,0.0003243668390734873
4941,416,0.0009274750650807417,0.0008807438877108153,0.007699594867469392,48,0.03894474191965247,0.0029770699931577632,0.002204948023892969
4942,417,0.0007001510975867724,-0.0007675925692807312,-0.004979328016767801,48,0.06282587869343481,-9.834899649786844e-05,-0.004174899483365007
4943,425,0.0008364851576701526,-0.0008220951386416035,-0.0062095825984715,48,0.08209504205226514,-0.002501970814613773,-0.0077091680755571115
4944,449,0.0007336770440231699,-8.813812783660391e-05,-0.007223532193339072,48,0.06319712631598862,-0.0021646593925375903,-0.00696946375143952
4945,472,0.0009965988405970377,-0.0006636244688056729,-0.0062095825984715,48,0.036961270094193366,0.0021744622007655624,-0.002032970000470268
4946,470,0.000755062049259808,-0.0003103657540055836,-0.008696291184213875,48,0.0783944800239984,-0.003092436382534515,-0.008339268159455265
4947,403,0.0008587236068925328,0.0008335020788382136,-0.0013451166832809322,48,-0.008111578214027304,0.0014521139762007041,0.000775491345438863
4948,448,0.0007974488398083332,-0.0005928716492541591,-0.007153400812821287,48,0.0585385816780124,-0.0003426430717028226,-0.006224574775092789
4949,373,0.0010051606334843194,-0.0006597217851373287,-0.0076519566495408115,48,0.05769230319754015,-0.0005729925990385857,-0.005142984801346555
4950,438,0.0009536827535029735,-0.00039520731080546975,-0.00645208700764259,48,0.050098884520280995,0.000475617267168155,-0.004229533075538347
4951,390,0.0010989236281104238,0.0010856087784068096,0.008495641949748237,48,0.04859458524576743,-0.0002953096551753867,-0.005313306754550079
4952,449,0.001056129967465411,-0.0007143728562407706,-0.007223532193339072,48,0.025545231486840292,-0.0002662174104456957,-0.0034698069107882944
4953,443,0.0008609329527312975,-0.0003154803307340061,-0.0068027439102319315,48,0.019641897794367646,0.002489139112503998,0.0010545498028413335
4954,395,0.0008006778847756042,0.00012716052068035243,-0.004686629348465105,48,0.0187496938540741,0.0038200066217820034,0.0023758077511503457
4955,399,0.0008019819505054315,-0.00030968308129756053,-0.004128278122843082,48,0.05566822085829515,0.002812422573250928,-0.0017738685571619082
4956,400,0.0008838411068936439,-0.0004623070565441881,-0.00399275202566253,48,0.06071543375689614,-0.0003602344942286815,-0.0034887829968791584
4957,402,0.0010151620453823212,-0.00048469412492093897,-0.003927357308999749,48,0.01655888205593148,0.0017920701586242645,-0.001325583501354942
4958,385,0.0008765914261083347,-0.0006659087071586266,-0.006025643483372506,48,0.013736931889154813,0.0027384422515895606,4.2232206100181746e-05
4959,450,0.0010295964720951302,-0.0007854918956170139,-0.0062095825984715,48,0.04634615661078334,0.0015682424194025804,-0.0015202491938022047
4960,415,0.0008782157231025161,-0.00044815335524749436,-0.004839065255731828,48,0.09162187498017038,-0.0025275489730466165,-0.008195626610313972
4961,422,0.0006746707098150648,-0.0008316820137442907,-0.0062095825984715,48,0.12205719736385157,-0.005402490741578775,-0.01078264917609514
4962,430,0.000822801923450728,-0.0010495585876958945,-0.0062095825984715,48,0.037079063443809734,0.0023001237653402073,-0.0007462303790974796
4963,426,0.0009141241106806648,0.00030086834861539104,-0.0035209467576617325,48,0.07312077070954281,-0.0016394038522522109,-0.006822815994999697
4964,435,0.0009602158062650048,0.0004416300181211523,0.0031886614012217873,48,0.033974601275519545,0.003209611644564892,0.00224751294615436
4965,404,0.0009387282758641638,-0.0009066975401842356,-0.0062095825984715,48,0.056359200725544234,-0.0004272221165442288,-0.004323546735381916
4966,468,0.0008931227144458494,-0.0009637424866271171,-0.0062095825984715,48,0.08886693587941441,-0.0021573921629289543,-0.008077277486195134
4967,431,0.0009607004661898915,0.00044741794679476095,0.0031886614012217873,48,0.09160544010047178,-0.0021627086117995877,-0.007198873468298502
4968,462,0.0008952696833706725,0.0008168623254800767,-0.0008005281420136526,48,0.0701589863309463,-4.485740415306749e-05,-0.002866627968588619
4969,491,0.0007996006823328562,-0.0010948755747239997,-0.004531381795874562,48,0.06581400602616216,-0.0014133885635131908,-0.007589411588447673
4970,406,0.0006041500067552517,0.0005539855609831201,-0.0001070342253917285,48,0.05727118066607273,0.00034133590484950946,-0.0037840608065777444
4971,452,0.0009829395700964886,-0.0005511461903198282,-0.0074339263348924545,48,0.061287905088698746,-0.0006118646679549259,-0.004861674380655812
4972,426,0.0008846861361405146,-0.0002584630867798962,-0.00561051044142831,48,0.024544526767303454,0.0032445709550324216,0.0012731630259446187
4973,418,0.0008954303823042707,-0.0004890026533866353,-0.005049459397285586,48,0.02079098132909918,0.002972850529861879,-0.0013664961122625621
4974,412,0.000915203891436245,-0.00041528616525593476,-0.004628671114178445,48,0.03453519424998586,0.0009800394478422167,-0.0008746960745310804
4975,417,0.0007001510975867724,-0.0007675925692807312,-0.004979328016767801,48,0.04127557315582808,0.0015295743783680649,-0.0005440097202704004
4976,406,0.0007669343395825387,0.0011003595563777264,-0.0016095071952559846,48,0.06015140358154314,-0.0012309858119606693,-0.005604901201471748
4977,438,0.0010147862898618422,-0.000712176205503439,-0.00645208700764259,48,0.06160389947997613,-0.0008358375760921678,-0.0037284203972419473
4978,473,0.0009365401842370731,-0.0004774088815612462,-0.008906685325767646,48,0.019250019457815903,0.002128439532056308,0.0015225828781944527
4979,480,0.0007567396283303081,-0.0008289249623486677,-0.0062095825984715,48,0.04670204465571404,0.0016100065180860417,0.0005770352851478949
4980,359,0.0010734594316033632,0.0006594926292861061,0.0005590701122102845,48,0.026013623599681845,0.0031104976562126973,0.0030795225624915285
4981,403,0.000888935871209519,-0.0006937698949501352,-0.003997488689517548,48,0.11621193113697337,-0.005515313673114317,-0.011460395431881005
4982,417,0.0008463304504008192,-0.0010109211034494796,-0.0062095825984715,48,0.05788109448938472,-0.0008521173795929451,-0.0038735954238130928
4983,438,0.0008531972894992119,-0.00100065003992416,-0.0062095825984715,48,0.03198757581236411,0.001416039328534728,-0.0013357826151516317
4984,455,0.0007827244197154493,-0.0006771458918729788,-0.007644320476446226,48,0.09253036316324215,-0.001266670470427101,-0.006473551368017798
4985,416,0.0009274750650807417,0.0008807438877108153,0.007699594867469392,48,0.03142510270561283,0.003218616921518312,0.000984698160366268
4986,464,0.0008556902242221037,-0.0008293050073048293,-0.0062095825984715,48,0.04382285155386678,-0.0006892664038965195,-0.004290598853275266
4987,503,0.0008711914541430204,-0.0012870855741075257,-0.004531381795874562,48,0.006317807136736908,0.003265331421987934,0.0028139848192236232
4988,416,0.001022155347336508,-0.0005116747844812648,-0.004909196636249613,48,0.03853299097170659,0.00040319331900443185,-0.001589670610591197
4989,387,0.0009692357984996769,0.0007574064892551169,-0.002581601615418129,48,0.020972568995768492,0.0007714919385681165,-0.002782572657748915
4990,404,0.000981572809339827,-0.0010584755149882809,-0.0062095825984715,48,0.033767807173520015,0.002488921641269657,-0.0006528233206479807
4991,454,0.0008934549834414707,-0.0011139025839516058,-0.004531381795874562,48,0.07886215694616872,-0.0013678534859796684,-0.007131487906397765
4992,429,0.0006839458328991347,5.652306080023827e-05,-0.0013451166832809322,48,0.02476021267556805,0.0034677433187910037,0.0030383005728876755
4993,443,0.0008884172473582613,-0.0009749423176170051,-0.0062095825984715,48,0.035063886126846744,0.0012403698862990054,0.0003637281391934092
4994,454,0.0007478813289747751,-0.0012528817147388384,-0.004531381795874562,48,0.06609742547057029,-0.0008374621320984127,-0.0037866212117898326
4995,427,0.000805560778379795,-0.0010055254710391558,-0.0062095825984715,48,0.03700377909088348,0.0019434232921138137,0.0003843860571261879
4996,459,0.0011472131744489208,-0.0005953242272678655,-0.007924845998517394,48,0.02927592955020364,0.0026601810313463103,0.0016748200373806858
4997,407,0.0010940362691570418,-0.000649154006093746,-0.004278014211589104,48,0.07495783867596084,-0.002134416058515498,-0.006161937434784687
4998,439,0.0008602967296005928,0.00012399938445664107,0.000756444418884044,48,0.08237874223269692,-0.001472677034371924,-0.005602740078359116
4999,423,0.0010880774334252486,0.0009107104275451758,0.007328106229072269,48,0.09004538365678316,-0.0026509597948527787,-0.006901821295086423
5000,460,0.0007909402091953025,0.0007617718786813218,-0.0013451166832809322,48,0.05826333468290956,-0.00017636579011795495,-0.0037680395565241817
