image_id,acquisition_date,sequence_id,frame_index,n_valid_pixels,reference_crop_fraction,hard_crop_fraction,soft_crop_fraction,hard_signed_error,hard_absolute_error,hard_squared_error,soft_signed_error,soft_absolute_error,soft_squared_error
2016-05-23__bonirob_2016-05-23-10-37-10_0_frame23,2016-05-23,bonirob_2016-05-23-10-37-10_0,23,1251936,0.05600685658052808,0.05925143138307389,0.056919081759741176,0.0032445748025458146,0.0032445748025458146,1.0527265649315213e-05,0.0009122251792130984,0.0009122251792130984,8.321547775903695e-07
2016-05-23__bonirob_2016-05-23-10-37-10_0_frame28,2016-05-23,bonirob_2016-05-23-10-37-10_0,28,1251936,0.04947377501725328,0.05012396799836413,0.04790296471531515,0.0006501929811108531,0.0006501929811108531,4.227509126858182e-07,-0.001570810301938133,0.001570810301938133,2.467445004674969e-06
2016-05-23__bonirob_2016-05-23-10-37-10_0_frame30,2016-05-23,bonirob_2016-05-23-10-37-10_0,30,1251936,0.011623597372389643,0.01261086828719679,0.012526554448991275,0.0009872709148071469,0.0009872709148071469,9.747038592241407e-07,0.0009029570766016324,0.0009029570766016324,8.153314821849663e-07
2016-05-23__bonirob_2016-05-23-10-37-10_0_frame31,2016-05-23,bonirob_2016-05-23-10-37-10_0,31,1251936,0.018276493367073078,0.01927574572502109,0.018765921486435976,0.0009992523579480106,0.0009992523579480106,9.985052748646592e-07,0.0004894281193628981,0.0004894281193628981,2.3953988402310324e-07
2016-05-23__bonirob_2016-05-23-10-37-10_0_frame35,2016-05-23,bonirob_2016-05-23-10-37-10_0,35,1251936,0.02303552258262403,0.028987104772128926,0.027561427450419413,0.005951582189504895,0.005951582189504895,3.5421330558431876e-05,0.004525904867795381,0.004525904867795381,2.048381487233393e-05
2016-05-23__bonirob_2016-05-23-10-37-10_0_frame44,2016-05-23,bonirob_2016-05-23-10-37-10_0,44,1251936,0.02813322725762339,0.03350970017636684,0.032431735940603064,0.00537647291874345,0.00537647291874345,2.8906461045981707e-05,0.004298508682979672,0.004298508682979672,1.8477176897651637e-05
2016-05-23__bonirob_2016-05-23-10-37-10_0_frame47,2016-05-23,bonirob_2016-05-23-10-37-10_0,47,1251936,0.02487667101193671,0.026471001712547605,0.02592189975089111,0.0015943307006108937,0.0015943307006108937,2.541890382910423e-06,0.0010452287389543999,0.0010452287389543999,1.092503116736205e-06
2016-05-23__bonirob_2016-05-23-10-37-10_0_frame50,2016-05-23,bonirob_2016-05-23-10-37-10_0,50,1251936,0.004718292308872019,0.004116025100324617,0.004079535462315796,-0.0006022672085474017,0.0006022672085474017,3.627257904914794e-07,-0.0006387568465562226,0.0006387568465562226,4.080103090224497e-07
2016-05-23__bonirob_2016-05-23-10-37-10_0_frame52,2016-05-23,bonirob_2016-05-23-10-37-10_0,52,1251936,0.022215991871788972,0.02195799146282238,0.021824301903503165,-0.00025800040896659104,0.00025800040896659104,6.656421102692823e-08,-0.0003916899682858063,0.0003916899682858063,1.5342103125573596e-07
2016-05-23__bonirob_2016-05-23-10-37-10_0_frame55,2016-05-23,bonirob_2016-05-23-10-37-10_0,55,1251936,0.014465595685402448,0.01397355775375099,0.013656390769109954,-0.0004920379316514581,0.0004920379316514581,2.421013261838449e-07,-0.0008092049162924941,0.0008092049162924941,6.548125965519425e-07
2016-05-23__bonirob_2016-05-23-10-37-10_0_frame60,2016-05-23,bonirob_2016-05-23-10-37-10_0,60,1251936,0.026052449965493444,0.026861596758939753,0.02627003885413902,0.0008091467934463088,0.0008091467934463088,6.547185333444436e-07,0.000217588888645575,0.000217588888645575,4.734492446201643e-08
2016-05-23__bonirob_2016-05-23-10-37-10_0_frame93,2016-05-23,bonirob_2016-05-23-10-37-10_0,93,1251936,0.001304379776601999,0.0013283426628837257,0.0013286835002917585,2.3962886281726813e-05,2.3962886281726813e-05,5.742199189509711e-10,2.4303723689759636e-05,2.4303723689759636e-05,5.906709851881837e-10
2016-05-23__bonirob_2016-05-23-10-37-10_0_frame96,2016-05-23,bonirob_2016-05-23-10-37-10_0,96,1251936,0.006273483628556092,0.007103398256779899,0.006958002578174479,0.0008299146282238065,0.0008299146282238065,6.88758290139859e-07,0.0006845189496183868,0.0006845189496183868,4.6856619238665955e-07
2016-05-23__bonirob_2016-05-23-10-37-10_0_frame97,2016-05-23,bonirob_2016-05-23-10-37-10_0,97,1251936,0.0017772473992280755,0.0020767834777496615,0.002401906090080705,0.0002995360785215859,0.0002995360785215859,8.972186233608968e-08,0.0006246586908526296,0.0006246586908526296,3.901984800577211e-07
2016-05-23__bonirob_2016-05-23-10-37-10_0_frame102,2016-05-23,bonirob_2016-05-23-10-37-10_0,102,1251936,0.029696406206068043,0.029829799606369653,0.029749337508375925,0.00013339340030161032,0.00013339340030161032,1.7793799244025652e-08,5.2931302307882705e-05,5.2931302307882705e-05,2.801722764008469e-09
2016-05-23__bonirob_2016-05-23-10-37-10_0_frame103,2016-05-23,bonirob_2016-05-23-10-37-10_0,103,1251936,0.01924858778723513,0.019544928814252484,0.01860842770905131,0.0002963410270173557,0.0002963410270173557,8.781800429370113e-08,-0.0006401600781838178,0.0006401600781838178,4.098049257003117e-07
2016-05-23__bonirob_2016-05-23-10-37-10_0_frame113,2016-05-23,bonirob_2016-05-23-10-37-10_0,113,1251936,0.014313830738951512,0.014901720215729877,0.013824728434970337,0.0005878894767783645,0.0005878894767783645,3.4561403690673915e-07,-0.0004891023039811752,0.0004891023039811752,2.3922106375969394e-07
2016-05-23__bonirob_2016-05-23-10-37-10_0_frame114,2016-05-23,bonirob_2016-05-23-10-37-10_0,114,1251936,0.012049337985328323,0.013726740025049203,0.012887508495039854,0.0016774020397208808,0.0016774020397208808,2.8136776028597716e-06,0.0008381705097115309,0.0008381705097115309,7.025298033500875e-07
2016-05-23__bonirob_2016-05-23-10-37-10_0_frame117,2016-05-23,bonirob_2016-05-23-10-37-10_0,117,1251936,0.0008506824630013036,0.003692680776014109,0.003784507929961439,0.0028419983130128054,0.0028419983130128054,8.076954411167633e-06,0.002933825466960135,0.002933825466960135,8.607331870583856e-06
2016-05-23__bonirob_2016-05-23-10-37-10_0_frame125,2016-05-23,bonirob_2016-05-23-10-37-10_0,125,1251936,0.023097027324080463,0.024794398435702785,0.024228941384667337,0.001697371111622322,0.001697371111622322,2.8810686905699972e-06,0.0011319140605868735,0.0011319140605868735,1.2812294405542645e-06
2016-05-23__bonirob_2016-05-23-10-37-10_0_frame128,2016-05-23,bonirob_2016-05-23-10-37-10_0,128,1251936,0.023093832272576234,0.024917407918615648,0.024503100368657375,0.0018235756460394138,0.0018235756460394138,3.3254281368280657e-06,0.0014092680960811413,0.0014092680960811413,1.986036566632165e-06
2016-05-23__bonirob_2016-05-23-10-37-10_0_frame132,2016-05-23,bonirob_2016-05-23-10-37-10_0,132,1251936,0.04296625386601232,0.044249865807836825,0.04379791225567282,0.0012836119418245043,0.0012836119418245043,1.6476596171944746e-06,0.0008316583896604973,0.0008316583896604973,6.916556770926916e-07
2016-05-23__bonirob_2016-05-23-10-37-10_0_frame139,2016-05-23,bonirob_2016-05-23-10-37-10_0,139,1251936,0.02433590854484574,0.025232919254658384,0.02493389383243764,0.0008970107098126429,0.0008970107098126429,8.046282135185814e-07,0.000597985287591897,0.000597985287591897,3.575864041763638e-07
2016-05-23__bonirob_2016-05-23-10-37-10_0_frame143,2016-05-23,bonirob_2016-05-23-10-37-10_0,143,1251936,0.04456777343250773,0.04603669836157759,0.04517602345610838,0.0014689249290698592,0.0014689249290698592,2.157740447242891e-06,0.0006082500236006538,0.0006082500236006538,3.6996809121019597e-07
2016-05-23__bonirob_2016-05-23-10-37-10_0_frame145,2016-05-23,bonirob_2016-05-23-10-37-10_0,145,1251936,0.019604037267080744,0.02118159394729443,0.020637668141970548,0.0015775566802136848,0.0015775566802136848,2.488685079286822e-06,0.0010336308748898036,0.0010336308748898036,1.068392785525461e-06
2016-05-23__bonirob_2016-05-23-10-37-10_0_frame150,2016-05-23,bonirob_2016-05-23-10-37-10_0,150,1251936,0.06277956700662014,0.06402803338189812,0.06399338351188426,0.001248466375277979,0.001248466375277979,1.5586682901997354e-06,0.0012138165052641148,0.0012138165052641148,1.4733505084515888e-06
2016-05-23__bonirob_2016-05-23-10-37-10_0_frame151,2016-05-23,bonirob_2016-05-23-10-37-10_0,151,1251936,0.06416302430795184,0.06442022595404238,0.06384149213221577,0.00025720164609054075,0.00025720164609054075,6.615268675168378e-08,-0.00032153217573607784,0.00032153217573607784,1.0338294003357604e-07
2016-05-23__bonirob_2016-05-23-10-37-10_0_frame152,2016-05-23,bonirob_2016-05-23-10-37-10_0,152,1251936,0.056748907292385554,0.05784081614395624,0.05756481074618154,0.0010919088515706846,0.0010919088515706846,1.1922649401384112e-06,0.0008159034537959867,0.0008159034537959867,6.656984459162198e-07
2016-05-23__bonirob_2016-05-23-10-37-10_0_frame156,2016-05-23,bonirob_2016-05-23-10-37-10_0,156,1251936,0.028161982721161466,0.027241009125067096,0.0269207208903845,-0.0009209735960943703,0.0009209735960943703,8.481923647029964e-07,-0.001241261830776965,0.001241261830776965,1.540730932543783e-06
2016-05-23__bonirob_2016-05-23-10-37-10_0_frame161,2016-05-23,bonirob_2016-05-23-10-37-10_0,161,1251936,0.010181830381105744,0.010266499245967845,0.010352835277987535,8.466886486210162e-05,8.466886486210162e-05,7.168816677036827e-09,0.0001710048968817917,0.0001710048968817917,2.9242674757552213e-08
2016-05-23__bonirob_2016-05-23-10-37-10_0_frame169,2016-05-23,bonirob_2016-05-23-10-37-10_0,169,1251936,0.05118792014927281,0.05309217084579403,0.052421856071340416,0.0019042506965212258,0.0019042506965212258,3.626170715201574e-06,0.0012339359220676083,0.0012339359220676083,1.5225978597688387e-06
2016-05-23__bonirob_2016-05-23-10-37-10_0_frame180,2016-05-23,bonirob_2016-05-23-10-37-10_0,180,1251936,0.07668443115303018,0.08141310737929096,0.08065955353916271,0.004728676226260775,0.004728676226260775,2.2360378852803844e-05,0.003975122386132526,0.003975122386132526,1.580159798473195e-05
2016-05-23__bonirob_2016-05-23-10-37-10_0_frame182,2016-05-23,bonirob_2016-05-23-10-37-10_0,182,1251936,0.03931111494517291,0.04409171075837742,0.04214992017345838,0.004780595813204509,0.004780595813204509,2.2854096329228484e-05,0.0028388052282854667,0.0028388052282854667,8.0588151241409e-06
2016-05-23__bonirob_2016-05-23-10-37-10_0_frame197,2016-05-23,bonirob_2016-05-23-10-37-10_0,197,1251936,0.0,0.0010735373054213634,0.001099806240305289,0.0010735373054213634,0.0010735373054213634,1.1524823461313616e-06,0.001099806240305289,0.001099806240305289,1.209573766214455e-06
2016-05-23__bonirob_2016-05-23-10-37-10_0_frame205,2016-05-23,bonirob_2016-05-23-10-37-10_0,205,1251936,0.03353765687702886,0.03534605602842318,0.03435990342064039,0.0018083991513943229,0.0018083991513943229,3.270307490763707e-06,0.0008222465436115295,0.0008222465436115295,6.760893784811069e-07
2016-05-23__bonirob_2016-05-23-10-37-10_0_frame209,2016-05-23,bonirob_2016-05-23-10-37-10_0,209,1251936,0.05423759681006058,0.05670178028269816,0.05612021728388731,0.0024641834726375766,0.0024641834726375766,6.072200186820187e-06,0.0018826204738267294,0.0018826204738267294,3.544259848471579e-06
2016-05-23__bonirob_2016-05-23-10-37-10_0_frame210,2016-05-23,bonirob_2016-05-23-10-37-10_0,210,1251936,0.03593953684533395,0.04548714950284999,0.0419336637502524,0.009547612657516039,0.009547612657516039,9.115690745796048e-05,0.005994126904918448,0.005994126904918448,3.592955735226722e-05
2016-05-23__bonirob_2016-05-23-10-37-10_0_frame214,2016-05-23,bonirob_2016-05-23-10-37-10_0,214,1251936,0.012057325614088898,0.01230254581703857,0.012193428008611354,0.0002452202029496718,0.0002452202029496718,6.013294793467823e-08,0.00013610239452245543,0.00013610239452245543,1.8523861794746106e-08
2016-05-23__bonirob_2016-05-23-10-37-10_0_frame215,2016-05-23,bonirob_2016-05-23-10-37-10_0,215,1251936,0.020675977046749994,0.020494657873884926,0.02027247162930626,-0.0001813191728650687,0.0001813191728650687,3.287664244847267e-08,-0.0004035054174437343,0.0004035054174437343,1.6281662190644225e-07
2016-05-23__bonirob_2016-05-23-10-37-10_0_frame220,2016-05-23,bonirob_2016-05-23-10-37-10_0,220,1251936,0.03284512946348695,0.03428130511463845,0.033942691065523466,0.0014361756511514986,0.0014361756511514986,2.0626005009604313e-06,0.0010975616020365148,0.0010975616020365148,1.2046414702649608e-06
2016-05-23__bonirob_2016-05-23-10-37-10_0_frame223,2016-05-23,bonirob_2016-05-23-10-37-10_0,223,1251936,0.07636891981698744,0.08007438079901848,0.07987386422274412,0.0037054609820310336,0.0037054609820310336,1.3730441089354392e-05,0.003504944405756674,0.003504944405756674,1.2284635287445006e-05
2016-05-23__bonirob_2016-05-23-10-37-10_0_frame232,2016-05-23,bonirob_2016-05-23-10-37-10_0,232,1251936,0.06822313600695243,0.06839806507680904,0.06828095756918916,0.00017492906985661083,0.00017492906985661083,3.060017948089903e-08,5.782156223672896e-05,5.782156223672896e-05,3.343333059495921e-09
2016-05-23__bonirob_2016-05-23-10-37-10_0_frame234,2016-05-23,bonirob_2016-05-23-10-37-10_0,234,1251936,0.06772950054954886,0.06993807990184801,0.06917652952965607,0.0022085793522991504,0.0022085793522991504,4.877822755402135e-06,0.0014470289801072067,0.0014470289801072067,2.093892869270103e-06
2016-05-23__bonirob_2016-05-23-10-37-10_0_frame239,2016-05-23,bonirob_2016-05-23-10-37-10_0,239,1251936,0.01315163075428776,0.018195818316591263,0.016915351792826966,0.005044187562303503,0.005044187562303503,2.5443828163697352e-05,0.003763721038539206,0.003763721038539206,1.416559605594264e-05
2016-05-23__bonirob_2016-05-23-10-37-10_0_frame242,2016-05-23,bonirob_2016-05-23-10-37-10_0,242,1251936,0.037803050635176236,0.03808820898192879,0.037789787000057085,0.0002851583467525509,0.0002851583467525509,8.131528272264807e-08,-1.3263635119151185e-05,1.3263635119151185e-05,1.7592401657398067e-10
2016-05-23__bonirob_2016-05-23-10-37-10_0_frame246,2016-05-23,bonirob_2016-05-23-10-37-10_0,246,1251936,0.09077061447230529,0.09424603174603174,0.09380315731198148,0.0034754172737264527,0.0034754172737264527,1.2078525226516208e-05,0.003032542839676189,0.003032542839676189,9.196316074471324e-06
2016-05-23__bonirob_2016-05-23-10-37-10_0_frame253,2016-05-23,bonirob_2016-05-23-10-37-10_0,253,1251936,0.050581659126345116,0.051710311070214454,0.05099403071300404,0.0011286519438693382,0.0011286519438693382,1.2738552104000358e-06,0.0004123715866589245,0.0004123715866589245,1.7005032548359885e-07
2016-05-23__bonirob_2016-05-23-10-37-10_0_frame256,2016-05-23,bonirob_2016-05-23-10-37-10_0,256,1251936,0.08441326074176315,0.08696610689364312,0.08652981043686393,0.0025528461518799644,0.0025528461518799644,6.517023475168343e-06,0.002116549695100778,0.002116549695100778,4.4797826118311955e-06
2016-05-23__bonirob_2016-05-23-10-37-10_0_frame257,2016-05-23,bonirob_2016-05-23-10-37-10_0,257,1251936,0.05492213659484191,0.05594135802469136,0.055550251824043294,0.0010192214298494484,0.0010192214298494484,1.038812323064354e-06,0.0006281152292013856,0.0006281152292013856,3.9452874115470915e-07
2016-05-23__bonirob_2016-05-23-10-37-10_0_frame258,2016-05-23,bonirob_2016-05-23-10-37-10_0,258,1251936,0.053157669401630754,0.05627524090688342,0.05563957891475064,0.0031175715052526656,0.0031175715052526656,9.719252090363371e-06,0.0024819095131198843,0.0024819095131198843,6.159874831314981e-06
2016-05-23__bonirob_2016-05-23-10-37-10_0_frame261,2016-05-23,bonirob_2016-05-23-10-37-10_0,261,1251936,0.07521950003834062,0.07871408762109246,0.07836081870350858,0.0034945875827518402,0.0034945875827518402,1.221214237352335e-05,0.0031413186651679664,0.0031413186651679664,9.867882956132654e-06
2016-05-23__bonirob_2016-05-23-10-37-10_0_frame269,2016-05-23,bonirob_2016-05-23-10-37-10_0,269,1251936,0.05744782480893592,0.057600388518262914,0.05738538518581029,0.00015256370932699437,0.00015256370932699437,2.3275685403611628e-08,-6.24396231256319e-05,6.24396231256319e-05,3.898706536070945e-09
2016-05-23__bonirob_2016-05-23-10-37-10_0_frame276,2016-05-23,bonirob_2016-05-23-10-37-10_0,276,1251936,0.07116657720522455,0.07257799120721826,0.07241342867202696,0.0014114140019937105,0.0014114140019937105,1.992089485023902e-06,0.0012468514668024094,0.0012468514668024094,1.5546385802673199e-06
2016-05-23__bonirob_2016-05-23-10-37-10_0_frame283,2016-05-23,bonirob_2016-05-23-10-37-10_0,283,1251936,0.05168794570968484,0.056249680494849574,0.05665048886626075,0.004561734785164737,0.004561734785164737,2.0809424250181965e-05,0.004962543156575912,0.004962543156575912,2.4626834580878413e-05
2016-05-23__bonirob_2016-05-23-10-37-10_0_frame288,2016-05-23,bonirob_2016-05-23-10-37-10_0,288,1251936,0.038601813511233804,0.04004757431689799,0.03965421116392545,0.0014457608056641855,0.0014457608056641855,2.0902243071947546e-06,0.0010523976526916473,0.0010523976526916473,1.1075408193908891e-06
2016-05-23__bonirob_2016-05-23-10-37-10_0_frame301,2016-05-23,bonirob_2016-05-23-10-37-10_0,301,1251936,0.018877961812744423,0.019741424481762648,0.019727119942202373,0.0008634626690182251,0.0008634626690182251,7.455677807880769e-07,0.0008491581294579505,0.0008491581294579505,7.210695288245253e-07
2016-05-23__bonirob_2016-05-23-10-37-10_0_frame304,2016-05-23,bonirob_2016-05-23-10-37-10_0,304,1251936,0.02194601001968152,0.02089723436341794,0.02105096904345254,-0.00104877565626358,0.00104877565626358,1.0999303771711028e-06,-0.0008950409762289793,0.0008950409762289793,8.010983491289243e-07
2016-05-23__bonirob_2016-05-23-10-42-16_1_frame1,2016-05-23,bonirob_2016-05-23-10-42-16_1,1,1251936,0.07258438131022672,0.07290308769777369,0.07208606839698588,0.00031870638754696867,0.00031870638754696867,1.0157376146323859e-07,-0.0004983129132408448,0.0004983129132408448,2.4831575950257775e-07
2016-05-23__bonirob_2016-05-23-10-42-16_1_frame17,2016-05-23,bonirob_2016-05-23-10-42-16_1,17,1251936,0.06228673031209263,0.06844918590087672,0.06788895936790292,0.006162455588784088,0.006162455588784088,3.797585888373624e-05,0.005602229055810287,0.005602229055810287,3.138497039376502e-05
2016-05-23__bonirob_2016-05-23-10-42-16_1_frame21,2016-05-23,bonirob_2016-05-23-10-42-16_1,21,1251936,0.04761505380466733,0.03887578917772155,0.03841440727242507,-0.008739264626945784,0.008739264626945784,7.637474621978583e-05,-0.009200646532242257,0.009200646532242257,8.465189661126147e-05
2016-05-23__bonirob_2016-05-23-10-42-16_1_frame27,2016-05-23,bonirob_2016-05-23-10-42-16_1,27,1251936,0.07143176648007565,0.07134949390384172,0.0705316428106295,-8.227257623392992e-05,8.227257623392992e-05,6.76877680016781e-09,-0.000900123669446154,0.000900123669446154,8.10222620297209e-07
2016-05-23__bonirob_2016-05-23-10-42-16_1_frame28,2016-05-23,bonirob_2016-05-23-10-42-16_1,28,1251936,0.06659925107992741,0.06485714924724587,0.06476379056292737,-0.0017421018326815446,0.0017421018326815446,3.0349187954323964e-06,-0.001835460517000037,0.001835460517000037,3.3689153094660435e-06
2016-05-23__bonirob_2016-05-23-10-42-16_1_frame30,2016-05-23,bonirob_2016-05-23-10-42-16_1,30,1251936,0.08099455563223679,0.08226458860516832,0.08152598027606983,0.0012700329729315313,0.0012700329729315313,1.6129837523333036e-06,0.000531424643833045,0.000531424643833045,2.8241215207307874e-07
2016-05-23__bonirob_2016-05-23-10-42-16_1_frame39,2016-05-23,bonirob_2016-05-23-10-42-16_1,39,1251936,0.0417281714081231,0.04147176852490862,0.04088067780545686,-0.0002564028832144766,0.0002564028832144766,6.574243852069652e-08,-0.0008474936026662411,0.0008474936026662411,7.182454065602045e-07
2016-05-23__bonirob_2016-05-23-10-42-16_1_frame48,2016-05-23,bonirob_2016-05-23-10-42-16_1,48,1251936,0.060513476727244844,0.06078106229072413,0.06029080021051398,0.0002675855634792848,0.0002675855634792848,7.160203378252635e-08,-0.00022267651673086447,0.00022267651673086447,4.9584831103390965e-08
2016-05-23__bonirob_2016-05-23-10-42-16_1_frame49,2016-05-23,bonirob_2016-05-23-10-42-16_1,49,1251936,0.051084080975385325,0.05035720675817294,0.049299657878339107,-0.0007268742172123824,0.0007268742172123824,5.283461276481136e-07,-0.0017844230970462185,0.0017844230970462185,3.184165789272018e-06
2016-05-23__bonirob_2016-05-23-10-42-16_1_frame53,2016-05-23,bonirob_2016-05-23-10-42-16_1,53,1251936,0.0,0.1055061920098152,0.09763141904131303,0.1055061920098152,0.1055061920098152,0.011131556552411994,0.09763141904131303,0.09763141904131303,0.009531893984020462
2016-05-23__bonirob_2016-05-23-10-42-16_1_frame54,2016-05-23,bonirob_2016-05-23-10-42-16_1,54,1251936,0.027587672213276078,0.25835346215780997,0.238699890793423,0.2307657899445339,0.2307657899445339,0.05325284980872474,0.21111221858014692,0.21111221858014692,0.04456836883383173
2016-05-23__bonirob_2016-05-23-10-42-16_1_frame58,2016-05-23,bonirob_2016-05-23-10-42-16_1,58,1251936,0.06889409682284078,0.06992849474733533,0.06951577552335694,0.0010343979244945428,0.0010343979244945428,1.069979066198618e-06,0.0006216787005161595,0.0006216787005161595,3.864844066754607e-07
2016-05-23__bonirob_2016-05-23-10-42-16_1_frame62,2016-05-23,bonirob_2016-05-23-10-42-16_1,62,1251936,0.022053843007949287,0.02161372466324157,0.021294149001600052,-0.000440118344707717,0.000440118344707717,1.9370415734826078e-07,-0.0007596940063492354,0.0007596940063492354,5.771349832829521e-07
2016-05-23__bonirob_2016-05-23-10-42-16_1_frame66,2016-05-23,bonirob_2016-05-23-10-42-16_1,66,1251936,0.06108778723513023,0.059856893643125526,0.0595097804489556,-0.001230893592004706,0.001230893592004706,1.5150990348382475e-06,-0.0015780067861746322,0.0015780067861746322,2.4901054172131916e-06
2016-05-23__bonirob_2016-05-23-10-42-16_1_frame69,2016-05-23,bonirob_2016-05-23-10-42-16_1,69,1251936,0.0,0.10555571530813077,0.10381258712345678,0.10555571530813077,0.10555571530813077,0.01114200903421115,0.10381258712345678,0.10381258712345678,0.010777053245265305
2016-05-23__bonirob_2016-05-23-10-42-16_1_frame79,2016-05-23,bonirob_2016-05-23-10-42-16_1,79,1251936,0.07098925184673976,0.06884377476164916,0.06673418970840689,-0.002145477085090608,0.002145477085090608,4.603071922648892e-06,-0.004255062138332877,0.004255062138332877,1.8105553801073956e-05
2016-05-23__bonirob_2016-05-23-10-42-16_1_frame81,2016-05-23,bonirob_2016-05-23-10-42-16_1,81,1251936,0.09532436162870946,0.0963851187281139,0.0955404795664074,0.0010607570994044385,0.0010607570994044385,1.1252056239369178e-06,0.00021611793769794885,0.00021611793769794885,4.67069629948145e-08
2016-05-23__bonirob_2016-05-23-10-42-16_1_frame83,2016-05-23,bonirob_2016-05-23-10-42-16_1,83,1251936,0.0,0.11953007182475782,0.11803900365631863,0.11953007182475782,0.11953007182475782,0.014287438070431762,0.11803900365631863,0.11803900365631863,0.013933206384176403
2016-05-23__bonirob_2016-05-23-10-42-16_1_frame88,2016-05-23,bonirob_2016-05-23-10-42-16_1,88,1251936,0.13025106714720242,0.1311137310533446,0.1308381705270376,0.0008626639061421748,0.0008626639061421748,7.44189014960475e-07,0.0005871033798351966,0.0005871033798351966,3.446903786139111e-07
2016-05-23__bonirob_2016-05-23-10-42-16_1_frame89,2016-05-23,bonirob_2016-05-23-10-42-16_1,89,1251936,0.09577007131354957,0.09782608695652174,0.0963580312280701,0.00205601564297217,0.00205601564297217,4.2272003241462655e-06,0.0005879599145205278,0.0005879599145205278,3.4569686108298633e-07
2016-05-23__bonirob_2016-05-23-10-42-16_1_frame94,2016-05-23,bonirob_2016-05-23-10-42-16_1,94,1251936,0.12082247015821895,0.1251453748434425,0.1229385426646711,0.004322904685223533,0.004322904685223533,1.8687504917527574e-05,0.0021160725064521407,0.0021160725064521407,4.477762852562645e-06
2016-05-23__bonirob_2016-05-23-10-42-16_1_frame96,2016-05-23,bonirob_2016-05-23-10-42-16_1,96,1251936,0.09648815913912533,0.09721982593359405,0.09685770425813509,0.0007316667944687189,0.0007316667944687189,5.353362981281305e-07,0.0003695451190097593,0.0003695451190097593,1.3656359498393715e-07
2016-05-23__bonirob_2016-05-23-10-42-16_1_frame104,2016-05-23,bonirob_2016-05-23-10-42-16_1,104,1251936,0.1289658576796258,0.13262978299210182,0.13213716008047027,0.0036639253124760296,0.0036639253124760296,1.3424348695402572e-05,0.0031713024008444834,0.0031713024008444834,1.0057158917601985e-05
2016-05-23__bonirob_2016-05-23-10-42-16_1_frame111,2016-05-23,bonirob_2016-05-23-10-42-16_1,111,1251936,0.05584390895381233,0.056216931216931214,0.05596090988855456,0.0003730222631188815,0.0003730222631188815,1.3914560878233205e-07,0.00011700093474222711,0.00011700093474222711,1.3689218730554888e-08
2016-05-23__bonirob_2016-05-23-10-42-16_1_frame117,2016-05-23,bonirob_2016-05-23-10-42-16_1,117,1251936,0.07738494619533266,0.07642004064105513,0.07579186723403301,-0.0009649055542775287,0.0009649055542775287,9.310427286756248e-07,-0.0015930789612996488,0.0015930789612996488,2.5379005769355676e-06
2016-05-23__bonirob_2016-05-23-10-42-16_1_frame124,2016-05-23,bonirob_2016-05-23-10-42-16_1,124,1251936,0.10190297267591954,0.10396218337039594,0.10343919105585471,0.002059210694476399,0.002059210694476399,4.240348684245972e-06,0.0015362183799351725,0.0015362183799351725,2.359966910850646e-06
2016-05-23__bonirob_2016-05-23-10-42-16_1_frame125,2016-05-23,bonirob_2016-05-23-10-42-16_1,125,1251936,0.0,0.13608363366817472,0.13367022592093503,0.13608363366817472,0.13608363366817472,0.018518755352333976,0.13367022592093503,0.13367022592093503,0.01786772929775381
2016-05-23__bonirob_2016-05-23-10-42-16_1_frame126,2016-05-23,bonirob_2016-05-23-10-42-16_1,126,1251936,0.10595988932341589,0.10647349385272091,0.10506763919729041,0.0005136045293050173,0.0005136045293050173,2.637896125226284e-07,-0.0008922501261254823,0.0008922501261254823,7.96110287570939e-07
2016-05-23__bonirob_2016-05-23-10-42-16_1_frame132,2016-05-23,bonirob_2016-05-23-10-42-16_1,132,1251936,0.06132422104644327,0.06093362600005112,0.06077134672497892,-0.0003905950463921476,0.0003905950463921476,1.5256449026608393e-07,-0.00055287432146435,0.00055287432146435,3.0567001533466543e-07
2016-05-23__bonirob_2016-05-23-10-42-16_1_frame135,2016-05-23,bonirob_2016-05-23-10-42-16_1,135,1251936,0.10391425759783247,0.09974391662193595,0.09712011956270834,-0.004170340975896525,0.004170340975896525,1.739174385524158e-05,-0.006794138035124131,0.006794138035124131,4.616031164032039e-05
2016-05-23__bonirob_2016-05-23-10-42-16_1_frame137,2016-05-23,bonirob_2016-05-23-10-42-16_1,137,1251936,0.10763649260026072,0.10917331237379546,0.10861560054497132,0.001536819773534745,0.001536819773534745,2.361815016327385e-06,0.0009791079447106082,0.0009791079447106082,9.586523673954315e-07
2016-05-23__bonirob_2016-05-23-10-42-16_1_frame138,2016-05-23,bonirob_2016-05-23-10-42-16_1,138,1251936,0.10651822457378013,0.11246341666027657,0.11095138611696766,0.005945192086496437,0.005945192086496437,3.534530894533986e-05,0.004433161543187528,0.004433161543187528,1.965292126799682e-05
2016-05-23__bonirob_2016-05-23-10-42-16_1_frame139,2016-05-23,bonirob_2016-05-23-10-42-16_1,139,1251936,0.05465055721698234,0.059085288704853925,0.058246583986056075,0.004434731487871588,0.004434731487871588,1.9666843369519747e-05,0.0035960267690737374,0.0035960267690737374,1.2931408523894902e-05
2016-05-23__bonirob_2016-05-23-10-42-16_1_frame140,2016-05-23,bonirob_2016-05-23-10-42-16_1,140,1251936,0.10496622830560029,0.11100647317434757,0.10954032205390378,0.006040244868747283,0.006040244868747283,3.6484558074427875e-05,0.00457409374830349,0.00457409374830349,2.092233361826907e-05
2016-05-23__bonirob_2016-05-23-10-42-16_1_frame150,2016-05-23,bonirob_2016-05-23-10-42-16_1,150,1251936,0.04495437466451959,0.046281918564527263,0.04558709789080435,0.001327543900007673,0.001327543900007673,1.7623728064475825e-06,0.0006327232262847565,0.0006327232262847565,4.0033868108019123e-07
2016-05-23__bonirob_2016-05-23-10-42-16_1_frame154,2016-05-23,bonirob_2016-05-23-10-42-16_1,154,1251936,0.09725736778876876,0.09714314469749252,0.09693005835552819,-0.0001142230912762332,0.0001142230912762332,1.3046914580698702e-08,-0.00032730943324056627,0.00032730943324056627,1.0713146508826071e-07
2016-05-23__bonirob_2016-05-23-10-42-16_1_frame155,2016-05-23,bonirob_2016-05-23-10-42-16_1,155,1251936,0.12070185696393426,0.12629559338496538,0.1255046050828153,0.005593736421031115,0.005593736421031115,3.1289887147969986e-05,0.0048027481188810395,0.0048027481188810395,2.3066389493415364e-05
2016-05-23__bonirob_2016-05-23-10-42-16_1_frame158,2016-05-23,bonirob_2016-05-23-10-42-16_1,158,1251936,0.1013765879405976,0.10584007489200727,0.10547695224417694,0.004463486951409662,0.004463486951409662,1.9922715765404317e-05,0.0041003643035793375,0.0041003643035793375,1.6812987422067665e-05
2016-05-23__bonirob_2016-05-23-10-42-16_1_frame160,2016-05-23,bonirob_2016-05-23-10-42-16_1,160,1251936,0.09297520001022416,0.09460547504025765,0.09421038817554804,0.00163027503003349,0.00163027503003349,2.657796673550697e-06,0.0012351881653238778,0.0012351881653238778,1.525689803756167e-06
2016-05-23__bonirob_2016-05-23-10-42-16_1_frame164,2016-05-23,bonirob_2016-05-23-10-42-16_1,164,1251936,0.11251214119571608,0.1169668417554891,0.11644832668765999,0.0044547005597730255,0.0044547005597730255,1.9844357077242105e-05,0.003936185491943911,0.003936185491943911,1.549355622698973e-05
2016-05-23__bonirob_2016-05-23-10-42-16_1_frame180,2016-05-23,bonirob_2016-05-23-10-42-16_1,180,1251936,0.0,0.10417784934693147,0.1024447899291372,0.10417784934693147,0.10417784934693147,0.01085302429455195,0.1024447899291372,0.1024447899291372,0.010494934983625052
2016-05-23__bonirob_2016-05-23-10-42-16_1_frame185,2016-05-23,bonirob_2016-05-23-10-42-16_1,185,1251936,0.13341017432201008,0.13757891777215447,0.13757869438593867,0.0041687434501443965,0.0041687434501443965,1.7378421953121805e-05,0.0041685200639285935,0.0041685200639285935,1.7376559523375245e-05
2016-05-23__bonirob_2016-05-23-10-42-16_1_frame187,2016-05-23,bonirob_2016-05-23-10-42-16_1,187,1251936,0.1281806737724612,0.13384310380083328,0.1307665961139814,0.0056624300283720785,0.0056624300283720785,3.206311382620982e-05,0.0025859223415201915,0.0025859223415201915,6.68699435637327e-06
2016-05-23__bonirob_2016-05-23-10-42-16_1_frame189,2016-05-23,bonirob_2016-05-23-10-42-16_1,189,1251936,0.09610315543286557,0.0990577793114025,0.09754941462100253,0.002954623878536927,0.002954623878536927,8.729802263620595e-06,0.0014462591881369558,0.0014462591881369558,2.0916656392705662e-06
2016-05-23__bonirob_2016-05-23-10-42-16_1_frame193,2016-05-23,bonirob_2016-05-23-10-42-16_1,193,1251936,0.04533139074201876,0.045397688060731536,0.04531922918201163,6.629731871277827e-05,6.629731871277827e-05,4.395334468503701e-09,-1.2161560007127592e-05,1.2161560007127592e-05,1.4790354180696527e-10
2016-05-23__bonirob_2016-05-23-10-42-16_1_frame194,2016-05-23,bonirob_2016-05-23-10-42-16_1,194,1251936,0.0,0.11554903765048692,0.11076795655441214,0.11554903765048692,0.11554903765048692,0.013351580101953643,0.11076795655441214,0.11076795655441214,0.012269540199240135
2016-05-23__bonirob_2016-05-23-10-42-16_1_frame200,2016-05-23,bonirob_2016-05-23-10-42-16_1,200,1251936,0.11818575390435294,0.12174584004294149,0.12101444405209402,0.0035600861385885474,0.0035600861385885474,1.2674213314170314e-05,0.002828690147741078,0.002828690147741078,8.001487951927441e-06
2016-05-23__bonirob_2016-05-23-10-42-16_1_frame204,2016-05-23,bonirob_2016-05-23-10-42-16_1,204,1251936,0.08560421618996499,0.0884853538839046,0.08679255843275327,0.00288113769393962,0.00288113769393962,8.300954411439711e-06,0.0011883422427882845,0.0011883422427882845,1.41215728599509e-06
2016-05-23__bonirob_2016-05-23-10-42-16_1_frame217,2016-05-23,bonirob_2016-05-23-10-42-16_1,217,1251936,0.10415149017202158,0.09421647751961762,0.09299795202174474,-0.009935012652403957,0.009935012652403957,9.870447640342671e-05,-0.011153538150276837,0.011153538150276837,0.00012440141326968085
2016-05-23__bonirob_2016-05-23-10-42-16_1_frame218,2016-05-23,bonirob_2016-05-23-10-42-16_1,218,1251936,0.1297502428239143,0.13841841755489098,0.1373175644379995,0.008668174730976669,0.008668174730976669,7.513725316674245e-05,0.007567321614085187,0.007567321614085187,5.726435641100084e-05
2016-05-23__bonirob_2016-05-23-10-42-16_1_frame219,2016-05-23,bonirob_2016-05-23-10-42-16_1,219,1251936,0.0,0.06797232446387036,0.06645187570534616,0.06797232446387036,0.06797232446387036,0.0046202368930216686,0.06645187570534616,0.06645187570534616,0.0044158517847587755
2016-05-23__bonirob_2016-05-23-10-42-16_1_frame230,2016-05-23,bonirob_2016-05-23-10-42-16_1,230,1251936,0.10265540730516576,0.09660318099327761,0.09474937575197172,-0.006052226311888148,0.006052226311888148,3.6629443330311214e-05,-0.00790603155319404,0.00790603155319404,6.250533492009976e-05
2016-05-23__bonirob_2016-05-23-10-42-16_1_frame231,2016-05-23,bonirob_2016-05-23-10-42-16_1,231,1251936,0.049282870689875524,0.05384300794928814,0.05247425467657704,0.004560137259412615,0.004560137259412615,2.0794851824683196e-05,0.003191383986701518,0.003191383986701518,1.0184931750574876e-05
2016-05-23__bonirob_2016-05-23-10-42-16_1_frame232,2016-05-23,bonirob_2016-05-23-10-42-16_1,232,1251936,0.0,0.07096289267182987,0.06906847939438833,0.07096289267182987,0.07096289267182987,0.005035732136353646,0.06906847939438833,0.06906847939438833,0.004770454845853045
2016-05-23__bonirob_2016-05-23-10-42-16_1_frame240,2016-05-23,bonirob_2016-05-23-10-42-16_1,240,1251936,0.12234650972573678,0.12636109194080208,0.12563495082029585,0.0040145822150653016,0.0040145822150653016,1.611687036151862e-05,0.003288441094559072,0.003288441094559072,1.0813844832384868e-05
2016-05-23__bonirob_2016-05-23-10-42-16_1_frame253,2016-05-23,bonirob_2016-05-23-10-42-16_1,253,1251936,0.09275154640492805,0.09512067709531477,0.09375624629458634,0.002369130690386717,0.002369130690386717,5.612780228132243e-06,0.0010046998896582893,0.0010046998896582893,1.0094218682793787e-06
2016-05-23__bonirob_2016-05-23-10-42-16_1_frame254,2016-05-23,bonirob_2016-05-23-10-42-16_1,254,1251936,0.030652525368708945,0.029745929504383612,0.02945704846316222,-0.0009065958643253332,0.0009065958643253332,8.219160612117979e-07,-0.0011954769055467253,0.0011954769055467253,1.4291650316955738e-06
2016-05-23__bonirob_2016-05-23-10-42-16_1_frame261,2016-05-23,bonirob_2016-05-23-10-42-16_1,261,1251936,0.06713921478414232,0.06893723001814789,0.06753194601783799,0.001798015234005565,0.001798015234005565,3.2328587817160866e-06,0.0003927312336956673,0.0003927312336956673,1.5423782192012085e-07
2016-05-23__bonirob_2016-05-23-10-42-16_1_frame266,2016-05-23,bonirob_2016-05-23-10-42-16_1,266,1251936,0.0605614024998083,0.061440840426347676,0.060860872441191746,0.0008794379265393767,0.0008794379265393767,7.734110666358782e-07,0.000299469941383447,0.000299469941383447,8.968224579220519e-08
2016-05-23__bonirob_2016-05-23-10-42-16_1_frame274,2016-05-23,bonirob_2016-05-23-10-42-16_1,274,1251936,0.0,0.14026994990159242,0.13424690612052967,0.14026994990159242,0.14026994990159242,0.019675658845395246,0.13424690612052967,0.13424690612052967,0.018022231802934306
2016-05-23__bonirob_2016-05-23-10-42-16_1_frame277,2016-05-23,bonirob_2016-05-23-10-42-16_1,277,1251936,0.10582090458298188,0.11203128594432943,0.10998572532511831,0.00621038136134755,0.00621038136134755,3.856883665337305e-05,0.004164820742136435,0.004164820742136435,1.734573181412989e-05
2016-05-23__bonirob_2016-05-23-10-42-16_1_frame280,2016-05-23,bonirob_2016-05-23-10-42-16_1,280,1251936,0.0,0.05085164097845257,0.05004598020845608,0.05085164097845257,0.05085164097845257,0.0025858893902014368,0.05004598020845608,0.05004598020845608,0.0025046001350251777
2016-05-23__bonirob_2016-05-23-10-42-16_1_frame281,2016-05-23,bonirob_2016-05-23-10-42-16_1,281,1251936,0.020298960969250823,0.020648819108964038,0.02038727051098218,0.0003498581397132147,0.0003498581397132147,1.2240071792359127e-07,8.830954173135591e-05,8.830954173135591e-05,7.79857516080209e-09
2016-05-23__bonirob_2016-05-23-10-42-16_1_frame286,2016-05-23,bonirob_2016-05-23-10-42-16_1,286,1251936,0.04950332924366741,0.04953927357309,0.049239466431259045,3.594432942258946e-05,3.594432942258946e-05,1.2919948176396304e-09,-0.0002638628124083664,0.0002638628124083664,6.962358377205276e-08
2016-05-23__bonirob_2016-05-23-10-42-16_1_frame292,2016-05-23,bonirob_2016-05-23-10-42-16_1,292,1251936,0.056625099046596634,0.05476557907113463,0.05280706793579043,-0.0018595199754620068,0.0018595199754620068,3.4578145391422224e-06,-0.003818031110806204,0.003818031110806204,1.4577361563084056e-05
2016-05-23__bonirob_2016-05-23-10-42-16_1_frame293,2016-05-23,bonirob_2016-05-23-10-42-16_1,293,1251936,0.0,0.07281522378140735,0.07173071580312004,0.07281522378140735,0.07281522378140735,0.005302056814336431,0.07173071580312004,0.07173071580312004,0.005145295589627975
2016-05-23__bonirob_2016-05-23-10-42-16_1_frame294,2016-05-23,bonirob_2016-05-23-10-42-16_1,294,1251936,0.0,0.09233539094650206,0.08989434046802203,0.09233539094650206,0.09233539094650206,0.008525824421243375,0.08989434046802203,0.08989434046802203,0.008080992448180663
2016-05-23__bonirob_2016-05-23-10-42-16_1_frame295,2016-05-23,bonirob_2016-05-23-10-42-16_1,295,1251936,0.0012013393655905733,0.0011062865833397235,0.0013459330490940829,-9.50527822508498e-05,9.50527822508498e-05,9.035031413627466e-09,0.00014459368350350959,0.00014459368350350959,2.09073333091131e-08
2016-05-23__bonirob_2016-05-23-10-42-16_1_frame304,2016-05-23,bonirob_2016-05-23-10-42-16_1,304,1251936,0.0,0.023748019068067377,0.023399362606537497,0.023748019068067377,0.023748019068067377,0.0005639684096572917,0.023399362606537497,0.023399362606537497,0.0005475301703922254
2016-05-23__bonirob_2016-05-23-10-47-22_2_frame7,2016-05-23,bonirob_2016-05-23-10-47-22_2,7,1251936,0.0,0.07404052603327965,0.07280609363200259,0.07404052603327965,0.07404052603327965,0.0054819994952847615,0.07280609363200259,0.07280609363200259,0.005300727269951928
2016-05-23__bonirob_2016-05-23-10-47-22_2_frame15,2016-05-23,bonirob_2016-05-23-10-47-22_2,15,1251936,0.03906349845359507,0.041927063364261434,0.04095214139421393,0.0028635649106663608,0.0028635649106663608,8.200003997599643e-06,0.0018886429406188565,0.0018886429406188565,3.5669721571494416e-06
2016-05-23__bonirob_2016-05-23-10-47-22_2_frame24,2016-05-23,bonirob_2016-05-23-10-47-22_2,24,1251936,0.038956464228203355,0.03828789970094318,0.03811468510363086,-0.0006685645272601765,0.0006685645272601765,4.4697852711062324e-07,-0.000841779124572492,0.000841779124572492,7.08592094566031e-07
2016-05-23__bonirob_2016-05-23-10-47-22_2_frame26,2016-05-23,bonirob_2016-05-23-10-47-22_2,26,1251936,0.02906138971960228,0.028267419420801063,0.028233062855346092,-0.0007939702988012179,0.0007939702988012179,6.303888353784952e-07,-0.0008283268642561882,0.0008283268642561882,6.861253940484897e-07
2016-05-23__bonirob_2016-05-23-10-47-22_2_frame43,2016-05-23,bonirob_2016-05-23-10-47-22_2,43,1251936,0.04726439690207806,0.04940827646141656,0.04878310862356092,0.0021438795593385004,0.0021438795593385004,4.596219564949443e-06,0.0015187117214828585,0.0015187117214828585,2.306485292969428e-06
2016-05-23__bonirob_2016-05-23-10-47-22_2_frame44,2016-05-23,bonirob_2016-05-23-10-47-22_2,44,1251936,0.017989737494568413,0.01738507399739284,0.0173348756045081,-0.0006046634971755734,0.0006046634971755734,3.6561794481659463e-07,-0.0006548618900603133,0.0006548618900603133,4.2884409505336583e-07
2016-05-23__bonirob_2016-05-23-10-47-22_2_frame47,2016-05-23,bonirob_2016-05-23-10-47-22_2,47,1251936,0.0035608849014646116,0.003062456866804693,0.0032058782817556064,-0.0004984280346599186,0.0004984280346599186,2.48430505734949e-07,-0.0003550066197090052,0.0003550066197090052,1.2602970003721423e-07
2016-05-23__bonirob_2016-05-23-10-47-22_2_frame67,2016-05-23,bonirob_2016-05-23-10-47-22_2,67,1251936,0.03489555376632671,0.03388112491373361,0.033647948678117566,-0.001014428852593105,0.001014428852593105,1.0290658969733637e-06,-0.0012476050882091472,0.0012476050882091472,1.556518456125354e-06
2016-05-23__bonirob_2016-05-23-10-47-22_2_frame68,2016-05-23,bonirob_2016-05-23-10-47-22_2,68,1251936,0.09191444291081972,0.09237293280167676,0.09175716401919264,0.0004584898908570334,0.0004584898908570334,2.102129800180944e-07,-0.0001572788916270884,0.0001572788916270884,2.473664975144542e-08
2016-05-23__bonirob_2016-05-23-10-47-22_2_frame69,2016-05-23,bonirob_2016-05-23-10-47-22_2,69,1251936,0.07101161720726938,0.07080074380799019,0.07056697689057435,-0.00021087339927919335,0.00021087339927919335,4.44675905235621e-08,-0.00044464031669502746,0.00044464031669502746,1.9770501123065432e-07
2016-05-23__bonirob_2016-05-23-10-47-22_2_frame70,2016-05-23,bonirob_2016-05-23-10-47-22_2,70,1251936,0.011953486440201416,0.010423855532551185,0.010116185388598853,-0.0015296309076502316,0.0015296309076502316,2.339770713638871e-06,-0.0018373010516025638,0.0018373010516025638,3.375675154219887e-06
2016-05-23__bonirob_2016-05-23-10-47-22_2_frame78,2016-05-23,bonirob_2016-05-23-10-47-22_2,78,1251936,0.12079850727193722,0.1239384441377195,0.12340058132674891,0.003139936865782275,0.003139936865782275,9.859203521098617e-06,0.0026020740548116927,0.0026020740548116927,6.770789386724164e-06
2016-05-23__bonirob_2016-05-23-10-47-22_2_frame82,2016-05-23,bonirob_2016-05-23-10-47-22_2,82,1251936,0.0820145758249623,0.08271828591876901,0.08237999883659551,0.0007037100938067087,0.0007037100938067087,4.952078961254467e-07,0.0003654230116332119,0.0003654230116332119,1.3353397743108652e-07
2016-05-23__bonirob_2016-05-23-10-47-22_2_frame86,2016-05-23,bonirob_2016-05-23-10-47-22_2,86,1251936,0.08359852260818444,0.08371913580246913,0.08348716018365275,0.00012061319428469108,0.00012061319428469108,1.4547542635556637e-08,-0.00011136242453169132,0.00011136242453169132,1.2401589597576644e-08
2016-05-23__bonirob_2016-05-23-10-47-22_2_frame89,2016-05-23,bonirob_2016-05-23-10-47-22_2,89,1251936,0.039648192878869205,0.03854030876977737,0.03860466643079586,-0.0011078841090918362,0.0011078841090918362,1.2274071991782116e-06,-0.0010435264480733453,0.0010435264480733453,1.0889474478285722e-06
2016-05-23__bonirob_2016-05-23-10-47-22_2_frame91,2016-05-23,bonirob_2016-05-23-10-47-22_2,91,1251936,0.10940655113360427,0.11070773585870204,0.11007619881340429,0.0013011847250977704,0.0013011847250977704,1.6930816888277602e-06,0.0006696476798000173,0.0006696476798000173,4.4842801506154647e-07
2016-05-23__bonirob_2016-05-23-10-47-22_2_frame95,2016-05-23,bonirob_2016-05-23-10-47-22_2,95,1251936,0.03011336042737009,0.02924191012959129,0.029129984686974614,-0.0008714502977788009,0.0008714502977788009,7.594256214987608e-07,-0.0009833757403954757,0.0009833757403954757,9.6702784679835e-07
2016-05-23__bonirob_2016-05-23-10-47-22_2_frame99,2016-05-23,bonirob_2016-05-23-10-47-22_2,99,1251936,0.03225803874958464,0.030790711346266902,0.030847982689171285,-0.0014673274033177378,0.0014673274033177378,2.153049708527175e-06,-0.0014100560604133547,0.0014100560604133547,1.9882580935084303e-06
2016-05-23__bonirob_2016-05-23-10-47-22_2_frame102,2016-05-23,bonirob_2016-05-23-10-47-22_2,102,1251936,0.07179520358868186,0.07182955039235232,0.07164840647336641,3.434680367046805e-05,3.434680367046805e-05,1.1797029223776777e-09,-0.00014679711531544182,0.00014679711531544182,2.1549393064935123e-08
2016-05-23__bonirob_2016-05-23-10-47-22_2_frame104,2016-05-23,bonirob_2016-05-23-10-47-22_2,104,1251936,0.13316814917056463,0.13555085882984433,0.1352476830487311,0.002382709659279697,0.002382709659279697,5.67730532042477e-06,0.0020795338781664785,0.0020795338781664785,4.3244611504421145e-06
2016-05-23__bonirob_2016-05-23-10-47-22_2_frame115,2016-05-23,bonirob_2016-05-23-10-47-22_2,115,1251936,0.08926255016230862,0.0895564949006978,0.08904991650927434,0.00029394473838917357,0.00029394473838917357,8.640350922667969e-08,-0.00021263365303428317,0.00021263365303428317,4.521307040270392e-08
2016-05-23__bonirob_2016-05-23-10-47-22_2_frame133,2016-05-23,bonirob_2016-05-23-10-47-22_2,133,1251936,0.09597774966132454,0.09919436776320835,0.09799379714255543,0.0032166181018838114,0.0032166181018838114,1.0346632013366613e-05,0.0020160474812308954,0.0020160474812308954,4.0644474465774376e-06
2016-05-23__bonirob_2016-05-23-10-47-22_2_frame139,2016-05-23,bonirob_2016-05-23-10-47-22_2,139,1251936,0.05693741533113514,0.05536864504255808,0.055046066510111916,-0.0015687702885770552,0.0015687702885770552,2.461040218322137e-06,-0.0018913488210232227,0.0018913488210232227,3.5772003627859344e-06
2016-05-23__bonirob_2016-05-23-10-47-22_2_frame140,2016-05-23,bonirob_2016-05-23-10-47-22_2,140,1251936,0.10579534417094803,0.10878990619328784,0.10874340149915174,0.002994562022339803,0.002994562022339803,8.96740170563985e-06,0.0029480573282037043,0.0029480573282037043,8.691042010375563e-06
2016-05-23__bonirob_2016-05-23-10-47-22_2_frame143,2016-05-23,bonirob_2016-05-23-10-47-22_2,143,1251936,0.013084534672698924,0.012336892620709045,0.012204275401165986,-0.0007476420519898792,0.0007476420519898792,5.589686379036372e-07,-0.000880259271532938,0.000880259271532938,7.748563851196987e-07
2016-05-23__bonirob_2016-05-23-10-47-22_2_frame144,2016-05-23,bonirob_2016-05-23-10-47-22_2,144,1251936,0.0430269598445927,0.04252453799555249,0.042374172800212793,-0.0005024218490402091,0.0005024218490402091,2.5242771439298264e-07,-0.0006527870443799044,0.0006527870443799044,4.261309253102513e-07
2016-05-23__bonirob_2016-05-23-10-47-22_2_frame146,2016-05-23,bonirob_2016-05-23-10-47-22_2,146,1251936,0.030918513406436112,0.02984417733813869,0.02998835637714318,-0.001074336068297422,0.001074336068297422,1.1541979876447629e-06,-0.0009301570292929336,0.0009301570292929336,8.651920991430553e-07
2016-05-23__bonirob_2016-05-23-10-47-22_2_frame157,2016-05-23,bonirob_2016-05-23-10-47-22_2,157,1251936,0.07187827492779184,0.0715723487462618,0.07153854099491457,-0.00030592618153003903,0.00030592618153003903,9.35908285455504e-08,-0.00033973393287727027,0.00033973393287727027,1.1541914514825759e-07
2016-05-23__bonirob_2016-05-23-10-47-22_2_frame163,2016-05-23,bonirob_2016-05-23-10-47-22_2,163,1251936,0.100979602791197,0.09967841806609923,0.09916454773167498,-0.0013011847250977704,0.0013011847250977704,1.6930816888277602e-06,-0.0018150550595220222,0.0018150550595220222,3.2944248690964915e-06
2016-05-23__bonirob_2016-05-23-10-47-22_2_frame175,2016-05-23,bonirob_2016-05-23-10-47-22_2,175,1251936,0.06760010096362754,0.0673524844720497,0.06695886536375564,-0.00024761649157784005,0.00024761649157784005,6.131392690131853e-08,-0.0006412355998718922,0.0006412355998718922,4.111830945430654e-07
2016-05-23__bonirob_2016-05-23-10-47-22_2_frame190,2016-05-23,bonirob_2016-05-23-10-47-22_2,190,1251936,0.06455202182859188,0.06481082100043453,0.06470414492954796,0.0002587991718426552,0.0002587991718426552,6.697701134644418e-08,0.00015212310095608084,0.00015212310095608084,2.314143784449396e-08
2016-05-23__bonirob_2016-05-23-10-47-22_2_frame191,2016-05-23,bonirob_2016-05-23-10-47-22_2,191,1251936,0.08511856836132198,0.06220605526161082,0.06259415785973982,-0.02291251309971116,0.02291251309971116,0.0005249832565444355,-0.02252441050158216,0.02252441050158216,0.0005073490684437846
2016-05-23__bonirob_2016-05-23-10-47-22_2_frame200,2016-05-23,bonirob_2016-05-23-10-47-22_2,200,1251936,0.11429497993507655,0.11663136134754493,0.11605110823176228,0.0023363814124683774,0.0023363814124683774,5.4586781045277304e-06,0.0017561282966857272,0.0017561282966857272,3.0839865944203137e-06
2016-05-23__bonirob_2016-05-23-10-47-22_2_frame206,2016-05-23,bonirob_2016-05-23-10-47-22_2,206,1251936,0.11996140377782889,0.12219234849065767,0.12159838763650524,0.0022309447128287807,0.0022309447128287807,4.9771143116986905e-06,0.0016369838586763469,0.0016369838586763469,2.679716153566902e-06
2016-05-23__bonirob_2016-05-23-10-47-22_2_frame207,2016-05-23,bonirob_2016-05-23-10-47-22_2,207,1251936,0.1913244766505636,0.0888583761470235,0.08760283301299869,-0.1024661005035401,0.1024661005035401,0.010499301752401581,-0.1037216436375649,0.1037216436375649,0.010758179358878009
2016-05-23__bonirob_2016-05-23-10-47-22_2_frame209,2016-05-23,bonirob_2016-05-23-10-47-22_2,209,1251936,0.04953128594432942,0.048876300385962225,0.04833718491509581,-0.0006549855583671965,0.0006549855583671965,4.290060816695882e-07,-0.0011941010292336116,0.0011941010292336116,1.4258772680167705e-06
2016-05-23__bonirob_2016-05-23-10-47-22_2_frame215,2016-05-23,bonirob_2016-05-23-10-47-22_2,215,1251936,0.07918056514071006,0.08005041791273676,0.07989265855019206,0.0008698527720266969,0.0008698527720266969,7.566438450025287e-07,0.0007120934094820008,0.0007120934094820008,5.070770238277005e-07
2016-05-23__bonirob_2016-05-23-10-47-22_2_frame218,2016-05-23,bonirob_2016-05-23-10-47-22_2,218,1251936,0.10149160979474989,0.10286068936431256,0.1026635865887167,0.00136907956956267,0.00136907956956267,1.8743788677939059e-06,0.001171976793966814,0.001171976793966814,1.3735296055967322e-06
2016-05-23__bonirob_2016-05-23-10-47-22_2_frame220,2016-05-23,bonirob_2016-05-23-10-47-22_2,220,1251936,0.11497792219410577,0.1168198693862945,0.11614440373776652,0.0018419471921887337,0.0018419471921887337,3.3927694588119598e-06,0.0011664815436607523,0.0011664815436607523,1.3606791917011715e-06
2016-05-23__bonirob_2016-05-23-10-47-22_2_frame221,2016-05-23,bonirob_2016-05-23-10-47-22_2,221,1251936,0.06406317894844465,0.06349445978069167,0.06341976985271573,-0.0005687191677529874,0.0005687191677529874,3.2344149176965056e-07,-0.0006434090957289224,0.0006434090957289224,4.1397526446670957e-07
2016-05-23__bonirob_2016-05-23-10-47-22_2_frame231,2016-05-23,bonirob_2016-05-23-10-47-22_2,231,1251936,0.08330537663267132,0.08385173043989469,0.0835292593100227,0.0005463538072233709,0.0005463538072233709,2.985024826674723e-07,0.000223882677351378,0.000223882677351378,5.012345321802123e-08
2016-05-23__bonirob_2016-05-23-10-47-22_2_frame236,2016-05-23,bonirob_2016-05-23-10-47-22_2,236,1251936,0.029236318789458884,0.028003827671702067,0.02779425551705746,-0.001232491117756817,0.001232491117756817,1.519034355349448e-06,-0.0014420632724014247,0.0014420632724014247,2.0795464816091057e-06
2016-05-23__bonirob_2016-05-23-10-47-22_2_frame238,2016-05-23,bonirob_2016-05-23-10-47-22_2,238,1251936,0.050766173350714414,0.04995063645425964,0.049719891919856284,-0.0008155368964547702,0.0008155368964547702,6.651004294790785e-07,-0.00104628143085813,0.00104628143085813,1.0947048325585359e-06
2016-05-23__bonirob_2016-05-23-10-47-22_2_frame239,2016-05-23,bonirob_2016-05-23-10-47-22_2,239,1251936,0.07477139406487232,0.07495271323773739,0.07444874766740076,0.0001813191728650687,0.0001813191728650687,3.287664244847267e-08,-0.0003226463974715654,0.0003226463974715654,1.0410069780137938e-07
2016-05-23__bonirob_2016-05-23-10-47-22_2_frame244,2016-05-23,bonirob_2016-05-23-10-47-22_2,244,1251936,0.0763058175497789,0.0770606484676533,0.07650260679540664,0.0007548309178743995,0.0007548309178743995,5.697697145791085e-07,0.00019678924562774314,0.00019678924562774314,3.872600719473622e-08
2016-05-23__bonirob_2016-05-23-10-47-22_2_frame248,2016-05-23,bonirob_2016-05-23-10-47-22_2,248,1251936,0.06750824323288092,0.0674427446770442,0.06703478061102974,-6.549855583672104e-05,6.549855583672104e-05,4.2900608166960635e-09,-0.0004734626218511756,0.0004734626218511756,2.241668542901893e-07
2016-05-23__bonirob_2016-05-23-10-47-22_2_frame254,2016-05-23,bonirob_2016-05-23-10-47-22_2,254,1251936,0.02295484753214222,0.02124389745162692,0.021274524714188406,-0.0017109500805152986,0.0017109500805152986,2.9273501780153068e-06,-0.0016803228179538138,0.0016803228179538138,2.8234847725362455e-06
2016-05-23__bonirob_2016-05-23-10-47-22_2_frame256,2016-05-23,bonirob_2016-05-23-10-47-22_2,256,1251936,0.08818342151675485,0.0877928264703627,0.08733243655110773,-0.0003905950463921476,0.0003905950463921476,1.5256449026608393e-07,-0.0008509849656471169,0.0008509849656471169,7.241754117574247e-07
2016-05-23__bonirob_2016-05-23-10-47-22_2_frame259,2016-05-23,bonirob_2016-05-23-10-47-22_2,259,1251936,0.055483666896710374,0.05473842113334867,0.05446652268858074,-0.0007452457633617057,0.0007452457633617057,5.553912478085715e-07,-0.0010171442081296361,0.0010171442081296361,1.0345823401316646e-06
2016-05-23__bonirob_2016-05-23-10-47-22_2_frame268,2016-05-23,bonirob_2016-05-23-10-47-22_2,268,1251936,0.09541062801932366,0.096275688214094,0.09537193033208458,0.0008650601947703396,0.0008650601947703396,7.483291405760978e-07,-3.8697687239089285e-05,3.8697687239089285e-05,1.4975109976543737e-09
2016-05-23__bonirob_2016-05-23-10-47-22_2_frame269,2016-05-23,bonirob_2016-05-23-10-47-22_2,269,1251936,0.1103171408123099,0.11734465659586432,0.11609322105551116,0.007027515783554428,0.007027515783554428,4.93859780881066e-05,0.0057760802432012676,0.0057760802432012676,3.3363102975900016e-05
2016-05-23__bonirob_2016-05-23-10-47-22_2_frame285,2016-05-23,bonirob_2016-05-23-10-47-22_2,285,1251936,0.1246613245405516,0.1257588247322547,0.12515338706173137,0.001097500191703099,0.001097500191703099,1.2045066707883392e-06,0.0004920625211797813,0.0004920625211797813,2.4212552474980275e-07
2016-05-23__bonirob_2016-05-23-10-47-22_2_frame289,2016-05-23,bonirob_2016-05-23-10-47-22_2,289,1251936,0.08033078368223295,0.08062313089487003,0.08011613699255765,0.000292347212637073,0.000292347212637073,8.546689273666596e-08,-0.00021464668967530187,0.00021464668967530187,4.6073201388565346e-08
2016-05-23__bonirob_2016-05-23-10-47-22_2_frame297,2016-05-23,bonirob_2016-05-23-10-47-22_2,297,1251936,0.10444783119903893,0.10637604478184189,0.105718352093654,0.0019282135828029567,0.0019282135828029567,3.718007620905815e-06,0.0012705208946150737,0.0012705208946150737,1.6142233436534872e-06
2016-05-23__bonirob_2016-05-23-10-47-22_2_frame300,2016-05-23,bonirob_2016-05-23-10-47-22_2,300,1251936,0.15316198272116147,0.15751204534417096,0.1572063462825287,0.004350062623009493,0.004350062623009493,1.892304482410423e-05,0.004044363561367226,0.004044363561367226,1.635687661651499e-05
2016-05-23__bonirob_2016-05-23-10-47-22_2_frame304,2016-05-23,bonirob_2016-05-23-10-47-22_2,304,1251936,0.13288219206093602,0.136628389949646,0.13550561130379407,0.0037461978887099734,0.0037461978887099734,1.4033998621375062e-05,0.002623419242858055,0.002623419242858055,6.88232852379793e-06
2016-05-23__bonirob_2016-05-23-10-52-28_3_frame1,2016-05-23,bonirob_2016-05-23-10-52-28_3,1,1251936,0.08665618689773279,0.08548599928430846,0.08524295555657271,-0.0011701876134243283,0.0011701876134243283,1.3693390506117252e-06,-0.0014132313411600733,0.0014132313411600733,1.9972228236370997e-06
2016-05-23__bonirob_2016-05-23-10-52-28_3_frame6,2016-05-23,bonirob_2016-05-23-10-52-28_3,6,1251936,0.07393269304501189,0.07168177926028167,0.07158328032295873,-0.0022509137847302185,0.0022509137847302185,5.066612866288516e-06,-0.0023494127220531624,0.0023494127220531624,5.51974013854525e-06
2016-05-23__bonirob_2016-05-23-10-52-28_3_frame8,2016-05-23,bonirob_2016-05-23-10-52-28_3,8,1251936,0.03627501725327812,0.03473180737673491,0.03460929514869236,-0.0015432098765432098,0.0015432098765432098,2.3814967230605087e-06,-0.0016657221045857581,0.0016657221045857581,2.7746301297056072e-06
2016-05-23__bonirob_2016-05-23-10-52-28_3_frame15,2016-05-23,bonirob_2016-05-23-10-52-28_3,15,1251936,0.12283615136876007,0.1261853641080694,0.12477091672910089,0.00334921273930934,0.00334921273930934,1.1217225973151974e-05,0.0019347653603408177,0.0019347653603408177,3.743316999574734e-06
2016-05-23__bonirob_2016-05-23-10-52-28_3_frame19,2016-05-23,bonirob_2016-05-23-10-52-28_3,19,1251936,0.0954513649260026,0.09476283132684099,0.09497155243598848,-0.0006885335991616143,0.0006885335991616143,4.7407851717444653e-07,-0.00047981249001412263,0.00047981249001412263,2.3022002557355252e-07
2016-05-23__bonirob_2016-05-23-10-52-28_3_frame26,2016-05-23,bonirob_2016-05-23-10-52-28_3,26,1251936,0.11774483679676917,0.120046072642691,0.11919298517258194,0.0023012358459218313,0.0023012358459218313,5.295686418555566e-06,0.0014481483758127661,0.0014481483758127661,2.0971337183691525e-06
2016-05-23__bonirob_2016-05-23-10-52-28_3_frame29,2016-05-23,bonirob_2016-05-23-10-52-28_3,29,1251936,0.11506738363622422,0.11717691639189223,0.11664702901356264,0.0021095327556680116,0.0021095327556680116,4.450128447236274e-06,0.001579645377338415,0.001579645377338415,2.4952795181466236e-06
2016-05-23__bonirob_2016-05-23-10-52-28_3_frame32,2016-05-23,bonirob_2016-05-23-10-52-28_3,32,1251936,0.07685297011987834,0.0768873169235488,0.076654166401881,3.434680367046805e-05,3.434680367046805e-05,1.1797029223776777e-09,-0.00019880371799733954,0.00019880371799733954,3.95229182895657e-08
2016-05-23__bonirob_2016-05-23-10-52-28_3_frame34,2016-05-23,bonirob_2016-05-23-10-52-28_3,34,1251936,0.015595845155023899,0.015154928047440125,0.015267066337279488,-0.0004409171075837742,0.0004409171075837742,1.9440789576004154e-07,-0.00032877881774441044,0.00032877881774441044,1.0809551099741225e-07
2016-05-23__bonirob_2016-05-23-10-52-28_3_frame36,2016-05-23,bonirob_2016-05-23-10-52-28_3,36,1251936,0.04878683894384377,0.04929005955576004,0.04903330041898267,0.0005032206119162663,0.0005032206119162663,2.532309842573815e-07,0.0002464614751388969,0.0002464614751388969,6.074325872764109e-08
2016-05-23__bonirob_2016-05-23-10-52-28_3_frame48,2016-05-23,bonirob_2016-05-23-10-52-28_3,48,1251936,0.0,0.06592349768678271,0.06498174670731648,0.06592349768678271,0.06592349768678271,0.004345907547259245,0.06498174670731648,0.06498174670731648,0.004222627405133836
2016-05-23__bonirob_2016-05-23-10-52-28_3_frame65,2016-05-23,bonirob_2016-05-23-10-52-28_3,65,1251936,0.058596445824706696,0.059245041280065434,0.05875318578660301,0.0006485954553587386,0.0006485954553587386,4.2067606471200954e-07,0.00015673996189631556,0.00015673996189631556,2.4567415655258455e-08
2016-05-23__bonirob_2016-05-23-10-52-28_3_frame67,2016-05-23,bonirob_2016-05-23-10-52-28_3,67,1251936,0.010932667484599852,0.011086029956802903,0.011064446696579135,0.0001533624722030516,0.0001533624722030516,2.3520047880231775e-08,0.00013177921197928336,0.00013177921197928336,1.7365760709880897e-08
2016-05-23__bonirob_2016-05-23-10-52-28_3_frame73,2016-05-23,bonirob_2016-05-23-10-52-28_3,73,1251936,0.004879642409835646,0.004900410244613143,0.00480843577062666,2.0767834777496788e-05,2.0767834777496788e-05,4.313029613454051e-10,-7.120663920898596e-05,7.120663920898596e-05,5.070385467438697e-09
2016-05-23__bonirob_2016-05-23-10-52-28_3_frame83,2016-05-23,bonirob_2016-05-23-10-52-28_3,83,1251936,0.0323698655522327,0.032247654832195896,0.0320863908503421,-0.00012221072003680555,0.00012221072003680555,1.4935460091914466e-08,-0.00028347470189060003,0.00028347470189060003,8.035790661196456e-08
2016-05-23__bonirob_2016-05-23-10-52-28_3_frame85,2016-05-23,bonirob_2016-05-23-10-52-28_3,85,1251936,0.014669280218797128,0.014630939600746363,0.014620603071834394,-3.8340618050764635e-05,3.8340618050764635e-05,1.470002992514619e-09,-4.867714696273409e-05,4.867714696273409e-05,2.369464636431613e-09
2016-05-23__bonirob_2016-05-23-10-52-28_3_frame89,2016-05-23,bonirob_2016-05-23-10-52-28_3,89,1251936,0.0,0.05386776959844593,0.053145664384939305,0.05386776959844593,0.05386776959844593,0.0029017366015112555,0.053145664384939305,0.053145664384939305,0.002824461642916606
2016-05-23__bonirob_2016-05-23-10-52-28_3_frame96,2016-05-23,bonirob_2016-05-23-10-52-28_3,96,1251936,0.03585167292896761,0.03750111826802648,0.03713695773666558,0.0016494453390588706,0.0016494453390588706,2.720669926543033e-06,0.0012852848076979687,0.0012852848076979687,1.6519570368992043e-06
2016-05-23__bonirob_2016-05-23-10-52-28_3_frame101,2016-05-23,bonirob_2016-05-23-10-52-28_3,101,1251936,0.0,0.028407202924111138,0.02616689475437092,0.028407202924111138,0.028407202924111138,0.0008069691779716284,0.02616689475437092,0.02616689475437092,0.0006847063810863244
2016-05-23__bonirob_2016-05-23-10-52-28_3_frame103,2016-05-23,bonirob_2016-05-23-10-52-28_3,103,1251936,0.0009752894716662832,0.001492089052475526,0.005730948638638193,0.0005167995808092427,0.0005167995808092427,2.6708180672460897e-07,0.00475565916697191,0.00475565916697191,2.261629411240396e-05
2016-05-23__bonirob_2016-05-23-10-52-28_3_frame105,2016-05-23,bonirob_2016-05-23-10-52-28_3,105,1251936,0.01660148761598037,0.016147790302379676,0.015293881402324632,-0.00045369731360069346,0.00045369731360069346,2.05841252368486e-07,-0.0013076062136557366,0.0013076062136557366,1.7098340099910918e-06
2016-05-23__bonirob_2016-05-23-10-52-28_3_frame119,2016-05-23,bonirob_2016-05-23-10-52-28_3,119,1251936,0.0217487155892953,0.02256105743424584,0.022446780665646607,0.0008123418449505412,0.0008123418449505412,6.598992730576492e-07,0.0006980650763513084,0.0006980650763513084,4.87294850821358e-07
2016-05-23__bonirob_2016-05-23-10-52-28_3_frame120,2016-05-23,bonirob_2016-05-23-10-52-28_3,120,1251936,0.02734804335045881,0.027162730363213455,0.026976305306942568,-0.0001853129872453549,0.0001853129872453549,3.4340903241797064e-08,-0.0003717380435162426,0.0003717380435162426,1.381891729972839e-07
2016-05-23__bonirob_2016-05-23-10-52-28_3_frame123,2016-05-23,bonirob_2016-05-23-10-52-28_3,123,1251936,0.007003552897272704,0.007128958668813741,0.006761544772015448,0.0001254057715410371,0.0001254057715410371,1.572660753580279e-08,-0.0002420081252572561,0.0002420081252572561,5.856793269053176e-08
2016-05-23__bonirob_2016-05-23-10-52-28_3_frame124,2016-05-23,bonirob_2016-05-23-10-52-28_3,124,1251936,0.04318671241980421,0.04416040436571837,0.041793143803963095,0.0009736919459141652,0.0009736919459141652,9.480760055381136e-07,-0.001393568615841112,0.001393568615841112,1.942033487057313e-06
2016-05-23__bonirob_2016-05-23-10-52-28_3_frame126,2016-05-23,bonirob_2016-05-23-10-52-28_3,126,1251936,0.013618907036781433,0.01777407151803287,0.01856178403708243,0.004155164481251436,0.004155164481251436,1.7265391866253512e-05,0.004942877000300995,0.004942877000300995,2.4432033040104567e-05
2016-05-23__bonirob_2016-05-23-10-52-28_3_frame129,2016-05-23,bonirob_2016-05-23-10-52-28_3,129,1251936,0.01901295273879815,0.022211998057408686,0.020771903815251017,0.003199045318610535,0.003199045318610535,1.0233890950523978e-05,0.0017589510764528665,0.0017589510764528665,3.093908889354698e-06
2016-05-23__bonirob_2016-05-23-10-52-28_3_frame134,2016-05-23,bonirob_2016-05-23-10-52-28_3,134,1251936,0.014198010121923165,0.01271550622396033,0.01186640799737353,-0.001482503897962834,0.001482503897962834,2.1978178074749964e-06,-0.002331602124549635,0.002331602124549635,5.436368467204371e-06
2016-05-23__bonirob_2016-05-23-10-52-28_3_frame138,2016-05-23,bonirob_2016-05-23-10-52-28_3,138,1251936,0.030813076706796512,0.0290741699256192,0.026620169258097532,-0.0017389067811773122,0.0017389067811773122,3.0237967936244406e-06,-0.00419290744869898,0.00419290744869898,1.758047287335539e-05
2016-05-23__bonirob_2016-05-23-10-52-28_3_frame142,2016-05-23,bonirob_2016-05-23-10-52-28_3,142,1251936,0.034008128211026764,0.03557370344809958,0.0344189281154849,0.0015655752370728193,0.0015655752370728193,2.4510258229356146e-06,0.00041079990445813674,0.00041079990445813674,1.6875656150281427e-07
2016-05-23__bonirob_2016-05-23-10-52-28_3_frame145,2016-05-23,bonirob_2016-05-23-10-52-28_3,145,1251936,0.0,0.011927127265291517,0.011752307570426196,0.011927127265291517,0.011927127265291517,0.0001422563648024603,0.011752307570426196,0.011752307570426196,0.0001381167332298969
2016-05-23__bonirob_2016-05-23-10-52-28_3_frame150,2016-05-23,bonirob_2016-05-23-10-52-28_3,150,1251936,0.007674513713161056,0.005826975180839915,0.005363827257233334,-0.0018475385323211413,0.0018475385323211413,3.413398628411357e-06,-0.002310686455927722,0.002310686455927722,5.339271897607816e-06
2016-05-23__bonirob_2016-05-23-10-52-28_3_frame171,2016-05-23,bonirob_2016-05-23-10-52-28_3,171,1251936,0.015092624543107634,0.014664487641540781,0.013077059954087061,-0.00042813690156685326,0.00042813690156685326,1.833012064832654e-07,-0.002015564589020573,0.002015564589020573,4.062500612513671e-06
2016-05-23__bonirob_2016-05-23-10-52-28_3_frame175,2016-05-23,bonirob_2016-05-23-10-52-28_3,175,1251936,0.0021310993533215756,0.01575240267873118,0.015053482726823941,0.013621303325409605,0.013621303325409605,0.00018553990428281475,0.012922383373502365,0.012922383373502365,0.00016698799205177038
2016-05-23__bonirob_2016-05-23-10-52-28_3_frame254,2016-05-23,bonirob_2016-05-23-10-52-28_3,254,1251936,0.0034658321192137615,0.005664027554124172,0.005217842248858478,0.0021981954349104106,0.0021981954349104106,4.832063170060969e-06,0.0017520101296447169,0.0017520101296447169,3.0695394943776974e-06
2016-05-23__bonirob_2016-05-23-10-52-28_3_frame257,2016-05-23,bonirob_2016-05-23-10-52-28_3,257,1251936,0.007851040308769777,0.00894454668609258,0.008650878027720084,0.0010935063773228025,0.0010935063773228025,1.1957561972456394e-06,0.0007998377189503067,0.0007998377189503067,6.397403766556298e-07
2016-05-23__bonirob_2016-05-23-10-52-28_3_frame263,2016-05-23,bonirob_2016-05-23-10-52-28_3,263,1251936,0.019129572118702552,0.01911519438693352,0.018875156257888645,-1.4377731769033703e-05,1.4377731769033703e-05,2.06719170822281e-10,-0.00025441586081390716,0.00025441586081390716,6.472743023368137e-08
2016-05-23__bonirob_2016-05-23-10-52-28_3_frame279,2016-05-23,bonirob_2016-05-23-10-52-28_3,279,1251936,0.05069348592899318,0.051060118089103594,0.05047433882713547,0.00036663216011041666,0.00036663216011041666,1.344191408272302e-07,-0.0002191471018577057,0.0002191471018577057,4.802545225263163e-08
2016-05-23__bonirob_2016-05-23-10-52-28_3_frame283,2016-05-23,bonirob_2016-05-23-10-52-28_3,283,1251936,0.014996772997980728,0.014726791145873271,0.014429124857109045,-0.0002699818521074565,0.0002699818521074565,7.289020046737251e-08,-0.0005676481408716828,0.0005676481408716828,3.2222441183507787e-07
2016-05-23__bonirob_2016-05-23-10-52-28_3_frame285,2016-05-23,bonirob_2016-05-23-10-52-28_3,285,1251936,0.010280078214860823,0.01000290749686885,0.009335319227398988,-0.00027717071799197336,0.00027717071799197336,7.682360691218602e-08,-0.0009447589874618349,0.0009447589874618349,8.925695443899116e-07
2016-05-23__bonirob_2016-05-23-10-52-28_3_frame289,2016-05-23,bonirob_2016-05-23-10-52-28_3,289,1251936,0.009969359456074432,0.008625041535669556,0.007754483148161463,-0.0013443179204048767,0.0013443179204048767,1.8071906711216923e-06,-0.0022148763079129696,0.0022148763079129696,4.905677059354188e-06
2016-05-23__bonirob_2016-05-23-10-52-28_3_frame292,2016-05-23,bonirob_2016-05-23-10-52-28_3,292,1251936,0.0037286251054366995,0.0034977826342560644,0.0033342859521908867,-0.00023084247118063507,0.00023084247118063507,5.3288246500782335e-08,-0.0003943391532458128,0.0003943391532458128,1.5550336778262464e-07
2016-05-23__bonirob_2016-05-23-10-57-33_4_frame4,2016-05-23,bonirob_2016-05-23-10-57-33_4,4,1251936,0.03591477519617616,0.03720637476676124,0.03653813773762976,0.0012915995705850766,0.0012915995705850766,1.6682294507355544e-06,0.0006233625414535995,0.0006233625414535995,3.885808580874906e-07
2016-05-23__bonirob_2016-05-23-10-57-33_4_frame6,2016-05-23,bonirob_2016-05-23-10-57-33_4,6,1251936,0.012546168494236128,0.012217078189300411,0.010974266333131174,-0.0003290903049357162,0.0003290903049357162,1.0830042880268267e-07,-0.001571902161104954,0.001571902161104954,2.4708764040864248e-06
2016-05-23__bonirob_2016-05-23-10-57-33_4_frame7,2016-05-23,bonirob_2016-05-23-10-57-33_4,7,1251936,0.024289580298034404,0.02921555095468139,0.027250032346507944,0.004925970656646985,0.004925970656646985,2.4265186910147128e-05,0.00296045204847354,0.00296045204847354,8.764276331311179e-06
2016-05-23__bonirob_2016-05-23-10-57-33_4_frame11,2016-05-23,bonirob_2016-05-23-10-57-33_4,11,1251936,0.025383885438233264,0.02674577614191141,0.026513296165515385,0.0013618907036781445,0.0013618907036781445,1.8547462887649516e-06,0.0011294107272821208,0.0011294107272821208,1.275568590899929e-06
2016-05-23__bonirob_2016-05-23-10-57-33_4_frame25,2016-05-23,bonirob_2016-05-23-10-57-33_4,25,1251936,0.02383508422155765,0.023662551440329218,0.023387103458784888,-0.00017253278122843219,0.00017253278122843219,2.976756059841804e-08,-0.0004479807627727622,0.0004479807627727622,2.0068676381446587e-07
2016-05-23__bonirob_2016-05-23-10-57-33_4_frame26,2016-05-23,bonirob_2016-05-23-10-57-33_4,26,1251936,0.020489865296628582,0.019786953965697927,0.018523282138997302,-0.0007029113309306549,0.0007029113309306549,4.940843391507046e-07,-0.0019665831576312805,0.0019665831576312805,3.867449315879018e-06
2016-05-23__bonirob_2016-05-23-10-57-33_4_frame28,2016-05-23,bonirob_2016-05-23-10-57-33_4,28,1251936,0.01536979526109961,0.014716407228484524,0.014518721828956756,-0.0006533880326150855,0.0006533880326150855,4.2691592116461205e-07,-0.0008510734321428536,0.0008510734321428536,7.243259868994163e-07
2016-05-23__bonirob_2016-05-23-10-57-33_4_frame30,2016-05-23,bonirob_2016-05-23-10-57-33_4,30,1251936,0.02540545203588682,0.02523132172890627,0.02422522393753361,-0.00017413030698055013,0.00017413030698055013,3.032136380914062e-08,-0.0011802280983532094,0.0011802280983532094,1.392938364142433e-06
2016-05-23__bonirob_2016-05-23-10-57-33_4_frame31,2016-05-23,bonirob_2016-05-23-10-57-33_4,31,1251936,0.005768665490887713,0.005531432916698617,0.004947213643117427,-0.000237232574189096,0.000237232574189096,5.6279294256384934e-08,-0.0008214518477702862,0.0008214518477702862,6.747831382052175e-07
2016-05-23__bonirob_2016-05-23-10-57-33_4_frame38,2016-05-23,bonirob_2016-05-23-10-57-33_4,38,1251936,0.023044308974260665,0.02227589908749329,0.021690254133457997,-0.000768409886767376,0.000768409886767376,5.904537540818515e-07,-0.0013540548408026674,0.0013540548408026674,1.833464511901137e-06
2016-05-23__bonirob_2016-05-23-10-57-33_4_frame39,2016-05-23,bonirob_2016-05-23-10-57-33_4,39,1251936,0.029920858574240216,0.02957579301178335,0.029283153051566906,-0.00034506556245686437,0.00034506556245686437,1.1907024239367217e-07,-0.0006377055226733097,0.0006377055226733097,4.0666833364803914e-07
2016-05-23__bonirob_2016-05-23-10-57-33_4_frame57,2016-05-23,bonirob_2016-05-23-10-57-33_4,57,1251936,0.0071193735143010506,0.006521898883009994,0.006351087266596994,-0.0005974746312910565,0.0005974746312910565,3.569759350363839e-07,-0.0007682862477040569,0.0007682862477040569,5.902637584111795e-07
2016-05-23__bonirob_2016-05-23-10-57-33_4_frame59,2016-05-23,bonirob_2016-05-23-10-57-33_4,59,1251936,0.03743881476369399,0.038200834547452905,0.03733159584432766,0.0007620197837589146,0.0007620197837589146,5.806741508399829e-07,-0.00010721891936633227,0.00010721891936633227,1.149589667008406e-08
2016-05-23__bonirob_2016-05-23-10-57-33_4_frame64,2016-05-23,bonirob_2016-05-23-10-57-33_4,64,1251936,0.0263751501674207,0.05885284870792117,0.05542960502372186,0.03247769854050048,0.03247769854050048,0.0010548009024876268,0.02905445485630116,0.02905445485630116,0.000844161346996842
2016-05-23__bonirob_2016-05-23-10-57-33_4_frame66,2016-05-23,bonirob_2016-05-23-10-57-33_4,66,1251936,0.030445645783810035,0.030914519592055822,0.029604142339247193,0.00046887380824578787,0.00046887380824578787,2.1984264805890784e-07,-0.0008415034445628418,0.0008415034445628418,7.081280472111278e-07
2016-05-23__bonirob_2016-05-23-10-57-33_4_frame71,2016-05-23,bonirob_2016-05-23-10-57-33_4,71,1251936,0.046329045574214654,0.04655509546813895,0.046032107010017684,0.0002260498939242947,0.0002260498939242947,5.109855454318489e-08,-0.00029693856419697046,0.00029693856419697046,8.817251090735834e-08
2016-05-23__bonirob_2016-05-23-10-57-33_4_frame72,2016-05-23,bonirob_2016-05-23-10-57-33_4,72,1251936,0.034219800373182015,0.03394422718094216,0.033637601926323216,-0.00027557319223985716,0.00027557319223985716,7.594058428126526e-08,-0.000582198446858799,0.000582198446858799,3.3895503152479783e-07
2016-05-23__bonirob_2016-05-23-10-57-33_4_frame74,2016-05-23,bonirob_2016-05-23-10-57-33_4,74,1251936,0.0,0.022497955167037294,0.021714257507591084,0.022497955167037294,0.022497955167037294,0.0005061579866980201,0.021714257507591084,0.021714257507591084,0.00047150897910597575
2016-05-23__bonirob_2016-05-23-10-57-33_4_frame75,2016-05-23,bonirob_2016-05-23-10-57-33_4,75,1251936,0.02384147432456611,0.04541605960688086,0.04408125460891307,0.021574585282314748,0.021574585282314748,0.00046546273010387215,0.02023978028434696,0.02023978028434696,0.00040964870595864
2016-05-23__bonirob_2016-05-23-10-57-33_4_frame78,2016-05-23,bonirob_2016-05-23-10-57-33_4,78,1251936,0.03382840656391381,0.03307357564603942,0.03287815246656417,-0.0007548309178743925,0.0007548309178743925,5.69769714579098e-07,-0.0009502540973496398,0.0009502540973496398,9.029828495297788e-07
2016-05-23__bonirob_2016-05-23-10-57-33_4_frame85,2016-05-23,bonirob_2016-05-23-10-57-33_4,85,1251936,0.05659075224292615,0.05298513662040232,0.05215757602127369,-0.0036056156225238306,0.0036056156225238306,1.3000464017387911e-05,-0.004433176221652464,0.004433176221652464,1.965305141222482e-05
2016-05-23__bonirob_2016-05-23-10-57-33_4_frame90,2016-05-23,bonirob_2016-05-23-10-57-33_4,90,1251936,0.060623706004140784,0.059352075505457146,0.058793697521051215,-0.0012716304986836388,0.0012716304986836388,1.6170441251823999e-06,-0.0018300084830895694,0.0018300084830895694,3.3489310481797868e-06
2016-05-23__bonirob_2016-05-23-10-57-33_4_frame91,2016-05-23,bonirob_2016-05-23-10-57-33_4,91,1251936,0.07971973008204893,0.07989865296628582,0.07930308276633216,0.00017892288423689007,0.00017892288423689007,3.201339850364756e-08,-0.0004166473157167644,0.0004166473157167644,1.7359498569398514e-07
2016-05-23__bonirob_2016-05-23-10-57-33_4_frame94,2016-05-23,bonirob_2016-05-23-10-57-33_4,94,1251936,0.04239354088387905,0.041046826674846,0.04065370323617522,-0.0013467142090330467,0.0013467142090330467,1.8136391608115046e-06,-0.001739837647703829,0.001739837647703829,3.0270350403675933e-06
2016-05-23__bonirob_2016-05-23-10-57-33_4_frame95,2016-05-23,bonirob_2016-05-23-10-57-33_4,95,1251936,0.07420507118574751,0.07420826623725174,0.07395588727594156,3.1950515042289407e-06,3.1950515042289407e-06,1.0208354114675616e-11,-0.00024918390980595284,0.00024918390980595284,6.209262090618124e-08
2016-05-23__bonirob_2016-05-23-10-57-33_4_frame96,2016-05-23,bonirob_2016-05-23-10-57-33_4,96,1251936,0.10251562380185568,0.10329202131738363,0.1031240639388461,0.0007763975155279518,0.0007763975155279518,6.027931021179762e-07,0.0006084401369904208,0.0006084401369904208,3.7019940030092197e-07
2016-05-23__bonirob_2016-05-23-10-57-33_4_frame101,2016-05-23,bonirob_2016-05-23-10-57-33_4,101,1251936,0.01913116964445467,0.018312437696495668,0.017942775256984955,-0.0008187319479590026,0.0008187319479590026,6.703220026087429e-07,-0.001188394387469715,0.001188394387469715,1.412281220169519e-06
2016-05-23__bonirob_2016-05-23-10-57-33_4_frame115,2016-05-23,bonirob_2016-05-23-10-57-33_4,115,1251936,0.053533886716253865,0.052575371264984794,0.052388889379574234,-0.0009585154512690708,0.0009585154512690708,9.187518703215504e-07,-0.0011449973366796304,0.0011449973366796304,1.3110189010034469e-06
2016-05-23__bonirob_2016-05-23-10-57-33_4_frame116,2016-05-23,bonirob_2016-05-23-10-57-33_4,116,1251936,0.02842317818163229,0.027876025611532858,0.027520691582639284,-0.0005471525700994316,0.0005471525700994316,2.993759349664134e-07,-0.0009024865989930055,0.0009024865989930055,8.144820613619619e-07
2016-05-23__bonirob_2016-05-23-10-57-33_4_frame126,2016-05-23,bonirob_2016-05-23-10-57-33_4,126,1251936,0.10611964189862741,0.10834898908570406,0.10805254386855125,0.0022293471870766524,0.0022293471870766524,4.969988880526583e-06,0.0019329019699238364,0.0019329019699238364,3.7361100253354474e-06
2016-05-23__bonirob_2016-05-23-10-57-33_4_frame135,2016-05-23,bonirob_2016-05-23-10-57-33_4,135,1251936,0.01623166040436572,0.014557453416149068,0.014657359446044687,-0.0016742069882166519,0.0016742069882166519,2.8029690393934723e-06,-0.0015743009583210326,0.0015743009583210326,2.4784235073705215e-06
2016-05-23__bonirob_2016-05-23-10-57-33_4_frame139,2016-05-23,bonirob_2016-05-23-10-57-33_4,139,1251936,0.05149464509367891,0.050875603864734296,0.050584798394812426,-0.000619041228944614,0.000619041228944614,3.83212043133258e-07,-0.0009098466988664844,0.0009098466988664844,8.278210154382391e-07
2016-05-23__bonirob_2016-05-23-10-57-33_4_frame140,2016-05-23,bonirob_2016-05-23-10-57-33_4,140,1251936,0.06567108861794853,0.06513591749098996,0.06458709105491925,-0.0005351711269585696,0.0005351711269585696,2.864081351301054e-07,-0.0010839975630292792,0.0010839975630292792,1.1750507166534162e-06
2016-05-23__bonirob_2016-05-23-10-57-33_4_frame141,2016-05-23,bonirob_2016-05-23-10-57-33_4,141,1251936,0.04205486542443064,0.04088467781100631,0.04065549612394717,-0.0011701876134243283,0.0011701876134243283,1.3693390506117252e-06,-0.001399369300483469,0.001399369300483469,1.9582344391355933e-06
2016-05-23__bonirob_2016-05-23-10-57-33_4_frame148,2016-05-23,bonirob_2016-05-23-10-57-33_4,148,1251936,0.019397956445057894,0.018079198936686858,0.017865184087010814,-0.0013187575083710365,0.0013187575083710365,1.7391213658849844e-06,-0.0015327723580470798,0.0015327723580470798,2.3493911015932053e-06
2016-05-23__bonirob_2016-05-23-10-57-33_4_frame150,2016-05-23,bonirob_2016-05-23-10-57-33_4,150,1251936,0.06401844822738542,0.06351522761546916,0.06320382436902058,-0.0005032206119162663,0.0005032206119162663,2.532309842573815e-07,-0.000814623858364838,0.000814623858364838,6.636120306172155e-07
2016-05-23__bonirob_2016-05-23-10-57-33_4_frame168,2016-05-23,bonirob_2016-05-23-10-57-33_4,168,1251936,0.021003469825933593,0.018873169235488076,0.01892789570378123,-0.002130300590445517,0.002130300590445517,4.5381806056525185e-06,-0.0020755741221523613,0.0020755741221523613,4.308007936548545e-06
2016-05-23__bonirob_2016-05-23-10-57-33_4_frame175,2016-05-23,bonirob_2016-05-23-10-57-33_4,175,1251936,0.016774819160084862,0.015845857935229916,0.015671396711795314,-0.0009289612248549461,0.0009289612248549461,8.629689572840018e-07,-0.0011034224482895476,0.0011034224482895476,1.2175410993892992e-06
2016-05-23__bonirob_2016-05-23-10-57-33_4_frame179,2016-05-23,bonirob_2016-05-23-10-57-33_4,179,1251936,0.015911356491066637,0.015050290110676583,0.014561625413141627,-0.0008610663803900534,0.0008610663803900534,7.414353114380281e-07,-0.00134973107792501,0.00134973107792501,1.8217739827166095e-06
2016-05-23__bonirob_2016-05-23-10-57-33_4_frame183,2016-05-23,bonirob_2016-05-23-10-57-33_4,183,1251936,0.026704240472356415,0.02588311223576924,0.02546432995297306,-0.0008211282365871743,0.0008211282365871743,6.742515809207625e-07,-0.001239910519383356,0.001239910519383356,1.5373780960775038e-06
2016-05-23__bonirob_2016-05-23-10-57-33_4_frame189,2016-05-23,bonirob_2016-05-23-10-57-33_4,189,1251936,0.02541503719039951,0.024509240088950234,0.024181956757933054,-0.0009057971014492759,0.0009057971014492759,8.204683889939099e-07,-0.001233080432466456,0.001233080432466456,1.520487352931662e-06
2016-05-23__bonirob_2016-05-23-10-57-33_4_frame198,2016-05-23,bonirob_2016-05-23-10-57-33_4,198,1251936,0.012380025816016153,0.011141144595250875,0.010957126559125114,-0.0012388812207652783,0.0012388812207652783,1.5348266791648663e-06,-0.0014228992568910397,0.0014228992568910397,2.024642295261073e-06
2016-05-23__bonirob_2016-05-23-10-57-33_4_frame203,2016-05-23,bonirob_2016-05-23-10-57-33_4,203,1251936,0.0320575492676942,0.030825856912813435,0.0305773251323851,-0.0012316923548807632,0.0012316923548807632,1.5170660570717198e-06,-0.0014802241353090995,0.0014802241353090995,2.191063490751571e-06
2016-05-23__bonirob_2016-05-23-10-57-33_4_frame211,2016-05-23,bonirob_2016-05-23-10-57-33_4,211,1251936,0.03379565728599545,0.03239462720139049,0.03218154957502238,-0.0014010300846049595,0.0014010300846049595,1.96288529796818e-06,-0.0016141077109730687,0.0016141077109730687,2.6053437026227193e-06
2016-05-23__bonirob_2016-05-23-10-57-33_4_frame218,2016-05-23,bonirob_2016-05-23-10-57-33_4,218,1251936,0.034540903049357155,0.03164618638652455,0.0315131932067541,-0.002894716662832607,0.002894716662832607,8.379384558080743e-06,-0.0030277098426030533,0.0030277098426030533,9.167026890995406e-06
2016-05-23__bonirob_2016-05-23-10-57-33_4_frame220,2016-05-23,bonirob_2016-05-23-10-57-33_4,220,1251936,0.012515016742069882,0.01157886665133042,0.011111107625336066,-0.0009361500907394613,0.0009361500907394613,8.763769923915016e-07,-0.0014039091167338154,0.0014039091167338154,1.9709608080483215e-06
2016-05-23__bonirob_2016-05-23-10-57-33_4_frame225,2016-05-23,bonirob_2016-05-23-10-57-33_4,225,1251936,0.04148854254530583,0.04011307287273471,0.039866876763182554,-0.001375469672571121,0.001375469672571121,1.891916820162907e-06,-0.0016216657821232772,0.0016216657821232772,2.6297999089095002e-06
2016-05-23__bonirob_2016-05-23-10-57-33_4_frame231,2016-05-23,bonirob_2016-05-23-10-57-33_4,231,1251936,0.0722760588400685,0.07246856069319838,0.07212942040030304,0.00019250185312987,0.00019250185312987,3.705696345843404e-08,-0.00014663843976546465,0.00014663843976546465,2.15028320168498e-08
2016-05-23__bonirob_2016-05-23-10-57-33_4_frame248,2016-05-23,bonirob_2016-05-23-10-57-33_4,248,1251936,0.08445559517419421,0.0845554405337014,0.08338807469759418,9.984535950718909e-05,9.984535950718909e-05,9.969095815119835e-09,-0.0010675204766000257,0.0010675204766000257,1.139599967960346e-06
2016-05-23__bonirob_2016-05-23-10-57-33_4_frame253,2016-05-23,bonirob_2016-05-23-10-57-33_4,253,1251936,0.087672213276078,0.08831202233980012,0.08795375168425379,0.000639809063722116,0.000639809063722116,4.093556380209707e-07,0.0002815384081757827,0.0002815384081757827,7.926387527815361e-08
2016-05-23__bonirob_2016-05-23-10-57-33_4_frame254,2016-05-23,bonirob_2016-05-23-10-57-33_4,254,1251936,0.08625041535669555,0.08631990772691256,0.08610144099312153,6.949237021701415e-05,6.949237021701415e-05,4.829189518378556e-09,-0.00014897436357401428,0.00014897436357401428,2.2193361002282593e-08
2016-05-23__bonirob_2016-05-23-10-57-33_4_frame259,2016-05-23,bonirob_2016-05-23-10-57-33_4,259,1251936,0.0955719781202873,0.09664551542570866,0.09639846292509259,0.0010735373054213682,0.0010735373054213682,1.152482346131372e-06,0.0008264848048052942,0.0008264848048052942,6.830771325740453e-07
2016-05-23__bonirob_2016-05-23-10-57-33_4_frame264,2016-05-23,bonirob_2016-05-23-10-57-33_4,264,1251936,0.057050839659535314,0.05616820668149171,0.05594818525449509,-0.0008826329780436057,0.0008826329780436057,7.790409739301241e-07,-0.001102654405040225,0.001102654405040225,1.215846736954613e-06
2016-05-23__bonirob_2016-05-23-10-57-33_4_frame270,2016-05-23,bonirob_2016-05-23-10-57-33_4,270,1251936,0.016645419574163534,0.014826636505380467,0.014952395582989624,-0.001818783068783067,0.001818783068783067,3.3079718512919506e-06,-0.0016930239911739104,0.0016930239911739104,2.866330234690437e-06
2016-05-23__bonirob_2016-05-23-10-57-33_4_frame273,2016-05-23,bonirob_2016-05-23-10-57-33_4,273,1251936,0.061781912174424254,0.06118204125450502,0.06121031683374653,-0.0005998709199192334,0.0005998709199192334,3.598451205647473e-07,-0.0005715953406777233,0.0005715953406777233,3.2672123348448255e-07
2016-05-23__bonirob_2016-05-23-10-57-33_4_frame278,2016-05-23,bonirob_2016-05-23-10-57-33_4,278,1251936,0.04727238453083864,0.046718841857730745,0.046369915301480887,-0.000553542673107893,0.000553542673107893,3.064094909514316e-07,-0.000902469229357751,0.000902469229357751,8.144507099375731e-07
2016-05-23__bonirob_2016-05-23-10-57-33_4_frame279,2016-05-23,bonirob_2016-05-23-10-57-33_4,279,1251936,0.04063786008230453,0.04034631163254351,0.04012400668234401,-0.00029154844976101574,0.00029154844976101574,8.500049855805152e-08,-0.0005138533999605177,0.0005138533999605177,2.6404531665098377e-07
2016-05-23__bonirob_2016-05-23-10-57-33_4_frame283,2016-05-23,bonirob_2016-05-23-10-57-33_4,283,1251936,0.03055507629782992,0.02887048539222452,0.028757371481459987,-0.0016845909056053994,0.0016845909056053994,2.8378465192484196e-06,-0.0017977048163699341,0.0017977048163699341,3.2317426067996585e-06
2016-05-23__bonirob_2016-05-23-10-57-33_4_frame303,2016-05-23,bonirob_2016-05-23-10-57-33_4,303,1251936,0.019774173759681005,0.01861916264090177,0.018291573040891688,-0.001155011118779234,0.001155011118779234,1.3340506845036575e-06,-0.0014826007187893168,0.0014826007187893168,2.198104891354599e-06
2016-05-23__bonirob_2016-05-23-11-02-39_5_frame9,2016-05-23,bonirob_2016-05-23-11-02-39_5,9,1251936,0.034302072949415945,0.03293059709122511,0.03271877859266519,-0.0013714758581908348,0.0013714758581908348,1.880946029600287e-06,-0.001583294356750753,0.001583294356750753,2.5068210201187806e-06
2016-05-23__bonirob_2016-05-23-11-02-39_5_frame15,2016-05-23,bonirob_2016-05-23-11-02-39_5,15,1251936,0.024803184827339418,0.023699294532627865,0.023433826764822453,-0.0011038902947115535,0.0011038902947115535,1.2185737827583605e-06,-0.001369358062516965,0.001369358062516965,1.8751415033802159e-06
2016-05-23__bonirob_2016-05-23-11-02-39_5_frame20,2016-05-23,bonirob_2016-05-23-11-02-39_5,20,1251936,0.0034818073767349128,0.0030145310942412394,0.003166882856973834,-0.0004672762824936734,0.0004672762824936734,2.1834712418110725e-07,-0.00031492451976107864,0.00031492451976107864,9.917745314674601e-08
2016-05-23__bonirob_2016-05-23-11-02-39_5_frame29,2016-05-23,bonirob_2016-05-23-11-02-39_5,29,1251936,0.02954863507399739,0.028558967870562075,0.02845811937243786,-0.0009896672034353168,0.0009896672034353168,9.794411735554809e-07,-0.001090515701559533,0.001090515701559533,1.1892244953478802e-06
2016-05-23__bonirob_2016-05-23-11-02-39_5_frame30,2016-05-23,bonirob_2016-05-23-11-02-39_5,30,1251936,0.034544098100861384,0.03317501853129873,0.03303361067919682,-0.0013690795695626562,0.0013690795695626562,1.874378867793868e-06,-0.0015104874216645622,0.0015104874216645622,2.281572251006857e-06
2016-05-23__bonirob_2016-05-23-11-02-39_5_frame31,2016-05-23,bonirob_2016-05-23-11-02-39_5,31,1251936,0.020161573754568923,0.018886748204381056,0.018777563762097504,-0.0012748255501878678,0.0012748255501878678,1.6251801834117998e-06,-0.0013840099924714196,0.0013840099924714196,1.915483659260739e-06
2016-05-23__bonirob_2016-05-23-11-02-39_5_frame34,2016-05-23,bonirob_2016-05-23-11-02-39_5,34,1251936,0.10510681057178642,0.10663963653094088,0.10610746834644957,0.0015328259591544657,0.0015328259591544657,2.3495554210578078e-06,0.001000657774663155,0.001000657774663155,1.0013159819938177e-06
2016-05-23__bonirob_2016-05-23-11-02-39_5_frame37,2016-05-23,bonirob_2016-05-23-11-02-39_5,37,1251936,0.023398959691230223,0.021940418679549115,0.021285197565131066,-0.0014585410116811082,0.0014585410116811082,2.1273418827557504e-06,-0.002113762126099157,0.002113762126099157,4.467990325731229e-06
2016-05-23__bonirob_2016-05-23-11-02-39_5_frame60,2016-05-23,bonirob_2016-05-23-11-02-39_5,60,1251936,0.02788481200316949,0.02681686603788053,0.026653343919272755,-0.0010679459652889606,0.0010679459652889606,1.1405085847769697e-06,-0.0012314680838967362,0.0012314680838967362,1.516513641656299e-06
2016-05-23__bonirob_2016-05-23-11-02-39_5_frame62,2016-05-23,bonirob_2016-05-23-11-02-39_5,62,1251936,0.03996530174066406,0.038898154538251156,0.038592537308987304,-0.0010671472024129033,0.0010671472024129033,1.1388031516176862e-06,-0.0013727644316767554,0.0013727644316767554,1.8844821848768052e-06
2016-05-23__bonirob_2016-05-23-11-02-39_5_frame69,2016-05-23,bonirob_2016-05-23-11-02-39_5,69,1251936,0.04594484063083097,0.04414602663394934,0.043967883431893964,-0.0017988139968816291,0.0017988139968816291,3.2357317953772617e-06,-0.001976957198937007,0.001976957198937007,3.9083597664288575e-06
2016-05-23__bonirob_2016-05-23-11-02-39_5_frame80,2016-05-23,bonirob_2016-05-23-11-02-39_5,80,1251936,0.03864734299516908,0.037967595787644096,0.03795807090092785,-0.0006797472075249847,0.0006797472075249847,4.620562661380146e-07,-0.0006892720942412306,0.0006892720942412306,4.7509601989969184e-07
2016-05-23__bonirob_2016-05-23-11-02-39_5_frame84,2016-05-23,bonirob_2016-05-23-11-02-39_5,84,1251936,0.03942453927357309,0.03864095289216062,0.03836121103467605,-0.0007835863814124669,0.0007835863814124669,6.14007617135084e-07,-0.0010633282388970364,0.0010633282388970364,1.1306669436358728e-06
2016-05-23__bonirob_2016-05-23-11-02-39_5_frame89,2016-05-23,bonirob_2016-05-23-11-02-39_5,89,1251936,0.012942354880760678,0.011877603966975948,0.011907625439780453,-0.00106475091378473,0.00106475091378473,1.1336945084054173e-06,-0.0010347294409802244,0.0010347294409802244,1.0706650160312478e-06
2016-05-23__bonirob_2016-05-23-11-02-39_5_frame90,2016-05-23,bonirob_2016-05-23-11-02-39_5,90,1251936,0.022445236817217492,0.02114804590650001,0.02093576252993837,-0.0012971909107174807,0.0012971909107174807,1.682704258848047e-06,-0.0015094742872791209,0.0015094742872791209,2.2785126239568097e-06
2016-05-23__bonirob_2016-05-23-11-02-39_5_frame93,2016-05-23,bonirob_2016-05-23-11-02-39_5,93,1251936,0.025572393476982848,0.024327122153209108,0.024210944102745116,-0.0012452713237737396,0.0012452713237737396,1.5507006698132018e-06,-0.0013614493742377318,0.0013614493742377318,1.8535443986123115e-06
2016-05-23__bonirob_2016-05-23-11-02-39_5_frame105,2016-05-23,bonirob_2016-05-23-11-02-39_5,105,1251936,0.02494536461927766,0.023597052884492497,0.023269079011344763,-0.0013483117347851646,0.0013483117347851646,1.81794453415938e-06,-0.001676285607932898,0.001676285607932898,2.8099334393629657e-06
2016-05-23__bonirob_2016-05-23-11-02-39_5_frame108,2016-05-23,bonirob_2016-05-23-11-02-39_5,108,1251936,0.010564437798737315,0.009704968944099378,0.009544900694234817,-0.0008594688546379372,0.0008594688546379372,7.386867120926476e-07,-0.0010195371045024978,0.0010195371045024978,1.0394559074573372e-06
2016-05-23__bonirob_2016-05-23-11-02-39_5_frame112,2016-05-23,bonirob_2016-05-23-11-02-39_5,112,1251936,0.03502495335224804,0.0337325550187869,0.03328478639703774,-0.0012923983334611408,0.0012923983334611408,1.6702934523331341e-06,-0.001740166955210301,0.001740166955210301,3.02818103200589e-06
2016-05-23__bonirob_2016-05-23-11-02-39_5_frame116,2016-05-23,bonirob_2016-05-23-11-02-39_5,116,1251936,0.04093979244945428,0.04010268895534596,0.0399574309827902,-0.0008371034941083225,0.0008371034941083225,7.007422598483623e-07,-0.0009823614666640834,0.0009823614666640834,9.650340511864091e-07
2016-05-23__bonirob_2016-05-23-11-02-39_5_frame117,2016-05-23,bonirob_2016-05-23-11-02-39_5,117,1251936,0.03138658845180584,0.02982181197760908,0.02948646841666437,-0.001564776474196762,0.001564776474196762,2.44852541419965e-06,-0.0019001200351414713,0.0019001200351414713,3.610456147946026e-06
2016-05-23__bonirob_2016-05-23-11-02-39_5_frame131,2016-05-23,bonirob_2016-05-23-11-02-39_5,131,1251936,0.05337653042967053,0.052100107353730545,0.051807637606430104,-0.0012764230759399822,0.0012764230759399822,1.6292558687920857e-06,-0.0015688928232404226,0.0015688928232404226,2.4614246908153038e-06
2016-05-23__bonirob_2016-05-23-11-02-39_5_frame144,2016-05-23,bonirob_2016-05-23-11-02-39_5,144,1251936,0.02105379188712522,0.019936322623520693,0.019703404712414607,-0.0011174692636045265,0.0011174692636045265,1.2487375551008428e-06,-0.001350387174710612,0.001350387174710612,1.8235455216229091e-06
2016-05-23__bonirob_2016-05-23-11-02-39_5_frame149,2016-05-23,bonirob_2016-05-23-11-02-39_5,149,1251936,0.008205691025739335,0.008696930194514736,0.00881576487190551,0.0004912391687754009,0.0004912391687754009,2.413159209391468e-07,0.0006100738461661745,0.0006100738461661745,3.7219009777598915e-07
2016-05-23__bonirob_2016-05-23-11-02-39_5_frame155,2016-05-23,bonirob_2016-05-23-11-02-39_5,155,1251936,0.03915216113283746,0.037755923625488845,0.03745428736837823,-0.001396237507348616,0.001396237507348616,1.9494791769270767e-06,-0.0016978737644592276,0.0016978737644592276,2.8827753200389487e-06
2016-05-23__bonirob_2016-05-23-11-02-39_5_frame164,2016-05-23,bonirob_2016-05-23-11-02-39_5,164,1251936,0.011927127265291517,0.011407132632978044,0.011325023635752957,-0.0005199946323134735,0.0005199946323134735,2.7039441763482447e-07,-0.0006021036295385598,0.0006021036295385598,3.625287807035073e-07
2016-05-23__bonirob_2016-05-23-11-02-39_5_frame169,2016-05-23,bonirob_2016-05-23-11-02-39_5,169,1251936,0.040589934309741074,0.039721679063466506,0.03952729802599033,-0.0008682552462745685,0.0008682552462745685,7.538671726833117e-07,-0.0010626362837507439,0.0010626362837507439,1.1291958715435915e-06
2016-05-23__bonirob_2016-05-23-11-02-39_5_frame177,2016-05-23,bonirob_2016-05-23-11-02-39_5,177,1251936,0.03831505763872914,0.03705141476880607,0.036819882263541076,-0.0012636428699230665,0.0012636428699230665,1.5967933027074038e-06,-0.0014951753751880625,0.0014951753751880625,2.2355494025687634e-06
2016-05-23__bonirob_2016-05-23-11-02-39_5_frame184,2016-05-23,bonirob_2016-05-23-11-02-39_5,184,1251936,0.02705010479768934,0.026166673056769674,0.025934602151339588,-0.0008834317409196664,0.0008834317409196664,7.804516408643525e-07,-0.0011155026463497524,0.0011155026463497524,1.2443461540133008e-06
2016-05-23__bonirob_2016-05-23-11-02-39_5_frame187,2016-05-23,bonirob_2016-05-23-11-02-39_5,187,1251936,0.024788008332694324,0.023359021547427344,0.022668894936761802,-0.00142898678526698,0.00142898678526698,2.0420032324676583e-06,-0.0021191133959325217,0.0021191133959325217,4.490641584820665e-06
2016-05-23__bonirob_2016-05-23-11-02-39_5_frame189,2016-05-23,bonirob_2016-05-23-11-02-39_5,189,1251936,0.014800277330470566,0.013830579198936687,0.013625950349640174,-0.000969698131533879,0.000969698131533879,9.403144663002961e-07,-0.0011743269808303924,0.0011743269808303924,1.3790438579062249e-06
2016-05-23__bonirob_2016-05-23-11-02-39_5_frame192,2016-05-23,bonirob_2016-05-23-11-02-39_5,192,1251936,0.015734031132581858,0.014749955269278942,0.014373092213311511,-0.0009840758633029162,0.0009840758633029162,9.684053047353797e-07,-0.0013609389192703464,0.0013609389192703464,1.8521547419847383e-06
2016-05-23__bonirob_2016-05-23-11-02-39_5_frame193,2016-05-23,bonirob_2016-05-23-11-02-39_5,193,1251936,0.017821997290596324,0.016901822457378014,0.016652992250361015,-0.0009201748332183096,0.0009201748332183096,8.467217236883439e-07,-0.0011690050402353089,0.0011690050402353089,1.366572784095556e-06
2016-05-23__bonirob_2016-05-23-11-02-39_5_frame199,2016-05-23,bonirob_2016-05-23-11-02-39_5,199,1251936,0.03230117194489175,0.03237226184086087,0.03246353189484284,7.108989596912169e-05,7.108989596912169e-05,5.0537733089005435e-09,0.00016235994995109082,0.00016235994995109082,2.6360753348120715e-08
2016-05-23__bonirob_2016-05-23-11-02-39_5_frame202,2016-05-23,bonirob_2016-05-23-11-02-39_5,202,1251936,0.03096803670475168,0.028698751373872147,0.028487246978199102,-0.002269285330879535,0.002269285330879535,5.149655912945041e-06,-0.002480789726552579,0.002480789726552579,6.1543176673688205e-06
2016-05-23__bonirob_2016-05-23-11-02-39_5_frame203,2016-05-23,bonirob_2016-05-23-11-02-39_5,203,1251936,0.0053117731257827875,0.004551350867775988,0.004440629959817321,-0.0007604222580067993,0.0007604222580067993,5.782420104721592e-07,-0.0008711431659654666,0.0008711431659654666,7.588904156083365e-07
2016-05-23__bonirob_2016-05-23-11-02-39_5_frame204,2016-05-23,bonirob_2016-05-23-11-02-39_5,204,1251936,0.019903573345602332,0.018994581192648824,0.018901856295228687,-0.0009089921529535083,0.0009089921529535083,8.262667341310543e-07,-0.0010017170503736454,0.0010017170503736454,1.0034370490092765e-06
2016-05-23__bonirob_2016-05-23-11-02-39_5_frame215,2016-05-23,bonirob_2016-05-23-11-02-39_5,215,1251936,0.04561335403726708,0.04450307363954707,0.04397544159181544,-0.001110280397720008,0.001110280397720008,1.232722561561299e-06,-0.0016379124454516392,0.0016379124454516392,2.682757178965369e-06
2016-05-23__bonirob_2016-05-23-11-02-39_5_frame216,2016-05-23,bonirob_2016-05-23-11-02-39_5,216,1251936,0.005239884466937607,0.0047550354011706665,0.004916040309509622,-0.0004848490657669404,0.0004848490657669404,2.3507861657507488e-07,-0.0003238441574279849,0.0003238441574279849,1.0487503830024148e-07
2016-05-23__bonirob_2016-05-23-11-02-39_5_frame223,2016-05-23,bonirob_2016-05-23-11-02-39_5,223,1251936,0.02576809038161695,0.024771234312297115,0.024373735012568343,-0.0009968560693198354,0.0009968560693198354,9.937220229397925e-07,-0.0013943553690486075,0.0013943553690486075,1.9442268951946785e-06
2016-05-23__bonirob_2016-05-23-11-02-39_5_frame233,2016-05-23,bonirob_2016-05-23-11-02-39_5,233,1251936,0.02602449326483143,0.02538228791248115,0.025020196536493934,-0.0006422053523502808,0.0006422053523502808,4.124277145873483e-07,-0.0010042967283374962,0.0010042967283374962,1.0086119185493987e-06
2016-05-23__bonirob_2016-05-23-11-02-39_5_frame243,2016-05-23,bonirob_2016-05-23-11-02-39_5,243,1251936,0.014189223730286532,0.01369558827288296,0.013482810255916404,-0.0004936354574035726,0.0004936354574035726,2.436759648060343e-07,-0.0007064134743701277,0.0007064134743701277,4.990199967716751e-07
2016-05-23__bonirob_2016-05-23-11-02-39_5_frame246,2016-05-23,bonirob_2016-05-23-11-02-39_5,246,1251936,0.018683063670986377,0.018568840579710144,0.018378360572007476,-0.0001142230912762332,0.0001142230912762332,1.3046914580698702e-08,-0.0003047030989789014,0.0003047030989789014,9.284397852734618e-08
2016-05-23__bonirob_2016-05-23-11-02-39_5_frame253,2016-05-23,bonirob_2016-05-23-11-02-39_5,253,1251936,0.016439338752140684,0.016207697518083992,0.015406508182863664,-0.00023164123405669187,0.00023164123405669187,5.3657661315307106e-08,-0.0010328305692770198,0.0010328305692770198,1.066738984833093e-06
2016-05-23__bonirob_2016-05-23-11-02-39_5_frame254,2016-05-23,bonirob_2016-05-23-11-02-39_5,254,1251936,0.008573121948725813,0.008156167727423766,0.008170597720426677,-0.00041695422130204676,0.00041695422130204676,1.7385082266159618e-07,-0.00040252422829913613,0.00040252422829913613,1.6202575436781506e-07
2016-05-23__bonirob_2016-05-23-11-02-39_5_frame255,2016-05-23,bonirob_2016-05-23-11-02-39_5,255,1251936,0.0033076770697543644,0.0030193236714975845,0.0032309125116591316,-0.00028835339825677986,0.00028835339825677986,8.314768228623309e-08,-7.676455809523279e-05,7.676455809523279e-05,5.8927973795563695e-09
2016-05-23__bonirob_2016-05-23-11-02-39_5_frame257,2016-05-23,bonirob_2016-05-23-11-02-39_5,257,1251936,0.008390205250108631,0.0079221302047389,0.007780086754193343,-0.00046807504536973063,0.00046807504536973063,2.190942480978754e-07,-0.0006101184959152886,0.0006101184959152886,3.722445790579341e-07
2016-05-23__bonirob_2016-05-23-11-02-39_5_frame264,2016-05-23,bonirob_2016-05-23-11-02-39_5,264,1251936,0.028948764154078165,0.02797746849679217,0.027518482951037312,-0.000971295657285997,0.000971295657285997,9.434152538626369e-07,-0.0014302812030408535,0.0014302812030408535,2.045704319771991e-06
2016-05-23__bonirob_2016-05-23-11-02-39_5_frame265,2016-05-23,bonirob_2016-05-23-11-02-39_5,265,1251936,0.01807600388518263,0.017219730082048922,0.01702947935224079,-0.0008562738031337065,0.0008562738031337065,7.332048259330616e-07,-0.00104652453294184,0.00104652453294184,1.0952135980491365e-06
2016-05-23__bonirob_2016-05-23-11-02-39_5_frame266,2016-05-23,bonirob_2016-05-23-11-02-39_5,266,1251936,0.04472672724484319,0.04408691818112108,0.04393531986662801,-0.000639809063722109,0.000639809063722109,4.093556380209618e-07,-0.0007914073782151754,0.0007914073782151754,6.263256382934176e-07
2016-05-23__bonirob_2016-05-23-11-02-39_5_frame271,2016-05-23,bonirob_2016-05-23-11-02-39_5,271,1251936,0.0346567236663855,0.03380683996626026,0.033710937597971544,-0.0008498837001252452,0.0008498837001252452,7.223023037385776e-07,-0.0009457860684139591,0.0009457860684139591,8.945112872059341e-07
2016-05-23__bonirob_2016-05-23-11-02-39_5_frame272,2016-05-23,bonirob_2016-05-23-11-02-39_5,272,1251936,0.07048363494619533,0.0703166935050993,0.06993930637935265,-0.00016694144109603848,0.00016694144109603848,2.7869444755222085e-08,-0.0005443285668426806,0.0005443285668426806,2.962935886810066e-07
2016-05-23__bonirob_2016-05-23-11-02-39_5_frame273,2016-05-23,bonirob_2016-05-23-11-02-39_5,273,1251936,0.049711007591442376,0.04902087646652864,0.04885481774628479,-0.0006901311249137357,0.0006901311249137357,4.7628096957469824e-07,-0.0008561898451575831,0.0008561898451575831,7.330610509509661e-07
2016-05-23__bonirob_2016-05-23-11-02-39_5_frame277,2016-05-23,bonirob_2016-05-23-11-02-39_5,277,1251936,0.037165637860082305,0.03635968611814022,0.036071131321722516,-0.0008059517419420834,0.0008059517419420834,6.495582103394785e-07,-0.0010945065383597893,0.0010945065383597893,1.197944562512329e-06
2016-05-23__bonirob_2016-05-23-11-02-39_5_frame278,2016-05-23,bonirob_2016-05-23-11-02-39_5,278,1251936,0.025264869769700687,0.023897387725890142,0.023586101295009498,-0.0013674820438105452,0.0013674820438105452,1.8700071401442658e-06,-0.0016787684746911898,0.0016787684746911898,2.818263591616984e-06
2016-05-23__bonirob_2016-05-23-11-02-39_5_frame282,2016-05-23,bonirob_2016-05-23-11-02-39_5,282,1251936,0.018184635636326458,0.017490510697032436,0.017314329244868424,-0.0006941249392940219,0.0006941249392940219,4.818094313499295e-07,-0.0008703063914580339,0.0008703063914580339,7.574332150127046e-07
2016-05-23__bonirob_2016-05-23-11-02-39_5_frame284,2016-05-23,bonirob_2016-05-23-11-02-39_5,284,1251936,0.01994990159241367,0.01892429005955576,0.01845897387705033,-0.0010256115328579098,0.0010256115328579098,1.0518790163311513e-06,-0.0014909277153633375,0.0014909277153633375,2.222865452438541e-06
2016-05-23__bonirob_2016-05-23-11-02-39_5_frame292,2016-05-23,bonirob_2016-05-23-11-02-39_5,292,1251936,0.03423417810495105,0.03370779336962912,0.03340232978052513,-0.0005263847353219331,0.0005263847353219331,2.7708088957994153e-07,-0.0008318483244259198,0.0008318483244259198,6.919716348502103e-07
2016-05-23__bonirob_2016-05-23-11-02-39_5_frame293,2016-05-23,bonirob_2016-05-23-11-02-39_5,293,1251936,0.025288832655982415,0.024109858650921454,0.023763776254607603,-0.0011789740050609614,0.0011789740050609614,1.3899797046094837e-06,-0.0015250564013748122,0.0015250564013748122,2.325797027374292e-06
2016-05-23__bonirob_2016-05-23-11-02-39_5_frame294,2016-05-23,bonirob_2016-05-23-11-02-39_5,294,1251936,0.015837071543593283,0.014884946195332668,0.01477683218305016,-0.0009521253482606146,0.0009521253482606146,9.065426788003967e-07,-0.0010602393605431224,0.0010602393605431224,1.1241075016448891e-06
2016-05-23__bonirob_2016-05-23-11-07-45_6_frame3,2016-05-23,bonirob_2016-05-23-11-07-45_6,3,1251936,0.018561651713825626,0.017730139559849704,0.01742790232914637,-0.0008315121539759218,0.0008315121539759218,6.914124622096771e-07,-0.001133749384679257,0.001133749384679257,1.285387667260594e-06
2016-05-23__bonirob_2016-05-23-11-07-45_6_frame4,2016-05-23,bonirob_2016-05-23-11-07-45_6,4,1251936,0.07049721391508831,0.07022403701147663,0.06970374996757983,-0.00027317690361168545,0.00027317690361168545,7.462562066686808e-08,-0.0007934639475084826,0.0007934639475084826,6.29585035995744e-07
2016-05-23__bonirob_2016-05-23-11-07-45_6_frame17,2016-05-23,bonirob_2016-05-23-11-07-45_6,17,1251936,0.03038813485673389,0.03006064207755029,0.029631742805027825,-0.00032749277918359826,0.00032749277918359826,1.0725152041739705e-07,-0.0007563920517060646,0.0007563920517060646,5.721289358841099e-07
2016-05-23__bonirob_2016-05-23-11-07-45_6_frame27,2016-05-23,bonirob_2016-05-23-11-07-45_6,27,1251936,0.05710116172072694,0.056441383585103394,0.056018797607952184,-0.0006597781356235469,0.0006597781356235469,4.353071882468834e-07,-0.0010823641127747571,0.0010823641127747571,1.1715120726226873e-06
2016-05-23__bonirob_2016-05-23-11-07-45_6_frame34,2016-05-23,bonirob_2016-05-23-11-07-45_6,34,1251936,0.06923916238529765,0.06952192444342203,0.0694408193139648,0.00028276205812438615,0.00028276205812438615,7.995438151473873e-08,0.00020165692866715157,0.00020165692866715157,4.066551687946866e-08
2016-05-23__bonirob_2016-05-23-11-07-45_6_frame38,2016-05-23,bonirob_2016-05-23-11-07-45_6,38,1251936,0.040957365232727555,0.04024007617002786,0.03989368448424105,-0.0007172890626996956,0.0007172890626996956,5.145035994686078e-07,-0.0010636807484865063,0.0010636807484865063,1.1314167347008143e-06
2016-05-23__bonirob_2016-05-23-11-07-45_6_frame41,2016-05-23,bonirob_2016-05-23-11-07-45_6,41,1251936,0.025914263987935487,0.02484551925977047,0.024314569677797215,-0.0010687447281650178,0.0010687447281650178,1.1422152939805179e-06,-0.0015996943101382714,0.0015996943101382714,2.55902188588876e-06
2016-05-23__bonirob_2016-05-23-11-07-45_6_frame51,2016-05-23,bonirob_2016-05-23-11-07-45_6,51,1251936,0.0357070968484012,0.03468787541855175,0.03427691691993962,-0.0010192214298494484,0.0010192214298494484,1.038812323064354e-06,-0.0014301799284615752,0.0014301799284615752,2.0454146277743564e-06
2016-05-23__bonirob_2016-05-23-11-07-45_6_frame52,2016-05-23,bonirob_2016-05-23-11-07-45_6,52,1251936,0.029142064770084092,0.027860849116887763,0.027639249305728596,-0.001281215653196329,0.001281215653196329,1.6415135499952963e-06,-0.0015028154643554961,0.0015028154643554961,2.2584543199060255e-06
2016-05-23__bonirob_2016-05-23-11-07-45_6_frame61,2016-05-23,bonirob_2016-05-23-11-07-45_6,61,1251936,0.03105350433248984,0.02993923012038954,0.029448427474555745,-0.001114274212100301,0.001114274212100301,1.2416070197517467e-06,-0.0016050768579340957,0.0016050768579340957,2.576271719875589e-06
2016-05-23__bonirob_2016-05-23-11-07-45_6_frame63,2016-05-23,bonirob_2016-05-23-11-07-45_6,63,1251936,0.024541989366868595,0.024078706898755207,0.023689955233383034,-0.0004632824681133872,0.0004632824681133872,2.1463064526123165e-07,-0.0008520341334855609,0.0008520341334855609,7.259621646244907e-07
2016-05-23__bonirob_2016-05-23-11-07-45_6_frame68,2016-05-23,bonirob_2016-05-23-11-07-45_6,68,1251936,0.03396339748996754,0.03287787874140531,0.032629046471716563,-0.0010855187485622267,0.0010855187485622267,1.1783509534801028e-06,-0.0013343510182509746,0.0013343510182509746,1.7804926399074129e-06
2016-05-23__bonirob_2016-05-23-11-07-45_6_frame70,2016-05-23,bonirob_2016-05-23-11-07-45_6,70,1251936,0.06192089691485827,0.06040484497610101,0.06026835477723103,-0.0015160519387572569,0.0015160519387572569,2.298413481009637e-06,-0.001652542137627236,0.001652542137627236,2.7308955166335944e-06
2016-05-23__bonirob_2016-05-23-11-07-45_6_frame75,2016-05-23,bonirob_2016-05-23-11-07-45_6,75,1251936,0.019647170462387852,0.01841068553025075,0.01809009242974521,-0.0012364849321371031,0.0012364849321371031,1.5288949874020965e-06,-0.001557078032642642,0.001557078032642642,2.4244919997382804e-06
2016-05-23__bonirob_2016-05-23-11-07-45_6_frame99,2016-05-23,bonirob_2016-05-23-11-07-45_6,99,1251936,0.03736772486772487,0.03590119622728318,0.03541351932289684,-0.0014665286404416875,0.0014665286404416875,2.1507062532357442e-06,-0.0019542055448280304,0.0019542055448280304,3.8189193114366195e-06
2016-05-23__bonirob_2016-05-23-11-07-45_6_frame104,2016-05-23,bonirob_2016-05-23-11-07-45_6,104,1251936,0.02701975180839915,0.02593263553408481,0.025720237436191548,-0.0010871162743143412,0.0010871162743143412,1.1818217938790938e-06,-0.0012995143722076032,0.0012995143722076032,1.688737603574121e-06
2016-05-23__bonirob_2016-05-23-11-07-45_6_frame108,2016-05-23,bonirob_2016-05-23-11-07-45_6,108,1251936,0.052665631469979296,0.05119670654090944,0.05087369370918787,-0.0014689249290698592,0.0014689249290698592,2.157740447242891e-06,-0.0017919377607914233,0.0017919377607914233,3.2110409385501804e-06
2016-05-23__bonirob_2016-05-23-11-07-45_6_frame109,2016-05-23,bonirob_2016-05-23-11-07-45_6,109,1251936,0.051454706949876035,0.050422705314009664,0.05001083142098777,-0.0010320016358663711,0.0010320016358663711,1.0650273764308661e-06,-0.0014438755288882638,0.0014438755288882638,2.0847765429223636e-06
2016-05-23__bonirob_2016-05-23-11-07-45_6_frame115,2016-05-23,bonirob_2016-05-23-11-07-45_6,115,1251936,0.04173056769675127,0.03995651534902742,0.039619134223674204,-0.001774052347723848,0.001774052347723848,3.1472617324644964e-06,-0.0021114334730770665,0.0021114334730770665,4.458151311230283e-06
2016-05-23__bonirob_2016-05-23-11-07-45_6_frame122,2016-05-23,bonirob_2016-05-23-11-07-45_6,122,1251936,0.05644857245098791,0.05482548628683894,0.05438231980924038,-0.001623086164148968,0.001623086164148968,2.6344086962518105e-06,-0.0020662526417475277,0.0020662526417475277,4.269399979528637e-06
2016-05-23__bonirob_2016-05-23-11-07-45_6_frame127,2016-05-23,bonirob_2016-05-23-11-07-45_6,127,1251936,0.0788674500932955,0.07832588886332847,0.07795268041514945,-0.0005415612299670275,0.0005415612299670275,2.932885658033996e-07,-0.000914769678146049,0.000914769678146049,8.368035640554261e-07
2016-05-23__bonirob_2016-05-23-11-07-45_6_frame131,2016-05-23,bonirob_2016-05-23-11-07-45_6,131,1251936,0.06560798635073997,0.064775675433888,0.06446842016588428,-0.0008323109168519721,0.0008323109168519721,6.927414623109705e-07,-0.0011395661848556948,0.0011395661848556948,1.2986110896665637e-06
2016-05-23__bonirob_2016-05-23-11-07-45_6_frame133,2016-05-23,bonirob_2016-05-23-11-07-45_6,133,1251936,0.07422264396902079,0.07350375738056897,0.07312250769855672,-0.000718886588451817,0.000718886588451817,5.167979270558921e-07,-0.0011001362704640694,0.0011001362704640694,1.210299813590592e-06
2016-05-23__bonirob_2016-05-23-11-07-45_6_frame135,2016-05-23,bonirob_2016-05-23-11-07-45_6,135,1251936,0.06716158014467193,0.06637959128901158,0.0661323917391758,-0.0007819888556603455,0.0007819888556603455,6.115065703769767e-07,-0.0010291884054961231,0.0010291884054961231,1.0592287740076522e-06
2016-05-23__bonirob_2016-05-23-11-07-45_6_frame138,2016-05-23,bonirob_2016-05-23-11-07-45_6,138,1251936,0.06176114433964675,0.060549421056667434,0.060338612842735194,-0.0012117232829793184,0.0012117232829793184,1.4682733145141773e-06,-0.0014225314969115582,0.0014225314969115582,2.0235958597054386e-06
2016-05-23__bonirob_2016-05-23-11-07-45_6_frame141,2016-05-23,bonirob_2016-05-23-11-07-45_6,141,1251936,0.056079544002249314,0.054033113513789845,0.05380072731597752,-0.002046430488459469,0.002046430488459469,4.187877744096462e-06,-0.0022788166862717923,0.0022788166862717923,5.193005489630752e-06
2016-05-23__bonirob_2016-05-23-11-07-45_6_frame146,2016-05-23,bonirob_2016-05-23-11-07-45_6,146,1251936,0.027184296960867008,0.0255827773943716,0.02528605406468442,-0.0016015195664954088,0.0016015195664954088,2.564864921867642e-06,-0.0018982428961825878,0.0018982428961825878,3.603326092907659e-06
2016-05-23__bonirob_2016-05-23-11-07-45_6_frame149,2016-05-23,bonirob_2016-05-23-11-07-45_6,149,1251936,0.04171379367635406,0.040232887304143344,0.03994682890484692,-0.0014809063722107177,0.0014809063722107177,2.1930836832543085e-06,-0.0017669647715071388,0.0017669647715071388,3.122164503747275e-06
2016-05-23__bonirob_2016-05-23-11-07-45_6_frame156,2016-05-23,bonirob_2016-05-23-11-07-45_6,156,1251936,0.07919015029522276,0.07920932060424814,0.0789949905013456,1.9170309025373644e-05,1.9170309025373644e-05,3.675007481283222e-10,-0.00019515979387715876,0.00019515979387715876,3.808734514617509e-08
2016-05-23__bonirob_2016-05-23-11-07-45_6_frame162,2016-05-23,bonirob_2016-05-23-11-07-45_6,162,1251936,0.07268502543260998,0.07175127163049869,0.0715374076340494,-0.0009337538021112896,0.0009337538021112896,8.718961629572893e-07,-0.0011476177985605823,0.0011476177985605823,1.3170266115730374e-06
2016-05-23__bonirob_2016-05-23-11-07-45_6_frame166,2016-05-23,bonirob_2016-05-23-11-07-45_6,166,1251936,0.036660819722413925,0.03593394550520154,0.03557459364071035,-0.0007268742172123824,0.0007268742172123824,5.283461276481136e-07,-0.001086226081703577,0.001086226081703577,1.1798871005731062e-06
2016-05-23__bonirob_2016-05-23-11-07-45_6_frame175,2016-05-23,bonirob_2016-05-23-11-07-45_6,175,1251936,0.05969714106791402,0.05878255757482811,0.05835972465183872,-0.000914583493085909,0.000914583493085909,8.364629658252229e-07,-0.0013374164160753002,0.0013374164160753002,1.7886826699877006e-06
2016-05-23__bonirob_2016-05-23-11-07-45_6_frame176,2016-05-23,bonirob_2016-05-23-11-07-45_6,176,1251936,0.054340637221072005,0.053259112286890065,0.052700057584298236,-0.0010815249341819405,0.0010815249341819405,1.1696961832572507e-06,-0.0016405796367737688,0.0016405796367737688,2.6915015445967513e-06
2016-05-23__bonirob_2016-05-23-11-07-45_6_frame201,2016-05-23,bonirob_2016-05-23-11-07-45_6,201,1251936,0.07384243284001737,0.07338154666053216,0.073060290828476,-0.00046088617948521204,0.00046088617948521204,2.1241607044047508e-07,-0.0007821420115413785,0.0007821420115413785,6.117461262179939e-07
2016-05-23__bonirob_2016-05-23-11-07-45_6_frame208,2016-05-23,bonirob_2016-05-23-11-07-45_6,208,1251936,0.04311482376095903,0.04120578048718145,0.04072353407973583,-0.0019090432737775762,0.0019090432737775762,3.6444462211554056e-06,-0.0023912896812232007,0.0023912896812232007,5.718266339524556e-06
2016-05-23__bonirob_2016-05-23-11-07-45_6_frame210,2016-05-23,bonirob_2016-05-23-11-07-45_6,210,1251936,0.080941837282417,0.08108401707435524,0.08087907251896212,0.00014217979193824337,0.00014217979193824337,2.0215093235602174e-08,-6.276476345487558e-05,6.276476345487558e-05,3.9394155315464855e-09
2016-05-23__bonirob_2016-05-23-11-07-45_6_frame212,2016-05-23,bonirob_2016-05-23-11-07-45_6,212,1251936,0.06360229276895944,0.0634936610178156,0.06314472682714962,-0.0001086317511438395,0.0001086317511438395,1.1800857356577073e-08,-0.0004575659418098177,0.0004575659418098177,2.0936659110430546e-07
2016-05-23__bonirob_2016-05-23-11-07-45_6_frame215,2016-05-23,bonirob_2016-05-23-11-07-45_6,215,1251936,0.09721583211921377,0.09808408736548833,0.09780553111602046,0.0008682552462745685,0.0008682552462745685,7.538671726833117e-07,0.0005896989968066924,0.0005896989968066924,3.4774490683481934e-07
2016-05-23__bonirob_2016-05-23-11-07-45_6_frame218,2016-05-23,bonirob_2016-05-23-11-07-45_6,218,1251936,0.07372820974874116,0.07359641387419165,0.07330427862243288,-0.00013179587454950625,0.00013179587454950625,1.737015254826919e-08,-0.0004239311263082718,0.0004239311263082718,1.797175998529999e-07
2016-05-23__bonirob_2016-05-23-11-07-45_6_frame220,2016-05-23,bonirob_2016-05-23-11-07-45_6,220,1251936,0.05241481992689722,0.05172708509061166,0.05159613507246544,-0.000687734836285557,0.000687734836285557,4.729792050407219e-07,-0.0008186848544317823,0.0008186848544317823,6.702448908759886e-07
2016-05-23__bonirob_2016-05-23-11-07-45_6_frame224,2016-05-23,bonirob_2016-05-23-11-07-45_6,224,1251936,0.09370127546456049,0.09431073153899242,0.09405082689785502,0.0006094560744319272,0.0006094560744319272,3.7143670666197474e-07,0.00034955143329452876,0.00034955143329452876,1.221862045182594e-07
2016-05-23__bonirob_2016-05-23-11-07-45_6_frame227,2016-05-23,bonirob_2016-05-23-11-07-45_6,227,1251936,0.05661791018071211,0.055453313907420185,0.05522264652086448,-0.0011645962732919277,0.0011645962732919277,1.3562844797654463e-06,-0.0013952636598476356,0.0013952636598476356,1.9467606804914187e-06
2016-05-23__bonirob_2016-05-23-11-07-45_6_frame228,2016-05-23,bonirob_2016-05-23-11-07-45_6,228,1251936,0.040078726069064236,0.039189702988012165,0.03904789972473564,-0.0008890230810520705,0.0008890230810520705,7.903620386433164e-07,-0.001030826344328599,0.001030826344328599,1.0626029521618632e-06
2016-05-23__bonirob_2016-05-23-11-07-45_6_frame231,2016-05-23,bonirob_2016-05-23-11-07-45_6,231,1251936,0.07211630626485699,0.07136467039848682,0.071102102932928,-0.0007516358663701705,0.0007516358663701705,5.649564756140369e-07,-0.0010142033319289895,0.0010142033319289895,1.028608398495864e-06
2016-05-23__bonirob_2016-05-23-11-07-45_6_frame238,2016-05-23,bonirob_2016-05-23-11-07-45_6,238,1251936,0.038538711244025255,0.03699789765611022,0.036916072985553945,-0.001540813587915038,0.001540813587915038,2.3741065127036127e-06,-0.0016226382584713095,0.0016226382584713095,2.6329549178548043e-06
2016-05-23__bonirob_2016-05-23-11-07-45_6_frame252,2016-05-23,bonirob_2016-05-23-11-07-45_6,252,1251936,0.02756770314137464,0.02622338522096976,0.02594604182531845,-0.0013443179204048784,0.0013443179204048784,1.807190671121697e-06,-0.0016216613160561916,0.0016216613160561916,2.629785423993099e-06
2016-05-23__bonirob_2016-05-23-11-07-45_6_frame254,2016-05-23,bonirob_2016-05-23-11-07-45_6,254,1251936,0.023839876798813997,0.022680871865654473,0.022579313219674324,-0.0011590049331595235,0.0011590049331595235,1.3432924350881116e-06,-0.001260563579139673,0.001260563579139673,1.5890205370534226e-06
2016-05-23__bonirob_2016-05-23-11-07-45_6_frame259,2016-05-23,bonirob_2016-05-23-11-07-45_6,259,1251936,0.10254278173964164,0.10236785266978504,0.10178689823561989,-0.00017492906985659695,0.00017492906985659695,3.060017948089418e-08,-0.0007558835040217537,0.0007558835040217537,5.713598716522046e-07
2016-05-23__bonirob_2016-05-23-11-07-45_6_frame263,2016-05-23,bonirob_2016-05-23-11-07-45_6,263,1251936,0.018605583672008794,0.017178993175369986,0.017034031619107756,-0.0014265904966388084,0.0014265904966388084,2.035160445100162e-06,-0.001571552052901038,0.001571552052901038,2.469775854977467e-06
2016-05-23__bonirob_2016-05-23-11-07-45_6_frame278,2016-05-23,bonirob_2016-05-23-11-07-45_6,278,1251936,0.03907867494824017,0.03784298877897912,0.037691256242198816,-0.0012356861692610493,0.0012356861692610493,1.5269203089030467e-06,-0.0013874187060413518,0.0013874187060413518,1.924930665873459e-06
2016-05-23__bonirob_2016-05-23-11-07-45_6_frame280,2016-05-23,bonirob_2016-05-23-11-07-45_6,280,1251936,0.03098800577665312,0.029396870127546455,0.029178066491536942,-0.0015911356491066647,0.0015911356491066647,2.5317126538580875e-06,-0.0018099392851161772,0.0018099392851161772,3.2758802158068583e-06
2016-05-23__bonirob_2016-05-23-11-07-45_6_frame284,2016-05-23,bonirob_2016-05-23-11-07-45_6,284,1251936,0.05467691639189224,0.05380386856836132,0.05347620403076027,-0.0008730478235309189,0.0008730478235309189,7.622125021720744e-07,-0.0012007123611319712,0.0012007123611319712,1.4417101741751132e-06
2016-05-23__bonirob_2016-05-23-11-07-45_6_frame288,2016-05-23,bonirob_2016-05-23-11-07-45_6,288,1251936,0.06447134677811006,0.06429162513099711,0.0638830009685843,-0.00017972164711295424,0.00017972164711295424,3.2299870440993254e-08,-0.000588345809525756,0.000588345809525756,3.4615079158651713e-07
2016-05-23__bonirob_2016-05-23-11-07-45_6_frame289,2016-05-23,bonirob_2016-05-23-11-07-45_6,289,1251936,0.0380842151675485,0.036795011885591596,0.036887788601806824,-0.001289203281956905,0.001289203281956905,1.6620451022084549e-06,-0.0011964265657416762,0.0011964265657416762,1.4314365272124213e-06
2016-05-23__bonirob_2016-05-23-11-07-45_6_frame297,2016-05-23,bonirob_2016-05-23-11-07-45_6,297,1251936,0.04224417222605628,0.04099171203639803,0.04074301800680156,-0.0012524601896582513,0.0012524601896582513,1.5686565266787827e-06,-0.001501154219254723,0.001501154219254723,2.253463989986257e-06
2016-05-23__bonirob_2016-05-23-11-07-45_6_frame306,2016-05-23,bonirob_2016-05-23-11-07-45_6,306,1251936,0.011073249750785982,0.010108344196508448,0.010064667620321637,-0.0009649055542775339,0.0009649055542775339,9.310427286756348e-07,-0.0010085821304643451,0.0010085821304643451,1.0172379138919972e-06
2016-05-23__bonirob_2016-05-23-11-12-51_7_frame4,2016-05-23,bonirob_2016-05-23-11-12-51_7,4,1251936,0.023129776601998824,0.022143304450067736,0.021987108414022398,-0.000986472151931088,0.000986472151931088,9.731273065355514e-07,-0.0011426681879764256,0.0011426681879764256,1.3056905878133277e-06
2016-05-23__bonirob_2016-05-23-11-12-51_7_frame5,2016-05-23,bonirob_2016-05-23-11-12-51_7,5,1251936,0.05198588426245431,0.05137083684788999,0.051208591340923273,-0.0006150474145643209,0.0006150474145643209,3.7828332216225557e-07,-0.0007772929215310379,0.0007772929215310379,6.041842858622562e-07
2016-05-23__bonirob_2016-05-23-11-12-51_7_frame10,2016-05-23,bonirob_2016-05-23-11-12-51_7,10,1251936,0.03835259949390384,0.037448399918206685,0.037289587613814214,-0.000904199575697158,0.000904199575697158,8.175768726909205e-07,-0.0010630118800896288,0.0010630118800896288,1.1299942572116873e-06
2016-05-23__bonirob_2016-05-23-11-12-51_7_frame13,2016-05-23,bonirob_2016-05-23-11-12-51_7,13,1251936,0.0017061575032589526,0.0015599838969404187,0.001530431504082928,-0.00014617360631853388,0.00014617360631853388,2.1366723184165728e-08,-0.00017572599917602453,0.00017572599917602453,3.087962678641217e-08
2016-05-23__bonirob_2016-05-23-11-12-51_7_frame14,2016-05-23,bonirob_2016-05-23-11-12-51_7,14,1251936,0.06667113973877259,0.06622303376530429,0.06599575367046277,-0.0004481059734682963,0.0004481059734682963,2.0079896345796945e-07,-0.0006753860683098162,0.0006753860683098162,4.561463412669917e-07
2016-05-23__bonirob_2016-05-23-11-12-51_7_frame19,2016-05-23,bonirob_2016-05-23-11-12-51_7,19,1251936,0.03419184367252,0.03340266595097513,0.033475213094370924,-0.0007891777215448675,0.0007891777215448675,6.228014761827485e-07,-0.0007166305781490731,0.0007166305781490731,5.135593855382748e-07
2016-05-23__bonirob_2016-05-23-11-12-51_7_frame20,2016-05-23,bonirob_2016-05-23-11-12-51_7,20,1251936,0.08571923804411727,0.0851840669171587,0.08496469007422616,-0.0005351711269585696,0.0005351711269585696,2.864081351301054e-07,-0.0007545479698911062,0.0007545479698911062,5.693426388667896e-07
2016-05-23__bonirob_2016-05-23-11-12-51_7_frame27,2016-05-23,bonirob_2016-05-23-11-12-51_7,27,1251936,0.048096707818930044,0.04662698412698413,0.04638977232701684,-0.0014697236919459164,0.0014697236919459164,2.160087730667135e-06,-0.0017069354919132043,0.0017069354919132043,2.9136287735529728e-06
2016-05-23__bonirob_2016-05-23-11-12-51_7_frame29,2016-05-23,bonirob_2016-05-23-11-12-51_7,29,1251936,0.022735986504102447,0.02178545868159395,0.02178070779135642,-0.0009505278225084984,0.0009505278225084984,9.035031413627475e-07,-0.0009552787127460258,0.0009552787127460258,9.12557419025704e-07
2016-05-23__bonirob_2016-05-23-11-12-51_7_frame31,2016-05-23,bonirob_2016-05-23-11-12-51_7,31,1251936,0.00427897272704036,0.0033532065536896454,0.0031094302885485846,-0.0009257661733507146,0.0009257661733507146,8.570430077204254e-07,-0.0011695424384917754,0.0011695424384917754,1.3678295154332883e-06
2016-05-23__bonirob_2016-05-23-11-12-51_7_frame39,2016-05-23,bonirob_2016-05-23-11-12-51_7,39,1251936,0.0640639777113207,0.0637892032819569,0.06355137648920384,-0.0002747744293637999,0.0002747744293637999,7.550098703220188e-08,-0.000512601222116868,0.000512601222116868,2.627600129157066e-07
2016-05-23__bonirob_2016-05-23-11-12-51_7_frame41,2016-05-23,bonirob_2016-05-23-11-12-51_7,41,1251936,0.033955409861206966,0.03238424328400174,0.03231108093774666,-0.001571166577205227,0.001571166577205227,2.4685644133267882e-06,-0.0016443289234603087,0.0016443289234603087,2.7038176085281375e-06
2016-05-23__bonirob_2016-05-23-11-12-51_7_frame43,2016-05-23,bonirob_2016-05-23-11-12-51_7,43,1251936,0.052108893745367174,0.05125501623086164,0.0511809023512156,-0.0008538775145055313,0.0008538775145055313,7.291068097781439e-07,-0.0009279913941515755,0.0009279913941515755,8.611680276193848e-07
2016-05-23__bonirob_2016-05-23-11-12-51_7_frame64,2016-05-23,bonirob_2016-05-23-11-12-51_7,64,1251936,0.1060876913835851,0.10764448022902129,0.10710935915939564,0.0015567888454361828,0.0015567888454361828,2.423591509274523e-06,0.0010216677758105308,0.0010216677758105308,1.043805044129637e-06
2016-05-23__bonirob_2016-05-23-11-12-51_7_frame71,2016-05-23,bonirob_2016-05-23-11-12-51_7,71,1251936,0.08259367891010404,0.08257051478669836,0.08199095625842615,-2.3164123405680637e-05,2.3164123405680637e-05,5.365766131536015e-10,-0.0006027226516778922,0.0006027226516778922,3.6327459484562977e-07
2016-05-23__bonirob_2016-05-23-11-12-51_7_frame75,2016-05-23,bonirob_2016-05-23-11-12-51_7,75,1251936,0.002832413158500115,0.0024322329575952764,0.0023101125390278736,-0.00040018020090483875,0.00040018020090483875,1.6014419319623712e-07,-0.0005223006194722416,0.0005223006194722416,2.727979371010873e-07
2016-05-23__bonirob_2016-05-23-11-12-51_7_frame77,2016-05-23,bonirob_2016-05-23-11-12-51_7,77,1251936,0.008353462157809985,0.007737615980369604,0.007676380482045185,-0.0006158461774403807,0.0006158461774403807,3.792665142679289e-07,-0.0006770816757647995,0.0006770816757647995,4.5843959565646915e-07
2016-05-23__bonirob_2016-05-23-11-12-51_7_frame87,2016-05-23,bonirob_2016-05-23-11-12-51_7,87,1251936,0.03103034020908417,0.03031225238350842,0.030406198333233533,-0.0007180878255757493,0.0007180878255757493,5.156501252401078e-07,-0.0006241418758506367,0.0006241418758506367,3.8955308119035165e-07
2016-05-23__bonirob_2016-05-23-11-12-51_7_frame93,2016-05-23,bonirob_2016-05-23-11-12-51_7,93,1251936,0.03674628735015208,0.036009827978427014,0.03563876760763845,-0.0007364593717250692,0.0007364593717250692,5.423724062016837e-07,-0.0011075197425136352,0.0011075197425136352,1.2265999800574688e-06
2016-05-23__bonirob_2016-05-23-11-12-51_7_frame95,2016-05-23,bonirob_2016-05-23-11-12-51_7,95,1251936,0.030527119597167907,0.029582981877667867,0.029148332342278923,-0.0009441377195000406,0.0009441377195000406,8.913960333827373e-07,-0.0013787872548889843,0.0013787872548889843,1.901054294244301e-06
2016-05-23__bonirob_2016-05-23-11-12-51_7_frame96,2016-05-23,bonirob_2016-05-23-11-12-51_7,96,1251936,0.014365750325895254,0.013598937964879994,0.013488143865632875,-0.0007668123610152597,0.0007668123610152597,5.88001197005797e-07,-0.0008776064602623781,0.0008776064602623781,7.70193099094261e-07
2016-05-23__bonirob_2016-05-23-11-12-51_7_frame97,2016-05-23,bonirob_2016-05-23-11-12-51_7,97,1251936,0.031170123712394245,0.030613385987782123,0.030371305080794754,-0.0005567377246121219,0.0005567377246121219,3.099568940062829e-07,-0.0007988186315994912,0.0007988186315994912,6.381112061904837e-07
2016-05-23__bonirob_2016-05-23-11-12-51_7_frame101,2016-05-23,bonirob_2016-05-23-11-12-51_7,101,1251936,0.039016371443907676,0.037146467551056925,0.036660603914166055,-0.0018699038928507508,0.0018699038928507508,3.496540568498392e-06,-0.0023557675297416203,0.0023557675297416203,5.549640654184936e-06
2016-05-23__bonirob_2016-05-23-11-12-51_7_frame107,2016-05-23,bonirob_2016-05-23-11-12-51_7,107,1251936,0.027384786442757457,0.02555961327096593,0.025215496455846885,-0.0018251731717915283,0.0018251731717915283,3.3312571070275478e-06,-0.002169289986910572,0.002169289986910572,4.70581904731047e-06
2016-05-23__bonirob_2016-05-23-11-12-51_7_frame109,2016-05-23,bonirob_2016-05-23-11-12-51_7,109,1251936,0.0334577805894231,0.03300008946144212,0.03304028749076184,-0.0004576911279809831,0.0004576911279809831,2.0948116863250464e-07,-0.00041749309866125767,0.00041749309866125767,1.7430048742977863e-07
2016-05-23__bonirob_2016-05-23-11-12-51_7_frame111,2016-05-23,bonirob_2016-05-23-11-12-51_7,111,1251936,0.03649387828131789,0.035828508805561946,0.035694531542225495,-0.0006653694757559475,0.0006653694757559475,4.4271653926774444e-07,-0.0007993467390923978,0.0007993467390923978,6.389552092976499e-07
2016-05-23__bonirob_2016-05-23-11-12-51_7_frame116,2016-05-23,bonirob_2016-05-23-11-12-51_7,116,1251936,0.03902675536129643,0.0381105743424584,0.03780467412879833,-0.0009161810188380234,0.0009161810188380234,8.393876592790787e-07,-0.001222081232498097,0.001222081232498097,1.493482538824068e-06
2016-05-23__bonirob_2016-05-23-11-12-51_7_frame119,2016-05-23,bonirob_2016-05-23-11-12-51_7,119,1251936,0.013106101270352478,0.012308935920047032,0.012217345617090664,-0.0007971653503054468,0.0007971653503054468,6.354725957276058e-07,-0.0008887556532618142,0.0008887556532618142,7.89886611204834e-07
2016-05-23__bonirob_2016-05-23-11-12-51_7_frame137,2016-05-23,bonirob_2016-05-23-11-12-51_7,137,1251936,0.0018523311095774864,0.001318757508371035,0.0013413795228385298,-0.0005335736012064515,0.0005335736012064515,2.847007879044213e-07,-0.0005109515867389566,0.0005109515867389566,2.610715239910575e-07
2016-05-23__bonirob_2016-05-23-11-12-51_7_frame190,2016-05-23,bonirob_2016-05-23-11-12-51_7,190,1251936,0.03310312987245354,0.031303517112695856,0.030676964451089105,-0.0017996127597576864,0.0017996127597576864,3.238606085082676e-06,-0.0024261654213644374,0.0024261654213644374,5.886278651824478e-06
